110.448000000 -0.001898 -0.000607 0.000000 0.00000000 0.00000000 -0.00018047 0.99999998
110.573000000 -0.002641 -0.000792 0.000000 0.00000000 0.00000000 0.00041416 0.99999991
110.698000000 -0.003107 0.002193 0.000000 0.00000000 0.00000000 0.00067849 0.99999977
110.823000000 0.001297 0.001611 0.000000 0.00000000 0.00000000 0.00035726 0.99999994
110.948000000 0.000332 0.000183 0.000000 0.00000000 0.00000000 0.00029711 0.99999996
111.073000000 0.005334 -0.001466 0.000000 0.00000000 0.00000000 0.00146008 0.99999893
111.198000000 0.005678 0.000396 0.000000 0.00000000 0.00000000 0.00772843 0.99997014
111.323000000 0.004879 0.000042 0.000000 0.00000000 0.00000000 0.01814205 0.99983542
111.448000000 0.008473 0.004115 0.000000 0.00000000 0.00000000 0.03204741 0.99948635
111.573000000 0.006967 -0.005436 0.000000 0.00000000 0.00000000 0.04286002 0.99908109
111.698000000 0.016313 0.001392 0.000000 0.00000000 0.00000000 0.05639428 0.99840858
111.823000000 0.013111 -0.003417 0.000000 0.00000000 0.00000000 0.06802521 0.99768360
111.948000000 0.018771 0.005004 0.000000 0.00000000 0.00000000 0.08166733 0.99665964
112.073000000 0.023987 -0.000430 0.000000 0.00000000 0.00000000 0.09294519 0.99567123
112.198000000 0.028881 0.004547 0.000000 0.00000000 0.00000000 0.10555594 0.99441337
112.323000000 0.030200 -0.001438 0.000000 0.00000000 0.00000000 0.11744939 0.99307887
112.448000000 0.036027 0.006239 0.000000 0.00000000 0.00000000 0.13058231 0.99143747
112.573000000 0.038425 0.001952 0.000000 0.00000000 0.00000000 0.14206582 0.98985721
112.698000000 0.046744 0.010539 0.000000 0.00000000 0.00000000 0.15556135 0.98782623
112.823000000 0.046386 0.005400 0.000000 0.00000000 0.00000000 0.16692911 0.98596890
112.948000000 0.050443 0.007537 0.000000 0.00000000 0.00000000 0.17972076 0.98371767
113.073000000 0.052554 0.007031 0.000000 0.00000000 0.00000000 0.19150788 0.98149108
113.198000000 0.061532 0.010311 0.000000 0.00000000 0.00000000 0.20380064 0.97901241
113.323000000 0.059373 0.014805 0.000000 0.00000000 0.00000000 0.21631076 0.97632457
113.448000000 0.064625 0.019583 0.000000 0.00000000 0.00000000 0.22900227 0.97342589
113.573000000 0.066756 0.019287 0.000000 0.00000000 0.00000000 0.24021967 0.97071855
113.698000000 0.069291 0.021249 0.000000 0.00000000 0.00000000 0.25299194 0.96746839
113.823000000 0.075470 0.021466 0.000000 0.00000000 0.00000000 0.26454823 0.96437246
113.948000000 0.079155 0.023432 0.000000 0.00000000 0.00000000 0.27667269 0.96096422
114.073000000 0.082628 0.026455 0.000000 0.00000000 0.00000000 0.28861468 0.95744533
114.198000000 0.084162 0.025053 0.000000 0.00000000 0.00000000 0.30012138 0.95390102
114.323000000 0.086514 0.027314 0.000000 0.00000000 0.00000000 0.31191566 0.95010980
114.448000000 0.089196 0.027383 0.000000 0.00000000 0.00000000 0.32373696 0.94614713
114.573000000 0.094841 0.032156 0.000000 0.00000000 0.00000000 0.33581333 0.94192856
114.698000000 0.094975 0.038062 0.000000 0.00000000 0.00000000 0.34746361 0.93769347
114.823000000 0.097931 0.037631 0.000000 0.00000000 0.00000000 0.35923761 0.93324613
114.948000000 0.099423 0.039159 0.000000 0.00000000 0.00000000 0.37042930 0.92886066
115.073000000 0.104018 0.040670 0.000000 0.00000000 0.00000000 0.38211548 0.92411458
115.198000000 0.105952 0.042741 0.000000 0.00000000 0.00000000 0.39345064 0.91934574
115.323000000 0.110431 0.048667 0.000000 0.00000000 0.00000000 0.40503224 0.91430240
115.448000000 0.108683 0.052060 0.000000 0.00000000 0.00000000 0.41677933 0.90900770
115.573000000 0.113624 0.055596 0.000000 0.00000000 0.00000000 0.42796659 0.90379455
115.698000000 0.114766 0.056160 0.000000 0.00000000 0.00000000 0.43887097 0.89855009
115.823000000 0.118825 0.062226 0.000000 0.00000000 0.00000000 0.45068729 0.89268189
115.948000000 0.120375 0.063333 0.000000 0.00000000 0.00000000 0.46119080 0.88730099
116.073000000 0.123617 0.069516 0.000000 0.00000000 0.00000000 0.47257753 0.88128910
116.198000000 0.123496 0.072456 0.000000 0.00000000 0.00000000 0.48361781 0.87527928
116.323000000 0.127597 0.074152 0.000000 0.00000000 0.00000000 0.49391875 0.86950806
116.448000000 0.128874 0.076968 0.000000 0.00000000 0.00000000 0.50491620 0.86316837
116.573000000 0.129434 0.080306 0.000000 0.00000000 0.00000000 0.51561224 0.85682205
116.698000000 0.133647 0.082940 0.000000 0.00000000 0.00000000 0.52615130 0.85039097
116.823000000 0.134686 0.083718 0.000000 0.00000000 0.00000000 0.53619481 0.84409426
116.948000000 0.136534 0.091304 0.000000 0.00000000 0.00000000 0.54761397 0.83673111
117.073000000 0.135631 0.096528 0.000000 0.00000000 0.00000000 0.55781955 0.82996226
117.198000000 0.140168 0.098270 0.000000 0.00000000 0.00000000 0.56796003 0.82305613
117.323000000 0.137688 0.100298 0.000000 0.00000000 0.00000000 0.57820704 0.81589008
117.448000000 0.142135 0.105026 0.000000 0.00000000 0.00000000 0.58811088 0.80878031
117.573000000 0.141349 0.111222 0.000000 0.00000000 0.00000000 0.59806992 0.80144393
117.698000000 0.142686 0.112585 0.000000 0.00000000 0.00000000 0.60835524 0.79366485
117.823000000 0.141950 0.115530 0.000000 0.00000000 0.00000000 0.61764087 0.78646027
117.948000000 0.147519 0.122431 0.000000 0.00000000 0.00000000 0.62824573 0.77801497
118.073000000 0.143323 0.121158 0.000000 0.00000000 0.00000000 0.63703380 0.77083587
118.198000000 0.147760 0.128922 0.000000 0.00000000 0.00000000 0.64696392 0.76252062
118.323000000 0.144118 0.127440 0.000000 0.00000000 0.00000000 0.65628157 0.75451607
118.448000000 0.147489 0.139292 0.000000 0.00000000 0.00000000 0.66626532 0.74571478
118.573000000 0.147745 0.136617 0.000000 0.00000000 0.00000000 0.67482447 0.73797827
118.698000000 0.151060 0.143629 0.000000 0.00000000 0.00000000 0.68394754 0.72953119
118.823000000 0.146428 0.146238 0.000000 0.00000000 0.00000000 0.69316419 0.72077972
118.948000000 0.149483 0.147540 0.000000 0.00000000 0.00000000 0.70203098 0.71214640
119.073000000 0.147418 0.152626 0.000000 0.00000000 0.00000000 0.71089805 0.70329507
119.198000000 0.146269 0.152638 0.000000 0.00000000 0.00000000 0.71929246 0.69470739
119.323000000 0.147870 0.160777 0.000000 0.00000000 0.00000000 0.72825559 0.68530562
119.448000000 0.147313 0.166892 0.000000 0.00000000 0.00000000 0.73661630 0.67631090
119.573000000 0.146758 0.169701 0.000000 0.00000000 0.00000000 0.74529789 0.66673162
119.698000000 0.148269 0.174060 0.000000 0.00000000 0.00000000 0.75365249 0.65727309
119.823000000 0.143779 0.176250 0.000000 0.00000000 0.00000000 0.76126856 0.64843672
119.948000000 0.147615 0.182926 0.000000 0.00000000 0.00000000 0.76967052 0.63844130
120.073000000 0.146196 0.179709 0.000000 0.00000000 0.00000000 0.77715310 0.62931158
120.198000000 0.141051 0.182813 0.000000 0.00000000 0.00000000 0.78298326 0.62204278
120.323000000 0.146827 0.194267 0.000000 0.00000000 0.00000000 0.78699231 0.61696281
120.448000000 0.142456 0.193592 0.000000 0.00000000 0.00000000 0.78752005 0.61628904
120.573000000 0.142166 0.200715 0.000000 0.00000000 0.00000000 0.78555584 0.61879077
120.698000000 0.139524 0.204316 0.000000 0.00000000 0.00000000 0.78179667 0.62353345
120.823000000 0.140173 0.203723 0.000000 0.00000000 0.00000000 0.77749845 0.62888485
120.948000000 0.136951 0.209468 0.000000 0.00000000 0.00000000 0.77391796 0.63328587
121.073000000 0.138913 0.214489 0.000000 0.00000000 0.00000000 0.76984478 0.63823116
121.198000000 0.136799 0.217905 0.000000 0.00000000 0.00000000 0.76618441 0.64262076
121.323000000 0.136966 0.221571 0.000000 0.00000000 0.00000000 0.76012091 0.64978166
121.448000000 0.132228 0.230451 0.000000 0.00000000 0.00000000 0.75159431 0.65962564
121.573000000 0.131431 0.228132 0.000000 0.00000000 0.00000000 0.74296884 0.66932600
121.698000000 0.134375 0.234710 0.000000 0.00000000 0.00000000 0.73519059 0.67786046
121.823000000 0.134328 0.238372 0.000000 0.00000000 0.00000000 0.72673307 0.68691997
121.948000000 0.134134 0.239020 0.000000 0.00000000 0.00000000 0.71778390 0.69626595
122.073000000 0.133526 0.248052 0.000000 0.00000000 0.00000000 0.70956454 0.70464045
122.198000000 0.135560 0.247987 0.000000 0.00000000 0.00000000 0.69986456 0.71427558
122.323000000 0.133055 0.255286 0.000000 0.00000000 0.00000000 0.69155484 0.72232396
122.448000000 0.131331 0.257000 0.000000 0.00000000 0.00000000 0.68197900 0.73137176
122.573000000 0.134192 0.261830 0.000000 0.00000000 0.00000000 0.67303672 0.73960907
122.698000000 0.132615 0.263456 0.000000 0.00000000 0.00000000 0.66388578 0.74783399
122.823000000 0.136433 0.269218 0.000000 0.00000000 0.00000000 0.65423157 0.75629429
122.948000000 0.135122 0.271602 0.000000 0.00000000 0.00000000 0.64482179 0.76433295
123.073000000 0.133766 0.273308 0.000000 0.00000000 0.00000000 0.63509350 0.77243527
123.198000000 0.138804 0.279024 0.000000 0.00000000 0.00000000 0.62597394 0.77984398
123.323000000 0.137945 0.281950 0.000000 0.00000000 0.00000000 0.61619308 0.78759513
123.448000000 0.139951 0.286950 0.000000 0.00000000 0.00000000 0.60627058 0.79525844
123.573000000 0.141241 0.284458 0.000000 0.00000000 0.00000000 0.59576645 0.80315773
123.698000000 0.143093 0.293079 0.000000 0.00000000 0.00000000 0.58632621 0.81007504
123.823000000 0.141642 0.296338 0.000000 0.00000000 0.00000000 0.57636790 0.81719034
123.948000000 0.142946 0.300365 0.000000 0.00000000 0.00000000 0.56593835 0.82444756
124.073000000 0.140308 0.304414 0.000000 0.00000000 0.00000000 0.55530403 0.83164742
124.198000000 0.145000 0.304198 0.000000 0.00000000 0.00000000 0.54848566 0.83615996
124.323000000 0.151815 0.307769 0.000000 0.00000000 0.00000000 0.54358181 0.83935619
124.448000000 0.151981 0.312245 0.000000 0.00000000 0.00000000 0.53870025 0.84249750
124.573000000 0.149609 0.314746 0.000000 0.00000000 0.00000000 0.53332043 0.84591330
124.698000000 0.159042 0.316548 0.000000 0.00000000 0.00000000 0.52829554 0.84906055
124.823000000 0.159776 0.321137 0.000000 0.00000000 0.00000000 0.52226376 0.85278401
124.948000000 0.157502 0.322340 0.000000 0.00000000 0.00000000 0.51730031 0.85580394
125.073000000 0.158056 0.327332 0.000000 0.00000000 0.00000000 0.51231233 0.85879921
125.198000000 0.164147 0.332770 0.000000 0.00000000 0.00000000 0.50629802 0.86235858
125.323000000 0.162604 0.333474 0.000000 0.00000000 0.00000000 0.50091379 0.86549718
125.448000000 0.163548 0.337327 0.000000 0.00000000 0.00000000 0.49529508 0.86872481
125.573000000 0.168571 0.343318 0.000000 0.00000000 0.00000000 0.49041530 0.87148886
125.698000000 0.173115 0.343065 0.000000 0.00000000 0.00000000 0.48480366 0.87462301
125.823000000 0.173529 0.345420 0.000000 0.00000000 0.00000000 0.47874785 0.87795245
125.948000000 0.174297 0.349140 0.000000 0.00000000 0.00000000 0.47364155 0.88071771
126.073000000 0.176595 0.352909 0.000000 0.00000000 0.00000000 0.46834380 0.88354631
126.198000000 0.176358 0.354499 0.000000 0.00000000 0.00000000 0.46236289 0.88669079
126.323000000 0.179026 0.358031 0.000000 0.00000000 0.00000000 0.45657491 0.88968497
126.448000000 0.182942 0.362371 0.000000 0.00000000 0.00000000 0.45180189 0.89211829
126.573000000 0.178029 0.367322 0.000000 0.00000000 0.00000000 0.44671964 0.89467400
126.698000000 0.183392 0.368205 0.000000 0.00000000 0.00000000 0.44014413 0.89792714
126.823000000 0.187673 0.371501 0.000000 0.00000000 0.00000000 0.43514860 0.90035865
126.948000000 0.189529 0.375191 0.000000 0.00000000 0.00000000 0.42931870 0.90315306
127.073000000 0.190279 0.377536 0.000000 0.00000000 0.00000000 0.42351093 0.90589100
127.198000000 0.195380 0.378831 0.000000 0.00000000 0.00000000 0.41827074 0.90832240
127.323000000 0.199217 0.387784 0.000000 0.00000000 0.00000000 0.41321387 0.91063401
127.448000000 0.197462 0.387472 0.000000 0.00000000 0.00000000 0.40714651 0.91336286
127.573000000 0.205121 0.388219 0.000000 0.00000000 0.00000000 0.40202901 0.91562693
127.698000000 0.205880 0.391129 0.000000 0.00000000 0.00000000 0.40073812 0.91619264
127.823000000 0.211798 0.394506 0.000000 0.00000000 0.00000000 0.40108006 0.91604300
127.948000000 0.213535 0.397192 0.000000 0.00000000 0.00000000 0.40134148 0.91592850
128.073000000 0.214296 0.401017 0.000000 0.00000000 0.00000000 0.40116584 0.91600544
128.198000000 0.215709 0.405532 0.000000 0.00000000 0.00000000 0.40170024 0.91577121
128.323000000 0.219785 0.406507 0.000000 0.00000000 0.00000000 0.40093516 0.91610643
128.448000000 0.219087 0.410636 0.000000 0.00000000 0.00000000 0.40152183 0.91584945
128.573000000 0.222315 0.412076 0.000000 0.00000000 0.00000000 0.40101719 0.91607053
128.698000000 0.226159 0.416029 0.000000 0.00000000 0.00000000 0.40126247 0.91596312
128.823000000 0.228192 0.418103 0.000000 0.00000000 0.00000000 0.40134337 0.91592767
128.948000000 0.235428 0.418022 0.000000 0.00000000 0.00000000 0.40090365 0.91612022
129.073000000 0.236286 0.417843 0.000000 0.00000000 0.00000000 0.40067881 0.91621858
129.198000000 0.237601 0.424218 0.000000 0.00000000 0.00000000 0.40093492 0.91610654
129.323000000 0.238473 0.426367 0.000000 0.00000000 0.00000000 0.40097891 0.91608729
129.448000000 0.242543 0.428488 0.000000 0.00000000 0.00000000 0.40047092 0.91630947
129.573000000 0.242981 0.431747 0.000000 0.00000000 0.00000000 0.40326951 0.91508125
129.698000000 0.246045 0.435762 0.000000 0.00000000 0.00000000 0.40917733 0.91245488
129.823000000 0.247292 0.436928 0.000000 0.00000000 0.00000000 0.41507490 0.90978724
129.948000000 0.255341 0.440649 0.000000 0.00000000 0.00000000 0.42092195 0.90709686
130.073000000 0.253158 0.444553 0.000000 0.00000000 0.00000000 0.42607631 0.90468723
130.198000000 0.251930 0.448212 0.000000 0.00000000 0.00000000 0.43186530 0.90193811
130.323000000 0.260329 0.448585 0.000000 0.00000000 0.00000000 0.43780542 0.89906975
130.448000000 0.263258 0.453090 0.000000 0.00000000 0.00000000 0.44308630 0.89647896
130.573000000 0.258249 0.454537 0.000000 0.00000000 0.00000000 0.44722125 0.89442336
130.698000000 0.265653 0.457097 0.000000 0.00000000 0.00000000 0.44840939 0.89382829
130.823000000 0.267712 0.460297 0.000000 0.00000000 0.00000000 0.44857044 0.89374748
130.948000000 0.271241 0.463748 0.000000 0.00000000 0.00000000 0.44868724 0.89368885
131.073000000 0.272125 0.468161 0.000000 0.00000000 0.00000000 0.44840656 0.89382971
131.198000000 0.274967 0.473486 0.000000 0.00000000 0.00000000 0.44885378 0.89360522
131.323000000 0.277490 0.473603 0.000000 0.00000000 0.00000000 0.44880756 0.89362843
131.448000000 0.279302 0.477511 0.000000 0.00000000 0.00000000 0.44874556 0.89365957
131.573000000 0.280542 0.482436 0.000000 0.00000000 0.00000000 0.44889570 0.89358416
131.698000000 0.284904 0.485009 0.000000 0.00000000 0.00000000 0.44882088 0.89362174
131.823000000 0.285100 0.486791 0.000000 0.00000000 0.00000000 0.44867824 0.89369337
131.948000000 0.285543 0.489900 0.000000 0.00000000 0.00000000 0.44882293 0.89362071
132.073000000 0.290962 0.492570 0.000000 0.00000000 0.00000000 0.44870184 0.89368152
132.198000000 0.289574 0.494885 0.000000 0.00000000 0.00000000 0.44853274 0.89376640
132.323000000 0.289960 0.496238 0.000000 0.00000000 0.00000000 0.44836078 0.89385268
132.448000000 0.295700 0.502951 0.000000 0.00000000 0.00000000 0.44885984 0.89360218
132.573000000 0.296927 0.502543 0.000000 0.00000000 0.00000000 0.44850726 0.89377919
132.698000000 0.300797 0.509736 0.000000 0.00000000 0.00000000 0.44888416 0.89358996
132.823000000 0.303670 0.511006 0.000000 0.00000000 0.00000000 0.44883356 0.89361538
132.948000000 0.305920 0.511858 0.000000 0.00000000 0.00000000 0.44851253 0.89377654
133.073000000 0.307700 0.516480 0.000000 0.00000000 0.00000000 0.44869112 0.89368690
133.198000000 0.309392 0.517360 0.000000 0.00000000 0.00000000 0.44823129 0.89391762
133.323000000 0.308418 0.524009 0.000000 0.00000000 0.00000000 0.44880361 0.89363042
133.448000000 0.312281 0.525891 0.000000 0.00000000 0.00000000 0.44861525 0.89372499
133.573000000 0.314311 0.526915 0.000000 0.00000000 0.00000000 0.44854654 0.89375948
133.698000000 0.313174 0.533718 0.000000 0.00000000 0.00000000 0.44852146 0.89377206
133.823000000 0.317803 0.537672 0.000000 0.00000000 0.00000000 0.44858304 0.89374116
133.948000000 0.320021 0.535850 0.000000 0.00000000 0.00000000 0.44819059 0.89393803
134.073000000 0.321979 0.538435 0.000000 0.00000000 0.00000000 0.44812730 0.89396975
134.198000000 0.326012 0.543249 0.000000 0.00000000 0.00000000 0.44853831 0.89376361
134.323000000 0.326394 0.545359 0.000000 0.00000000 0.00000000 0.44831644 0.89387492
134.448000000 0.329095 0.549965 0.000000 0.00000000 0.00000000 0.44845689 0.89380446
134.573000000 0.332306 0.553136 0.000000 0.00000000 0.00000000 0.44885938 0.89360240
134.698000000 0.339834 0.557707 0.000000 0.00000000 0.00000000 0.44907139 0.89349588
134.823000000 0.341232 0.560664 0.000000 0.00000000 0.00000000 0.44861486 0.89372519
134.948000000 0.339738 0.557222 0.000000 0.00000000 0.00000000 0.44860217 0.89373156
135.073000000 0.343863 0.566268 0.000000 0.00000000 0.00000000 0.44849165 0.89378702
135.198000000 0.345374 0.567154 0.000000 0.00000000 0.00000000 0.44835018 0.89385799
135.323000000 0.346309 0.569599 0.000000 0.00000000 0.00000000 0.44789864 0.89408434
135.448000000 0.345847 0.577079 0.000000 0.00000000 0.00000000 0.44793053 0.89406837
135.573000000 0.350543 0.578769 0.000000 0.00000000 0.00000000 0.44828648 0.89388994
135.698000000 0.354614 0.580486 0.000000 0.00000000 0.00000000 0.44826876 0.89389883
135.823000000 0.354774 0.586229 0.000000 0.00000000 0.00000000 0.44862749 0.89371884
135.948000000 0.354539 0.589109 0.000000 0.00000000 0.00000000 0.44831573 0.89387527
136.073000000 0.358301 0.589228 0.000000 0.00000000 0.00000000 0.44828386 0.89389126
136.198000000 0.361457 0.595188 0.000000 0.00000000 0.00000000 0.44860542 0.89372992
136.323000000 0.366325 0.595066 0.000000 0.00000000 0.00000000 0.44821137 0.89392761
136.448000000 0.368837 0.596875 0.000000 0.00000000 0.00000000 0.44846244 0.89380168
136.573000000 0.370342 0.598850 0.000000 0.00000000 0.00000000 0.44842295 0.89382149
136.698000000 0.370186 0.601685 0.000000 0.00000000 0.00000000 0.44824973 0.89390837
136.823000000 0.374269 0.606170 0.000000 0.00000000 0.00000000 0.44865272 0.89370618
136.948000000 0.377346 0.609260 0.000000 0.00000000 0.00000000 0.44846380 0.89380099
137.073000000 0.375401 0.614575 0.000000 0.00000000 0.00000000 0.44851162 0.89377700
137.198000000 0.379019 0.618454 0.000000 0.00000000 0.00000000 0.44834497 0.89386061
137.323000000 0.383916 0.618522 0.000000 0.00000000 0.00000000 0.44826749 0.89389947
137.448000000 0.384529 0.621120 0.000000 0.00000000 0.00000000 0.44812134 0.89397274
137.573000000 0.387155 0.624548 0.000000 0.00000000 0.00000000 0.44826118 0.89390263
137.698000000 0.388200 0.631124 0.000000 0.00000000 0.00000000 0.44834217 0.89386202
137.823000000 0.389745 0.632669 0.000000 0.00000000 0.00000000 0.44807760 0.89399466
137.948000000 0.392366 0.633111 0.000000 0.00000000 0.00000000 0.44785850 0.89410445
138.073000000 0.394019 0.636087 0.000000 0.00000000 0.00000000 0.44788356 0.89409189
138.198000000 0.394743 0.638675 0.000000 0.00000000 0.00000000 0.44802608 0.89402049
138.323000000 0.398584 0.644293 0.000000 0.00000000 0.00000000 0.44841793 0.89382401
138.448000000 0.398438 0.646312 0.000000 0.00000000 0.00000000 0.44840800 0.89382899
138.573000000 0.400360 0.647565 0.000000 0.00000000 0.00000000 0.44817223 0.89394723
138.698000000 0.408219 0.649799 0.000000 0.00000000 0.00000000 0.44838839 0.89383883
138.823000000 0.407706 0.653262 0.000000 0.00000000 0.00000000 0.44816659 0.89395006
138.948000000 0.411728 0.657435 0.000000 0.00000000 0.00000000 0.44810937 0.89397874
139.073000000 0.412214 0.658990 0.000000 0.00000000 0.00000000 0.44834214 0.89386203
139.198000000 0.416261 0.663134 0.000000 0.00000000 0.00000000 0.44833762 0.89386430
139.323000000 0.422313 0.667150 0.000000 0.00000000 0.00000000 0.44854451 0.89376049
139.448000000 0.418600 0.671524 0.000000 0.00000000 0.00000000 0.44829347 0.89388644
139.573000000 0.420168 0.678465 0.000000 0.00000000 0.00000000 0.44826743 0.89389950
139.698000000 0.424800 0.678240 0.000000 0.00000000 0.00000000 0.44835535 0.89385540
139.823000000 0.424462 0.679451 0.000000 0.00000000 0.00000000 0.44797827 0.89404444
139.948000000 0.428572 0.684886 0.000000 0.00000000 0.00000000 0.44864327 0.89371092
140.073000000 0.430210 0.682690 0.000000 0.00000000 0.00000000 0.44796663 0.89405028
140.198000000 0.435094 0.689738 0.000000 0.00000000 0.00000000 0.44853867 0.89376343
140.323000000 0.436711 0.692006 0.000000 0.00000000 0.00000000 0.44855757 0.89375394
140.448000000 0.439314 0.691831 0.000000 0.00000000 0.00000000 0.44832822 0.89386901
140.573000000 0.439165 0.699456 0.000000 0.00000000 0.00000000 0.44851905 0.89377327
140.698000000 0.441560 0.701712 0.000000 0.00000000 0.00000000 0.44852105 0.89377227
140.823000000 0.447368 0.701717 0.000000 0.00000000 0.00000000 0.44858666 0.89373934
140.948000000 0.449776 0.708898 0.000000 0.00000000 0.00000000 0.44860381 0.89373073
141.073000000 0.449314 0.708321 0.000000 0.00000000 0.00000000 0.44847260 0.89379658
141.198000000 0.452006 0.712969 0.000000 0.00000000 0.00000000 0.44862740 0.89371889
141.323000000 0.455018 0.716975 0.000000 0.00000000 0.00000000 0.44908216 0.89349047
141.448000000 0.458499 0.720206 0.000000 0.00000000 0.00000000 0.44864720 0.89370895
141.573000000 0.461807 0.723336 0.000000 0.00000000 0.00000000 0.44879197 0.89363626
141.698000000 0.460157 0.724185 0.000000 0.00000000 0.00000000 0.44845045 0.89380770
141.823000000 0.460394 0.732027 0.000000 0.00000000 0.00000000 0.44829970 0.89388331
141.948000000 0.466595 0.731148 0.000000 0.00000000 0.00000000 0.44857803 0.89374367
142.073000000 0.468538 0.731179 0.000000 0.00000000 0.00000000 0.44791118 0.89407806
142.198000000 0.469816 0.735631 0.000000 0.00000000 0.00000000 0.44828172 0.89389233
142.323000000 0.475399 0.738846 0.000000 0.00000000 0.00000000 0.44836915 0.89384848
142.448000000 0.476914 0.738734 0.000000 0.00000000 0.00000000 0.44819921 0.89393371
142.573000000 0.472867 0.743670 0.000000 0.00000000 0.00000000 0.44823065 0.89391794
142.698000000 0.479858 0.747136 0.000000 0.00000000 0.00000000 0.44797078 0.89404820
142.823000000 0.482213 0.749222 0.000000 0.00000000 0.00000000 0.44807214 0.89399741
142.948000000 0.478959 0.755043 0.000000 0.00000000 0.00000000 0.44858742 0.89373896
143.073000000 0.484091 0.758683 0.000000 0.00000000 0.00000000 0.44853752 0.89376400
143.198000000 0.487845 0.759571 0.000000 0.00000000 0.00000000 0.44830603 0.89388014
143.323000000 0.490697 0.757578 0.000000 0.00000000 0.00000000 0.44825851 0.89390397
143.448000000 0.490239 0.765747 0.000000 0.00000000 0.00000000 0.44794458 0.89406132
143.573000000 0.494634 0.767544 0.000000 0.00000000 0.00000000 0.44751822 0.89427481
143.698000000 0.498030 0.771271 0.000000 0.00000000 0.00000000 0.44847515 0.89379530
143.823000000 0.495775 0.776160 0.000000 0.00000000 0.00000000 0.44745914 0.89430437
143.948000000 0.500245 0.777012 0.000000 0.00000000 0.00000000 0.44773839 0.89416460
144.073000000 0.503110 0.779786 0.000000 0.00000000 0.00000000 0.44794773 0.89405975
144.198000000 0.503315 0.782110 0.000000 0.00000000 0.00000000 0.44753758 0.89426512
144.323000000 0.507157 0.785302 0.000000 0.00000000 0.00000000 0.44809350 0.89398670
144.448000000 0.512444 0.788295 0.000000 0.00000000 0.00000000 0.44823119 0.89391767
144.573000000 0.513318 0.793407 0.000000 0.00000000 0.00000000 0.44794750 0.89405986
144.698000000 0.517233 0.798833 0.000000 0.00000000 0.00000000 0.44816402 0.89395135
144.823000000 0.516743 0.796704 0.000000 0.00000000 0.00000000 0.44802411 0.89402148
144.948000000 0.518213 0.801970 0.000000 0.00000000 0.00000000 0.44802312 0.89402197
145.073000000 0.521487 0.803450 0.000000 0.00000000 0.00000000 0.44802053 0.89402327
145.198000000 0.524958 0.805494 0.000000 0.00000000 0.00000000 0.44815693 0.89395490
145.323000000 0.523765 0.812058 0.000000 0.00000000 0.00000000 0.44861295 0.89372615
145.448000000 0.529201 0.815218 0.000000 0.00000000 0.00000000 0.44841564 0.89382516
145.573000000 0.530367 0.814962 0.000000 0.00000000 0.00000000 0.44827699 0.89389470
145.698000000 0.535019 0.818831 0.000000 0.00000000 0.00000000 0.44816930 0.89394870
145.823000000 0.537173 0.825220 0.000000 0.00000000 0.00000000 0.44833316 0.89386653
145.948000000 0.539132 0.825552 0.000000 0.00000000 0.00000000 0.44831565 0.89387532
146.073000000 0.540086 0.827981 0.000000 0.00000000 0.00000000 0.44803410 0.89401647
146.198000000 0.539932 0.837128 0.000000 0.00000000 0.00000000 0.44819324 0.89393670
146.323000000 0.542338 0.837369 0.000000 0.00000000 0.00000000 0.44835477 0.89385569
146.448000000 0.544895 0.838251 0.000000 0.00000000 0.00000000 0.44813926 0.89396376
146.573000000 0.548684 0.838932 0.000000 0.00000000 0.00000000 0.44811557 0.89397563
146.698000000 0.553062 0.844703 0.000000 0.00000000 0.00000000 0.44851937 0.89377311
146.823000000 0.554767 0.846099 0.000000 0.00000000 0.00000000 0.44847937 0.89379319
146.948000000 0.555478 0.846570 0.000000 0.00000000 0.00000000 0.44815289 0.89395693
147.073000000 0.559479 0.851314 0.000000 0.00000000 0.00000000 0.44834010 0.89386305
147.198000000 0.558038 0.850538 0.000000 0.00000000 0.00000000 0.44833966 0.89386327
147.323000000 0.563223 0.856896 0.000000 0.00000000 0.00000000 0.44815165 0.89395755
147.448000000 0.563492 0.860163 0.000000 0.00000000 0.00000000 0.44801339 0.89402684
147.573000000 0.564440 0.861620 0.000000 0.00000000 0.00000000 0.44815129 0.89395773
147.698000000 0.567503 0.865389 0.000000 0.00000000 0.00000000 0.44779624 0.89413563
147.823000000 0.573586 0.870391 0.000000 0.00000000 0.00000000 0.44813373 0.89396653
147.948000000 0.575220 0.868577 0.000000 0.00000000 0.00000000 0.44835219 0.89385699
148.073000000 0.573553 0.874654 0.000000 0.00000000 0.00000000 0.44808375 0.89399158
148.198000000 0.578074 0.875178 0.000000 0.00000000 0.00000000 0.44808329 0.89399182
148.323000000 0.575776 0.883564 0.000000 0.00000000 0.00000000 0.44808445 0.89399123
148.448000000 0.576694 0.885361 0.000000 0.00000000 0.00000000 0.44801696 0.89402506
148.573000000 0.584100 0.885541 0.000000 0.00000000 0.00000000 0.44795918 0.89405401
148.698000000 0.585178 0.893327 0.000000 0.00000000 0.00000000 0.44794835 0.89405944
148.823000000 0.587724 0.890554 0.000000 0.00000000 0.00000000 0.44773168 0.89416796
148.948000000 0.588957 0.894914 0.000000 0.00000000 0.00000000 0.44782981 0.89411882
149.073000000 0.590377 0.896540 0.000000 0.00000000 0.00000000 0.44802841 0.89401932
149.198000000 0.594945 0.902525 0.000000 0.00000000 0.00000000 0.44795632 0.89405544
149.323000000 0.595311 0.906498 0.000000 0.00000000 0.00000000 0.44775317 0.89415720
149.448000000 0.596690 0.906110 0.000000 0.00000000 0.00000000 0.44819675 0.89393494
149.573000000 0.599262 0.911368 0.000000 0.00000000 0.00000000 0.44829681 0.89388476
149.698000000 0.601217 0.916465 0.000000 0.00000000 0.00000000 0.44779956 0.89413397
149.823000000 0.605622 0.917122 0.000000 0.00000000 0.00000000 0.44834063 0.89386278
149.948000000 0.612095 0.920617 0.000000 0.00000000 0.00000000 0.44884852 0.89360786
150.073000000 0.613950 0.922672 0.000000 0.00000000 0.00000000 0.44841920 0.89382337
150.198000000 0.615580 0.922656 0.000000 0.00000000 0.00000000 0.44875533 0.89365466
150.323000000 0.620256 0.931568 0.000000 0.00000000 0.00000000 0.44868899 0.89368797
150.448000000 0.620011 0.936486 0.000000 0.00000000 0.00000000 0.44826998 0.89389822
150.573000000 0.620122 0.937840 0.000000 0.00000000 0.00000000 0.44812164 0.89397259
150.698000000 0.624452 0.935875 0.000000 0.00000000 0.00000000 0.44853283 0.89376636
150.823000000 0.627677 0.940167 0.000000 0.00000000 0.00000000 0.44854720 0.89375915
150.948000000 0.627407 0.945101 0.000000 0.00000000 0.00000000 0.44822766 0.89391944
151.073000000 0.627098 0.950542 0.000000 0.00000000 0.00000000 0.44796703 0.89405008
151.198000000 0.628049 0.952147 0.000000 0.00000000 0.00000000 0.44866099 0.89370203
151.323000000 0.635160 0.954159 0.000000 0.00000000 0.00000000 0.44891026 0.89357685
151.448000000 0.638566 0.954053 0.000000 0.00000000 0.00000000 0.44926235 0.89339988
151.573000000 0.637519 0.957410 0.000000 0.00000000 0.00000000 0.44883152 0.89361640
151.698000000 0.637459 0.960794 0.000000 0.00000000 0.00000000 0.44821623 0.89392517
151.823000000 0.642183 0.965202 0.000000 0.00000000 0.00000000 0.44873938 0.89366267
151.948000000 0.644020 0.966865 0.000000 0.00000000 0.00000000 0.44832628 0.89386998
152.073000000 0.647183 0.971831 0.000000 0.00000000 0.00000000 0.44862632 0.89371944
152.198000000 0.649102 0.973752 0.000000 0.00000000 0.00000000 0.44860049 0.89373240
152.323000000 0.651979 0.976768 0.000000 0.00000000 0.00000000 0.44915414 0.89345428
152.448000000 0.654884 0.977674 0.000000 0.00000000 0.00000000 0.44881321 0.89362559
152.573000000 0.656299 0.981402 0.000000 0.00000000 0.00000000 0.44846079 0.89380250
152.698000000 0.658598 0.987546 0.000000 0.00000000 0.00000000 0.44870930 0.89367777
152.823000000 0.660419 0.989106 0.000000 0.00000000 0.00000000 0.44859841 0.89373344
152.948000000 0.662576 0.991758 0.000000 0.00000000 0.00000000 0.44821573 0.89392542
153.073000000 0.664543 0.995972 0.000000 0.00000000 0.00000000 0.44826450 0.89390096
153.198000000 0.669225 0.997124 0.000000 0.00000000 0.00000000 0.44867192 0.89369654
153.323000000 0.671838 1.001044 0.000000 0.00000000 0.00000000 0.44899071 0.89353643
153.448000000 0.673277 1.003950 0.000000 0.00000000 0.00000000 0.44879483 0.89363483
153.573000000 0.672887 1.008995 0.000000 0.00000000 0.00000000 0.44854122 0.89376214
153.698000000 0.675163 1.010731 0.000000 0.00000000 0.00000000 0.44852973 0.89376791
153.823000000 0.676265 1.014425 0.000000 0.00000000 0.00000000 0.44872910 0.89366783
153.948000000 0.679543 1.014664 0.000000 0.00000000 0.00000000 0.44879099 0.89363676
154.073000000 0.683292 1.018102 0.000000 0.00000000 0.00000000 0.44882966 0.89361733
154.198000000 0.682480 1.024961 0.000000 0.00000000 0.00000000 0.44851112 0.89377725
154.323000000 0.684897 1.027065 0.000000 0.00000000 0.00000000 0.44861588 0.89372467
154.448000000 0.689870 1.029700 0.000000 0.00000000 0.00000000 0.44861742 0.89372390
154.573000000 0.687012 1.032796 0.000000 0.00000000 0.00000000 0.44851553 0.89377504
154.698000000 0.691138 1.032893 0.000000 0.00000000 0.00000000 0.44847668 0.89379453
154.823000000 0.695827 1.035798 0.000000 0.00000000 0.00000000 0.44840840 0.89382879
154.948000000 0.699111 1.038870 0.000000 0.00000000 0.00000000 0.44852280 0.89377139
155.073000000 0.705531 1.041448 0.000000 0.00000000 0.00000000 0.44887030 0.89359692
155.198000000 0.702569 1.042998 0.000000 0.00000000 0.00000000 0.44831454 0.89387587
155.323000000 0.702775 1.045280 0.000000 0.00000000 0.00000000 0.44781965 0.89412391
155.448000000 0.704214 1.049143 0.000000 0.00000000 0.00000000 0.44789711 0.89408511
155.573000000 0.705986 1.049829 0.000000 0.00000000 0.00000000 0.44829239 0.89388698
155.698000000 0.709726 1.059001 0.000000 0.00000000 0.00000000 0.44795310 0.89405706
155.823000000 0.713673 1.057541 0.000000 0.00000000 0.00000000 0.44851838 0.89377361
155.948000000 0.709533 1.060781 0.000000 0.00000000 0.00000000 0.44747141 0.89429824
156.073000000 0.713037 1.064943 0.000000 0.00000000 0.00000000 0.44808043 0.89399325
156.198000000 0.715092 1.068265 0.000000 0.00000000 0.00000000 0.44775462 0.89415648
156.323000000 0.713898 1.079480 0.000000 0.00000000 0.00000000 0.44730286 0.89438255
156.448000000 0.714753 1.077718 0.000000 0.00000000 0.00000000 0.44698747 0.89454022
156.573000000 0.723359 1.082643 0.000000 0.00000000 0.00000000 0.44827784 0.89389428
156.698000000 0.728333 1.088478 0.000000 0.00000000 0.00000000 0.44847543 0.89379516
156.823000000 0.731321 1.089012 0.000000 0.00000000 0.00000000 0.44828916 0.89388860
156.948000000 0.733518 1.092645 0.000000 0.00000000 0.00000000 0.44832189 0.89387218
157.073000000 0.734725 1.095694 0.000000 0.00000000 0.00000000 0.44830022 0.89388305
157.198000000 0.741923 1.097591 0.000000 0.00000000 0.00000000 0.44903968 0.89351182
157.323000000 0.739585 1.099391 0.000000 0.00000000 0.00000000 0.44850621 0.89377972
157.448000000 0.744672 1.101677 0.000000 0.00000000 0.00000000 0.44819154 0.89393755
157.573000000 0.744570 1.105132 0.000000 0.00000000 0.00000000 0.44846088 0.89380246
157.698000000 0.750840 1.110200 0.000000 0.00000000 0.00000000 0.44876093 0.89365185
157.823000000 0.748825 1.117216 0.000000 0.00000000 0.00000000 0.44824755 0.89390947
157.948000000 0.752230 1.116443 0.000000 0.00000000 0.00000000 0.44859212 0.89373660
158.073000000 0.752371 1.121891 0.000000 0.00000000 0.00000000 0.44772613 0.89417074
158.198000000 0.755464 1.119543 0.000000 0.00000000 0.00000000 0.44329094 0.89637779
158.323000000 0.760001 1.123651 0.000000 0.00000000 0.00000000 0.43684244 0.89953804
158.448000000 0.760955 1.129466 0.000000 0.00000000 0.00000000 0.42487784 0.90525070
158.573000000 0.767035 1.124165 0.000000 0.00000000 0.00000000 0.41422994 0.91017227
158.698000000 0.766407 1.132235 0.000000 0.00000000 0.00000000 0.40262442 0.91536527
158.823000000 0.765167 1.134361 0.000000 0.00000000 0.00000000 0.39037566 0.92065566
158.948000000 0.767133 1.138880 0.000000 0.00000000 0.00000000 0.38127689 0.92446089
159.073000000 0.772530 1.132504 0.000000 0.00000000 0.00000000 0.37471654 0.92713943
159.198000000 0.775172 1.139564 0.000000 0.00000000 0.00000000 0.37326293 0.92772560
159.323000000 0.775198 1.141668 0.000000 0.00000000 0.00000000 0.37478205 0.92711295
159.448000000 0.779917 1.147732 0.000000 0.00000000 0.00000000 0.38023641 0.92488933
159.573000000 0.784516 1.159921 0.000000 0.00000000 0.00000000 0.38636967 0.92234401
159.698000000 0.788680 1.151987 0.000000 0.00000000 0.00000000 0.39185222 0.92002817
159.823000000 0.787008 1.160221 0.000000 0.00000000 0.00000000 0.39675173 0.91792596
159.948000000 0.790897 1.164643 0.000000 0.00000000 0.00000000 0.40305462 0.91517592
160.073000000 0.794761 1.166112 0.000000 0.00000000 0.00000000 0.40873487 0.91265317
160.198000000 0.797264 1.169702 0.000000 0.00000000 0.00000000 0.41448886 0.91005438
160.323000000 0.800418 1.171305 0.000000 0.00000000 0.00000000 0.42031284 0.90737926
160.448000000 0.799099 1.169618 0.000000 0.00000000 0.00000000 0.42576770 0.90483251
160.573000000 0.802851 1.176807 0.000000 0.00000000 0.00000000 0.43120379 0.90225456
160.698000000 0.804858 1.176010 0.000000 0.00000000 0.00000000 0.43723894 0.89934538
160.823000000 0.808766 1.182181 0.000000 0.00000000 0.00000000 0.44286760 0.89658702
160.948000000 0.812124 1.183799 0.000000 0.00000000 0.00000000 0.44688294 0.89459244
161.073000000 0.813036 1.195551 0.000000 0.00000000 0.00000000 0.44698260 0.89454265
161.198000000 0.813065 1.180255 0.000000 0.00000000 0.00000000 0.44466119 0.89569885
161.323000000 0.820606 1.185163 0.000000 0.00000000 0.00000000 0.44052818 0.89773878
161.448000000 0.819593 1.197232 0.000000 0.00000000 0.00000000 0.43384865 0.90098577
161.573000000 0.823094 1.199760 0.000000 0.00000000 0.00000000 0.42795103 0.90380192
161.698000000 0.825350 1.204685 0.000000 0.00000000 0.00000000 0.42425328 0.90554357
161.823000000 0.828061 1.203843 0.000000 0.00000000 0.00000000 0.42399907 0.90566262
161.948000000 0.832259 1.205811 0.000000 0.00000000 0.00000000 0.42764134 0.90394850
162.073000000 0.832372 1.207736 0.000000 0.00000000 0.00000000 0.43319092 0.90130218
162.198000000 0.833503 1.211340 0.000000 0.00000000 0.00000000 0.43905746 0.89845898
162.323000000 0.834373 1.216384 0.000000 0.00000000 0.00000000 0.44490890 0.89557583
162.448000000 0.838391 1.211695 0.000000 0.00000000 0.00000000 0.44865227 0.89370641
162.573000000 0.839888 1.213855 0.000000 0.00000000 0.00000000 0.44955777 0.89325126
162.698000000 0.843252 1.213501 0.000000 0.00000000 0.00000000 0.44954470 0.89325784
162.823000000 0.845853 1.220522 0.000000 0.00000000 0.00000000 0.44949155 0.89328458
162.948000000 0.845767 1.228945 0.000000 0.00000000 0.00000000 0.44956863 0.89324579
163.073000000 0.849041 1.225950 0.000000 0.00000000 0.00000000 0.44919277 0.89343486
163.198000000 0.850629 1.235103 0.000000 0.00000000 0.00000000 0.44910372 0.89347963
163.323000000 0.854048 1.237208 0.000000 0.00000000 0.00000000 0.44930430 0.89337878
163.448000000 0.853462 1.240761 0.000000 0.00000000 0.00000000 0.44886476 0.89359970
163.573000000 0.851641 1.246797 0.000000 0.00000000 0.00000000 0.44837664 0.89384472
163.698000000 0.854923 1.246775 0.000000 0.00000000 0.00000000 0.44871602 0.89367440
163.823000000 0.863526 1.253782 0.000000 0.00000000 0.00000000 0.44976822 0.89314531
163.948000000 0.866114 1.253497 0.000000 0.00000000 0.00000000 0.44951111 0.89327474
164.073000000 0.869210 1.259375 0.000000 0.00000000 0.00000000 0.45039550 0.89282915
164.198000000 0.868813 1.262291 0.000000 0.00000000 0.00000000 0.44951373 0.89327342
164.323000000 0.872631 1.264169 0.000000 0.00000000 0.00000000 0.45129942 0.89237259
164.448000000 0.872857 1.270577 0.000000 0.00000000 0.00000000 0.45622825 0.88986279
164.573000000 0.878181 1.275014 0.000000 0.00000000 0.00000000 0.46608297 0.88474102
164.698000000 0.874879 1.259502 0.000000 0.00000000 0.00000000 0.47608994 0.87939659
164.823000000 0.885619 1.273193 0.000000 0.00000000 0.00000000 0.48826992 0.87269266
164.948000000 0.877949 1.279694 0.000000 0.00000000 0.00000000 0.49773247 0.86733061
165.073000000 0.884491 1.280563 0.000000 0.00000000 0.00000000 0.50948236 0.86048110
165.198000000 0.882737 1.290179 0.000000 0.00000000 0.00000000 0.51896208 0.85479726
165.323000000 0.887189 1.295418 0.000000 0.00000000 0.00000000 0.53074412 0.84753211
165.448000000 0.891147 1.293331 0.000000 0.00000000 0.00000000 0.54087690 0.84110177
165.573000000 0.887936 1.301650 0.000000 0.00000000 0.00000000 0.55114850 0.83440717
165.698000000 0.888515 1.296385 0.000000 0.00000000 0.00000000 0.56160025 0.82740870
165.823000000 0.893733 1.304189 0.000000 0.00000000 0.00000000 0.57228825 0.82005253
165.948000000 0.891801 1.307279 0.000000 0.00000000 0.00000000 0.58206084 0.81314523
166.073000000 0.896602 1.302885 0.000000 0.00000000 0.00000000 0.59277598 0.80536739
166.198000000 0.897857 1.317100 0.000000 0.00000000 0.00000000 0.60264425 0.79800997
166.323000000 0.894692 1.323523 0.000000 0.00000000 0.00000000 0.61222534 0.79068334
166.448000000 0.898316 1.320698 0.000000 0.00000000 0.00000000 0.62211460 0.78292619
166.573000000 0.903034 1.327195 0.000000 0.00000000 0.00000000 0.63199900 0.77496920
166.698000000 0.897244 1.333656 0.000000 0.00000000 0.00000000 0.63992650 0.76843612
166.823000000 0.900651 1.335440 0.000000 0.00000000 0.00000000 0.64638109 0.76301473
166.948000000 0.895277 1.336246 0.000000 0.00000000 0.00000000 0.64826186 0.76141746
167.073000000 0.898862 1.336846 0.000000 0.00000000 0.00000000 0.64852561 0.76119284
167.198000000 0.899576 1.336333 0.000000 0.00000000 0.00000000 0.64873086 0.76101792
167.323000000 0.902776 1.344334 0.000000 0.00000000 0.00000000 0.64857150 0.76115373
167.448000000 0.902408 1.342740 0.000000 0.00000000 0.00000000 0.64837569 0.76132054
167.573000000 0.901266 1.345060 0.000000 0.00000000 0.00000000 0.64877240 0.76098251
167.698000000 0.904868 1.350353 0.000000 0.00000000 0.00000000 0.64894957 0.76083142
167.823000000 0.909969 1.353919 0.000000 0.00000000 0.00000000 0.64939170 0.76045409
167.948000000 0.910893 1.358570 0.000000 0.00000000 0.00000000 0.64918804 0.76062796
168.073000000 0.910009 1.360430 0.000000 0.00000000 0.00000000 0.64898063 0.76080493
168.198000000 0.909668 1.359067 0.000000 0.00000000 0.00000000 0.64917640 0.76063789
168.323000000 0.908632 1.371394 0.000000 0.00000000 0.00000000 0.64890586 0.76086871
168.448000000 0.908791 1.385226 0.000000 0.00000000 0.00000000 0.64868369 0.76105813
168.573000000 0.910326 1.382343 0.000000 0.00000000 0.00000000 0.64915107 0.76065951
168.698000000 0.907855 1.391313 0.000000 0.00000000 0.00000000 0.64864907 0.76108763
168.823000000 0.909387 1.391913 0.000000 0.00000000 0.00000000 0.64879187 0.76096590
168.948000000 0.910312 1.399992 0.000000 0.00000000 0.00000000 0.64878577 0.76097111
169.073000000 0.909886 1.401535 0.000000 0.00000000 0.00000000 0.64834710 0.76134489
169.198000000 0.911615 1.402449 0.000000 0.00000000 0.00000000 0.64859427 0.76113433
169.323000000 0.909308 1.407650 0.000000 0.00000000 0.00000000 0.64462868 0.76449582
169.448000000 0.914584 1.414343 0.000000 0.00000000 0.00000000 0.63785259 0.77015847
169.573000000 0.915305 1.421558 0.000000 0.00000000 0.00000000 0.62891527 0.77747385
169.698000000 0.912682 1.421659 0.000000 0.00000000 0.00000000 0.61867412 0.78564772
169.823000000 0.917059 1.417605 0.000000 0.00000000 0.00000000 0.60967392 0.79265233
169.948000000 0.917464 1.427071 0.000000 0.00000000 0.00000000 0.59906842 0.80069784
170.073000000 0.915912 1.429131 0.000000 0.00000000 0.00000000 0.58917789 0.80800335
170.198000000 0.921286 1.435240 0.000000 0.00000000 0.00000000 0.57927225 0.81513414
170.323000000 0.917923 1.450438 0.000000 0.00000000 0.00000000 0.56833046 0.82280040
170.448000000 0.925835 1.436891 0.000000 0.00000000 0.00000000 0.56192701 0.82718682
170.573000000 0.927292 1.441947 0.000000 0.00000000 0.00000000 0.55787028 0.82992816
170.698000000 0.926526 1.440465 0.000000 0.00000000 0.00000000 0.55721711 0.83036684
170.823000000 0.925614 1.449658 0.000000 0.00000000 0.00000000 0.55670508 0.83071021
170.948000000 0.929697 1.453000 0.000000 0.00000000 0.00000000 0.55681973 0.83063336
171.073000000 0.929208 1.465517 0.000000 0.00000000 0.00000000 0.55647479 0.83086449
171.198000000 0.931119 1.464907 0.000000 0.00000000 0.00000000 0.55673827 0.83068797
171.323000000 0.934846 1.468449 0.000000 0.00000000 0.00000000 0.55661471 0.83077076
171.448000000 0.934132 1.475464 0.000000 0.00000000 0.00000000 0.55558916 0.83145697
171.573000000 0.934412 1.476650 0.000000 0.00000000 0.00000000 0.55093437 0.83454857
171.698000000 0.932824 1.479415 0.000000 0.00000000 0.00000000 0.54369310 0.83928411
171.823000000 0.938600 1.476852 0.000000 0.00000000 0.00000000 0.53307767 0.84606631
171.948000000 0.935158 1.488895 0.000000 0.00000000 0.00000000 0.52218104 0.85283466
172.073000000 0.939049 1.488961 0.000000 0.00000000 0.00000000 0.51113643 0.85949959
172.198000000 0.940521 1.473598 0.000000 0.00000000 0.00000000 0.50201587 0.86485841
172.323000000 0.937818 1.490148 0.000000 0.00000000 0.00000000 0.48977020 0.87185156
172.448000000 0.946530 1.489780 0.000000 0.00000000 0.00000000 0.48025387 0.87712953
172.573000000 0.943315 1.498253 0.000000 0.00000000 0.00000000 0.46842264 0.88350452
172.698000000 0.945410 1.501261 0.000000 0.00000000 0.00000000 0.45784165 0.88903376
172.823000000 0.948967 1.494100 0.000000 0.00000000 0.00000000 0.44779826 0.89413462
172.948000000 0.958963 1.496633 0.000000 0.00000000 0.00000000 0.44158946 0.89721722
173.073000000 0.953627 1.506175 0.000000 0.00000000 0.00000000 0.43755548 0.89919141
173.198000000 0.959874 1.505766 0.000000 0.00000000 0.00000000 0.44200750 0.89701136
173.323000000 0.962498 1.505329 0.000000 0.00000000 0.00000000 0.44793965 0.89406379
173.448000000 0.962391 1.513276 0.000000 0.00000000 0.00000000 0.45276639 0.89162918
173.573000000 0.969966 1.509957 0.000000 0.00000000 0.00000000 0.45922953 0.88831765
173.698000000 0.964347 1.522746 0.000000 0.00000000 0.00000000 0.46340459 0.88614682
173.823000000 0.969636 1.520841 0.000000 0.00000000 0.00000000 0.46994838 0.88269390
173.948000000 0.969428 1.528564 0.000000 0.00000000 0.00000000 0.47470190 0.88014664
174.073000000 0.973478 1.530025 0.000000 0.00000000 0.00000000 0.48024919 0.87713210
174.198000000 0.976249 1.530167 0.000000 0.00000000 0.00000000 0.48582679 0.87405510
174.323000000 0.980331 1.535437 0.000000 0.00000000 0.00000000 0.49161070 0.87081509
174.448000000 0.980740 1.540624 0.000000 0.00000000 0.00000000 0.49685217 0.86783519
174.573000000 0.981416 1.540101 0.000000 0.00000000 0.00000000 0.50164649 0.86507271
174.698000000 0.986979 1.540847 0.000000 0.00000000 0.00000000 0.50816641 0.86125891
174.823000000 0.986645 1.554633 0.000000 0.00000000 0.00000000 0.51307107 0.85834613
174.948000000 0.986593 1.557619 0.000000 0.00000000 0.00000000 0.51884018 0.85487126
175.073000000 0.990264 1.552625 0.000000 0.00000000 0.00000000 0.53040367 0.84774521
175.198000000 0.988016 1.560709 0.000000 0.00000000 0.00000000 0.54357011 0.83936377
175.323000000 0.991239 1.560197 0.000000 0.00000000 0.00000000 0.55980339 0.82862547
175.448000000 0.993183 1.572719 0.000000 0.00000000 0.00000000 0.57469826 0.81836539
175.573000000 0.992804 1.570383 0.000000 0.00000000 0.00000000 0.59040796 0.80710497
175.698000000 0.994290 1.573559 0.000000 0.00000000 0.00000000 0.60559479 0.79577318
175.823000000 0.990827 1.575216 0.000000 0.00000000 0.00000000 0.61972590 0.78481833
175.948000000 0.999600 1.574737 0.000000 0.00000000 0.00000000 0.63537042 0.77220751
176.073000000 0.998822 1.581283 0.000000 0.00000000 0.00000000 0.64943784 0.76041468
176.198000000 0.999841 1.585965 0.000000 0.00000000 0.00000000 0.66111116 0.75028797
176.323000000 1.000933 1.588112 0.000000 0.00000000 0.00000000 0.66975303 0.74258392
176.448000000 0.998477 1.598554 0.000000 0.00000000 0.00000000 0.67504890 0.73777299
176.573000000 0.997951 1.602517 0.000000 0.00000000 0.00000000 0.67710209 0.73588909
176.698000000 0.997689 1.606219 0.000000 0.00000000 0.00000000 0.67632967 0.73659906
176.823000000 0.999108 1.608957 0.000000 0.00000000 0.00000000 0.67632250 0.73660564
176.948000000 0.999343 1.612758 0.000000 0.00000000 0.00000000 0.67675599 0.73620739
177.073000000 1.002856 1.621792 0.000000 0.00000000 0.00000000 0.67671361 0.73624635
177.198000000 1.001695 1.625263 0.000000 0.00000000 0.00000000 0.67620628 0.73671233
177.323000000 1.001938 1.622953 0.000000 0.00000000 0.00000000 0.67660434 0.73634677
177.448000000 1.004993 1.624521 0.000000 0.00000000 0.00000000 0.68028762 0.73294526
177.573000000 1.004384 1.628198 0.000000 0.00000000 0.00000000 0.68691408 0.72673864
177.698000000 1.003947 1.630452 0.000000 0.00000000 0.00000000 0.69565719 0.71837391
177.823000000 1.005697 1.638439 0.000000 0.00000000 0.00000000 0.70484256 0.70936377
177.948000000 1.003847 1.642973 0.000000 0.00000000 0.00000000 0.71148109 0.70270525
178.073000000 1.010068 1.642853 0.000000 0.00000000 0.00000000 0.71606574 0.69803285
178.198000000 1.007758 1.648221 0.000000 0.00000000 0.00000000 0.71586115 0.69824266
178.323000000 1.003523 1.654438 0.000000 0.00000000 0.00000000 0.71527341 0.69884473
178.448000000 1.008265 1.658083 0.000000 0.00000000 0.00000000 0.71604462 0.69805452
178.573000000 1.005373 1.656643 0.000000 0.00000000 0.00000000 0.71611052 0.69798691
178.698000000 1.006428 1.658986 0.000000 0.00000000 0.00000000 0.71577764 0.69832826
178.823000000 1.002915 1.660702 0.000000 0.00000000 0.00000000 0.71561079 0.69849925
178.948000000 1.005166 1.669402 0.000000 0.00000000 0.00000000 0.71593624 0.69816566
179.073000000 1.004599 1.672854 0.000000 0.00000000 0.00000000 0.71552591 0.69858619
179.198000000 1.002971 1.669153 0.000000 0.00000000 0.00000000 0.71593671 0.69816519
179.323000000 1.006026 1.679778 0.000000 0.00000000 0.00000000 0.71596205 0.69813920
179.448000000 1.004146 1.681241 0.000000 0.00000000 0.00000000 0.71589216 0.69821087
179.573000000 1.004469 1.689467 0.000000 0.00000000 0.00000000 0.71575991 0.69834644
179.698000000 1.004329 1.692103 0.000000 0.00000000 0.00000000 0.71560306 0.69850716
179.823000000 1.001553 1.698819 0.000000 0.00000000 0.00000000 0.71533179 0.69878497
179.948000000 1.004832 1.698777 0.000000 0.00000000 0.00000000 0.71609609 0.69800171
180.073000000 1.002550 1.701259 0.000000 0.00000000 0.00000000 0.71569548 0.69841248
180.198000000 1.003901 1.708580 0.000000 0.00000000 0.00000000 0.71570570 0.69840200
180.323000000 1.002986 1.707673 0.000000 0.00000000 0.00000000 0.71550084 0.69861187
180.448000000 1.004667 1.714580 0.000000 0.00000000 0.00000000 0.71586696 0.69823671
180.573000000 1.002897 1.716213 0.000000 0.00000000 0.00000000 0.71584217 0.69826212
180.698000000 1.001940 1.719526 0.000000 0.00000000 0.00000000 0.71553549 0.69857639
180.823000000 1.000169 1.722884 0.000000 0.00000000 0.00000000 0.71570705 0.69840062
180.948000000 1.001897 1.730519 0.000000 0.00000000 0.00000000 0.71526296 0.69885542
181.073000000 1.000787 1.739102 0.000000 0.00000000 0.00000000 0.71766322 0.69639034
181.198000000 1.001626 1.743427 0.000000 0.00000000 0.00000000 0.72394275 0.68986006
181.323000000 1.001963 1.739941 0.000000 0.00000000 0.00000000 0.73309715 0.68012394
181.448000000 0.999973 1.745865 0.000000 0.00000000 0.00000000 0.74081981 0.67170381
181.573000000 1.000603 1.749815 0.000000 0.00000000 0.00000000 0.74621350 0.66570670
181.698000000 1.001586 1.753590 0.000000 0.00000000 0.00000000 0.74810402 0.66358147
181.823000000 1.000498 1.757878 0.000000 0.00000000 0.00000000 0.74787115 0.66384392
181.948000000 1.000605 1.759587 0.000000 0.00000000 0.00000000 0.74783189 0.66388815
182.073000000 1.000145 1.763290 0.000000 0.00000000 0.00000000 0.74819526 0.66347860
182.198000000 0.999102 1.762561 0.000000 0.00000000 0.00000000 0.74694401 0.66488694
182.323000000 0.997784 1.770346 0.000000 0.00000000 0.00000000 0.74344520 0.66879686
182.448000000 0.997530 1.772682 0.000000 0.00000000 0.00000000 0.73633023 0.67662234
182.573000000 0.999403 1.778259 0.000000 0.00000000 0.00000000 0.72755557 0.68604876
182.698000000 0.991480 1.795865 0.000000 0.00000000 0.00000000 0.71762995 0.69642462
182.823000000 1.000669 1.785886 0.000000 0.00000000 0.00000000 0.71084187 0.70335186
182.948000000 0.992971 1.789308 0.000000 0.00000000 0.00000000 0.70039587 0.71375460
183.073000000 0.998644 1.789396 0.000000 0.00000000 0.00000000 0.69036977 0.72345669
183.198000000 0.989943 1.815771 0.000000 0.00000000 0.00000000 0.67228879 0.74028899
183.323000000 0.997090 1.805543 0.000000 0.00000000 0.00000000 0.65575877 0.75497048
183.448000000 0.993692 1.803815 0.000000 0.00000000 0.00000000 0.63649924 0.77127733
183.573000000 1.004346 1.804854 0.000000 0.00000000 0.00000000 0.61866723 0.78565314
183.698000000 1.000232 1.823403 0.000000 0.00000000 0.00000000 0.59736839 0.80196696
183.823000000 1.003517 1.826749 0.000000 0.00000000 0.00000000 0.57794998 0.81607219
183.948000000 1.000015 1.823161 0.000000 0.00000000 0.00000000 0.55708413 0.83045606
184.073000000 1.003110 1.825619 0.000000 0.00000000 0.00000000 0.53577594 0.84436020
184.198000000 1.001119 1.835880 0.000000 0.00000000 0.00000000 0.51431111 0.85760368
184.323000000 1.006524 1.838000 0.000000 0.00000000 0.00000000 0.49350936 0.86974049
184.448000000 1.006187 1.836554 0.000000 0.00000000 0.00000000 0.47175303 0.88173073
184.573000000 1.014962 1.839805 0.000000 0.00000000 0.00000000 0.45120489 0.89242039
184.698000000 1.015045 1.841614 0.000000 0.00000000 0.00000000 0.43092027 0.90239000
184.823000000 1.016358 1.852369 0.000000 0.00000000 0.00000000 0.41634723 0.90920569
184.948000000 1.020874 1.840567 0.000000 0.00000000 0.00000000 0.40502919 0.91430376
185.073000000 1.024710 1.843917 0.000000 0.00000000 0.00000000 0.39779629 0.91747376
185.198000000 1.019708 1.849707 0.000000 0.00000000 0.00000000 0.38974679 0.92092206
185.323000000 1.026228 1.860250 0.000000 0.00000000 0.00000000 0.38674052 0.92218858
185.448000000 1.026353 1.861651 0.000000 0.00000000 0.00000000 0.38513665 0.92285956
185.573000000 1.033025 1.859869 0.000000 0.00000000 0.00000000 0.38648348 0.92229633
185.698000000 1.034305 1.864183 0.000000 0.00000000 0.00000000 0.38557588 0.92267613
185.823000000 1.038876 1.864734 0.000000 0.00000000 0.00000000 0.38597650 0.92250861
185.948000000 1.040142 1.863128 0.000000 0.00000000 0.00000000 0.38620045 0.92241488
186.073000000 1.043001 1.862840 0.000000 0.00000000 0.00000000 0.38564451 0.92264745
186.198000000 1.041713 1.868561 0.000000 0.00000000 0.00000000 0.38534318 0.92277334
186.323000000 1.045656 1.874359 0.000000 0.00000000 0.00000000 0.38492780 0.92294669
186.448000000 1.046877 1.870856 0.000000 0.00000000 0.00000000 0.38499695 0.92291785
186.573000000 1.051539 1.881783 0.000000 0.00000000 0.00000000 0.38500658 0.92291383
186.698000000 1.055951 1.882467 0.000000 0.00000000 0.00000000 0.38504987 0.92289577
186.823000000 1.056799 1.882470 0.000000 0.00000000 0.00000000 0.38475702 0.92301789
186.948000000 1.056806 1.896107 0.000000 0.00000000 0.00000000 0.38486571 0.92297258
187.073000000 1.059208 1.899487 0.000000 0.00000000 0.00000000 0.38465109 0.92306205
187.198000000 1.066987 1.900280 0.000000 0.00000000 0.00000000 0.38523219 0.92281968
187.323000000 1.069238 1.900635 0.000000 0.00000000 0.00000000 0.38545687 0.92272585
187.448000000 1.068210 1.901823 0.000000 0.00000000 0.00000000 0.38528992 0.92279558
187.573000000 1.072994 1.902854 0.000000 0.00000000 0.00000000 0.38548135 0.92271563
187.698000000 1.077601 1.900914 0.000000 0.00000000 0.00000000 0.38598165 0.92250646
187.823000000 1.082497 1.908733 0.000000 0.00000000 0.00000000 0.38607413 0.92246776
187.948000000 1.082133 1.908946 0.000000 0.00000000 0.00000000 0.38545193 0.92272792
188.073000000 1.085975 1.911283 0.000000 0.00000000 0.00000000 0.38541168 0.92274473
188.198000000 1.084586 1.913126 0.000000 0.00000000 0.00000000 0.38519235 0.92283631
188.323000000 1.088571 1.910001 0.000000 0.00000000 0.00000000 0.38524744 0.92281331
188.448000000 1.093477 1.915581 0.000000 0.00000000 0.00000000 0.38589655 0.92254206
188.573000000 1.094328 1.911195 0.000000 0.00000000 0.00000000 0.38561299 0.92266062
188.698000000 1.102701 1.919371 0.000000 0.00000000 0.00000000 0.38616461 0.92242989
188.823000000 1.100345 1.925684 0.000000 0.00000000 0.00000000 0.38579050 0.92258641
188.948000000 1.102389 1.925484 0.000000 0.00000000 0.00000000 0.38628907 0.92237777
189.073000000 1.108405 1.938537 0.000000 0.00000000 0.00000000 0.38595270 0.92251857
189.198000000 1.106364 1.939449 0.000000 0.00000000 0.00000000 0.38570014 0.92262419
189.323000000 1.110175 1.946848 0.000000 0.00000000 0.00000000 0.38616982 0.92242770
189.448000000 1.113681 1.940110 0.000000 0.00000000 0.00000000 0.38609412 0.92245939
189.573000000 1.117429 1.947190 0.000000 0.00000000 0.00000000 0.38606881 0.92246999
189.698000000 1.114323 1.945099 0.000000 0.00000000 0.00000000 0.38481032 0.92299568
189.823000000 1.119905 1.944353 0.000000 0.00000000 0.00000000 0.38576692 0.92259627
189.948000000 1.126882 1.949320 0.000000 0.00000000 0.00000000 0.38648485 0.92229576
190.073000000 1.126891 1.954537 0.000000 0.00000000 0.00000000 0.38597117 0.92251084
190.198000000 1.123863 1.953946 0.000000 0.00000000 0.00000000 0.38457410 0.92309412
190.323000000 1.134927 1.951120 0.000000 0.00000000 0.00000000 0.38635365 0.92235072
190.448000000 1.136776 1.956206 0.000000 0.00000000 0.00000000 0.38667136 0.92221758
190.573000000 1.136210 1.970447 0.000000 0.00000000 0.00000000 0.38301810 0.92374084
190.698000000 1.144362 1.957179 0.000000 0.00000000 0.00000000 0.37754712 0.92599037
190.823000000 1.147804 1.960474 0.000000 0.00000000 0.00000000 0.37251061 0.92802793
190.948000000 1.145310 1.967873 0.000000 0.00000000 0.00000000 0.36570781 0.93072971
191.073000000 1.150382 1.981616 0.000000 0.00000000 0.00000000 0.36030237 0.93283557
191.198000000 1.153213 1.971814 0.000000 0.00000000 0.00000000 0.35442203 0.93508557
191.323000000 1.152477 1.972298 0.000000 0.00000000 0.00000000 0.34885411 0.93717704
191.448000000 1.153895 1.984574 0.000000 0.00000000 0.00000000 0.34223765 0.93961343
191.573000000 1.159451 1.984278 0.000000 0.00000000 0.00000000 0.33642966 0.94170860
191.698000000 1.166361 1.986030 0.000000 0.00000000 0.00000000 0.33140609 0.94348821
191.823000000 1.163590 1.992099 0.000000 0.00000000 0.00000000 0.32488169 0.94575466
191.948000000 1.174936 1.993440 0.000000 0.00000000 0.00000000 0.31992571 0.94744263
192.073000000 1.173396 1.998008 0.000000 0.00000000 0.00000000 0.31618324 0.94869814
192.198000000 1.173055 1.991537 0.000000 0.00000000 0.00000000 0.31611089 0.94872225
192.323000000 1.174513 1.996261 0.000000 0.00000000 0.00000000 0.31939005 0.94762334
192.448000000 1.184814 2.001157 0.000000 0.00000000 0.00000000 0.32760466 0.94481490
192.573000000 1.183536 2.001846 0.000000 0.00000000 0.00000000 0.33304262 0.94291177
192.698000000 1.186938 2.001372 0.000000 0.00000000 0.00000000 0.33852667 0.94095680
192.823000000 1.190032 2.012575 0.000000 0.00000000 0.00000000 0.34439204 0.93882593
192.948000000 1.186883 2.015466 0.000000 0.00000000 0.00000000 0.34957833 0.93690714
193.073000000 1.195092 2.008857 0.000000 0.00000000 0.00000000 0.35664061 0.93424166
193.198000000 1.197140 2.005460 0.000000 0.00000000 0.00000000 0.36164732 0.93231498
193.323000000 1.200104 2.009864 0.000000 0.00000000 0.00000000 0.36411350 0.93135458
193.448000000 1.207030 2.013430 0.000000 0.00000000 0.00000000 0.36463159 0.93115187
193.573000000 1.207431 2.022851 0.000000 0.00000000 0.00000000 0.36369863 0.93151667
193.698000000 1.205512 2.026539 0.000000 0.00000000 0.00000000 0.36354685 0.93157592
193.823000000 1.215290 2.020629 0.000000 0.00000000 0.00000000 0.36442865 0.93123131
193.948000000 1.214774 2.035491 0.000000 0.00000000 0.00000000 0.36352712 0.93158362
194.073000000 1.217814 2.027655 0.000000 0.00000000 0.00000000 0.36470154 0.93112448
194.198000000 1.219728 2.032449 0.000000 0.00000000 0.00000000 0.36370500 0.93151418
194.323000000 1.221250 2.039286 0.000000 0.00000000 0.00000000 0.36462897 0.93115289
194.448000000 1.228586 2.039227 0.000000 0.00000000 0.00000000 0.36434172 0.93126533
194.573000000 1.229407 2.042227 0.000000 0.00000000 0.00000000 0.36470088 0.93112473
194.698000000 1.231703 2.045562 0.000000 0.00000000 0.00000000 0.36440752 0.93123958
194.823000000 1.237145 2.043857 0.000000 0.00000000 0.00000000 0.36455944 0.93118012
194.948000000 1.246879 2.050640 0.000000 0.00000000 0.00000000 0.36596959 0.93062681
195.073000000 1.248493 2.052708 0.000000 0.00000000 0.00000000 0.36538245 0.93085749
195.198000000 1.251446 2.049120 0.000000 0.00000000 0.00000000 0.36472263 0.93111621
195.323000000 1.256425 2.053756 0.000000 0.00000000 0.00000000 0.36617884 0.93054450
195.448000000 1.250444 2.060176 0.000000 0.00000000 0.00000000 0.36448518 0.93120919
195.573000000 1.254084 2.061807 0.000000 0.00000000 0.00000000 0.36475453 0.93110372
195.698000000 1.255554 2.064322 0.000000 0.00000000 0.00000000 0.36448102 0.93121082
195.823000000 1.259101 2.060785 0.000000 0.00000000 0.00000000 0.36422935 0.93130928
195.948000000 1.261876 2.074336 0.000000 0.00000000 0.00000000 0.36422075 0.93131265
196.073000000 1.258860 2.066644 0.000000 0.00000000 0.00000000 0.36345573 0.93161147
196.198000000 1.266002 2.069986 0.000000 0.00000000 0.00000000 0.36334008 0.93165658
196.323000000 1.267594 2.073734 0.000000 0.00000000 0.00000000 0.36374610 0.93149814
196.448000000 1.272780 2.078056 0.000000 0.00000000 0.00000000 0.36322658 0.93170084
196.573000000 1.273636 2.083685 0.000000 0.00000000 0.00000000 0.36359060 0.93155884
196.698000000 1.275639 2.086591 0.000000 0.00000000 0.00000000 0.36348024 0.93160191
196.823000000 1.275760 2.090176 0.000000 0.00000000 0.00000000 0.36304738 0.93177068
196.948000000 1.282406 2.083391 0.000000 0.00000000 0.00000000 0.36395295 0.93141734
197.073000000 1.291738 2.093129 0.000000 0.00000000 0.00000000 0.36495119 0.93102665
197.198000000 1.291259 2.095831 0.000000 0.00000000 0.00000000 0.36515867 0.93094530
197.323000000 1.294855 2.103228 0.000000 0.00000000 0.00000000 0.36499532 0.93100935
197.448000000 1.295430 2.103345 0.000000 0.00000000 0.00000000 0.36550137 0.93081080
197.573000000 1.302742 2.104073 0.000000 0.00000000 0.00000000 0.36564846 0.93075303
197.698000000 1.297581 2.096793 0.000000 0.00000000 0.00000000 0.36404022 0.93138323
197.823000000 1.306742 2.105352 0.000000 0.00000000 0.00000000 0.36543665 0.93083621
197.948000000 1.306090 2.115627 0.000000 0.00000000 0.00000000 0.36470216 0.93112423
198.073000000 1.314129 2.112234 0.000000 0.00000000 0.00000000 0.36592849 0.93064297
198.198000000 1.311719 2.111458 0.000000 0.00000000 0.00000000 0.36465712 0.93114187
198.323000000 1.312887 2.113910 0.000000 0.00000000 0.00000000 0.36397132 0.93141016
198.448000000 1.318403 2.121925 0.000000 0.00000000 0.00000000 0.36411975 0.93135214
198.573000000 1.319833 2.122837 0.000000 0.00000000 0.00000000 0.36343125 0.93162102
198.698000000 1.327227 2.127370 0.000000 0.00000000 0.00000000 0.36430971 0.93127785
198.823000000 1.328451 2.125058 0.000000 0.00000000 0.00000000 0.36330512 0.93167022
198.948000000 1.324257 2.137788 0.000000 0.00000000 0.00000000 0.36322913 0.93169984
199.073000000 1.325481 2.133172 0.000000 0.00000000 0.00000000 0.36271915 0.93189850
199.198000000 1.330182 2.137654 0.000000 0.00000000 0.00000000 0.36365016 0.93153559
199.323000000 1.341349 2.143625 0.000000 0.00000000 0.00000000 0.36556696 0.93078505
199.448000000 1.340627 2.139738 0.000000 0.00000000 0.00000000 0.36478493 0.93109181
199.573000000 1.341719 2.138150 0.000000 0.00000000 0.00000000 0.36408433 0.93136599
199.698000000 1.342286 2.142481 0.000000 0.00000000 0.00000000 0.36360424 0.93155352
199.823000000 1.342065 2.147675 0.000000 0.00000000 0.00000000 0.36294219 0.93181166
199.948000000 1.347529 2.148589 0.000000 0.00000000 0.00000000 0.36323722 0.93169669
200.073000000 1.348479 2.152379 0.000000 0.00000000 0.00000000 0.36291604 0.93182184
200.198000000 1.354313 2.151660 0.000000 0.00000000 0.00000000 0.36382383 0.93146778
200.323000000 1.355789 2.155238 0.000000 0.00000000 0.00000000 0.36371812 0.93150906
200.448000000 1.357092 2.159174 0.000000 0.00000000 0.00000000 0.36319542 0.93171298
200.573000000 1.362884 2.158106 0.000000 0.00000000 0.00000000 0.36333254 0.93165952
200.698000000 1.365261 2.167128 0.000000 0.00000000 0.00000000 0.36339404 0.93163553
200.823000000 1.366460 2.169552 0.000000 0.00000000 0.00000000 0.36381756 0.93147023
200.948000000 1.368425 2.171302 0.000000 0.00000000 0.00000000 0.36435919 0.93125849
201.073000000 1.370331 2.173772 0.000000 0.00000000 0.00000000 0.36400046 0.93139877
201.198000000 1.373250 2.176498 0.000000 0.00000000 0.00000000 0.36392268 0.93142916
201.323000000 1.377157 2.173662 0.000000 0.00000000 0.00000000 0.36354092 0.93157823
201.448000000 1.389130 2.183922 0.000000 0.00000000 0.00000000 0.36523775 0.93091427
201.573000000 1.392560 2.183002 0.000000 0.00000000 0.00000000 0.36605260 0.93059416
201.698000000 1.395883 2.184062 0.000000 0.00000000 0.00000000 0.36607836 0.93058403
201.823000000 1.401493 2.183425 0.000000 0.00000000 0.00000000 0.36646657 0.93043122
201.948000000 1.402258 2.190309 0.000000 0.00000000 0.00000000 0.36575942 0.93070943
202.073000000 1.405933 2.192306 0.000000 0.00000000 0.00000000 0.36596962 0.93062680
202.198000000 1.402524 2.195983 0.000000 0.00000000 0.00000000 0.36455071 0.93118354
202.323000000 1.402739 2.201024 0.000000 0.00000000 0.00000000 0.36367115 0.93152740
202.448000000 1.399999 2.206338 0.000000 0.00000000 0.00000000 0.36359404 0.93155750
202.573000000 1.402646 2.211371 0.000000 0.00000000 0.00000000 0.36339025 0.93163701
202.698000000 1.408881 2.204467 0.000000 0.00000000 0.00000000 0.36423568 0.93130681
202.823000000 1.409335 2.206883 0.000000 0.00000000 0.00000000 0.36358782 0.93155993
202.948000000 1.411163 2.210847 0.000000 0.00000000 0.00000000 0.36290826 0.93182487
203.073000000 1.415625 2.212197 0.000000 0.00000000 0.00000000 0.36304777 0.93177053
203.198000000 1.410881 2.215419 0.000000 0.00000000 0.00000000 0.36193667 0.93220269
203.323000000 1.416244 2.213544 0.000000 0.00000000 0.00000000 0.36156576 0.93234661
203.448000000 1.422504 2.219147 0.000000 0.00000000 0.00000000 0.36340507 0.93163124
203.573000000 1.420953 2.224821 0.000000 0.00000000 0.00000000 0.36154979 0.93235280
203.698000000 1.420774 2.222072 0.000000 0.00000000 0.00000000 0.36172760 0.93228383
203.823000000 1.433955 2.225176 0.000000 0.00000000 0.00000000 0.36378408 0.93148330
203.948000000 1.436278 2.228092 0.000000 0.00000000 0.00000000 0.36335199 0.93165194
204.073000000 1.441404 2.223113 0.000000 0.00000000 0.00000000 0.36437880 0.93125082
204.198000000 1.439334 2.234915 0.000000 0.00000000 0.00000000 0.36451097 0.93119910
204.323000000 1.444588 2.236632 0.000000 0.00000000 0.00000000 0.36415361 0.93133890
204.448000000 1.449071 2.240237 0.000000 0.00000000 0.00000000 0.36427551 0.93129123
204.573000000 1.450878 2.243686 0.000000 0.00000000 0.00000000 0.36438000 0.93125035
204.698000000 1.452976 2.245856 0.000000 0.00000000 0.00000000 0.36419337 0.93132336
204.823000000 1.457560 2.247461 0.000000 0.00000000 0.00000000 0.36408021 0.93136760
204.948000000 1.458100 2.248158 0.000000 0.00000000 0.00000000 0.36338076 0.93164071
205.073000000 1.463623 2.253556 0.000000 0.00000000 0.00000000 0.36449187 0.93120657
205.198000000 1.465058 2.260914 0.000000 0.00000000 0.00000000 0.36388895 0.93144234
205.323000000 1.464716 2.258272 0.000000 0.00000000 0.00000000 0.36300446 0.93178740
205.448000000 1.469336 2.256900 0.000000 0.00000000 0.00000000 0.36282023 0.93185915
205.573000000 1.469234 2.263523 0.000000 0.00000000 0.00000000 0.36263005 0.93193318
205.698000000 1.469401 2.268724 0.000000 0.00000000 0.00000000 0.36246816 0.93199616
205.823000000 1.472541 2.277835 0.000000 0.00000000 0.00000000 0.36275274 0.93188543
205.948000000 1.475126 2.273135 0.000000 0.00000000 0.00000000 0.36248514 0.93198955
206.073000000 1.476258 2.279446 0.000000 0.00000000 0.00000000 0.36189633 0.93221835
206.198000000 1.488016 2.280438 0.000000 0.00000000 0.00000000 0.36415216 0.93133947
206.323000000 1.487701 2.278578 0.000000 0.00000000 0.00000000 0.36421223 0.93131598
206.448000000 1.493696 2.277783 0.000000 0.00000000 0.00000000 0.36506782 0.93098093
206.573000000 1.492558 2.281639 0.000000 0.00000000 0.00000000 0.36523403 0.93091573
206.698000000 1.493428 2.290141 0.000000 0.00000000 0.00000000 0.36381438 0.93147147
206.823000000 1.499664 2.289123 0.000000 0.00000000 0.00000000 0.36430804 0.93127850
206.948000000 1.504424 2.289386 0.000000 0.00000000 0.00000000 0.36514257 0.93095161
207.073000000 1.505440 2.290215 0.000000 0.00000000 0.00000000 0.36481003 0.93108198
207.198000000 1.510659 2.296342 0.000000 0.00000000 0.00000000 0.36465684 0.93114198
207.323000000 1.511047 2.299812 0.000000 0.00000000 0.00000000 0.36545512 0.93082896
207.448000000 1.514035 2.299380 0.000000 0.00000000 0.00000000 0.36488445 0.93105281
207.573000000 1.516994 2.309584 0.000000 0.00000000 0.00000000 0.36538124 0.93085796
207.698000000 1.520075 2.312512 0.000000 0.00000000 0.00000000 0.36495593 0.93102479
207.823000000 1.526465 2.309467 0.000000 0.00000000 0.00000000 0.36552764 0.93080049
207.948000000 1.524241 2.318995 0.000000 0.00000000 0.00000000 0.36432785 0.93127076
208.073000000 1.533214 2.314328 0.000000 0.00000000 0.00000000 0.36553688 0.93079686
208.198000000 1.527669 2.321423 0.000000 0.00000000 0.00000000 0.36339400 0.93163555
208.323000000 1.541616 2.320716 0.000000 0.00000000 0.00000000 0.36539057 0.93085430
208.448000000 1.534682 2.317591 0.000000 0.00000000 0.00000000 0.36379129 0.93148049
208.573000000 1.539392 2.326174 0.000000 0.00000000 0.00000000 0.36385694 0.93145484
208.698000000 1.541971 2.323408 0.000000 0.00000000 0.00000000 0.36366668 0.93152914
208.823000000 1.546735 2.328162 0.000000 0.00000000 0.00000000 0.36426319 0.93129605
208.948000000 1.544852 2.338368 0.000000 0.00000000 0.00000000 0.36402822 0.93138792
209.073000000 1.552728 2.337881 0.000000 0.00000000 0.00000000 0.36513178 0.93095584
209.198000000 1.555170 2.335294 0.000000 0.00000000 0.00000000 0.36518189 0.93093619
209.323000000 1.554128 2.337482 0.000000 0.00000000 0.00000000 0.36494295 0.93102988
209.448000000 1.557235 2.343835 0.000000 0.00000000 0.00000000 0.36482065 0.93107781
209.573000000 1.554113 2.350099 0.000000 0.00000000 0.00000000 0.36378313 0.93148368
209.698000000 1.558330 2.346671 0.000000 0.00000000 0.00000000 0.36429331 0.93128427
209.823000000 1.566184 2.350139 0.000000 0.00000000 0.00000000 0.36495436 0.93102541
209.948000000 1.567043 2.357434 0.000000 0.00000000 0.00000000 0.36521646 0.93092263
210.073000000 1.571770 2.357662 0.000000 0.00000000 0.00000000 0.36549934 0.93081160
210.198000000 1.569586 2.359315 0.000000 0.00000000 0.00000000 0.36311363 0.93174486
210.323000000 1.578679 2.361969 0.000000 0.00000000 0.00000000 0.36456636 0.93117741
210.448000000 1.581394 2.365020 0.000000 0.00000000 0.00000000 0.36450612 0.93120099
210.573000000 1.580537 2.372681 0.000000 0.00000000 0.00000000 0.36485433 0.93106461
210.698000000 1.583832 2.373177 0.000000 0.00000000 0.00000000 0.36502527 0.93099761
210.823000000 1.589035 2.375137 0.000000 0.00000000 0.00000000 0.36491332 0.93104150
210.948000000 1.593810 2.374088 0.000000 0.00000000 0.00000000 0.36505394 0.93098637
211.073000000 1.600559 2.381226 0.000000 0.00000000 0.00000000 0.36498433 0.93101366
211.198000000 1.596570 2.377696 0.000000 0.00000000 0.00000000 0.36453561 0.93118945
211.323000000 1.598391 2.383961 0.000000 0.00000000 0.00000000 0.36383813 0.93146219
211.448000000 1.601975 2.384700 0.000000 0.00000000 0.00000000 0.36406163 0.93137486
211.573000000 1.602741 2.394217 0.000000 0.00000000 0.00000000 0.36348568 0.93159979
211.698000000 1.606679 2.389727 0.000000 0.00000000 0.00000000 0.35965992 0.93308346
211.823000000 1.608313 2.390553 0.000000 0.00000000 0.00000000 0.35420519 0.93516773
211.948000000 1.613214 2.398263 0.000000 0.00000000 0.00000000 0.34783430 0.93755603
212.073000000 1.613654 2.395594 0.000000 0.00000000 0.00000000 0.34190296 0.93973526
212.198000000 1.621650 2.396565 0.000000 0.00000000 0.00000000 0.33688895 0.94154439
212.323000000 1.622943 2.397955 0.000000 0.00000000 0.00000000 0.33038753 0.94384537
212.448000000 1.618398 2.399067 0.000000 0.00000000 0.00000000 0.32307622 0.94637295
212.573000000 1.622652 2.410788 0.000000 0.00000000 0.00000000 0.31627433 0.94866778
212.698000000 1.630769 2.412455 0.000000 0.00000000 0.00000000 0.31222147 0.95000935
212.823000000 1.631078 2.411890 0.000000 0.00000000 0.00000000 0.30567445 0.95213609
212.948000000 1.634310 2.412668 0.000000 0.00000000 0.00000000 0.30016271 0.95388802
213.073000000 1.642503 2.409502 0.000000 0.00000000 0.00000000 0.29563694 0.95530037
213.198000000 1.636420 2.414837 0.000000 0.00000000 0.00000000 0.28678310 0.95799554
213.323000000 1.642705 2.415434 0.000000 0.00000000 0.00000000 0.28196679 0.95942417
213.448000000 1.646947 2.422705 0.000000 0.00000000 0.00000000 0.27644566 0.96102955
213.573000000 1.650589 2.424849 0.000000 0.00000000 0.00000000 0.26994843 0.96287478
213.698000000 1.651725 2.432011 0.000000 0.00000000 0.00000000 0.26380604 0.96457575
213.823000000 1.656286 2.430113 0.000000 0.00000000 0.00000000 0.25822354 0.96608520
213.948000000 1.658882 2.435512 0.000000 0.00000000 0.00000000 0.25223583 0.96766579
214.073000000 1.659146 2.425741 0.000000 0.00000000 0.00000000 0.24468284 0.96960317
214.198000000 1.664062 2.436016 0.000000 0.00000000 0.00000000 0.24440822 0.96967243
214.323000000 1.667021 2.434706 0.000000 0.00000000 0.00000000 0.24745257 0.96890001
214.448000000 1.671260 2.439129 0.000000 0.00000000 0.00000000 0.25304981 0.96745325
214.573000000 1.674942 2.438937 0.000000 0.00000000 0.00000000 0.25969019 0.96569198
214.698000000 1.677301 2.441073 0.000000 0.00000000 0.00000000 0.26475217 0.96431649
214.823000000 1.678717 2.440163 0.000000 0.00000000 0.00000000 0.27037920 0.96275391
214.948000000 1.683244 2.440929 0.000000 0.00000000 0.00000000 0.27725447 0.96079652
215.073000000 1.690144 2.445824 0.000000 0.00000000 0.00000000 0.28048115 0.95985953
215.198000000 1.688642 2.446866 0.000000 0.00000000 0.00000000 0.27905871 0.96027404
215.323000000 1.691987 2.452266 0.000000 0.00000000 0.00000000 0.27659177 0.96098751
215.448000000 1.698452 2.449431 0.000000 0.00000000 0.00000000 0.27137856 0.96247269
215.573000000 1.698745 2.454535 0.000000 0.00000000 0.00000000 0.26349319 0.96466126
215.698000000 1.704323 2.457703 0.000000 0.00000000 0.00000000 0.25922705 0.96581641
215.823000000 1.707910 2.458627 0.000000 0.00000000 0.00000000 0.25263274 0.96756225
215.948000000 1.709132 2.459010 0.000000 0.00000000 0.00000000 0.24591469 0.96929148
216.073000000 1.713877 2.455991 0.000000 0.00000000 0.00000000 0.24035261 0.97068565
216.198000000 1.719812 2.465406 0.000000 0.00000000 0.00000000 0.23499910 0.97199559
216.323000000 1.719295 2.471135 0.000000 0.00000000 0.00000000 0.22756141 0.97376373
216.448000000 1.721739 2.466664 0.000000 0.00000000 0.00000000 0.22180993 0.97508992
216.573000000 1.730614 2.468462 0.000000 0.00000000 0.00000000 0.21680759 0.97621436
216.698000000 1.728985 2.463432 0.000000 0.00000000 0.00000000 0.21009271 0.97768147
216.823000000 1.731132 2.474275 0.000000 0.00000000 0.00000000 0.20238112 0.97930684
216.948000000 1.735774 2.475558 0.000000 0.00000000 0.00000000 0.19773917 0.98025467
217.073000000 1.739112 2.474828 0.000000 0.00000000 0.00000000 0.19115607 0.98155966
217.198000000 1.742756 2.476275 0.000000 0.00000000 0.00000000 0.18354369 0.98301155
217.323000000 1.752287 2.479344 0.000000 0.00000000 0.00000000 0.17942061 0.98377246
217.448000000 1.747897 2.475946 0.000000 0.00000000 0.00000000 0.17167106 0.98515433
217.573000000 1.754405 2.477435 0.000000 0.00000000 0.00000000 0.16733115 0.98590075
217.698000000 1.753641 2.490605 0.000000 0.00000000 0.00000000 0.15996712 0.98712234
217.823000000 1.760148 2.486257 0.000000 0.00000000 0.00000000 0.15388627 0.98808857
217.948000000 1.766358 2.480606 0.000000 0.00000000 0.00000000 0.14882748 0.98886318
218.073000000 1.767426 2.480735 0.000000 0.00000000 0.00000000 0.14207136 0.98985642
218.198000000 1.776019 2.478350 0.000000 0.00000000 0.00000000 0.13769485 0.99047470
218.323000000 1.772229 2.491235 0.000000 0.00000000 0.00000000 0.12877672 0.99167361
218.448000000 1.782534 2.491620 0.000000 0.00000000 0.00000000 0.12427735 0.99224752
218.573000000 1.782721 2.480616 0.000000 0.00000000 0.00000000 0.11762413 0.99305819
218.698000000 1.786188 2.489844 0.000000 0.00000000 0.00000000 0.11130094 0.99378675
218.823000000 1.789611 2.486509 0.000000 0.00000000 0.00000000 0.10512490 0.99445903
218.948000000 1.792633 2.490612 0.000000 0.00000000 0.00000000 0.09873301 0.99511396
219.073000000 1.794376 2.490393 0.000000 0.00000000 0.00000000 0.09161916 0.99579412
219.198000000 1.800263 2.493728 0.000000 0.00000000 0.00000000 0.08640094 0.99626045
219.323000000 1.808018 2.494253 0.000000 0.00000000 0.00000000 0.08173689 0.99665394
219.448000000 1.808000 2.499055 0.000000 0.00000000 0.00000000 0.07413466 0.99724824
219.573000000 1.812969 2.499417 0.000000 0.00000000 0.00000000 0.06914915 0.99760633
219.698000000 1.815621 2.499578 0.000000 0.00000000 0.00000000 0.06118964 0.99812616
219.823000000 1.822872 2.491978 0.000000 0.00000000 0.00000000 0.05622727 0.99841800
219.948000000 1.824530 2.494377 0.000000 0.00000000 0.00000000 0.05016336 0.99874103
220.073000000 1.823154 2.502988 0.000000 0.00000000 0.00000000 0.04271863 0.99908714
220.198000000 1.832221 2.499993 0.000000 0.00000000 0.00000000 0.03751631 0.99929602
220.323000000 1.834196 2.503195 0.000000 0.00000000 0.00000000 0.03080692 0.99952535
220.448000000 1.837734 2.497175 0.000000 0.00000000 0.00000000 0.02500545 0.99968731
220.573000000 1.844297 2.502819 0.000000 0.00000000 0.00000000 0.02246374 0.99974766
220.698000000 1.843673 2.505647 0.000000 0.00000000 0.00000000 0.02352769 0.99972319
220.823000000 1.850794 2.498662 0.000000 0.00000000 0.00000000 0.03006982 0.99954780
220.948000000 1.854172 2.498377 0.000000 0.00000000 0.00000000 0.04100297 0.99915902
221.073000000 1.857408 2.502038 0.000000 0.00000000 0.00000000 0.05407464 0.99853690
221.198000000 1.860429 2.504045 0.000000 0.00000000 0.00000000 0.06452380 0.99791617
221.323000000 1.866924 2.503774 0.000000 0.00000000 0.00000000 0.07952324 0.99683301
221.448000000 1.870953 2.500030 0.000000 0.00000000 0.00000000 0.09073728 0.99587486
221.573000000 1.872626 2.508787 0.000000 0.00000000 0.00000000 0.09819493 0.99516720
221.698000000 1.874685 2.498557 0.000000 0.00000000 0.00000000 0.10070808 0.99491602
221.823000000 1.878848 2.500731 0.000000 0.00000000 0.00000000 0.10086545 0.99490008
221.948000000 1.880740 2.507197 0.000000 0.00000000 0.00000000 0.09974641 0.99501289
222.073000000 1.887941 2.501040 0.000000 0.00000000 0.00000000 0.10054008 0.99493301
222.198000000 1.890153 2.508683 0.000000 0.00000000 0.00000000 0.10030837 0.99495640
222.323000000 1.896233 2.504470 0.000000 0.00000000 0.00000000 0.10092673 0.99489386
222.448000000 1.899417 2.506418 0.000000 0.00000000 0.00000000 0.10094630 0.99489188
222.573000000 1.902368 2.514127 0.000000 0.00000000 0.00000000 0.10073826 0.99491296
222.698000000 1.904901 2.514566 0.000000 0.00000000 0.00000000 0.10113828 0.99487238
222.823000000 1.905477 2.512359 0.000000 0.00000000 0.00000000 0.10011096 0.99497628
222.948000000 1.912669 2.511468 0.000000 0.00000000 0.00000000 0.09963092 0.99502446
223.073000000 1.916945 2.507639 0.000000 0.00000000 0.00000000 0.09389438 0.99558216
223.198000000 1.917998 2.514050 0.000000 0.00000000 0.00000000 0.08637621 0.99626259
223.323000000 1.922510 2.516806 0.000000 0.00000000 0.00000000 0.08057897 0.99674823
223.448000000 1.926430 2.511424 0.000000 0.00000000 0.00000000 0.07404914 0.99725459
223.573000000 1.930002 2.514709 0.000000 0.00000000 0.00000000 0.06785878 0.99769494
223.698000000 1.930935 2.518444 0.000000 0.00000000 0.00000000 0.06076518 0.99815209
223.823000000 1.938825 2.514966 0.000000 0.00000000 0.00000000 0.05573848 0.99844540
223.948000000 1.941130 2.513342 0.000000 0.00000000 0.00000000 0.04899802 0.99879888
224.073000000 1.945130 2.516374 0.000000 0.00000000 0.00000000 0.04308811 0.99907128
224.198000000 1.949028 2.518649 0.000000 0.00000000 0.00000000 0.03779388 0.99928556
224.323000000 1.950598 2.517772 0.000000 0.00000000 0.00000000 0.03089824 0.99952254
224.448000000 1.957019 2.513408 0.000000 0.00000000 0.00000000 0.02444954 0.99970107
224.573000000 1.958640 2.523915 0.000000 0.00000000 0.00000000 0.01791699 0.99983948
224.698000000 1.963695 2.519939 0.000000 0.00000000 0.00000000 0.01239996 0.99992312
224.823000000 1.968882 2.514612 0.000000 0.00000000 0.00000000 0.00588683 0.99998267
224.948000000 1.969822 2.515619 0.000000 0.00000000 0.00000000 -0.00005798 1.00000000
225.073000000 1.975254 2.517319 0.000000 0.00000000 0.00000000 -0.00594847 0.99998231
225.198000000 1.974379 2.512232 0.000000 0.00000000 0.00000000 -0.01180548 0.99993031
225.323000000 1.981065 2.514416 0.000000 0.00000000 0.00000000 -0.01101149 0.99993937
225.448000000 1.984435 2.516267 0.000000 0.00000000 0.00000000 -0.00633051 0.99997996
225.573000000 1.984028 2.514150 0.000000 0.00000000 0.00000000 -0.00072996 0.99999973
225.698000000 1.991636 2.514836 0.000000 0.00000000 0.00000000 0.00611097 0.99998133
225.823000000 1.993812 2.514727 0.000000 0.00000000 0.00000000 0.01208206 0.99992701
225.948000000 1.998839 2.518210 0.000000 0.00000000 0.00000000 0.01817595 0.99983480
226.073000000 2.005302 2.511676 0.000000 0.00000000 0.00000000 0.02548027 0.99967533
226.198000000 2.008663 2.520357 0.000000 0.00000000 0.00000000 0.03131406 0.99950959
226.323000000 2.009723 2.512515 0.000000 0.00000000 0.00000000 0.03715984 0.99930933
226.448000000 2.014876 2.512901 0.000000 0.00000000 0.00000000 0.04373644 0.99904310
226.573000000 2.022215 2.516873 0.000000 0.00000000 0.00000000 0.05063911 0.99871702
226.698000000 2.022746 2.508694 0.000000 0.00000000 0.00000000 0.05635487 0.99841080
226.823000000 2.025130 2.517449 0.000000 0.00000000 0.00000000 0.06270263 0.99803225
226.948000000 2.028905 2.511568 0.000000 0.00000000 0.00000000 0.06952268 0.99758037
227.073000000 2.033214 2.517223 0.000000 0.00000000 0.00000000 0.07489470 0.99719145
227.198000000 2.035578 2.520439 0.000000 0.00000000 0.00000000 0.08114477 0.99670233
227.323000000 2.040302 2.515249 0.000000 0.00000000 0.00000000 0.08742472 0.99617113
227.448000000 2.040644 2.520321 0.000000 0.00000000 0.00000000 0.09236716 0.99572502
227.573000000 2.047647 2.516972 0.000000 0.00000000 0.00000000 0.09997649 0.99498980
227.698000000 2.051718 2.519413 0.000000 0.00000000 0.00000000 0.10385825 0.99459211
227.823000000 2.053357 2.526412 0.000000 0.00000000 0.00000000 0.10346886 0.99463269
227.948000000 2.059128 2.518302 0.000000 0.00000000 0.00000000 0.10138951 0.99484681
228.073000000 2.061578 2.516713 0.000000 0.00000000 0.00000000 0.09622567 0.99535954
228.198000000 2.063448 2.524595 0.000000 0.00000000 0.00000000 0.08765027 0.99615131
228.323000000 2.069835 2.527199 0.000000 0.00000000 0.00000000 0.08344654 0.99651226
228.448000000 2.069266 2.524070 0.000000 0.00000000 0.00000000 0.07565615 0.99713397
228.573000000 2.078146 2.526055 0.000000 0.00000000 0.00000000 0.07055204 0.99750810
228.698000000 2.078497 2.523889 0.000000 0.00000000 0.00000000 0.06451351 0.99791683
228.823000000 2.084368 2.521753 0.000000 0.00000000 0.00000000 0.05837105 0.99829496
228.948000000 2.089075 2.526694 0.000000 0.00000000 0.00000000 0.05141906 0.99867717
229.073000000 2.093768 2.526408 0.000000 0.00000000 0.00000000 0.04592250 0.99894501
229.198000000 2.096354 2.526551 0.000000 0.00000000 0.00000000 0.04046337 0.99918102
229.323000000 2.097192 2.526032 0.000000 0.00000000 0.00000000 0.03889285 0.99924339
229.448000000 2.103360 2.524072 0.000000 0.00000000 0.00000000 0.04161384 0.99913377
229.573000000 2.106829 2.526704 0.000000 0.00000000 0.00000000 0.04711669 0.99888939
229.698000000 2.111703 2.517625 0.000000 0.00000000 0.00000000 0.05435738 0.99852154
229.823000000 2.115320 2.530920 0.000000 0.00000000 0.00000000 0.05943625 0.99823210
229.948000000 2.117201 2.525816 0.000000 0.00000000 0.00000000 0.06585587 0.99782915
230.073000000 2.124311 2.524700 0.000000 0.00000000 0.00000000 0.07223829 0.99738740
230.198000000 2.125838 2.529245 0.000000 0.00000000 0.00000000 0.07841068 0.99692114
230.323000000 2.134126 2.528055 0.000000 0.00000000 0.00000000 0.08575681 0.99631610
230.448000000 2.133455 2.530756 0.000000 0.00000000 0.00000000 0.09119397 0.99583315
230.573000000 2.137120 2.528741 0.000000 0.00000000 0.00000000 0.09668971 0.99531457
230.698000000 2.144485 2.529483 0.000000 0.00000000 0.00000000 0.10311637 0.99466930
230.823000000 2.144340 2.534333 0.000000 0.00000000 0.00000000 0.10916094 0.99402409
230.948000000 2.152028 2.521825 0.000000 0.00000000 0.00000000 0.11667842 0.99316975
231.073000000 2.149099 2.535222 0.000000 0.00000000 0.00000000 0.12090998 0.99266348
231.198000000 2.154127 2.534413 0.000000 0.00000000 0.00000000 0.12794081 0.99178181
231.323000000 2.162198 2.533404 0.000000 0.00000000 0.00000000 0.13438330 0.99092943
231.448000000 2.169114 2.545608 0.000000 0.00000000 0.00000000 0.14135312 0.98995924
231.573000000 2.166216 2.534728 0.000000 0.00000000 0.00000000 0.14729295 0.98909291
231.698000000 2.174378 2.538189 0.000000 0.00000000 0.00000000 0.15368970 0.98811916
231.823000000 2.175993 2.540715 0.000000 0.00000000 0.00000000 0.15835926 0.98738156
231.948000000 2.174093 2.541073 0.000000 0.00000000 0.00000000 0.16385195 0.98648494
232.073000000 2.182025 2.542109 0.000000 0.00000000 0.00000000 0.17043292 0.98536928
232.198000000 2.184822 2.540317 0.000000 0.00000000 0.00000000 0.17701014 0.98420903
232.323000000 2.195084 2.542176 0.000000 0.00000000 0.00000000 0.18420244 0.98288833
232.448000000 2.195997 2.548731 0.000000 0.00000000 0.00000000 0.19004373 0.98177563
232.573000000 2.201236 2.544656 0.000000 0.00000000 0.00000000 0.19610770 0.98058236
232.698000000 2.200356 2.553877 0.000000 0.00000000 0.00000000 0.20146070 0.97949660
232.823000000 2.202332 2.547267 0.000000 0.00000000 0.00000000 0.20451726 0.97886296
232.948000000 2.208237 2.552238 0.000000 0.00000000 0.00000000 0.20395272 0.97898074
233.073000000 2.210009 2.552593 0.000000 0.00000000 0.00000000 0.20424950 0.97891886
233.198000000 2.212061 2.555583 0.000000 0.00000000 0.00000000 0.20285157 0.97920950
233.323000000 2.216197 2.562377 0.000000 0.00000000 0.00000000 0.20310860 0.97915622
233.448000000 2.216766 2.553696 0.000000 0.00000000 0.00000000 0.20294727 0.97918967
233.573000000 2.220219 2.556465 0.000000 0.00000000 0.00000000 0.20297718 0.97918347
233.698000000 2.228213 2.558426 0.000000 0.00000000 0.00000000 0.20376760 0.97901929
233.823000000 2.229755 2.561802 0.000000 0.00000000 0.00000000 0.20330908 0.97911461
233.948000000 2.235459 2.562593 0.000000 0.00000000 0.00000000 0.20391529 0.97898854
234.073000000 2.235740 2.562239 0.000000 0.00000000 0.00000000 0.20320119 0.97913701
234.198000000 2.237412 2.559661 0.000000 0.00000000 0.00000000 0.20280487 0.97921917
234.323000000 2.243942 2.565892 0.000000 0.00000000 0.00000000 0.20259882 0.97926182
234.448000000 2.246946 2.569866 0.000000 0.00000000 0.00000000 0.20157310 0.97947347
234.573000000 2.249679 2.570685 0.000000 0.00000000 0.00000000 0.19602184 0.98059953
234.698000000 2.250687 2.570434 0.000000 0.00000000 0.00000000 0.18617631 0.98251635
234.823000000 2.256571 2.572242 0.000000 0.00000000 0.00000000 0.17434443 0.98468473
234.948000000 2.260052 2.577578 0.000000 0.00000000 0.00000000 0.16247326 0.98671295
235.073000000 2.262306 2.573612 0.000000 0.00000000 0.00000000 0.14968514 0.98873372
235.198000000 2.265420 2.573751 0.000000 0.00000000 0.00000000 0.13659807 0.99062655
235.323000000 2.269703 2.572597 0.000000 0.00000000 0.00000000 0.12460002 0.99220705
235.448000000 2.273872 2.576391 0.000000 0.00000000 0.00000000 0.11289389 0.99360705
235.573000000 2.278655 2.580513 0.000000 0.00000000 0.00000000 0.10206219 0.99477802
235.698000000 2.281820 2.584237 0.000000 0.00000000 0.00000000 0.09511445 0.99546634
235.823000000 2.285315 2.579614 0.000000 0.00000000 0.00000000 0.09084212 0.99586531
235.948000000 2.291023 2.582785 0.000000 0.00000000 0.00000000 0.09208044 0.99575157
236.073000000 2.296024 2.581999 0.000000 0.00000000 0.00000000 0.09181072 0.99577648
236.198000000 2.296531 2.581023 0.000000 0.00000000 0.00000000 0.09113809 0.99583826
236.323000000 2.299378 2.579323 0.000000 0.00000000 0.00000000 0.09114165 0.99583794
236.448000000 2.302786 2.580640 0.000000 0.00000000 0.00000000 0.09125116 0.99582791
236.573000000 2.308730 2.582908 0.000000 0.00000000 0.00000000 0.09089868 0.99586015
236.698000000 2.313162 2.582953 0.000000 0.00000000 0.00000000 0.09158893 0.99579690
236.823000000 2.313800 2.584751 0.000000 0.00000000 0.00000000 0.09120217 0.99583240
236.948000000 2.318227 2.589123 0.000000 0.00000000 0.00000000 0.09069115 0.99587907
237.073000000 2.321368 2.583357 0.000000 0.00000000 0.00000000 0.09016291 0.99592703
237.198000000 2.324509 2.588125 0.000000 0.00000000 0.00000000 0.09134941 0.99581890
237.323000000 2.325463 2.587384 0.000000 0.00000000 0.00000000 0.09022539 0.99592137
237.448000000 2.330683 2.589422 0.000000 0.00000000 0.00000000 0.09137228 0.99581680
237.573000000 2.335072 2.596240 0.000000 0.00000000 0.00000000 0.09027899 0.99591651
237.698000000 2.338902 2.590940 0.000000 0.00000000 0.00000000 0.09034666 0.99591038
237.823000000 2.342639 2.592222 0.000000 0.00000000 0.00000000 0.09356284 0.99561338
237.948000000 2.343334 2.596128 0.000000 0.00000000 0.00000000 0.10285058 0.99469682
238.073000000 2.352739 2.592816 0.000000 0.00000000 0.00000000 0.11422512 0.99345489
238.198000000 2.355116 2.595613 0.000000 0.00000000 0.00000000 0.12685559 0.99192120
238.323000000 2.358987 2.593428 0.000000 0.00000000 0.00000000 0.13375784 0.99101405
238.448000000 2.364211 2.597790 0.000000 0.00000000 0.00000000 0.13967705 0.99019711
238.573000000 2.362659 2.598420 0.000000 0.00000000 0.00000000 0.14637211 0.98922960
238.698000000 2.369282 2.598288 0.000000 0.00000000 0.00000000 0.15243548 0.98831342
238.823000000 2.370175 2.603900 0.000000 0.00000000 0.00000000 0.15814420 0.98741603
238.948000000 2.374837 2.597743 0.000000 0.00000000 0.00000000 0.16334872 0.98656839
239.073000000 2.379098 2.603899 0.000000 0.00000000 0.00000000 0.16969386 0.98549683
239.198000000 2.381968 2.599916 0.000000 0.00000000 0.00000000 0.17698519 0.98421352
239.323000000 2.385705 2.605463 0.000000 0.00000000 0.00000000 0.18290871 0.98312990
239.448000000 2.390088 2.606090 0.000000 0.00000000 0.00000000 0.18838014 0.98209619
239.573000000 2.393178 2.602436 0.000000 0.00000000 0.00000000 0.19432500 0.98093720
239.698000000 2.395744 2.609710 0.000000 0.00000000 0.00000000 0.20110144 0.97957042
239.823000000 2.402871 2.605808 0.000000 0.00000000 0.00000000 0.20603985 0.97854360
239.948000000 2.404191 2.612134 0.000000 0.00000000 0.00000000 0.20588918 0.97857531
240.073000000 2.408169 2.611528 0.000000 0.00000000 0.00000000 0.20261425 0.97925863
240.198000000 2.411270 2.612842 0.000000 0.00000000 0.00000000 0.19563790 0.98067620
240.323000000 2.416391 2.612711 0.000000 0.00000000 0.00000000 0.19037358 0.98171172
240.448000000 2.417533 2.615817 0.000000 0.00000000 0.00000000 0.18293317 0.98312535
240.573000000 2.421458 2.617686 0.000000 0.00000000 0.00000000 0.17774025 0.98407744
240.698000000 2.424296 2.622665 0.000000 0.00000000 0.00000000 0.17540830 0.98449577
240.823000000 2.427328 2.620853 0.000000 0.00000000 0.00000000 0.17992314 0.98368067
240.948000000 2.432211 2.619368 0.000000 0.00000000 0.00000000 0.18604836 0.98254059
241.073000000 2.434185 2.623879 0.000000 0.00000000 0.00000000 0.19268655 0.98126036
241.198000000 2.438767 2.627316 0.000000 0.00000000 0.00000000 0.19854289 0.98009220
241.323000000 2.438957 2.622136 0.000000 0.00000000 0.00000000 0.20330832 0.97911477
241.448000000 2.445968 2.629721 0.000000 0.00000000 0.00000000 0.21052325 0.97758885
241.573000000 2.451230 2.628428 0.000000 0.00000000 0.00000000 0.21668522 0.97624153
241.698000000 2.450303 2.631732 0.000000 0.00000000 0.00000000 0.22213995 0.97501479
241.823000000 2.457526 2.627116 0.000000 0.00000000 0.00000000 0.22930722 0.97335410
241.948000000 2.457936 2.631240 0.000000 0.00000000 0.00000000 0.23466381 0.97207659
242.073000000 2.461891 2.630196 0.000000 0.00000000 0.00000000 0.24032038 0.97069363
242.198000000 2.463708 2.635552 0.000000 0.00000000 0.00000000 0.24603337 0.96926136
242.323000000 2.466283 2.638469 0.000000 0.00000000 0.00000000 0.25235818 0.96763389
242.448000000 2.470394 2.641464 0.000000 0.00000000 0.00000000 0.25794782 0.96615885
242.573000000 2.475889 2.642588 0.000000 0.00000000 0.00000000 0.26440616 0.96441142
242.698000000 2.477471 2.641767 0.000000 0.00000000 0.00000000 0.26998594 0.96286426
242.823000000 2.482926 2.648774 0.000000 0.00000000 0.00000000 0.27593259 0.96117699
242.948000000 2.487572 2.648419 0.000000 0.00000000 0.00000000 0.28225511 0.95933938
243.073000000 2.489612 2.652494 0.000000 0.00000000 0.00000000 0.28826892 0.95754949
243.198000000 2.488155 2.654708 0.000000 0.00000000 0.00000000 0.29297278 0.95612078
243.323000000 2.495260 2.652911 0.000000 0.00000000 0.00000000 0.29955518 0.95407898
243.448000000 2.497065 2.657009 0.000000 0.00000000 0.00000000 0.30557295 0.95216867
243.573000000 2.500442 2.660868 0.000000 0.00000000 0.00000000 0.31216887 0.95002663
243.698000000 2.501347 2.665609 0.000000 0.00000000 0.00000000 0.31751018 0.94825486
243.823000000 2.504304 2.664151 0.000000 0.00000000 0.00000000 0.32344874 0.94624569
243.948000000 2.510058 2.662860 0.000000 0.00000000 0.00000000 0.32843373 0.94452702
244.073000000 2.507411 2.668970 0.000000 0.00000000 0.00000000 0.33484118 0.94227458
244.198000000 2.511411 2.674482 0.000000 0.00000000 0.00000000 0.34055207 0.94022566
244.323000000 2.513978 2.674110 0.000000 0.00000000 0.00000000 0.34678118 0.93794606
244.448000000 2.520369 2.676407 0.000000 0.00000000 0.00000000 0.35250019 0.93581174
244.573000000 2.521281 2.678858 0.000000 0.00000000 0.00000000 0.35763391 0.93386187
244.698000000 2.528648 2.683808 0.000000 0.00000000 0.00000000 0.36442178 0.93123400
244.823000000 2.529352 2.683502 0.000000 0.00000000 0.00000000 0.37068655 0.92875803
244.948000000 2.530545 2.686312 0.000000 0.00000000 0.00000000 0.37570145 0.92674075
245.073000000 2.533964 2.685890 0.000000 0.00000000 0.00000000 0.38061146 0.92473505
245.198000000 2.536546 2.692937 0.000000 0.00000000 0.00000000 0.38227285 0.92404949
245.323000000 2.538476 2.698098 0.000000 0.00000000 0.00000000 0.38318249 0.92367266
245.448000000 2.542114 2.697134 0.000000 0.00000000 0.00000000 0.38291139 0.92378507
245.573000000 2.542611 2.700551 0.000000 0.00000000 0.00000000 0.38263923 0.92389784
245.698000000 2.545764 2.701446 0.000000 0.00000000 0.00000000 0.38232722 0.92402700
245.823000000 2.551226 2.704391 0.000000 0.00000000 0.00000000 0.38250860 0.92395193
245.948000000 2.550945 2.707422 0.000000 0.00000000 0.00000000 0.38295467 0.92376713
246.073000000 2.553866 2.707551 0.000000 0.00000000 0.00000000 0.38311649 0.92370004
246.198000000 2.557966 2.712974 0.000000 0.00000000 0.00000000 0.38227240 0.92404968
246.323000000 2.559861 2.718452 0.000000 0.00000000 0.00000000 0.38212218 0.92411181
246.448000000 2.563069 2.720387 0.000000 0.00000000 0.00000000 0.38246238 0.92397106
246.573000000 2.564883 2.721483 0.000000 0.00000000 0.00000000 0.38241558 0.92399044
246.698000000 2.567760 2.726748 0.000000 0.00000000 0.00000000 0.38224155 0.92406244
246.823000000 2.570709 2.729169 0.000000 0.00000000 0.00000000 0.38213442 0.92410675
246.948000000 2.574843 2.733777 0.000000 0.00000000 0.00000000 0.38201122 0.92415768
247.073000000 2.578507 2.734194 0.000000 0.00000000 0.00000000 0.38190210 0.92420278
247.198000000 2.582049 2.739781 0.000000 0.00000000 0.00000000 0.38278249 0.92383850
247.323000000 2.586138 2.739504 0.000000 0.00000000 0.00000000 0.38263284 0.92390049
247.448000000 2.587695 2.746822 0.000000 0.00000000 0.00000000 0.38211819 0.92411346
247.573000000 2.593449 2.745284 0.000000 0.00000000 0.00000000 0.38245849 0.92397268
247.698000000 2.597424 2.747991 0.000000 0.00000000 0.00000000 0.38280788 0.92382797
247.823000000 2.598763 2.755611 0.000000 0.00000000 0.00000000 0.38199494 0.92416441
247.948000000 2.602546 2.760326 0.000000 0.00000000 0.00000000 0.38179689 0.92424625
248.073000000 2.606046 2.761900 0.000000 0.00000000 0.00000000 0.38210878 0.92411735
248.198000000 2.609053 2.766701 0.000000 0.00000000 0.00000000 0.38258187 0.92392159
248.323000000 2.612109 2.772931 0.000000 0.00000000 0.00000000 0.38243209 0.92398360
248.448000000 2.616221 2.773543 0.000000 0.00000000 0.00000000 0.38087572 0.92462624
248.573000000 2.622825 2.774320 0.000000 0.00000000 0.00000000 0.37537271 0.92687396
248.698000000 2.625108 2.782439 0.000000 0.00000000 0.00000000 0.37043945 0.92885662
248.823000000 2.625437 2.784612 0.000000 0.00000000 0.00000000 0.36398470 0.93140493
248.948000000 2.634430 2.790079 0.000000 0.00000000 0.00000000 0.35828704 0.93361148
249.073000000 2.637021 2.790431 0.000000 0.00000000 0.00000000 0.35269562 0.93573810
249.198000000 2.638154 2.793192 0.000000 0.00000000 0.00000000 0.34663354 0.93800063
249.323000000 2.643800 2.796794 0.000000 0.00000000 0.00000000 0.34121169 0.93998648
249.448000000 2.648291 2.801643 0.000000 0.00000000 0.00000000 0.33570924 0.94196566
249.573000000 2.650662 2.804940 0.000000 0.00000000 0.00000000 0.32961483 0.94411549
249.698000000 2.656682 2.807292 0.000000 0.00000000 0.00000000 0.32373665 0.94614723
249.823000000 2.660002 2.812950 0.000000 0.00000000 0.00000000 0.31726159 0.94833806
249.948000000 2.661237 2.812028 0.000000 0.00000000 0.00000000 0.31128888 0.95031533
250.073000000 2.666365 2.814828 0.000000 0.00000000 0.00000000 0.30570870 0.95212509
250.198000000 2.674817 2.816806 0.000000 0.00000000 0.00000000 0.29985432 0.95398500
250.323000000 2.673005 2.823137 0.000000 0.00000000 0.00000000 0.29261377 0.95623072
250.448000000 2.678145 2.825707 0.000000 0.00000000 0.00000000 0.28724151 0.95785819
250.573000000 2.684644 2.828620 0.000000 0.00000000 0.00000000 0.28131979 0.95961408
250.698000000 2.687654 2.826770 0.000000 0.00000000 0.00000000 0.27532367 0.96135159
250.823000000 2.694028 2.830799 0.000000 0.00000000 0.00000000 0.26894772 0.96315478
250.948000000 2.699813 2.837130 0.000000 0.00000000 0.00000000 0.26340925 0.96468418
251.073000000 2.698151 2.834331 0.000000 0.00000000 0.00000000 0.25689130 0.96644030
251.198000000 2.705453 2.841670 0.000000 0.00000000 0.00000000 0.25088199 0.96801768
251.323000000 2.708218 2.844867 0.000000 0.00000000 0.00000000 0.24488758 0.96955148
251.448000000 2.713829 2.846338 0.000000 0.00000000 0.00000000 0.23854341 0.97113184
251.573000000 2.720049 2.844482 0.000000 0.00000000 0.00000000 0.23247453 0.97260249
251.698000000 2.724051 2.848913 0.000000 0.00000000 0.00000000 0.22698011 0.97389939
251.823000000 2.728177 2.849936 0.000000 0.00000000 0.00000000 0.22062066 0.97535969
251.948000000 2.731975 2.850820 0.000000 0.00000000 0.00000000 0.21453045 0.97671730
252.073000000 2.735346 2.855772 0.000000 0.00000000 0.00000000 0.20890499 0.97793594
252.198000000 2.744070 2.856862 0.000000 0.00000000 0.00000000 0.20263437 0.97925447
252.323000000 2.745410 2.859488 0.000000 0.00000000 0.00000000 0.19668387 0.98046696
252.448000000 2.747281 2.862041 0.000000 0.00000000 0.00000000 0.18999288 0.98178547
252.573000000 2.755179 2.861524 0.000000 0.00000000 0.00000000 0.18505449 0.98272826
252.698000000 2.759763 2.862774 0.000000 0.00000000 0.00000000 0.17811289 0.98401006
252.823000000 2.766279 2.865872 0.000000 0.00000000 0.00000000 0.17209266 0.98508077
252.948000000 2.769040 2.866694 0.000000 0.00000000 0.00000000 0.16967015 0.98550091
253.073000000 2.773484 2.870699 0.000000 0.00000000 0.00000000 0.17133338 0.98521311
253.198000000 2.775490 2.870532 0.000000 0.00000000 0.00000000 0.17794589 0.98404027
253.323000000 2.786063 2.869807 0.000000 0.00000000 0.00000000 0.18456663 0.98282000
253.448000000 2.785825 2.876978 0.000000 0.00000000 0.00000000 0.19002022 0.98178018
253.573000000 2.794299 2.874135 0.000000 0.00000000 0.00000000 0.19605933 0.98059203
253.698000000 2.796271 2.879166 0.000000 0.00000000 0.00000000 0.20283567 0.97921279
253.823000000 2.800366 2.880319 0.000000 0.00000000 0.00000000 0.20716523 0.97830597
253.948000000 2.802246 2.885700 0.000000 0.00000000 0.00000000 0.20748962 0.97823722
254.073000000 2.812767 2.884266 0.000000 0.00000000 0.00000000 0.20527423 0.97870450
254.198000000 2.814824 2.888539 0.000000 0.00000000 0.00000000 0.19896508 0.98000658
254.323000000 2.820178 2.890268 0.000000 0.00000000 0.00000000 0.19308478 0.98118208
254.448000000 2.820815 2.889712 0.000000 0.00000000 0.00000000 0.18652176 0.98245083
254.573000000 2.828232 2.893395 0.000000 0.00000000 0.00000000 0.18031979 0.98360804
254.698000000 2.834657 2.896619 0.000000 0.00000000 0.00000000 0.17418093 0.98471367
254.823000000 2.838978 2.896338 0.000000 0.00000000 0.00000000 0.16838162 0.98572188
254.948000000 2.840709 2.897006 0.000000 0.00000000 0.00000000 0.16253308 0.98670309
255.073000000 2.852553 2.897112 0.000000 0.00000000 0.00000000 0.15668741 0.98764825
255.198000000 2.851675 2.898367 0.000000 0.00000000 0.00000000 0.14983049 0.98871170
255.323000000 2.855247 2.902950 0.000000 0.00000000 0.00000000 0.14370236 0.98962095
255.448000000 2.860043 2.906872 0.000000 0.00000000 0.00000000 0.13753095 0.99049747
255.573000000 2.866925 2.902096 0.000000 0.00000000 0.00000000 0.13086090 0.99140074
255.698000000 2.870077 2.907222 0.000000 0.00000000 0.00000000 0.12478830 0.99218339
255.823000000 2.877025 2.905484 0.000000 0.00000000 0.00000000 0.11975941 0.99280294
255.948000000 2.882741 2.908975 0.000000 0.00000000 0.00000000 0.11271722 0.99362711
256.073000000 2.886095 2.909836 0.000000 0.00000000 0.00000000 0.10676923 0.99428383
256.198000000 2.894018 2.910251 0.000000 0.00000000 0.00000000 0.10043150 0.99494398
256.323000000 2.896784 2.908839 0.000000 0.00000000 0.00000000 0.09561577 0.99541832
256.448000000 2.901898 2.909171 0.000000 0.00000000 0.00000000 0.08859184 0.99606801
256.573000000 2.900747 2.913576 0.000000 0.00000000 0.00000000 0.08155235 0.99666906
256.698000000 2.908544 2.912373 0.000000 0.00000000 0.00000000 0.07561832 0.99713684
256.823000000 2.914951 2.913071 0.000000 0.00000000 0.00000000 0.06993316 0.99755168
256.948000000 2.916163 2.912465 0.000000 0.00000000 0.00000000 0.06287215 0.99802159
257.073000000 2.920083 2.915464 0.000000 0.00000000 0.00000000 0.05592288 0.99843509
257.198000000 2.931671 2.914875 0.000000 0.00000000 0.00000000 0.05067634 0.99871513
257.323000000 2.933126 2.916662 0.000000 0.00000000 0.00000000 0.04396418 0.99903311
257.448000000 2.942929 2.912134 0.000000 0.00000000 0.00000000 0.03795283 0.99927953
257.573000000 2.942034 2.915113 0.000000 0.00000000 0.00000000 0.03145613 0.99950513
257.698000000 2.948244 2.917032 0.000000 0.00000000 0.00000000 0.02520894 0.99968220
257.823000000 2.955191 2.916020 0.000000 0.00000000 0.00000000 0.01943387 0.99981114
257.948000000 2.959808 2.915514 0.000000 0.00000000 0.00000000 0.01259993 0.99992062
258.073000000 2.962923 2.914155 0.000000 0.00000000 0.00000000 0.00689182 0.99997625
258.198000000 2.974355 2.914676 0.000000 0.00000000 0.00000000 0.00209894 0.99999780
258.323000000 2.971766 2.916042 0.000000 0.00000000 0.00000000 -0.00240415 0.99999711
258.448000000 2.979874 2.914439 0.000000 0.00000000 0.00000000 0.00213489 0.99999772
258.573000000 2.987404 2.914530 0.000000 0.00000000 0.00000000 0.01082257 0.99994143
258.698000000 2.987254 2.915354 0.000000 0.00000000 0.00000000 0.02405770 0.99971057
258.823000000 2.994650 2.918858 0.000000 0.00000000 0.00000000 0.04075897 0.99916901
258.948000000 2.997537 2.917696 0.000000 0.00000000 0.00000000 0.05975663 0.99821298
259.073000000 3.005009 2.915586 0.000000 0.00000000 0.00000000 0.07914240 0.99686332
259.198000000 3.009734 2.916427 0.000000 0.00000000 0.00000000 0.09813474 0.99517314
259.323000000 3.014366 2.917377 0.000000 0.00000000 0.00000000 0.11590585 0.99326020
259.448000000 3.017724 2.916910 0.000000 0.00000000 0.00000000 0.13510470 0.99083133
259.573000000 3.027457 2.919565 0.000000 0.00000000 0.00000000 0.15291585 0.98823921
259.698000000 3.027148 2.925525 0.000000 0.00000000 0.00000000 0.17071208 0.98532096
259.823000000 3.036545 2.925798 0.000000 0.00000000 0.00000000 0.18940682 0.98189870
259.948000000 3.039962 2.928952 0.000000 0.00000000 0.00000000 0.20880741 0.97795678
260.073000000 3.047401 2.926899 0.000000 0.00000000 0.00000000 0.22585102 0.97416185
260.198000000 3.046391 2.931983 0.000000 0.00000000 0.00000000 0.24418759 0.96972801
260.323000000 3.051475 2.933916 0.000000 0.00000000 0.00000000 0.26180645 0.96512040
260.448000000 3.054219 2.936624 0.000000 0.00000000 0.00000000 0.27984731 0.96004452
260.573000000 3.060859 2.939914 0.000000 0.00000000 0.00000000 0.29564653 0.95529740
260.698000000 3.061173 2.943031 0.000000 0.00000000 0.00000000 0.30682715 0.95176526
260.823000000 3.067127 2.943789 0.000000 0.00000000 0.00000000 0.31455143 0.94924043
260.948000000 3.071783 2.948393 0.000000 0.00000000 0.00000000 0.32039289 0.94728475
261.073000000 3.073683 2.953172 0.000000 0.00000000 0.00000000 0.32647016 0.94520751
261.198000000 3.078130 2.955838 0.000000 0.00000000 0.00000000 0.33169136 0.94338796
261.323000000 3.076858 2.958518 0.000000 0.00000000 0.00000000 0.33700521 0.94150278
261.448000000 3.082661 2.960877 0.000000 0.00000000 0.00000000 0.34234890 0.93957290
261.573000000 3.088297 2.964726 0.000000 0.00000000 0.00000000 0.34866588 0.93724709
261.698000000 3.093687 2.967555 0.000000 0.00000000 0.00000000 0.35271303 0.93573154
261.823000000 3.093864 2.973754 0.000000 0.00000000 0.00000000 0.35248962 0.93581572
261.948000000 3.096106 2.973413 0.000000 0.00000000 0.00000000 0.34853718 0.93729496
262.073000000 3.100680 2.978759 0.000000 0.00000000 0.00000000 0.34282212 0.93940034
262.198000000 3.105523 2.979645 0.000000 0.00000000 0.00000000 0.33789361 0.94118431
262.323000000 3.114121 2.983333 0.000000 0.00000000 0.00000000 0.33147943 0.94346245
262.448000000 3.113628 2.988669 0.000000 0.00000000 0.00000000 0.32510389 0.94567831
262.573000000 3.113225 2.992149 0.000000 0.00000000 0.00000000 0.31907993 0.94772781
262.698000000 3.121431 2.992441 0.000000 0.00000000 0.00000000 0.31351491 0.94958328
262.823000000 3.120068 2.998410 0.000000 0.00000000 0.00000000 0.30711048 0.95167387
262.948000000 3.128306 3.002071 0.000000 0.00000000 0.00000000 0.30203463 0.95329695
263.073000000 3.130473 3.003957 0.000000 0.00000000 0.00000000 0.29539442 0.95537539
263.198000000 3.133884 3.004846 0.000000 0.00000000 0.00000000 0.29024504 0.95695236
263.323000000 3.140236 3.007719 0.000000 0.00000000 0.00000000 0.28472339 0.95860972
263.448000000 3.147346 3.006150 0.000000 0.00000000 0.00000000 0.27869746 0.96037895
263.573000000 3.152838 3.012957 0.000000 0.00000000 0.00000000 0.27235270 0.96219749
263.698000000 3.154635 3.017043 0.000000 0.00000000 0.00000000 0.26684975 0.96373814
263.823000000 3.157421 3.016329 0.000000 0.00000000 0.00000000 0.26035846 0.96551203
263.948000000 3.161321 3.019703 0.000000 0.00000000 0.00000000 0.25381642 0.96725241
264.073000000 3.161882 3.021967 0.000000 0.00000000 0.00000000 0.24742620 0.96890674
264.198000000 3.168634 3.023801 0.000000 0.00000000 0.00000000 0.24201904 0.97027150
264.323000000 3.177749 3.027308 0.000000 0.00000000 0.00000000 0.23683972 0.97154874
264.448000000 3.183447 3.032971 0.000000 0.00000000 0.00000000 0.23653391 0.97162323
264.573000000 3.187878 3.035402 0.000000 0.00000000 0.00000000 0.23986715 0.97080572
264.698000000 3.195703 3.035734 0.000000 0.00000000 0.00000000 0.24690466 0.96903978
264.823000000 3.197851 3.038920 0.000000 0.00000000 0.00000000 0.25250864 0.96759464
264.948000000 3.204434 3.040342 0.000000 0.00000000 0.00000000 0.25909852 0.96585090
265.073000000 3.204481 3.042005 0.000000 0.00000000 0.00000000 0.26413181 0.96448659
265.198000000 3.209055 3.045686 0.000000 0.00000000 0.00000000 0.27050720 0.96271795
265.323000000 3.215898 3.044629 0.000000 0.00000000 0.00000000 0.27693721 0.96088802
265.448000000 3.219343 3.049631 0.000000 0.00000000 0.00000000 0.28243976 0.95928504
265.573000000 3.223332 3.054276 0.000000 0.00000000 0.00000000 0.28860700 0.95744765
265.698000000 3.228032 3.057330 0.000000 0.00000000 0.00000000 0.29345985 0.95597140
265.823000000 3.229192 3.058751 0.000000 0.00000000 0.00000000 0.30021028 0.95387304
265.948000000 3.242018 3.061400 0.000000 0.00000000 0.00000000 0.30681104 0.95177045
266.073000000 3.242583 3.065373 0.000000 0.00000000 0.00000000 0.31224935 0.95000018
266.198000000 3.246684 3.068202 0.000000 0.00000000 0.00000000 0.31848944 0.94792641
266.323000000 3.250281 3.070077 0.000000 0.00000000 0.00000000 0.32430927 0.94595111
266.448000000 3.253869 3.070562 0.000000 0.00000000 0.00000000 0.33084965 0.94368348
266.573000000 3.256243 3.077297 0.000000 0.00000000 0.00000000 0.33554827 0.94202301
266.698000000 3.255343 3.078814 0.000000 0.00000000 0.00000000 0.34104363 0.94004747
266.823000000 3.264175 3.083579 0.000000 0.00000000 0.00000000 0.34750046 0.93767981
266.948000000 3.266005 3.087662 0.000000 0.00000000 0.00000000 0.35292386 0.93565205
267.073000000 3.269568 3.091111 0.000000 0.00000000 0.00000000 0.35850595 0.93352744
267.198000000 3.274681 3.092888 0.000000 0.00000000 0.00000000 0.36450054 0.93120318
267.323000000 3.277653 3.097387 0.000000 0.00000000 0.00000000 0.37044114 0.92885594
267.448000000 3.281000 3.101295 0.000000 0.00000000 0.00000000 0.37254157 0.92801551
267.573000000 3.281040 3.105149 0.000000 0.00000000 0.00000000 0.36892661 0.92945853
267.698000000 3.289489 3.107250 0.000000 0.00000000 0.00000000 0.36384505 0.93145949
267.823000000 3.289200 3.113037 0.000000 0.00000000 0.00000000 0.35803382 0.93370862
267.948000000 3.293216 3.115422 0.000000 0.00000000 0.00000000 0.35191931 0.93603034
268.073000000 3.293847 3.118280 0.000000 0.00000000 0.00000000 0.34483293 0.93866408
268.198000000 3.300873 3.117940 0.000000 0.00000000 0.00000000 0.34032468 0.94030799
268.323000000 3.305722 3.123346 0.000000 0.00000000 0.00000000 0.33519137 0.94215007
268.448000000 3.308390 3.127405 0.000000 0.00000000 0.00000000 0.32690067 0.94505870
268.573000000 3.318120 3.129068 0.000000 0.00000000 0.00000000 0.31693236 0.94844814
268.698000000 3.319443 3.130089 0.000000 0.00000000 0.00000000 0.30208633 0.95328057
268.823000000 3.324840 3.135119 0.000000 0.00000000 0.00000000 0.28273691 0.95919750
268.948000000 3.329209 3.136993 0.000000 0.00000000 0.00000000 0.26499677 0.96424930
269.073000000 3.327409 3.140246 0.000000 0.00000000 0.00000000 0.24585751 0.96930598
269.198000000 3.334573 3.142471 0.000000 0.00000000 0.00000000 0.22855503 0.97353099
269.323000000 3.341044 3.144461 0.000000 0.00000000 0.00000000 0.21155555 0.97736597
269.448000000 3.346272 3.146269 0.000000 0.00000000 0.00000000 0.19369148 0.98106249
269.573000000 3.350558 3.149595 0.000000 0.00000000 0.00000000 0.17911176 0.98382873
269.698000000 3.355817 3.150891 0.000000 0.00000000 0.00000000 0.17103440 0.98526506
269.823000000 3.361643 3.151447 0.000000 0.00000000 0.00000000 0.16684523 0.98598310
269.948000000 3.362765 3.154369 0.000000 0.00000000 0.00000000 0.16614141 0.98610194
270.073000000 3.367031 3.155965 0.000000 0.00000000 0.00000000 0.16488541 0.98631273
270.198000000 3.372453 3.157249 0.000000 0.00000000 0.00000000 0.16508904 0.98627867
270.323000000 3.377615 3.158868 0.000000 0.00000000 0.00000000 0.16598517 0.98612825
270.448000000 3.381956 3.161659 0.000000 0.00000000 0.00000000 0.16523892 0.98625357
270.573000000 3.389627 3.161962 0.000000 0.00000000 0.00000000 0.16660419 0.98602386
270.698000000 3.394858 3.164304 0.000000 0.00000000 0.00000000 0.16676234 0.98599712
270.823000000 3.397376 3.167097 0.000000 0.00000000 0.00000000 0.16642066 0.98605485
270.948000000 3.401706 3.169190 0.000000 0.00000000 0.00000000 0.16640694 0.98605716
271.073000000 3.404837 3.172158 0.000000 0.00000000 0.00000000 0.16595716 0.98613296
271.198000000 3.408900 3.171446 0.000000 0.00000000 0.00000000 0.16563019 0.98618793
271.323000000 3.413019 3.174614 0.000000 0.00000000 0.00000000 0.16533811 0.98623694
271.448000000 3.420012 3.175006 0.000000 0.00000000 0.00000000 0.16602897 0.98612088
271.573000000 3.427364 3.174917 0.000000 0.00000000 0.00000000 0.16694709 0.98596586
271.698000000 3.431452 3.178713 0.000000 0.00000000 0.00000000 0.16677563 0.98599487
271.823000000 3.433664 3.177257 0.000000 0.00000000 0.00000000 0.16643331 0.98605271
271.948000000 3.436269 3.179589 0.000000 0.00000000 0.00000000 0.16559162 0.98619441
272.073000000 3.446591 3.183128 0.000000 0.00000000 0.00000000 0.16581310 0.98615720
272.198000000 3.444049 3.184015 0.000000 0.00000000 0.00000000 0.16555041 0.98620133
272.323000000 3.451624 3.187422 0.000000 0.00000000 0.00000000 0.16531310 0.98624114
272.448000000 3.457103 3.190753 0.000000 0.00000000 0.00000000 0.16557042 0.98619797
272.573000000 3.459619 3.187419 0.000000 0.00000000 0.00000000 0.16580815 0.98615803
272.698000000 3.467028 3.190623 0.000000 0.00000000 0.00000000 0.16894465 0.98562554
272.823000000 3.475535 3.192646 0.000000 0.00000000 0.00000000 0.17782719 0.98406173
272.948000000 3.475025 3.193746 0.000000 0.00000000 0.00000000 0.18933266 0.98191300
273.073000000 3.482968 3.195128 0.000000 0.00000000 0.00000000 0.20223755 0.97933650
273.198000000 3.487173 3.198836 0.000000 0.00000000 0.00000000 0.21407699 0.97681679
273.323000000 3.492690 3.200851 0.000000 0.00000000 0.00000000 0.22564668 0.97420921
273.448000000 3.495381 3.201342 0.000000 0.00000000 0.00000000 0.23767232 0.97134539
273.573000000 3.499983 3.205769 0.000000 0.00000000 0.00000000 0.24965709 0.96833431
273.698000000 3.503132 3.210456 0.000000 0.00000000 0.00000000 0.25676149 0.96647480
273.823000000 3.503992 3.211402 0.000000 0.00000000 0.00000000 0.25831533 0.96606066
273.948000000 3.515300 3.212523 0.000000 0.00000000 0.00000000 0.25904768 0.96586454
274.073000000 3.520229 3.215686 0.000000 0.00000000 0.00000000 0.25891948 0.96589891
274.198000000 3.527620 3.218639 0.000000 0.00000000 0.00000000 0.25934875 0.96578374
274.323000000 3.528424 3.221464 0.000000 0.00000000 0.00000000 0.25917232 0.96583110
274.448000000 3.528091 3.222161 0.000000 0.00000000 0.00000000 0.25852462 0.96600467
274.573000000 3.533185 3.226092 0.000000 0.00000000 0.00000000 0.25342052 0.96735621
274.698000000 3.539098 3.228258 0.000000 0.00000000 0.00000000 0.24707616 0.96899606
274.823000000 3.541557 3.229122 0.000000 0.00000000 0.00000000 0.24111100 0.97049755
274.948000000 3.549042 3.231538 0.000000 0.00000000 0.00000000 0.23508157 0.97197565
275.073000000 3.556539 3.234042 0.000000 0.00000000 0.00000000 0.23021232 0.97314043
275.198000000 3.558483 3.238271 0.000000 0.00000000 0.00000000 0.22318010 0.97477723
275.323000000 3.564903 3.240211 0.000000 0.00000000 0.00000000 0.21722870 0.97612074
275.448000000 3.564510 3.241390 0.000000 0.00000000 0.00000000 0.21046270 0.97760189
275.573000000 3.573174 3.243889 0.000000 0.00000000 0.00000000 0.20426813 0.97891498
275.698000000 3.576789 3.245229 0.000000 0.00000000 0.00000000 0.19870935 0.98005846
275.823000000 3.583600 3.247671 0.000000 0.00000000 0.00000000 0.19318250 0.98116284
275.948000000 3.583480 3.250882 0.000000 0.00000000 0.00000000 0.18646764 0.98246110
276.073000000 3.586521 3.250910 0.000000 0.00000000 0.00000000 0.17977170 0.98370836
276.198000000 3.593827 3.251745 0.000000 0.00000000 0.00000000 0.17354002 0.98482682
276.323000000 3.599733 3.253775 0.000000 0.00000000 0.00000000 0.16944220 0.98554013
276.448000000 3.604081 3.254723 0.000000 0.00000000 0.00000000 0.16369445 0.98651109
276.573000000 3.608855 3.254962 0.000000 0.00000000 0.00000000 0.15711669 0.98758004
276.698000000 3.616092 3.257828 0.000000 0.00000000 0.00000000 0.15168055 0.98842957
276.823000000 3.617821 3.262934 0.000000 0.00000000 0.00000000 0.14385390 0.98959894
276.948000000 3.623369 3.262219 0.000000 0.00000000 0.00000000 0.13812842 0.99041433
277.073000000 3.628113 3.260824 0.000000 0.00000000 0.00000000 0.13185426 0.99126911
277.198000000 3.636488 3.263649 0.000000 0.00000000 0.00000000 0.12590197 0.99204269
277.323000000 3.636116 3.262108 0.000000 0.00000000 0.00000000 0.11915786 0.99287532
277.448000000 3.641562 3.265246 0.000000 0.00000000 0.00000000 0.10914152 0.99402622
277.573000000 3.647262 3.264909 0.000000 0.00000000 0.00000000 0.09383996 0.99558730
277.698000000 3.649986 3.266422 0.000000 0.00000000 0.00000000 0.07506610 0.99717856
277.823000000 3.659670 3.265366 0.000000 0.00000000 0.00000000 0.05663989 0.99839467
277.948000000 3.657049 3.269396 0.000000 0.00000000 0.00000000 0.03768571 0.99928964
278.073000000 3.662365 3.267781 0.000000 0.00000000 0.00000000 0.01875851 0.99982404
278.198000000 3.672014 3.268694 0.000000 0.00000000 0.00000000 0.00011166 0.99999999
278.323000000 3.677235 3.268909 0.000000 0.00000000 0.00000000 -0.01934195 0.99981293
278.448000000 3.680784 3.269170 0.000000 0.00000000 0.00000000 -0.03542984 0.99937217
278.573000000 3.688307 3.269556 0.000000 0.00000000 0.00000000 -0.04474338 0.99899851
278.698000000 3.691549 3.269763 0.000000 0.00000000 0.00000000 -0.05156671 0.99866955
278.823000000 3.697473 3.268887 0.000000 0.00000000 0.00000000 -0.05206994 0.99864344
278.948000000 3.703622 3.266023 0.000000 0.00000000 0.00000000 -0.04782580 0.99885569
279.073000000 3.708172 3.267156 0.000000 0.00000000 0.00000000 -0.04110187 0.99915496
279.198000000 3.711301 3.266164 0.000000 0.00000000 0.00000000 -0.03455785 0.99940270
279.323000000 3.716853 3.265294 0.000000 0.00000000 0.00000000 -0.02767674 0.99961693
279.448000000 3.718695 3.267737 0.000000 0.00000000 0.00000000 -0.02206666 0.99975650
279.573000000 3.726827 3.264740 0.000000 0.00000000 0.00000000 -0.01502653 0.99988710
279.698000000 3.730915 3.262387 0.000000 0.00000000 0.00000000 -0.00739463 0.99997266
279.823000000 3.735592 3.266628 0.000000 0.00000000 0.00000000 0.00731495 0.99997325
279.948000000 3.739728 3.266451 0.000000 0.00000000 0.00000000 0.02495516 0.99968857
280.073000000 3.748793 3.263518 0.000000 0.00000000 0.00000000 0.04419931 0.99902273
280.198000000 3.751124 3.266331 0.000000 0.00000000 0.00000000 0.06136692 0.99811527
280.323000000 3.759092 3.266539 0.000000 0.00000000 0.00000000 0.08036990 0.99676511
280.448000000 3.763617 3.268482 0.000000 0.00000000 0.00000000 0.09881404 0.99510592
280.573000000 3.766022 3.268128 0.000000 0.00000000 0.00000000 0.11713677 0.99311579
280.698000000 3.772823 3.271552 0.000000 0.00000000 0.00000000 0.13612358 0.99069186
280.823000000 3.774126 3.273323 0.000000 0.00000000 0.00000000 0.15486926 0.98793497
280.948000000 3.781408 3.272671 0.000000 0.00000000 0.00000000 0.17276324 0.98496338
281.073000000 3.784180 3.274732 0.000000 0.00000000 0.00000000 0.19133791 0.98152423
281.198000000 3.788788 3.278640 0.000000 0.00000000 0.00000000 0.20945950 0.97781732
281.323000000 3.793287 3.278662 0.000000 0.00000000 0.00000000 0.22743521 0.97379322
281.448000000 3.799181 3.278178 0.000000 0.00000000 0.00000000 0.24536263 0.96943137
281.573000000 3.804155 3.282925 0.000000 0.00000000 0.00000000 0.26345562 0.96467152
281.698000000 3.812445 3.286497 0.000000 0.00000000 0.00000000 0.28256890 0.95924701
281.823000000 3.811217 3.289363 0.000000 0.00000000 0.00000000 0.30007173 0.95391664
281.948000000 3.813623 3.293903 0.000000 0.00000000 0.00000000 0.31678373 0.94849780
282.073000000 3.821977 3.295620 0.000000 0.00000000 0.00000000 0.33490813 0.94225079
282.198000000 3.824767 3.299246 0.000000 0.00000000 0.00000000 0.35239967 0.93584960
282.323000000 3.833796 3.302292 0.000000 0.00000000 0.00000000 0.37021015 0.92894803
282.448000000 3.834705 3.307197 0.000000 0.00000000 0.00000000 0.38556822 0.92267933
282.573000000 3.837057 3.307421 0.000000 0.00000000 0.00000000 0.39953555 0.91671770
282.698000000 3.837964 3.310747 0.000000 0.00000000 0.00000000 0.40710765 0.91338018
282.823000000 3.840280 3.318571 0.000000 0.00000000 0.00000000 0.41212874 0.91112562
282.948000000 3.849813 3.320690 0.000000 0.00000000 0.00000000 0.41862515 0.90815912
283.073000000 3.851172 3.323677 0.000000 0.00000000 0.00000000 0.42381135 0.90575049
283.198000000 3.855405 3.327154 0.000000 0.00000000 0.00000000 0.42950960 0.90306229
283.323000000 3.853280 3.332738 0.000000 0.00000000 0.00000000 0.43550594 0.90018586
283.448000000 3.856909 3.335369 0.000000 0.00000000 0.00000000 0.44027955 0.89786075
283.573000000 3.860305 3.339907 0.000000 0.00000000 0.00000000 0.44687789 0.89459497
283.698000000 3.865685 3.343995 0.000000 0.00000000 0.00000000 0.45141976 0.89231171
283.823000000 3.862862 3.345626 0.000000 0.00000000 0.00000000 0.45761463 0.88915063
283.948000000 3.869928 3.349840 0.000000 0.00000000 0.00000000 0.46298325 0.88636703
284.073000000 3.868576 3.355620 0.000000 0.00000000 0.00000000 0.46825717 0.88359223
284.198000000 3.872314 3.360872 0.000000 0.00000000 0.00000000 0.47412779 0.88045604
284.323000000 3.878448 3.365210 0.000000 0.00000000 0.00000000 0.47811612 0.87829664
284.448000000 3.877295 3.371212 0.000000 0.00000000 0.00000000 0.47815395 0.87827604
284.573000000 3.883770 3.373508 0.000000 0.00000000 0.00000000 0.47650721 0.87917056
284.698000000 3.883722 3.376886 0.000000 0.00000000 0.00000000 0.47013644 0.88259375
284.823000000 3.889756 3.380433 0.000000 0.00000000 0.00000000 0.46423569 0.88571171
284.948000000 3.895725 3.382937 0.000000 0.00000000 0.00000000 0.46124499 0.88727282
285.073000000 3.899376 3.388809 0.000000 0.00000000 0.00000000 0.46100362 0.88739825
285.198000000 3.900447 3.392926 0.000000 0.00000000 0.00000000 0.46647824 0.88453267
285.323000000 3.902981 3.398012 0.000000 0.00000000 0.00000000 0.47123536 0.88200750
285.448000000 3.908325 3.400960 0.000000 0.00000000 0.00000000 0.47662052 0.87910914
285.573000000 3.905468 3.404314 0.000000 0.00000000 0.00000000 0.48312195 0.87555307
285.698000000 3.908296 3.409938 0.000000 0.00000000 0.00000000 0.48761410 0.87305927
285.823000000 3.913643 3.414237 0.000000 0.00000000 0.00000000 0.49308206 0.86998280
285.948000000 3.913414 3.419386 0.000000 0.00000000 0.00000000 0.49870428 0.86677219
286.073000000 3.913803 3.422981 0.000000 0.00000000 0.00000000 0.50305250 0.86425585
286.198000000 3.920164 3.428616 0.000000 0.00000000 0.00000000 0.50954486 0.86044409
286.323000000 3.927994 3.432783 0.000000 0.00000000 0.00000000 0.51464547 0.85740308
286.448000000 3.921777 3.436867 0.000000 0.00000000 0.00000000 0.51933084 0.85457327
286.573000000 3.925257 3.441630 0.000000 0.00000000 0.00000000 0.52538571 0.85086418
286.698000000 3.925916 3.446140 0.000000 0.00000000 0.00000000 0.53004488 0.84796959
286.823000000 3.932285 3.450852 0.000000 0.00000000 0.00000000 0.53467792 0.84505593
286.948000000 3.929703 3.456016 0.000000 0.00000000 0.00000000 0.54113436 0.84093614
287.073000000 3.933801 3.460877 0.000000 0.00000000 0.00000000 0.54588921 0.83785737
287.198000000 3.935429 3.463575 0.000000 0.00000000 0.00000000 0.55164342 0.83408005
287.323000000 3.935485 3.467766 0.000000 0.00000000 0.00000000 0.55675438 0.83067717
287.448000000 3.938849 3.475452 0.000000 0.00000000 0.00000000 0.56165904 0.82736879
287.573000000 3.938813 3.479289 0.000000 0.00000000 0.00000000 0.56675602 0.82388568
287.698000000 3.944835 3.484248 0.000000 0.00000000 0.00000000 0.57229873 0.82004522
287.823000000 3.942442 3.487470 0.000000 0.00000000 0.00000000 0.57768160 0.81626219
287.948000000 3.945027 3.492846 0.000000 0.00000000 0.00000000 0.58195580 0.81322042
288.073000000 3.947877 3.496471 0.000000 0.00000000 0.00000000 0.58678425 0.80974332
288.198000000 3.948263 3.502337 0.000000 0.00000000 0.00000000 0.59199878 0.80593886
288.323000000 3.947006 3.505202 0.000000 0.00000000 0.00000000 0.59671745 0.80245142
288.448000000 3.943680 3.512637 0.000000 0.00000000 0.00000000 0.60193396 0.79854587
288.573000000 3.951950 3.516033 0.000000 0.00000000 0.00000000 0.60655317 0.79504292
288.698000000 3.955936 3.520674 0.000000 0.00000000 0.00000000 0.61236415 0.79057583
288.823000000 3.948619 3.527663 0.000000 0.00000000 0.00000000 0.61682240 0.78710236
288.948000000 3.957027 3.530302 0.000000 0.00000000 0.00000000 0.62187772 0.78311436
289.073000000 3.956360 3.535007 0.000000 0.00000000 0.00000000 0.62694791 0.77906118
289.198000000 3.955585 3.540533 0.000000 0.00000000 0.00000000 0.63172170 0.77519526
289.323000000 3.959352 3.546741 0.000000 0.00000000 0.00000000 0.63686282 0.77097714
289.448000000 3.960191 3.550946 0.000000 0.00000000 0.00000000 0.64119890 0.76737473
289.573000000 3.961883 3.557989 0.000000 0.00000000 0.00000000 0.64565006 0.76363342
289.698000000 3.965221 3.562826 0.000000 0.00000000 0.00000000 0.65110666 0.75898625
289.823000000 3.961190 3.564668 0.000000 0.00000000 0.00000000 0.65555143 0.75515053
289.948000000 3.967315 3.570369 0.000000 0.00000000 0.00000000 0.66031291 0.75099058
290.073000000 3.969265 3.575481 0.000000 0.00000000 0.00000000 0.66483041 0.74699433
290.198000000 3.965631 3.579273 0.000000 0.00000000 0.00000000 0.66926319 0.74302543
290.323000000 3.966428 3.586405 0.000000 0.00000000 0.00000000 0.67385222 0.73886615
290.448000000 3.967613 3.589612 0.000000 0.00000000 0.00000000 0.67948624 0.73368825
290.573000000 3.969082 3.596685 0.000000 0.00000000 0.00000000 0.68337604 0.73006657
290.698000000 3.970032 3.598827 0.000000 0.00000000 0.00000000 0.68801716 0.72569442
290.823000000 3.969544 3.605667 0.000000 0.00000000 0.00000000 0.69201631 0.72188186
290.948000000 3.965650 3.610633 0.000000 0.00000000 0.00000000 0.69419343 0.71978849
291.073000000 3.966461 3.615516 0.000000 0.00000000 0.00000000 0.69277569 0.72115314
291.198000000 3.969755 3.620059 0.000000 0.00000000 0.00000000 0.68806789 0.72564632
291.323000000 3.965522 3.626464 0.000000 0.00000000 0.00000000 0.68418701 0.72930662
291.448000000 3.970790 3.629577 0.000000 0.00000000 0.00000000 0.67963789 0.73354777
291.573000000 3.969800 3.634843 0.000000 0.00000000 0.00000000 0.67455914 0.73822081
291.698000000 3.968308 3.641123 0.000000 0.00000000 0.00000000 0.66990293 0.74244870
291.823000000 3.969861 3.644017 0.000000 0.00000000 0.00000000 0.66582746 0.74610575
291.948000000 3.971006 3.651817 0.000000 0.00000000 0.00000000 0.66078834 0.75057230
292.073000000 3.970897 3.656195 0.000000 0.00000000 0.00000000 0.65933610 0.75184833
292.198000000 3.972334 3.660205 0.000000 0.00000000 0.00000000 0.65913006 0.75202897
292.323000000 3.971940 3.666606 0.000000 0.00000000 0.00000000 0.65900410 0.75213934
292.448000000 3.976037 3.670238 0.000000 0.00000000 0.00000000 0.65841259 0.75265720
292.573000000 3.972614 3.674103 0.000000 0.00000000 0.00000000 0.65847535 0.75260230
292.698000000 3.972543 3.678279 0.000000 0.00000000 0.00000000 0.65866091 0.75243990
292.823000000 3.973762 3.683810 0.000000 0.00000000 0.00000000 0.65898197 0.75215874
292.948000000 3.977907 3.689661 0.000000 0.00000000 0.00000000 0.65953936 0.75167003
293.073000000 3.974028 3.695951 0.000000 0.00000000 0.00000000 0.65863013 0.75246685
293.198000000 3.978061 3.701854 0.000000 0.00000000 0.00000000 0.65906567 0.75208540
293.323000000 3.975084 3.705515 0.000000 0.00000000 0.00000000 0.65877812 0.75233729
293.448000000 3.976644 3.710663 0.000000 0.00000000 0.00000000 0.65913025 0.75202880
293.573000000 3.977692 3.714724 0.000000 0.00000000 0.00000000 0.65937668 0.75181274
293.698000000 3.979121 3.719898 0.000000 0.00000000 0.00000000 0.65933631 0.75184814
293.823000000 3.981054 3.724966 0.000000 0.00000000 0.00000000 0.65929971 0.75188023
293.948000000 3.983562 3.731364 0.000000 0.00000000 0.00000000 0.65895924 0.75217865
294.073000000 3.982984 3.736035 0.000000 0.00000000 0.00000000 0.65939832 0.75179376
294.198000000 3.983307 3.740783 0.000000 0.00000000 0.00000000 0.65906800 0.75208336
294.323000000 3.981215 3.745333 0.000000 0.00000000 0.00000000 0.65915000 0.75201148
294.448000000 3.981581 3.750286 0.000000 0.00000000 0.00000000 0.65919279 0.75197398
294.573000000 3.984110 3.754589 0.000000 0.00000000 0.00000000 0.65864929 0.75245008
294.698000000 3.985017 3.760573 0.000000 0.00000000 0.00000000 0.65898262 0.75215817
294.823000000 3.987218 3.765814 0.000000 0.00000000 0.00000000 0.65900646 0.75213728
294.948000000 3.986321 3.771443 0.000000 0.00000000 0.00000000 0.65950857 0.75169705
295.073000000 3.983621 3.774602 0.000000 0.00000000 0.00000000 0.65938983 0.75180121
295.198000000 3.985036 3.780276 0.000000 0.00000000 0.00000000 0.65868428 0.75241944
295.323000000 3.985263 3.783979 0.000000 0.00000000 0.00000000 0.65871110 0.75239597
295.448000000 3.987761 3.789619 0.000000 0.00000000 0.00000000 0.65876702 0.75234701
295.573000000 3.989514 3.795575 0.000000 0.00000000 0.00000000 0.65866614 0.75243532
295.698000000 3.988787 3.801196 0.000000 0.00000000 0.00000000 0.65856704 0.75252206
295.823000000 3.994476 3.805976 0.000000 0.00000000 0.00000000 0.65927868 0.75189868
295.948000000 3.991598 3.809973 0.000000 0.00000000 0.00000000 0.65882324 0.75229777
296.073000000 3.995707 3.814818 0.000000 0.00000000 0.00000000 0.65858380 0.75250739
296.198000000 3.997051 3.821153 0.000000 0.00000000 0.00000000 0.65902994 0.75211670
296.323000000 3.998482 3.824891 0.000000 0.00000000 0.00000000 0.65932273 0.75186005
296.448000000 4.000613 3.830817 0.000000 0.00000000 0.00000000 0.65894105 0.75219458
296.573000000 3.993123 3.835156 0.000000 0.00000000 0.00000000 0.65988253 0.75136878
296.698000000 3.996190 3.838178 0.000000 0.00000000 0.00000000 0.65905463 0.75209507
296.823000000 3.997617 3.846354 0.000000 0.00000000 0.00000000 0.65917520 0.75198940
296.948000000 3.997291 3.849484 0.000000 0.00000000 0.00000000 0.65899581 0.75214661
297.073000000 3.997586 3.855168 0.000000 0.00000000 0.00000000 0.65910849 0.75204787
297.198000000 3.998476 3.859629 0.000000 0.00000000 0.00000000 0.65834727 0.75271434
297.323000000 4.003087 3.866036 0.000000 0.00000000 0.00000000 0.65979786 0.75144314
297.448000000 4.004007 3.869943 0.000000 0.00000000 0.00000000 0.66030888 0.75099413
297.573000000 4.004784 3.875578 0.000000 0.00000000 0.00000000 0.65965128 0.75157181
297.698000000 4.003090 3.880589 0.000000 0.00000000 0.00000000 0.65988316 0.75136823
297.823000000 4.004839 3.884424 0.000000 0.00000000 0.00000000 0.65944450 0.75175325
297.948000000 4.007755 3.888945 0.000000 0.00000000 0.00000000 0.65964634 0.75157615
298.073000000 4.005487 3.894699 0.000000 0.00000000 0.00000000 0.65943887 0.75175819
298.198000000 4.003704 3.899721 0.000000 0.00000000 0.00000000 0.65961545 0.75160325
298.323000000 4.009381 3.905833 0.000000 0.00000000 0.00000000 0.65943698 0.75175985
298.448000000 4.007763 3.910048 0.000000 0.00000000 0.00000000 0.65973321 0.75149989
298.573000000 4.009371 3.915105 0.000000 0.00000000 0.00000000 0.65958096 0.75163353
298.698000000 4.009273 3.918566 0.000000 0.00000000 0.00000000 0.66013425 0.75114764
298.823000000 4.013496 3.924574 0.000000 0.00000000 0.00000000 0.66020540 0.75108510
298.948000000 4.012335 3.929183 0.000000 0.00000000 0.00000000 0.66024124 0.75105359
299.073000000 4.009514 3.934421 0.000000 0.00000000 0.00000000 0.65965556 0.75156805
299.198000000 4.011056 3.939957 0.000000 0.00000000 0.00000000 0.66021574 0.75107602
299.323000000 4.013061 3.943928 0.000000 0.00000000 0.00000000 0.65959468 0.75162148
299.448000000 4.015795 3.949326 0.000000 0.00000000 0.00000000 0.65992506 0.75133143
299.573000000 4.014077 3.954145 0.000000 0.00000000 0.00000000 0.66027892 0.75102047
299.698000000 4.019759 3.959326 0.000000 0.00000000 0.00000000 0.66011534 0.75116425
299.823000000 4.015865 3.963335 0.000000 0.00000000 0.00000000 0.66067145 0.75067519
299.948000000 4.014886 3.969410 0.000000 0.00000000 0.00000000 0.66029930 0.75100255
300.073000000 4.013912 3.975168 0.000000 0.00000000 0.00000000 0.65992468 0.75133176
300.198000000 4.013639 3.979677 0.000000 0.00000000 0.00000000 0.65949491 0.75170903
300.323000000 4.015781 3.983405 0.000000 0.00000000 0.00000000 0.65907182 0.75208001
300.448000000 4.017199 3.987560 0.000000 0.00000000 0.00000000 0.65959561 0.75162067
300.573000000 4.014976 3.993521 0.000000 0.00000000 0.00000000 0.65935801 0.75182911
300.698000000 4.018394 3.997409 0.000000 0.00000000 0.00000000 0.65968835 0.75153928
300.823000000 4.017221 4.004496 0.000000 0.00000000 0.00000000 0.65941632 0.75177797
300.948000000 4.016795 4.008772 0.000000 0.00000000 0.00000000 0.65900539 0.75213822
301.073000000 4.018858 4.013811 0.000000 0.00000000 0.00000000 0.65944700 0.75175106
301.198000000 4.017365 4.019176 0.000000 0.00000000 0.00000000 0.65964260 0.75157943
301.323000000 4.016849 4.022999 0.000000 0.00000000 0.00000000 0.65972670 0.75150561
301.448000000 4.017732 4.028864 0.000000 0.00000000 0.00000000 0.65942928 0.75176660
301.573000000 4.020926 4.034493 0.000000 0.00000000 0.00000000 0.65967455 0.75155138
301.698000000 4.023298 4.038384 0.000000 0.00000000 0.00000000 0.65952230 0.75168500
301.823000000 4.019605 4.041902 0.000000 0.00000000 0.00000000 0.65909824 0.75205685
301.948000000 4.025005 4.047565 0.000000 0.00000000 0.00000000 0.65937375 0.75181530
302.073000000 4.024501 4.053570 0.000000 0.00000000 0.00000000 0.65929678 0.75188280
302.198000000 4.022704 4.059652 0.000000 0.00000000 0.00000000 0.65936486 0.75182310
302.323000000 4.028957 4.064224 0.000000 0.00000000 0.00000000 0.65989267 0.75135987
302.448000000 4.023615 4.070590 0.000000 0.00000000 0.00000000 0.65961061 0.75160751
302.573000000 4.031316 4.076003 0.000000 0.00000000 0.00000000 0.65937403 0.75181506
302.698000000 4.027746 4.085327 0.000000 0.00000000 0.00000000 0.65928724 0.75189117
302.823000000 4.029428 4.091231 0.000000 0.00000000 0.00000000 0.65956789 0.75164499
302.948000000 4.032904 4.097575 0.000000 0.00000000 0.00000000 0.65992148 0.75133457
303.073000000 4.032769 4.105674 0.000000 0.00000000 0.00000000 0.65964657 0.75157594
303.198000000 4.029747 4.113840 0.000000 0.00000000 0.00000000 0.65974317 0.75149115
303.323000000 4.031748 4.118917 0.000000 0.00000000 0.00000000 0.65821910 0.75282642
303.448000000 4.034785 4.126177 0.000000 0.00000000 0.00000000 0.65576713 0.75496323
303.573000000 4.029837 4.133381 0.000000 0.00000000 0.00000000 0.65055986 0.75945498
303.698000000 4.037509 4.141902 0.000000 0.00000000 0.00000000 0.64569204 0.76359793
303.823000000 4.035128 4.150024 0.000000 0.00000000 0.00000000 0.64103617 0.76751067
303.948000000 4.037034 4.158017 0.000000 0.00000000 0.00000000 0.63621385 0.77151276
304.073000000 4.044292 4.164232 0.000000 0.00000000 0.00000000 0.63121039 0.77561165
304.198000000 4.040504 4.170662 0.000000 0.00000000 0.00000000 0.62673605 0.77923163
304.323000000 4.042191 4.179137 0.000000 0.00000000 0.00000000 0.62121336 0.78364148
304.448000000 4.044239 4.185594 0.000000 0.00000000 0.00000000 0.61673007 0.78717471
304.573000000 4.045716 4.191831 0.000000 0.00000000 0.00000000 0.61097574 0.79164932
304.698000000 4.048537 4.200952 0.000000 0.00000000 0.00000000 0.60706085 0.79465535
304.823000000 4.046651 4.206089 0.000000 0.00000000 0.00000000 0.60186167 0.79860035
304.948000000 4.051234 4.216435 0.000000 0.00000000 0.00000000 0.59709545 0.80217020
305.073000000 4.055155 4.221701 0.000000 0.00000000 0.00000000 0.59221225 0.80578201
305.198000000 4.054584 4.229386 0.000000 0.00000000 0.00000000 0.58671986 0.80978998
305.323000000 4.058684 4.237105 0.000000 0.00000000 0.00000000 0.58208902 0.81312507
305.448000000 4.056796 4.242142 0.000000 0.00000000 0.00000000 0.57682117 0.81687046
305.573000000 4.063234 4.249978 0.000000 0.00000000 0.00000000 0.57180277 0.82039112
305.698000000 4.064745 4.256232 0.000000 0.00000000 0.00000000 0.56631293 0.82419031
305.823000000 4.073149 4.264109 0.000000 0.00000000 0.00000000 0.56176535 0.82729662
305.948000000 4.074323 4.271038 0.000000 0.00000000 0.00000000 0.55605539 0.83114524
306.073000000 4.075993 4.276734 0.000000 0.00000000 0.00000000 0.55083505 0.83461413
306.198000000 4.077492 4.283811 0.000000 0.00000000 0.00000000 0.54614772 0.83768889
306.323000000 4.079081 4.290697 0.000000 0.00000000 0.00000000 0.54015957 0.84156262
306.448000000 4.081576 4.298308 0.000000 0.00000000 0.00000000 0.53499584 0.84485469
306.573000000 4.087354 4.305303 0.000000 0.00000000 0.00000000 0.52978019 0.84813498
306.698000000 4.094933 4.311379 0.000000 0.00000000 0.00000000 0.52479580 0.85122815
306.823000000 4.095616 4.318435 0.000000 0.00000000 0.00000000 0.51899215 0.85477901
306.948000000 4.098582 4.324809 0.000000 0.00000000 0.00000000 0.51415561 0.85769692
307.073000000 4.101339 4.334126 0.000000 0.00000000 0.00000000 0.50881991 0.86087299
307.198000000 4.104351 4.339456 0.000000 0.00000000 0.00000000 0.50340535 0.86405037
307.323000000 4.113559 4.345382 0.000000 0.00000000 0.00000000 0.49811804 0.86710923
307.448000000 4.111350 4.351553 0.000000 0.00000000 0.00000000 0.49322370 0.86990251
307.573000000 4.118317 4.357854 0.000000 0.00000000 0.00000000 0.48772102 0.87299955
307.698000000 4.121788 4.364298 0.000000 0.00000000 0.00000000 0.48268717 0.87579284
307.823000000 4.127980 4.369479 0.000000 0.00000000 0.00000000 0.47663443 0.87910160
307.948000000 4.132378 4.376088 0.000000 0.00000000 0.00000000 0.47060793 0.88234243
308.073000000 4.131578 4.382228 0.000000 0.00000000 0.00000000 0.46534051 0.88513175
308.198000000 4.140223 4.388036 0.000000 0.00000000 0.00000000 0.46057794 0.88761926
308.323000000 4.142198 4.394445 0.000000 0.00000000 0.00000000 0.45488298 0.89055122
308.448000000 4.145575 4.403189 0.000000 0.00000000 0.00000000 0.44945419 0.89330338
308.573000000 4.150305 4.408433 0.000000 0.00000000 0.00000000 0.44341704 0.89631542
308.698000000 4.156704 4.412446 0.000000 0.00000000 0.00000000 0.43761257 0.89916363
308.823000000 4.161923 4.418260 0.000000 0.00000000 0.00000000 0.43249190 0.90163782
308.948000000 4.166796 4.424218 0.000000 0.00000000 0.00000000 0.42684918 0.90432283
309.073000000 4.173335 4.429414 0.000000 0.00000000 0.00000000 0.42119739 0.90696900
309.198000000 4.174182 4.436745 0.000000 0.00000000 0.00000000 0.41619037 0.90927750
309.323000000 4.179917 4.440471 0.000000 0.00000000 0.00000000 0.40969826 0.91222110
309.448000000 4.182711 4.444827 0.000000 0.00000000 0.00000000 0.40325259 0.91508871
309.573000000 4.188515 4.451596 0.000000 0.00000000 0.00000000 0.39846638 0.91718294
309.698000000 4.195839 4.454135 0.000000 0.00000000 0.00000000 0.39254315 0.91973359
309.823000000 4.200504 4.462953 0.000000 0.00000000 0.00000000 0.38718610 0.92200159
309.948000000 4.206233 4.468520 0.000000 0.00000000 0.00000000 0.38161388 0.92432183
310.073000000 4.214431 4.472212 0.000000 0.00000000 0.00000000 0.37554306 0.92680495
310.198000000 4.218874 4.479221 0.000000 0.00000000 0.00000000 0.36987972 0.92907965
310.323000000 4.221829 4.483364 0.000000 0.00000000 0.00000000 0.36397147 0.93141010
310.448000000 4.224599 4.487557 0.000000 0.00000000 0.00000000 0.35940791 0.93318056
310.573000000 4.233270 4.494159 0.000000 0.00000000 0.00000000 0.35922462 0.93325113
310.698000000 4.239870 4.499209 0.000000 0.00000000 0.00000000 0.35907662 0.93330808
310.823000000 4.241265 4.503716 0.000000 0.00000000 0.00000000 0.35881509 0.93340866
310.948000000 4.252326 4.509331 0.000000 0.00000000 0.00000000 0.35908587 0.93330453
311.073000000 4.256025 4.512413 0.000000 0.00000000 0.00000000 0.35846830 0.93354190
311.198000000 4.260166 4.517459 0.000000 0.00000000 0.00000000 0.35822319 0.93363598
311.323000000 4.262547 4.522945 0.000000 0.00000000 0.00000000 0.35898467 0.93334345
311.448000000 4.271808 4.528834 0.000000 0.00000000 0.00000000 0.35861920 0.93348394
311.573000000 4.274377 4.535617 0.000000 0.00000000 0.00000000 0.35924668 0.93324264
311.698000000 4.285416 4.536963 0.000000 0.00000000 0.00000000 0.35867520 0.93346243
311.823000000 4.284949 4.541896 0.000000 0.00000000 0.00000000 0.35853397 0.93351668
311.948000000 4.292476 4.550079 0.000000 0.00000000 0.00000000 0.35870899 0.93344944
312.073000000 4.299793 4.554045 0.000000 0.00000000 0.00000000 0.35947459 0.93315487
312.198000000 4.307210 4.558167 0.000000 0.00000000 0.00000000 0.35912089 0.93329105
312.323000000 4.311684 4.565312 0.000000 0.00000000 0.00000000 0.35848427 0.93353577
312.448000000 4.312636 4.570413 0.000000 0.00000000 0.00000000 0.35413949 0.93519261
312.573000000 4.320547 4.573810 0.000000 0.00000000 0.00000000 0.34803247 0.93748248
312.698000000 4.321652 4.578475 0.000000 0.00000000 0.00000000 0.34220206 0.93962639
312.823000000 4.333106 4.581121 0.000000 0.00000000 0.00000000 0.33621070 0.94178679
312.948000000 4.337027 4.588088 0.000000 0.00000000 0.00000000 0.33022695 0.94390156
313.073000000 4.346036 4.592384 0.000000 0.00000000 0.00000000 0.32437026 0.94593020
313.198000000 4.353089 4.597478 0.000000 0.00000000 0.00000000 0.31867663 0.94786350
313.323000000 4.355379 4.601930 0.000000 0.00000000 0.00000000 0.31213403 0.95003808
313.448000000 4.358796 4.608434 0.000000 0.00000000 0.00000000 0.30721365 0.95164057
313.573000000 4.370422 4.613357 0.000000 0.00000000 0.00000000 0.30086788 0.95366583
313.698000000 4.374541 4.615979 0.000000 0.00000000 0.00000000 0.29486987 0.95553742
313.823000000 4.378458 4.616964 0.000000 0.00000000 0.00000000 0.28961699 0.95714262
313.948000000 4.383582 4.623587 0.000000 0.00000000 0.00000000 0.28788599 0.95766469
314.073000000 4.394434 4.628932 0.000000 0.00000000 0.00000000 0.29133480 0.95662115
314.198000000 4.397750 4.631687 0.000000 0.00000000 0.00000000 0.29727624 0.95479151
314.323000000 4.406314 4.636172 0.000000 0.00000000 0.00000000 0.30390670 0.95270180
314.448000000 4.411405 4.640855 0.000000 0.00000000 0.00000000 0.30937498 0.95094013
314.573000000 4.419766 4.644526 0.000000 0.00000000 0.00000000 0.31526133 0.94900490
314.698000000 4.424828 4.650147 0.000000 0.00000000 0.00000000 0.32154514 0.94689425
314.823000000 4.432548 4.652197 0.000000 0.00000000 0.00000000 0.32720975 0.94495173
314.948000000 4.435247 4.658439 0.000000 0.00000000 0.00000000 0.33312489 0.94288271
315.073000000 4.442819 4.663035 0.000000 0.00000000 0.00000000 0.33883761 0.94084487
315.198000000 4.448449 4.667902 0.000000 0.00000000 0.00000000 0.34500079 0.93860239
315.323000000 4.454734 4.670008 0.000000 0.00000000 0.00000000 0.35000698 0.93674709
315.448000000 4.459354 4.676396 0.000000 0.00000000 0.00000000 0.35598476 0.93449176
315.573000000 4.458601 4.681476 0.000000 0.00000000 0.00000000 0.36163769 0.93231871
315.698000000 4.469048 4.686645 0.000000 0.00000000 0.00000000 0.36789607 0.92986691
315.823000000 4.473770 4.692091 0.000000 0.00000000 0.00000000 0.37377528 0.92751929
315.948000000 4.482659 4.696508 0.000000 0.00000000 0.00000000 0.37921426 0.92530889
316.073000000 4.483525 4.702542 0.000000 0.00000000 0.00000000 0.38501974 0.92290834
316.198000000 4.489665 4.709680 0.000000 0.00000000 0.00000000 0.38830139 0.92153244
316.323000000 4.493571 4.713784 0.000000 0.00000000 0.00000000 0.38818375 0.92158200
316.448000000 4.504677 4.717411 0.000000 0.00000000 0.00000000 0.38831282 0.92152762
316.573000000 4.507728 4.724662 0.000000 0.00000000 0.00000000 0.38871235 0.92135916
316.698000000 4.514284 4.729487 0.000000 0.00000000 0.00000000 0.38834367 0.92151462
316.823000000 4.515193 4.734021 0.000000 0.00000000 0.00000000 0.38823341 0.92156108
316.948000000 4.523578 4.739971 0.000000 0.00000000 0.00000000 0.38837502 0.92150141
317.073000000 4.528012 4.744525 0.000000 0.00000000 0.00000000 0.38805790 0.92163499
317.198000000 4.535850 4.750522 0.000000 0.00000000 0.00000000 0.38818375 0.92158200
317.323000000 4.540308 4.758635 0.000000 0.00000000 0.00000000 0.38936348 0.92108419
317.448000000 4.545372 4.764095 0.000000 0.00000000 0.00000000 0.38869828 0.92136510
317.573000000 4.546762 4.770170 0.000000 0.00000000 0.00000000 0.38911745 0.92118815
317.698000000 4.550890 4.775557 0.000000 0.00000000 0.00000000 0.38924973 0.92113227
317.823000000 4.557028 4.780200 0.000000 0.00000000 0.00000000 0.38927736 0.92112059
317.948000000 4.566133 4.785235 0.000000 0.00000000 0.00000000 0.38881936 0.92131401
318.073000000 4.567614 4.790727 0.000000 0.00000000 0.00000000 0.38885417 0.92129932
318.198000000 4.577719 4.796104 0.000000 0.00000000 0.00000000 0.38901842 0.92122998
318.323000000 4.577288 4.802872 0.000000 0.00000000 0.00000000 0.38923357 0.92113909
318.448000000 4.584665 4.806192 0.000000 0.00000000 0.00000000 0.38894013 0.92126303
318.573000000 4.590163 4.812182 0.000000 0.00000000 0.00000000 0.38890869 0.92127630
318.698000000 4.593153 4.817976 0.000000 0.00000000 0.00000000 0.38886051 0.92129664
318.823000000 4.599343 4.822826 0.000000 0.00000000 0.00000000 0.38889926 0.92128029
318.948000000 4.608730 4.827243 0.000000 0.00000000 0.00000000 0.38861847 0.92139877
319.073000000 4.610875 4.833495 0.000000 0.00000000 0.00000000 0.38910453 0.92119361
319.198000000 4.619928 4.837626 0.000000 0.00000000 0.00000000 0.38896103 0.92125421
319.323000000 4.621276 4.843745 0.000000 0.00000000 0.00000000 0.38927992 0.92111951
319.448000000 4.626751 4.848562 0.000000 0.00000000 0.00000000 0.38862471 0.92139613
319.573000000 4.634005 4.855072 0.000000 0.00000000 0.00000000 0.38846836 0.92146206
319.698000000 4.639426 4.860150 0.000000 0.00000000 0.00000000 0.38871948 0.92135615
319.823000000 4.645791 4.866514 0.000000 0.00000000 0.00000000 0.38868325 0.92137144
319.948000000 4.645907 4.870096 0.000000 0.00000000 0.00000000 0.38880687 0.92131928
320.073000000 4.658563 4.874984 0.000000 0.00000000 0.00000000 0.38888643 0.92128570
320.198000000 4.662204 4.880049 0.000000 0.00000000 0.00000000 0.38856316 0.92142209
320.323000000 4.666207 4.886540 0.000000 0.00000000 0.00000000 0.38867052 0.92137681
320.448000000 4.667160 4.892826 0.000000 0.00000000 0.00000000 0.38895305 0.92125758
320.573000000 4.672435 4.896945 0.000000 0.00000000 0.00000000 0.38860743 0.92140342
320.698000000 4.679167 4.903128 0.000000 0.00000000 0.00000000 0.38908638 0.92120127
320.823000000 4.685375 4.909471 0.000000 0.00000000 0.00000000 0.38900204 0.92123689
320.948000000 4.689566 4.912602 0.000000 0.00000000 0.00000000 0.38889467 0.92128222
321.073000000 4.691913 4.919813 0.000000 0.00000000 0.00000000 0.38884114 0.92130482
321.198000000 4.699547 4.924440 0.000000 0.00000000 0.00000000 0.38881822 0.92131449
321.323000000 4.701426 4.930991 0.000000 0.00000000 0.00000000 0.38900950 0.92123374
321.448000000 4.710853 4.936800 0.000000 0.00000000 0.00000000 0.38911832 0.92118779
321.573000000 4.715262 4.941294 0.000000 0.00000000 0.00000000 0.38916009 0.92117014
321.698000000 4.722541 4.945124 0.000000 0.00000000 0.00000000 0.38831355 0.92152731
321.823000000 4.727393 4.951095 0.000000 0.00000000 0.00000000 0.38952917 0.92101413
321.948000000 4.733027 4.954910 0.000000 0.00000000 0.00000000 0.38883864 0.92130587
322.073000000 4.732759 4.961371 0.000000 0.00000000 0.00000000 0.38888265 0.92128730
322.198000000 4.743512 4.965804 0.000000 0.00000000 0.00000000 0.38848603 0.92145461
322.323000000 4.744443 4.970796 0.000000 0.00000000 0.00000000 0.38858652 0.92141224
322.448000000 4.749840 4.980336 0.000000 0.00000000 0.00000000 0.38906258 0.92121133
322.573000000 4.754357 4.981586 0.000000 0.00000000 0.00000000 0.38851067 0.92144423
322.698000000 4.761180 4.988907 0.000000 0.00000000 0.00000000 0.38890732 0.92127689
322.823000000 4.761317 4.991574 0.000000 0.00000000 0.00000000 0.38815477 0.92159420
322.948000000 4.767613 5.000940 0.000000 0.00000000 0.00000000 0.38909853 0.92119614
323.073000000 4.773447 5.005997 0.000000 0.00000000 0.00000000 0.38844098 0.92147361
323.198000000 4.780180 5.010975 0.000000 0.00000000 0.00000000 0.38916164 0.92116948
323.323000000 4.786633 5.016489 0.000000 0.00000000 0.00000000 0.38812622 0.92160622
323.448000000 4.786714 5.020501 0.000000 0.00000000 0.00000000 0.38824515 0.92155613
323.573000000 4.795557 5.024075 0.000000 0.00000000 0.00000000 0.38759751 0.92182871
323.698000000 4.792676 5.032486 0.000000 0.00000000 0.00000000 0.38810081 0.92161693
323.823000000 4.803477 5.035011 0.000000 0.00000000 0.00000000 0.38789696 0.92170275
323.948000000 4.806325 5.043423 0.000000 0.00000000 0.00000000 0.38818272 0.92158243
324.073000000 4.815441 5.047627 0.000000 0.00000000 0.00000000 0.38817257 0.92158670
324.198000000 4.817985 5.051091 0.000000 0.00000000 0.00000000 0.38778606 0.92174941
324.323000000 4.824268 5.058694 0.000000 0.00000000 0.00000000 0.38823609 0.92155995
324.448000000 4.830804 5.062065 0.000000 0.00000000 0.00000000 0.38792199 0.92169221
324.573000000 4.832643 5.065826 0.000000 0.00000000 0.00000000 0.38758537 0.92183381
324.698000000 4.837728 5.073807 0.000000 0.00000000 0.00000000 0.38803921 0.92164287
324.823000000 4.846300 5.078262 0.000000 0.00000000 0.00000000 0.38774447 0.92176691
324.948000000 4.852370 5.081581 0.000000 0.00000000 0.00000000 0.38776924 0.92175649
325.073000000 4.854940 5.087768 0.000000 0.00000000 0.00000000 0.38783700 0.92172798
325.198000000 4.863188 5.096046 0.000000 0.00000000 0.00000000 0.38851291 0.92144328
325.323000000 4.873194 5.098999 0.000000 0.00000000 0.00000000 0.38829825 0.92153376
325.448000000 4.872926 5.104523 0.000000 0.00000000 0.00000000 0.38797224 0.92167106
325.573000000 4.880336 5.109176 0.000000 0.00000000 0.00000000 0.38794437 0.92168279
325.698000000 4.884362 5.116710 0.000000 0.00000000 0.00000000 0.38792291 0.92169182
325.823000000 4.883259 5.124420 0.000000 0.00000000 0.00000000 0.38855754 0.92142446
325.948000000 4.899178 5.126559 0.000000 0.00000000 0.00000000 0.38823805 0.92155912
326.073000000 4.901202 5.131829 0.000000 0.00000000 0.00000000 0.38818739 0.92158046
326.198000000 4.907450 5.135509 0.000000 0.00000000 0.00000000 0.38825772 0.92155084
326.323000000 4.909617 5.144162 0.000000 0.00000000 0.00000000 0.38842375 0.92148087
326.448000000 4.915254 5.144648 0.000000 0.00000000 0.00000000 0.38430865 0.92320467
326.573000000 4.923761 5.155011 0.000000 0.00000000 0.00000000 0.37979339 0.92507134
326.698000000 4.932434 5.158273 0.000000 0.00000000 0.00000000 0.37348546 0.92763603
326.823000000 4.932189 5.160392 0.000000 0.00000000 0.00000000 0.36665342 0.93035760
326.948000000 4.939149 5.166492 0.000000 0.00000000 0.00000000 0.36131359 0.93244436
327.073000000 4.944260 5.171439 0.000000 0.00000000 0.00000000 0.35572266 0.93459156
327.198000000 4.953951 5.179753 0.000000 0.00000000 0.00000000 0.35032294 0.93662898
327.323000000 4.956651 5.183347 0.000000 0.00000000 0.00000000 0.34468363 0.93871891
327.448000000 4.958021 5.188148 0.000000 0.00000000 0.00000000 0.33818881 0.94107828
327.573000000 4.964064 5.190273 0.000000 0.00000000 0.00000000 0.33228453 0.94317919
327.698000000 4.970876 5.198984 0.000000 0.00000000 0.00000000 0.32681317 0.94508896
327.823000000 4.976911 5.201019 0.000000 0.00000000 0.00000000 0.32025651 0.94733087
327.948000000 4.984048 5.204788 0.000000 0.00000000 0.00000000 0.31479786 0.94915874
328.073000000 4.988812 5.208774 0.000000 0.00000000 0.00000000 0.30831861 0.95128315
328.198000000 4.995033 5.213965 0.000000 0.00000000 0.00000000 0.30276225 0.95306611
328.323000000 5.006002 5.219041 0.000000 0.00000000 0.00000000 0.29727342 0.95479239
328.448000000 5.008881 5.223884 0.000000 0.00000000 0.00000000 0.29173438 0.95649937
328.573000000 5.018518 5.228754 0.000000 0.00000000 0.00000000 0.28595562 0.95824286
328.698000000 5.021366 5.231202 0.000000 0.00000000 0.00000000 0.27948285 0.96015068
328.948000000 5.029815 5.238543 0.000000 0.00000000 0.00000000 0.26708266 0.96367362
329.073000000 5.040982 5.243696 0.000000 0.00000000 0.00000000 0.26148991 0.96520621
329.198000000 5.046050 5.247204 0.000000 0.00000000 0.00000000 0.25575158 0.96674253
329.323000000 5.055048 5.251575 0.000000 0.00000000 0.00000000 0.24953144 0.96836670
329.448000000 5.062564 5.253496 0.000000 0.00000000 0.00000000 0.24323482 0.96996743
329.573000000 5.067052 5.259464 0.000000 0.00000000 0.00000000 0.23761676 0.97135898
329.698000000 5.071857 5.259909 0.000000 0.00000000 0.00000000 0.23081084 0.97299864
329.823000000 5.081900 5.265981 0.000000 0.00000000 0.00000000 0.22562065 0.97421523
329.948000000 5.087869 5.265988 0.000000 0.00000000 0.00000000 0.21858771 0.97581731
330.073000000 5.098963 5.267951 0.000000 0.00000000 0.00000000 0.21232215 0.97719973
330.198000000 5.100766 5.271675 0.000000 0.00000000 0.00000000 0.20621106 0.97850754
330.323000000 5.109988 5.278315 0.000000 0.00000000 0.00000000 0.20221066 0.97934205
330.448000000 5.114553 5.279533 0.000000 0.00000000 0.00000000 0.19487484 0.98082812
330.573000000 5.120524 5.282071 0.000000 0.00000000 0.00000000 0.18913061 0.98195194
330.698000000 5.129925 5.285498 0.000000 0.00000000 0.00000000 0.18289789 0.98313191
330.823000000 5.137607 5.291311 0.000000 0.00000000 0.00000000 0.17724034 0.98416760
330.948000000 5.142082 5.291938 0.000000 0.00000000 0.00000000 0.17070967 0.98532137
331.073000000 5.151988 5.294019 0.000000 0.00000000 0.00000000 0.16440702 0.98639259
331.198000000 5.158550 5.294998 0.000000 0.00000000 0.00000000 0.15845092 0.98736685
331.323000000 5.165409 5.298390 0.000000 0.00000000 0.00000000 0.15225025 0.98834198
331.448000000 5.171850 5.303140 0.000000 0.00000000 0.00000000 0.14638574 0.98922758
331.573000000 5.179500 5.301789 0.000000 0.00000000 0.00000000 0.14005402 0.99014386
331.698000000 5.188365 5.305104 0.000000 0.00000000 0.00000000 0.13414750 0.99096138
331.823000000 5.193080 5.308394 0.000000 0.00000000 0.00000000 0.12790446 0.99178649
331.948000000 5.199940 5.308565 0.000000 0.00000000 0.00000000 0.12183470 0.99255041
332.073000000 5.209762 5.312585 0.000000 0.00000000 0.00000000 0.11614362 0.99323243
332.198000000 5.217645 5.311196 0.000000 0.00000000 0.00000000 0.10927684 0.99401135
332.323000000 5.221046 5.314638 0.000000 0.00000000 0.00000000 0.10322709 0.99465781
332.448000000 5.230461 5.314996 0.000000 0.00000000 0.00000000 0.09677423 0.99530636
332.573000000 5.235491 5.318214 0.000000 0.00000000 0.00000000 0.09088525 0.99586137
332.698000000 5.245123 5.318510 0.000000 0.00000000 0.00000000 0.08419712 0.99644912
332.823000000 5.254407 5.319317 0.000000 0.00000000 0.00000000 0.07820898 0.99693699
332.948000000 5.259017 5.323906 0.000000 0.00000000 0.00000000 0.07276963 0.99734878
333.073000000 5.268919 5.323979 0.000000 0.00000000 0.00000000 0.06618956 0.99780707
333.198000000 5.275983 5.325954 0.000000 0.00000000 0.00000000 0.06060134 0.99816205
333.323000000 5.278504 5.323902 0.000000 0.00000000 0.00000000 0.05330427 0.99857832
333.448000000 5.290389 5.323405 0.000000 0.00000000 0.00000000 0.04673863 0.99890715
333.573000000 5.294351 5.325095 0.000000 0.00000000 0.00000000 0.04115799 0.99915265
333.698000000 5.299947 5.329306 0.000000 0.00000000 0.00000000 0.03528389 0.99937733
333.823000000 5.309895 5.328866 0.000000 0.00000000 0.00000000 0.02891950 0.99958174
333.948000000 5.318630 5.327353 0.000000 0.00000000 0.00000000 0.02236120 0.99974996
334.073000000 5.324447 5.329534 0.000000 0.00000000 0.00000000 0.01640949 0.99986536
334.198000000 5.333652 5.329132 0.000000 0.00000000 0.00000000 0.00989787 0.99995101
334.323000000 5.341571 5.325438 0.000000 0.00000000 0.00000000 0.00333350 0.99999444
334.448000000 5.350367 5.326701 0.000000 0.00000000 0.00000000 -0.00287683 0.99999586
334.573000000 5.360220 5.326642 0.000000 0.00000000 0.00000000 -0.00925119 0.99995721
334.698000000 5.363760 5.326516 0.000000 0.00000000 0.00000000 -0.01533122 0.99988247
334.823000000 5.371264 5.327453 0.000000 0.00000000 0.00000000 -0.02156127 0.99976753
334.948000000 5.379558 5.324828 0.000000 0.00000000 0.00000000 -0.02806762 0.99960603
335.073000000 5.386526 5.325284 0.000000 0.00000000 0.00000000 -0.03382252 0.99942785
335.198000000 5.397857 5.323768 0.000000 0.00000000 0.00000000 -0.04041334 0.99918305
335.323000000 5.403428 5.323571 0.000000 0.00000000 0.00000000 -0.04652943 0.99891692
335.448000000 5.410855 5.325198 0.000000 0.00000000 0.00000000 -0.05222119 0.99863554
335.573000000 5.421852 5.319152 0.000000 0.00000000 0.00000000 -0.05920961 0.99824557
335.698000000 5.423796 5.321206 0.000000 0.00000000 0.00000000 -0.06504834 0.99788211
335.823000000 5.433818 5.318675 0.000000 0.00000000 0.00000000 -0.07166462 0.99742879
335.948000000 5.439779 5.319274 0.000000 0.00000000 0.00000000 -0.07741424 0.99699902
336.073000000 5.448387 5.316871 0.000000 0.00000000 0.00000000 -0.08408327 0.99645873
336.198000000 5.456602 5.314157 0.000000 0.00000000 0.00000000 -0.09014075 0.99592904
336.323000000 5.463819 5.314132 0.000000 0.00000000 0.00000000 -0.09620033 0.99536199
336.448000000 5.472033 5.311596 0.000000 0.00000000 0.00000000 -0.10298739 0.99468266
336.573000000 5.475509 5.312482 0.000000 0.00000000 0.00000000 -0.10846848 0.99409989
336.698000000 5.485851 5.310955 0.000000 0.00000000 0.00000000 -0.11471569 0.99339836
336.823000000 5.491586 5.307328 0.000000 0.00000000 0.00000000 -0.12089246 0.99266561
336.948000000 5.493778 5.307469 0.000000 0.00000000 0.00000000 -0.12682869 0.99192464
337.073000000 5.501281 5.307016 0.000000 0.00000000 0.00000000 -0.13256797 0.99117392
337.198000000 5.513040 5.303664 0.000000 0.00000000 0.00000000 -0.13951652 0.99021974
337.323000000 5.519629 5.301674 0.000000 0.00000000 0.00000000 -0.14556969 0.98934800
337.448000000 5.524847 5.300777 0.000000 0.00000000 0.00000000 -0.15109680 0.98851897
337.573000000 5.530165 5.296190 0.000000 0.00000000 0.00000000 -0.15755818 0.98750971
337.698000000 5.540452 5.293123 0.000000 0.00000000 0.00000000 -0.16424827 0.98641903
337.823000000 5.549148 5.292466 0.000000 0.00000000 0.00000000 -0.16999260 0.98544534
337.948000000 5.553424 5.288463 0.000000 0.00000000 0.00000000 -0.17622108 0.98435061
338.073000000 5.561079 5.286719 0.000000 0.00000000 0.00000000 -0.18183185 0.98332964
338.198000000 5.569908 5.286538 0.000000 0.00000000 0.00000000 -0.18765811 0.98223441
338.323000000 5.576708 5.280791 0.000000 0.00000000 0.00000000 -0.19497500 0.98080821
338.448000000 5.581751 5.278275 0.000000 0.00000000 0.00000000 -0.20062232 0.97966866
338.573000000 5.591090 5.272827 0.000000 0.00000000 0.00000000 -0.20737739 0.97826102
338.698000000 5.597928 5.272687 0.000000 0.00000000 0.00000000 -0.21284518 0.97708594
338.823000000 5.600626 5.269916 0.000000 0.00000000 0.00000000 -0.21856569 0.97582224
338.948000000 5.610180 5.265480 0.000000 0.00000000 0.00000000 -0.22531054 0.97428700
339.073000000 5.616780 5.264807 0.000000 0.00000000 0.00000000 -0.23043524 0.97308766
339.198000000 5.622017 5.260993 0.000000 0.00000000 0.00000000 -0.23675122 0.97157031
339.323000000 5.629111 5.255373 0.000000 0.00000000 0.00000000 -0.24356707 0.96988406
339.448000000 5.637134 5.256006 0.000000 0.00000000 0.00000000 -0.24883260 0.96854651
339.573000000 5.642734 5.250478 0.000000 0.00000000 0.00000000 -0.25469462 0.96702154
339.698000000 5.646669 5.248454 0.000000 0.00000000 0.00000000 -0.26076544 0.96540219
339.823000000 5.653167 5.244556 0.000000 0.00000000 0.00000000 -0.26676901 0.96376050
339.948000000 5.662428 5.238462 0.000000 0.00000000 0.00000000 -0.27319049 0.96195996
340.073000000 5.665646 5.237086 0.000000 0.00000000 0.00000000 -0.27887405 0.96032769
340.198000000 5.676344 5.230596 0.000000 0.00000000 0.00000000 -0.28553368 0.95836868
340.323000000 5.677451 5.227104 0.000000 0.00000000 0.00000000 -0.29121590 0.95665736
340.448000000 5.685710 5.222435 0.000000 0.00000000 0.00000000 -0.29732643 0.95477589
340.573000000 5.689845 5.221934 0.000000 0.00000000 0.00000000 -0.30236444 0.95319240
340.698000000 5.695369 5.214903 0.000000 0.00000000 0.00000000 -0.30871840 0.95115348
340.823000000 5.702793 5.207902 0.000000 0.00000000 0.00000000 -0.31501928 0.94908527
340.948000000 5.707303 5.204379 0.000000 0.00000000 0.00000000 -0.32076602 0.94715847
341.073000000 5.718523 5.201868 0.000000 0.00000000 0.00000000 -0.32166814 0.94685247
341.198000000 5.723847 5.195485 0.000000 0.00000000 0.00000000 -0.32165168 0.94685806
341.323000000 5.727430 5.191762 0.000000 0.00000000 0.00000000 -0.32136002 0.94695709
341.448000000 5.734070 5.186903 0.000000 0.00000000 0.00000000 -0.32155066 0.94689238
341.573000000 5.741832 5.182958 0.000000 0.00000000 0.00000000 -0.32154822 0.94689321
341.698000000 5.747362 5.177510 0.000000 0.00000000 0.00000000 -0.32183566 0.94679555
341.823000000 5.750834 5.174762 0.000000 0.00000000 0.00000000 -0.32086292 0.94712564
341.948000000 5.758726 5.169214 0.000000 0.00000000 0.00000000 -0.32105263 0.94706135
342.073000000 5.763359 5.165924 0.000000 0.00000000 0.00000000 -0.32065813 0.94719500
342.198000000 5.771026 5.163626 0.000000 0.00000000 0.00000000 -0.32059942 0.94721487
342.323000000 5.778000 5.153476 0.000000 0.00000000 0.00000000 -0.32542370 0.94556830
342.448000000 5.783643 5.147772 0.000000 0.00000000 0.00000000 -0.33126534 0.94353764
342.573000000 5.784515 5.145968 0.000000 0.00000000 0.00000000 -0.33659173 0.94165068
342.698000000 5.791449 5.139428 0.000000 0.00000000 0.00000000 -0.34312531 0.93928964
342.823000000 5.797492 5.135645 0.000000 0.00000000 0.00000000 -0.34908820 0.93708987
342.948000000 5.805691 5.129397 0.000000 0.00000000 0.00000000 -0.35520453 0.93478861
343.073000000 5.810499 5.124529 0.000000 0.00000000 0.00000000 -0.36078756 0.93264803
343.198000000 5.810994 5.120904 0.000000 0.00000000 0.00000000 -0.36645229 0.93043684
343.323000000 5.819981 5.113457 0.000000 0.00000000 0.00000000 -0.37237104 0.92808394
343.448000000 5.823501 5.101620 0.000000 0.00000000 0.00000000 -0.37929091 0.92527747
343.573000000 5.828911 5.101259 0.000000 0.00000000 0.00000000 -0.38391708 0.92336758
343.698000000 5.835439 5.091162 0.000000 0.00000000 0.00000000 -0.39069529 0.92052007
343.823000000 5.840817 5.086878 0.000000 0.00000000 0.00000000 -0.39601179 0.91824542
343.948000000 5.846425 5.079375 0.000000 0.00000000 0.00000000 -0.39858733 0.91713038
344.073000000 5.852492 5.075998 0.000000 0.00000000 0.00000000 -0.39773243 0.91750145
344.198000000 5.856920 5.077837 0.000000 0.00000000 0.00000000 -0.39588379 0.91830062
344.323000000 5.865383 5.071768 0.000000 0.00000000 0.00000000 -0.39637067 0.91809057
344.448000000 5.867254 5.067687 0.000000 0.00000000 0.00000000 -0.39597270 0.91826228
344.573000000 5.870736 5.060523 0.000000 0.00000000 0.00000000 -0.39619621 0.91816587
344.698000000 5.878836 5.053467 0.000000 0.00000000 0.00000000 -0.39638645 0.91808376
344.823000000 5.884688 5.048717 0.000000 0.00000000 0.00000000 -0.39660326 0.91799012
344.948000000 5.888164 5.041875 0.000000 0.00000000 0.00000000 -0.39688035 0.91787035
345.073000000 5.892787 5.035034 0.000000 0.00000000 0.00000000 -0.39674916 0.91792707
345.198000000 5.896994 5.028786 0.000000 0.00000000 0.00000000 -0.39673831 0.91793176
345.323000000 5.905175 5.029491 0.000000 0.00000000 0.00000000 -0.39576911 0.91835005
345.448000000 5.908274 5.018768 0.000000 0.00000000 0.00000000 -0.39629380 0.91812375
345.573000000 5.911841 5.013116 0.000000 0.00000000 0.00000000 -0.39664793 0.91797081
345.698000000 5.915992 5.006292 0.000000 0.00000000 0.00000000 -0.39708430 0.91778214
345.823000000 5.923010 5.006035 0.000000 0.00000000 0.00000000 -0.39595083 0.91827171
345.948000000 5.929095 4.999757 0.000000 0.00000000 0.00000000 -0.39609778 0.91820833
346.073000000 5.937017 4.993759 0.000000 0.00000000 0.00000000 -0.39619327 0.91816714
346.198000000 5.937941 4.987975 0.000000 0.00000000 0.00000000 -0.39632497 0.91811030
346.323000000 5.946506 4.986966 0.000000 0.00000000 0.00000000 -0.39534151 0.91853421
346.448000000 5.950364 4.979886 0.000000 0.00000000 0.00000000 -0.39550323 0.91846459
346.573000000 5.956204 4.974681 0.000000 0.00000000 0.00000000 -0.39539262 0.91851221
346.698000000 5.964012 4.972740 0.000000 0.00000000 0.00000000 -0.39561289 0.91841736
346.823000000 5.964333 4.965273 0.000000 0.00000000 0.00000000 -0.39519453 0.91859746
346.948000000 5.971956 4.963422 0.000000 0.00000000 0.00000000 -0.39478427 0.91877385
347.073000000 5.976571 4.951817 0.000000 0.00000000 0.00000000 -0.39570194 0.91837899
347.198000000 5.981700 4.946455 0.000000 0.00000000 0.00000000 -0.39536718 0.91852316
347.323000000 5.988452 4.938358 0.000000 0.00000000 0.00000000 -0.39612691 0.91819577
347.448000000 5.994346 4.935429 0.000000 0.00000000 0.00000000 -0.39567139 0.91839216
347.573000000 5.998571 4.930427 0.000000 0.00000000 0.00000000 -0.39543943 0.91849206
347.698000000 6.002794 4.926266 0.000000 0.00000000 0.00000000 -0.39552065 0.91845709
347.823000000 6.006832 4.918427 0.000000 0.00000000 0.00000000 -0.39567408 0.91839100
347.948000000 6.014036 4.913931 0.000000 0.00000000 0.00000000 -0.39584062 0.91831923
348.073000000 6.016271 4.908353 0.000000 0.00000000 0.00000000 -0.39598815 0.91825562
348.198000000 6.021827 4.902713 0.000000 0.00000000 0.00000000 -0.39562041 0.91841412
348.323000000 6.028615 4.896594 0.000000 0.00000000 0.00000000 -0.39567113 0.91839227
348.448000000 6.030851 4.895187 0.000000 0.00000000 0.00000000 -0.39486392 0.91873962
348.573000000 6.036855 4.891170 0.000000 0.00000000 0.00000000 -0.39783893 0.91745528
348.698000000 6.043760 4.883419 0.000000 0.00000000 0.00000000 -0.40405311 0.91473553
348.823000000 6.048020 4.877333 0.000000 0.00000000 0.00000000 -0.40968940 0.91222508
348.948000000 6.052237 4.873315 0.000000 0.00000000 0.00000000 -0.41529570 0.90968647
349.073000000 6.058329 4.865703 0.000000 0.00000000 0.00000000 -0.42129927 0.90692168
349.198000000 6.064860 4.860032 0.000000 0.00000000 0.00000000 -0.42712618 0.90419203
349.323000000 6.064788 4.857698 0.000000 0.00000000 0.00000000 -0.43176981 0.90198383
349.448000000 6.072165 4.848964 0.000000 0.00000000 0.00000000 -0.43808519 0.89893346
349.573000000 6.076428 4.842385 0.000000 0.00000000 0.00000000 -0.44367716 0.89618668
349.698000000 6.082318 4.837660 0.000000 0.00000000 0.00000000 -0.44950913 0.89327574
349.823000000 6.090937 4.838228 0.000000 0.00000000 0.00000000 -0.45368226 0.89116351
349.948000000 6.090531 4.827693 0.000000 0.00000000 0.00000000 -0.46032165 0.88775220
350.073000000 6.096492 4.822631 0.000000 0.00000000 0.00000000 -0.46510472 0.88525567
350.198000000 6.101083 4.814728 0.000000 0.00000000 0.00000000 -0.47089008 0.88219189
350.323000000 6.104595 4.806807 0.000000 0.00000000 0.00000000 -0.47727093 0.87875620
350.448000000 6.107672 4.803778 0.000000 0.00000000 0.00000000 -0.48187804 0.87623830
350.573000000 6.113064 4.796009 0.000000 0.00000000 0.00000000 -0.48714166 0.87332296
350.698000000 6.121295 4.794626 0.000000 0.00000000 0.00000000 -0.49153223 0.87085938
350.823000000 6.118154 4.774857 0.000000 0.00000000 0.00000000 -0.49922606 0.86647178
350.948000000 6.121915 4.771716 0.000000 0.00000000 0.00000000 -0.50470953 0.86328923
351.073000000 6.127430 4.767905 0.000000 0.00000000 0.00000000 -0.50954889 0.86044171
351.198000000 6.129257 4.755462 0.000000 0.00000000 0.00000000 -0.51585147 0.85667804
351.323000000 6.132356 4.749822 0.000000 0.00000000 0.00000000 -0.52112491 0.85348042
351.448000000 6.134266 4.742723 0.000000 0.00000000 0.00000000 -0.52681026 0.84998291
351.573000000 6.140096 4.741699 0.000000 0.00000000 0.00000000 -0.53112199 0.84729536
351.698000000 6.140917 4.733885 0.000000 0.00000000 0.00000000 -0.53641900 0.84395181
351.823000000 6.143405 4.727073 0.000000 0.00000000 0.00000000 -0.54147725 0.84071540
351.948000000 6.146094 4.716485 0.000000 0.00000000 0.00000000 -0.54724320 0.83697365
352.073000000 6.148071 4.712331 0.000000 0.00000000 0.00000000 -0.55226871 0.83366617
352.198000000 6.151369 4.704965 0.000000 0.00000000 0.00000000 -0.55432615 0.83229953
352.323000000 6.153824 4.699571 0.000000 0.00000000 0.00000000 -0.55391380 0.83257402
352.448000000 6.160927 4.688887 0.000000 0.00000000 0.00000000 -0.55465973 0.83207727
352.573000000 6.160579 4.683319 0.000000 0.00000000 0.00000000 -0.55386465 0.83260672
352.698000000 6.164482 4.677385 0.000000 0.00000000 0.00000000 -0.55387855 0.83259747
352.823000000 6.167269 4.670486 0.000000 0.00000000 0.00000000 -0.55411886 0.83243756
352.948000000 6.170953 4.662369 0.000000 0.00000000 0.00000000 -0.55406605 0.83247271
353.073000000 6.170798 4.658436 0.000000 0.00000000 0.00000000 -0.55365470 0.83274635
353.198000000 6.174448 4.655662 0.000000 0.00000000 0.00000000 -0.55334791 0.83295023
353.323000000 6.179736 4.642315 0.000000 0.00000000 0.00000000 -0.55410385 0.83244755
353.448000000 6.182598 4.632127 0.000000 0.00000000 0.00000000 -0.55461129 0.83210956
353.573000000 6.187104 4.625974 0.000000 0.00000000 0.00000000 -0.55458696 0.83212578
353.698000000 6.190836 4.622917 0.000000 0.00000000 0.00000000 -0.55434650 0.83228598
353.823000000 6.194107 4.614592 0.000000 0.00000000 0.00000000 -0.55454529 0.83215355
353.948000000 6.194613 4.609435 0.000000 0.00000000 0.00000000 -0.55613675 0.83109080
354.073000000 6.196418 4.602344 0.000000 0.00000000 0.00000000 -0.56079292 0.82795610
354.198000000 6.202651 4.590183 0.000000 0.00000000 0.00000000 -0.56670383 0.82392158
354.323000000 6.203689 4.588452 0.000000 0.00000000 0.00000000 -0.57101296 0.82094105
354.448000000 6.204428 4.581402 0.000000 0.00000000 0.00000000 -0.57564054 0.81770286
354.573000000 6.209607 4.574006 0.000000 0.00000000 0.00000000 -0.58141469 0.81360738
354.698000000 6.211503 4.565602 0.000000 0.00000000 0.00000000 -0.58650396 0.80994636
354.823000000 6.212679 4.557730 0.000000 0.00000000 0.00000000 -0.59130606 0.80644724
354.948000000 6.217168 4.553934 0.000000 0.00000000 0.00000000 -0.59609179 0.80291630
355.073000000 6.218244 4.547351 0.000000 0.00000000 0.00000000 -0.60080213 0.79939777
355.198000000 6.220398 4.539861 0.000000 0.00000000 0.00000000 -0.60594186 0.79550893
355.323000000 6.223335 4.532024 0.000000 0.00000000 0.00000000 -0.61133292 0.79137353
355.448000000 6.223806 4.523762 0.000000 0.00000000 0.00000000 -0.61615898 0.78762180
355.573000000 6.225817 4.519037 0.000000 0.00000000 0.00000000 -0.62047344 0.78422746
355.698000000 6.226425 4.512213 0.000000 0.00000000 0.00000000 -0.62251002 0.78261183
355.823000000 6.231397 4.497170 0.000000 0.00000000 0.00000000 -0.62346708 0.78184960
355.948000000 6.231662 4.496716 0.000000 0.00000000 0.00000000 -0.62230871 0.78277191
356.073000000 6.234207 4.488907 0.000000 0.00000000 0.00000000 -0.62208635 0.78294864
356.198000000 6.234410 4.480569 0.000000 0.00000000 0.00000000 -0.62254389 0.78258489
356.323000000 6.235302 4.473785 0.000000 0.00000000 0.00000000 -0.62220155 0.78285710
356.448000000 6.237827 4.466793 0.000000 0.00000000 0.00000000 -0.62258365 0.78255325
356.573000000 6.240452 4.458706 0.000000 0.00000000 0.00000000 -0.62245530 0.78265535
356.698000000 6.240725 4.455345 0.000000 0.00000000 0.00000000 -0.62192968 0.78307310
356.823000000 6.242700 4.444761 0.000000 0.00000000 0.00000000 -0.62198352 0.78303033
356.948000000 6.246280 4.441985 0.000000 0.00000000 0.00000000 -0.62137842 0.78351060
357.073000000 6.248385 4.431755 0.000000 0.00000000 0.00000000 -0.62190265 0.78309456
357.198000000 6.249302 4.422644 0.000000 0.00000000 0.00000000 -0.62187607 0.78311567
357.323000000 6.247056 4.412249 0.000000 0.00000000 0.00000000 -0.62241581 0.78268676
357.448000000 6.248046 4.406005 0.000000 0.00000000 0.00000000 -0.62223283 0.78283224
357.573000000 6.249510 4.401418 0.000000 0.00000000 0.00000000 -0.62215272 0.78289590
357.698000000 6.251857 4.395083 0.000000 0.00000000 0.00000000 -0.62217965 0.78287450
357.823000000 6.255728 4.385262 0.000000 0.00000000 0.00000000 -0.62218028 0.78287400
357.948000000 6.258490 4.381811 0.000000 0.00000000 0.00000000 -0.62116110 0.78368290
358.073000000 6.261677 4.372716 0.000000 0.00000000 0.00000000 -0.62210090 0.78293708
358.198000000 6.262372 4.365495 0.000000 0.00000000 0.00000000 -0.62070462 0.78404450
358.323000000 6.264382 4.356031 0.000000 0.00000000 0.00000000 -0.62195176 0.78305556
358.448000000 6.263348 4.348381 0.000000 0.00000000 0.00000000 -0.62242239 0.78268153
358.573000000 6.263266 4.346851 0.000000 0.00000000 0.00000000 -0.62145984 0.78344602
358.698000000 6.266702 4.337504 0.000000 0.00000000 0.00000000 -0.62144464 0.78345808
358.823000000 6.263010 4.334860 0.000000 0.00000000 0.00000000 -0.62265665 0.78249518
358.948000000 6.267573 4.327282 0.000000 0.00000000 0.00000000 -0.62208370 0.78295075
359.073000000 6.267687 4.313221 0.000000 0.00000000 0.00000000 -0.62671262 0.77925047
359.198000000 6.269462 4.308782 0.000000 0.00000000 0.00000000 -0.63089426 0.77586882
359.323000000 6.275051 4.297423 0.000000 0.00000000 0.00000000 -0.63714243 0.77074608
359.448000000 6.277344 4.289940 0.000000 0.00000000 0.00000000 -0.64254954 0.76624414
359.573000000 6.277742 4.279188 0.000000 0.00000000 0.00000000 -0.64712990 0.76237976
359.698000000 6.277452 4.275527 0.000000 0.00000000 0.00000000 -0.65152042 0.75863110
359.823000000 6.279514 4.267757 0.000000 0.00000000 0.00000000 -0.65665410 0.75419188
359.948000000 6.280566 4.263576 0.000000 0.00000000 0.00000000 -0.66046768 0.75085447
360.073000000 6.284392 4.254426 0.000000 0.00000000 0.00000000 -0.66501280 0.74683196
360.198000000 6.280598 4.247005 0.000000 0.00000000 0.00000000 -0.66512451 0.74673247
360.323000000 6.285906 4.239332 0.000000 0.00000000 0.00000000 -0.66602805 0.74592669
360.448000000 6.287691 4.231776 0.000000 0.00000000 0.00000000 -0.66559801 0.74631045
360.573000000 6.286174 4.223680 0.000000 0.00000000 0.00000000 -0.66579750 0.74613249
360.698000000 6.287714 4.217588 0.000000 0.00000000 0.00000000 -0.66569687 0.74622227
360.823000000 6.288121 4.211590 0.000000 0.00000000 0.00000000 -0.66544587 0.74644611
360.948000000 6.290322 4.206283 0.000000 0.00000000 0.00000000 -0.66502037 0.74682522
361.073000000 6.291827 4.198661 0.000000 0.00000000 0.00000000 -0.66457893 0.74721807
361.198000000 6.289380 4.189747 0.000000 0.00000000 0.00000000 -0.66710085 0.74496742
361.323000000 6.291628 4.179625 0.000000 0.00000000 0.00000000 -0.67128171 0.74120231
361.448000000 6.290986 4.170497 0.000000 0.00000000 0.00000000 -0.67618255 0.73673412
361.573000000 6.287861 4.168605 0.000000 0.00000000 0.00000000 -0.67896364 0.73417190
361.698000000 6.288259 4.158691 0.000000 0.00000000 0.00000000 -0.68495397 0.72858634
361.823000000 6.291072 4.151782 0.000000 0.00000000 0.00000000 -0.68697813 0.72667809
361.948000000 6.293190 4.143922 0.000000 0.00000000 0.00000000 -0.68638483 0.72723852
362.073000000 6.294210 4.141018 0.000000 0.00000000 0.00000000 -0.68587320 0.72772106
362.198000000 6.296485 4.126279 0.000000 0.00000000 0.00000000 -0.68601622 0.72758625
362.323000000 6.294246 4.118675 0.000000 0.00000000 0.00000000 -0.68542076 0.72814723
362.448000000 6.293213 4.108154 0.000000 0.00000000 0.00000000 -0.68636034 0.72726163
362.573000000 6.293166 4.101444 0.000000 0.00000000 0.00000000 -0.68731900 0.72635569
362.698000000 6.295311 4.096686 0.000000 0.00000000 0.00000000 -0.68679039 0.72685553
362.823000000 6.296866 4.083353 0.000000 0.00000000 0.00000000 -0.68684930 0.72679986
362.948000000 6.296444 4.080946 0.000000 0.00000000 0.00000000 -0.68666510 0.72697390
363.073000000 6.296663 4.074749 0.000000 0.00000000 0.00000000 -0.68613797 0.72747143
363.198000000 6.297518 4.069140 0.000000 0.00000000 0.00000000 -0.68639265 0.72723114
363.323000000 6.295470 4.057354 0.000000 0.00000000 0.00000000 -0.68667703 0.72696263
363.448000000 6.296100 4.046239 0.000000 0.00000000 0.00000000 -0.68685953 0.72679019
363.573000000 6.299268 4.044951 0.000000 0.00000000 0.00000000 -0.68598306 0.72761751
363.698000000 6.298953 4.039816 0.000000 0.00000000 0.00000000 -0.68596405 0.72763543
363.823000000 6.300776 4.029878 0.000000 0.00000000 0.00000000 -0.68648373 0.72714517
363.948000000 6.302207 4.025299 0.000000 0.00000000 0.00000000 -0.68606059 0.72754441
364.073000000 6.302822 4.017217 0.000000 0.00000000 0.00000000 -0.68628437 0.72733332
364.198000000 6.301787 4.011249 0.000000 0.00000000 0.00000000 -0.68577636 0.72781233
364.323000000 6.302246 4.005016 0.000000 0.00000000 0.00000000 -0.68600283 0.72759888
364.448000000 6.302750 3.997630 0.000000 0.00000000 0.00000000 -0.68581117 0.72777953
364.573000000 6.302131 3.986082 0.000000 0.00000000 0.00000000 -0.68664899 0.72698911
364.698000000 6.304767 3.974834 0.000000 0.00000000 0.00000000 -0.68653021 0.72710128
364.823000000 6.306084 3.973797 0.000000 0.00000000 0.00000000 -0.68603821 0.72756552
364.948000000 6.303847 3.964118 0.000000 0.00000000 0.00000000 -0.68648321 0.72714566
365.073000000 6.302845 3.957675 0.000000 0.00000000 0.00000000 -0.68628018 0.72733728
365.198000000 6.304317 3.952162 0.000000 0.00000000 0.00000000 -0.68579431 0.72779541
365.323000000 6.302622 3.940874 0.000000 0.00000000 0.00000000 -0.68562114 0.72795855
365.448000000 6.303462 3.934365 0.000000 0.00000000 0.00000000 -0.68576883 0.72781942
365.573000000 6.305169 3.927814 0.000000 0.00000000 0.00000000 -0.68551978 0.72805401
365.698000000 6.304379 3.919450 0.000000 0.00000000 0.00000000 -0.68568962 0.72789405
365.823000000 6.302667 3.910079 0.000000 0.00000000 0.00000000 -0.68599379 0.72760740
365.948000000 6.304096 3.904880 0.000000 0.00000000 0.00000000 -0.68562118 0.72795851
366.073000000 6.300134 3.894341 0.000000 0.00000000 0.00000000 -0.68724744 0.72642340
366.198000000 6.305237 3.886136 0.000000 0.00000000 0.00000000 -0.68644987 0.72717713
366.323000000 6.309596 3.881709 0.000000 0.00000000 0.00000000 -0.68617590 0.72743566
366.448000000 6.305660 3.870555 0.000000 0.00000000 0.00000000 -0.68671437 0.72692735
366.573000000 6.300343 3.863786 0.000000 0.00000000 0.00000000 -0.68741490 0.72626493
366.698000000 6.310226 3.854285 0.000000 0.00000000 0.00000000 -0.68651256 0.72711795
366.823000000 6.308396 3.846856 0.000000 0.00000000 0.00000000 -0.68619383 0.72741874
366.948000000 6.305603 3.840878 0.000000 0.00000000 0.00000000 -0.68533393 0.72822895
367.073000000 6.307171 3.831082 0.000000 0.00000000 0.00000000 -0.68689011 0.72676129
367.198000000 6.309878 3.822378 0.000000 0.00000000 0.00000000 -0.68729989 0.72637377
367.323000000 6.313696 3.821409 0.000000 0.00000000 0.00000000 -0.68612415 0.72748447
367.448000000 6.314092 3.814009 0.000000 0.00000000 0.00000000 -0.68629415 0.72732410
367.573000000 6.312666 3.802467 0.000000 0.00000000 0.00000000 -0.68616625 0.72744476
367.698000000 6.316153 3.799676 0.000000 0.00000000 0.00000000 -0.68586775 0.72772620
367.823000000 6.311723 3.790686 0.000000 0.00000000 0.00000000 -0.68548419 0.72808751
367.948000000 6.312500 3.782740 0.000000 0.00000000 0.00000000 -0.68611314 0.72749485
368.073000000 6.312112 3.771494 0.000000 0.00000000 0.00000000 -0.68714761 0.72651783
368.198000000 6.314610 3.761311 0.000000 0.00000000 0.00000000 -0.68548042 0.72809106
368.323000000 6.313004 3.760068 0.000000 0.00000000 0.00000000 -0.68547590 0.72809532
368.448000000 6.314874 3.749066 0.000000 0.00000000 0.00000000 -0.68580441 0.72778589
368.573000000 6.315334 3.744157 0.000000 0.00000000 0.00000000 -0.68550082 0.72807185
368.698000000 6.315198 3.739576 0.000000 0.00000000 0.00000000 -0.68577879 0.72781004
368.823000000 6.318368 3.729655 0.000000 0.00000000 0.00000000 -0.68575641 0.72783112
368.948000000 6.318854 3.721909 0.000000 0.00000000 0.00000000 -0.68539523 0.72817126
369.073000000 6.319013 3.712045 0.000000 0.00000000 0.00000000 -0.68537934 0.72818621
369.198000000 6.318820 3.707507 0.000000 0.00000000 0.00000000 -0.68667904 0.72696073
369.323000000 6.319938 3.698967 0.000000 0.00000000 0.00000000 -0.68564915 0.72793217
369.448000000 6.321721 3.690134 0.000000 0.00000000 0.00000000 -0.68593000 0.72766753
369.573000000 6.319766 3.682352 0.000000 0.00000000 0.00000000 -0.68501463 0.72852931
369.698000000 6.320710 3.674567 0.000000 0.00000000 0.00000000 -0.68495529 0.72858510
369.823000000 6.320820 3.667139 0.000000 0.00000000 0.00000000 -0.68570937 0.72787544
369.948000000 6.320916 3.660491 0.000000 0.00000000 0.00000000 -0.68538342 0.72818237
370.073000000 6.319869 3.654023 0.000000 0.00000000 0.00000000 -0.68518747 0.72836675
370.198000000 6.323785 3.648589 0.000000 0.00000000 0.00000000 -0.68499122 0.72855132
370.323000000 6.317128 3.636999 0.000000 0.00000000 0.00000000 -0.68575496 0.72783249
370.448000000 6.323405 3.632360 0.000000 0.00000000 0.00000000 -0.68538372 0.72818209
370.573000000 6.324323 3.623009 0.000000 0.00000000 0.00000000 -0.68597463 0.72762546
370.698000000 6.323359 3.615960 0.000000 0.00000000 0.00000000 -0.68516582 0.72838712
370.823000000 6.324021 3.613278 0.000000 0.00000000 0.00000000 -0.68453928 0.72897598
370.948000000 6.321669 3.598286 0.000000 0.00000000 0.00000000 -0.68581167 0.72777906
371.073000000 6.328786 3.596581 0.000000 0.00000000 0.00000000 -0.68517905 0.72837468
371.198000000 6.321744 3.585089 0.000000 0.00000000 0.00000000 -0.68630485 0.72731400
371.323000000 6.327230 3.578477 0.000000 0.00000000 0.00000000 -0.68551391 0.72805953
371.448000000 6.326468 3.569100 0.000000 0.00000000 0.00000000 -0.68594203 0.72765619
371.573000000 6.328509 3.559556 0.000000 0.00000000 0.00000000 -0.68577345 0.72781507
371.698000000 6.327098 3.553559 0.000000 0.00000000 0.00000000 -0.68599052 0.72761048
371.823000000 6.328108 3.548286 0.000000 0.00000000 0.00000000 -0.68550471 0.72806819
371.948000000 6.328421 3.537501 0.000000 0.00000000 0.00000000 -0.68586162 0.72773198
372.073000000 6.328472 3.531794 0.000000 0.00000000 0.00000000 -0.68632381 0.72729611
372.198000000 6.329553 3.527733 0.000000 0.00000000 0.00000000 -0.68539686 0.72816972
372.323000000 6.322904 3.520014 0.000000 0.00000000 0.00000000 -0.68767034 0.72602307
372.448000000 6.332019 3.512486 0.000000 0.00000000 0.00000000 -0.68641491 0.72721013
372.573000000 6.340415 3.507232 0.000000 0.00000000 0.00000000 -0.68382476 0.72964628
372.698000000 6.340681 3.504321 0.000000 0.00000000 0.00000000 -0.68363644 0.72982273
372.823000000 6.335324 3.488605 0.000000 0.00000000 0.00000000 -0.68401994 0.72946331
372.948000000 6.328318 3.480422 0.000000 0.00000000 0.00000000 -0.68686719 0.72678295
373.073000000 6.348614 3.480026 0.000000 0.00000000 0.00000000 -0.68186093 0.73148183
373.198000000 6.338019 3.468282 0.000000 0.00000000 0.00000000 -0.68254379 0.73084470
373.323000000 6.324305 3.454274 0.000000 0.00000000 0.00000000 -0.68892601 0.72483168
373.448000000 6.324594 3.445093 0.000000 0.00000000 0.00000000 -0.68845390 0.72528011
373.573000000 6.326680 3.438343 0.000000 0.00000000 0.00000000 -0.68811972 0.72559717
373.698000000 6.332861 3.430349 0.000000 0.00000000 0.00000000 -0.68509824 0.72845068
373.823000000 6.323619 3.420899 0.000000 0.00000000 0.00000000 -0.68813541 0.72558228
373.948000000 6.331167 3.421659 0.000000 0.00000000 0.00000000 -0.68718314 0.72648423
374.073000000 6.332534 3.416183 0.000000 0.00000000 0.00000000 -0.69092979 0.72292186
374.198000000 6.330083 3.402999 0.000000 0.00000000 0.00000000 -0.68897084 0.72478906
374.323000000 6.333344 3.395063 0.000000 0.00000000 0.00000000 -0.68859968 0.72514170
374.448000000 6.332206 3.392430 0.000000 0.00000000 0.00000000 -0.68881746 0.72493483
374.573000000 6.324391 3.381713 0.000000 0.00000000 0.00000000 -0.68751877 0.72616661
374.698000000 6.327979 3.368115 0.000000 0.00000000 0.00000000 -0.68890620 0.72485050
374.823000000 6.331339 3.367151 0.000000 0.00000000 0.00000000 -0.68822517 0.72549715
374.948000000 6.319959 3.352385 0.000000 0.00000000 0.00000000 -0.68967417 0.72411984
375.073000000 6.335345 3.355597 0.000000 0.00000000 0.00000000 -0.68799137 0.72571887
375.198000000 6.333932 3.345538 0.000000 0.00000000 0.00000000 -0.68820937 0.72551214
375.323000000 6.335449 3.335973 0.000000 0.00000000 0.00000000 -0.68662484 0.72701191
375.448000000 6.336681 3.325330 0.000000 0.00000000 0.00000000 -0.68629985 0.72731872
375.573000000 6.324300 3.325220 0.000000 0.00000000 0.00000000 -0.68774961 0.72594798
375.698000000 6.340759 3.318820 0.000000 0.00000000 0.00000000 -0.68628929 0.72732868
375.823000000 6.330793 3.308713 0.000000 0.00000000 0.00000000 -0.68663450 0.72700280
375.948000000 6.336840 3.303848 0.000000 0.00000000 0.00000000 -0.68834840 0.72538023
376.073000000 6.339610 3.296363 0.000000 0.00000000 0.00000000 -0.68817038 0.72554912
376.198000000 6.321846 3.286928 0.000000 0.00000000 0.00000000 -0.68945061 0.72433270
376.323000000 6.326463 3.281862 0.000000 0.00000000 0.00000000 -0.68841256 0.72531934
376.448000000 6.341061 3.277366 0.000000 0.00000000 0.00000000 -0.68785498 0.72584814
376.573000000 6.334035 3.265889 0.000000 0.00000000 0.00000000 -0.69058949 0.72324695
376.698000000 6.341487 3.250862 0.000000 0.00000000 0.00000000 -0.68798355 0.72572628
376.823000000 6.325078 3.246636 0.000000 0.00000000 0.00000000 -0.68954168 0.72424600
376.948000000 6.344743 3.243094 0.000000 0.00000000 0.00000000 -0.68716398 0.72650235
377.073000000 6.340573 3.235589 0.000000 0.00000000 0.00000000 -0.68887224 0.72488278
377.198000000 6.336667 3.225932 0.000000 0.00000000 0.00000000 -0.68990336 0.72390148
377.323000000 6.348981 3.215659 0.000000 0.00000000 0.00000000 -0.68521349 0.72834228
377.448000000 6.333926 3.211096 0.000000 0.00000000 0.00000000 -0.69010302 0.72371114
377.573000000 6.334080 3.203523 0.000000 0.00000000 0.00000000 -0.68952824 0.72425880
377.698000000 6.347078 3.196566 0.000000 0.00000000 0.00000000 -0.68631698 0.72730255
377.823000000 6.347076 3.186157 0.000000 0.00000000 0.00000000 -0.68683644 0.72681201
377.948000000 6.348765 3.186556 0.000000 0.00000000 0.00000000 -0.68644856 0.72717836
378.073000000 6.336064 3.172491 0.000000 0.00000000 0.00000000 -0.69000531 0.72380431
378.198000000 6.350247 3.166405 0.000000 0.00000000 0.00000000 -0.68617519 0.72743633
378.323000000 6.346881 3.157759 0.000000 0.00000000 0.00000000 -0.68792256 0.72578409
378.448000000 6.333367 3.143276 0.000000 0.00000000 0.00000000 -0.69116058 0.72270122
378.573000000 6.337563 3.143315 0.000000 0.00000000 0.00000000 -0.68940626 0.72437491
378.698000000 6.341313 3.128225 0.000000 0.00000000 0.00000000 -0.68869627 0.72504996
378.823000000 6.357367 3.132102 0.000000 0.00000000 0.00000000 -0.68534192 0.72822143
378.948000000 6.355478 3.125074 0.000000 0.00000000 0.00000000 -0.68682575 0.72682212
379.073000000 6.347643 3.113304 0.000000 0.00000000 0.00000000 -0.68747308 0.72620986
379.198000000 6.352016 3.108571 0.000000 0.00000000 0.00000000 -0.68746018 0.72622207
379.323000000 6.354298 3.094869 0.000000 0.00000000 0.00000000 -0.68653988 0.72709215
379.448000000 6.355413 3.094571 0.000000 0.00000000 0.00000000 -0.68598197 0.72761853
379.573000000 6.360617 3.084634 0.000000 0.00000000 0.00000000 -0.68527646 0.72828303
379.698000000 6.357282 3.080092 0.000000 0.00000000 0.00000000 -0.68586963 0.72772443
379.823000000 6.361638 3.072765 0.000000 0.00000000 0.00000000 -0.68508411 0.72846397
379.948000000 6.359326 3.072334 0.000000 0.00000000 0.00000000 -0.68533757 0.72822553
380.073000000 6.356999 3.058505 0.000000 0.00000000 0.00000000 -0.68612453 0.72748411
380.198000000 6.359865 3.051338 0.000000 0.00000000 0.00000000 -0.68567082 0.72791176
380.323000000 6.358086 3.043649 0.000000 0.00000000 0.00000000 -0.68660928 0.72702661
380.448000000 6.361159 3.041267 0.000000 0.00000000 0.00000000 -0.68621099 0.72740255
380.573000000 6.360880 3.026720 0.000000 0.00000000 0.00000000 -0.68437310 0.72913199
380.698000000 6.357008 3.025211 0.000000 0.00000000 0.00000000 -0.68773082 0.72596578
380.823000000 6.357327 3.014578 0.000000 0.00000000 0.00000000 -0.68742330 0.72625698
380.948000000 6.367065 3.009435 0.000000 0.00000000 0.00000000 -0.68512285 0.72842754
381.073000000 6.365694 2.996275 0.000000 0.00000000 0.00000000 -0.68496695 0.72857414
381.198000000 6.363746 2.985546 0.000000 0.00000000 0.00000000 -0.68586126 0.72773232
381.323000000 6.366734 2.982258 0.000000 0.00000000 0.00000000 -0.68551204 0.72806129
381.448000000 6.361807 2.973456 0.000000 0.00000000 0.00000000 -0.68650912 0.72712119
381.573000000 6.356894 2.959268 0.000000 0.00000000 0.00000000 -0.68609318 0.72751367
381.698000000 6.362039 2.951554 0.000000 0.00000000 0.00000000 -0.68491862 0.72861957
381.823000000 6.360065 2.952605 0.000000 0.00000000 0.00000000 -0.68560938 0.72796963
381.948000000 6.355018 2.935590 0.000000 0.00000000 0.00000000 -0.69016252 0.72365440
382.073000000 6.359421 2.936618 0.000000 0.00000000 0.00000000 -0.69450465 0.71948822
382.198000000 6.360915 2.922919 0.000000 0.00000000 0.00000000 -0.69817106 0.71593098
382.323000000 6.363380 2.924757 0.000000 0.00000000 0.00000000 -0.70252919 0.71165493
382.448000000 6.361966 2.916427 0.000000 0.00000000 0.00000000 -0.70717678 0.70703678
382.573000000 6.365302 2.906556 0.000000 0.00000000 0.00000000 -0.71037401 0.70382439
382.698000000 6.346243 2.893438 0.000000 0.00000000 0.00000000 -0.71939317 0.69460310
382.823000000 6.362835 2.892080 0.000000 0.00000000 0.00000000 -0.71969634 0.69428898
382.948000000 6.357813 2.882304 0.000000 0.00000000 0.00000000 -0.72514611 0.68859504
383.073000000 6.356776 2.871540 0.000000 0.00000000 0.00000000 -0.72961994 0.68385286
383.198000000 6.364662 2.869211 0.000000 0.00000000 0.00000000 -0.73117397 0.68219104
383.323000000 6.356970 2.859689 0.000000 0.00000000 0.00000000 -0.73916816 0.67352092
383.448000000 6.349825 2.846238 0.000000 0.00000000 0.00000000 -0.74415868 0.66800288
383.573000000 6.353482 2.841420 0.000000 0.00000000 0.00000000 -0.74768082 0.66405827
383.698000000 6.341325 2.829972 0.000000 0.00000000 0.00000000 -0.75344553 0.65751033
383.823000000 6.355931 2.827589 0.000000 0.00000000 0.00000000 -0.75463764 0.65614177
383.948000000 6.354504 2.820907 0.000000 0.00000000 0.00000000 -0.75915633 0.65090834
384.073000000 6.350495 2.808400 0.000000 0.00000000 0.00000000 -0.76407171 0.64513132
384.198000000 6.347692 2.807350 0.000000 0.00000000 0.00000000 -0.76743181 0.64113058
384.323000000 6.351141 2.802804 0.000000 0.00000000 0.00000000 -0.77102517 0.63680467
384.448000000 6.332605 2.792501 0.000000 0.00000000 0.00000000 -0.77742480 0.62897589
384.573000000 6.329466 2.784509 0.000000 0.00000000 0.00000000 -0.78176366 0.62357484
384.698000000 6.326875 2.774065 0.000000 0.00000000 0.00000000 -0.78522539 0.61921006
384.823000000 6.355171 2.774356 0.000000 0.00000000 0.00000000 -0.78502594 0.61946289
384.948000000 6.357360 2.763378 0.000000 0.00000000 0.00000000 -0.78756682 0.61622927
385.073000000 6.350129 2.766898 0.000000 0.00000000 0.00000000 -0.79312135 0.60906364
385.198000000 6.313624 2.744449 0.000000 0.00000000 0.00000000 -0.80159094 0.59787287
385.323000000 6.315500 2.740618 0.000000 0.00000000 0.00000000 -0.80076503 0.59897860
385.448000000 6.329254 2.726495 0.000000 0.00000000 0.00000000 -0.79818683 0.60240998
385.573000000 6.346749 2.725904 0.000000 0.00000000 0.00000000 -0.79568817 0.60570648
385.698000000 6.347407 2.725677 0.000000 0.00000000 0.00000000 -0.79483756 0.60682226
385.823000000 6.328355 2.711142 0.000000 0.00000000 0.00000000 -0.79715907 0.60376934
385.948000000 6.313513 2.699977 0.000000 0.00000000 0.00000000 -0.79891862 0.60143913
386.073000000 6.324847 2.697282 0.000000 0.00000000 0.00000000 -0.79773439 0.60300899
386.198000000 6.328280 2.692753 0.000000 0.00000000 0.00000000 -0.79711175 0.60383181
386.323000000 6.329491 2.684682 0.000000 0.00000000 0.00000000 -0.79611345 0.60514740
386.448000000 6.308875 2.677668 0.000000 0.00000000 0.00000000 -0.79824055 0.60233880
386.573000000 6.312687 2.673487 0.000000 0.00000000 0.00000000 -0.79831767 0.60223658
386.698000000 6.330437 2.655980 0.000000 0.00000000 0.00000000 -0.79695082 0.60404419
386.823000000 6.327637 2.651130 0.000000 0.00000000 0.00000000 -0.79816735 0.60243579
386.948000000 6.315752 2.648135 0.000000 0.00000000 0.00000000 -0.79639533 0.60477639
387.073000000 6.331215 2.647355 0.000000 0.00000000 0.00000000 -0.79545297 0.60601533
387.198000000 6.338043 2.636063 0.000000 0.00000000 0.00000000 -0.79290286 0.60934805
387.323000000 6.308889 2.617965 0.000000 0.00000000 0.00000000 -0.79800857 0.60264610
387.448000000 6.298001 2.619749 0.000000 0.00000000 0.00000000 -0.79810024 0.60252470
387.573000000 6.306047 2.615934 0.000000 0.00000000 0.00000000 -0.79762288 0.60315648
387.698000000 6.300689 2.599612 0.000000 0.00000000 0.00000000 -0.79696168 0.60402987
387.823000000 6.304743 2.596007 0.000000 0.00000000 0.00000000 -0.79603749 0.60524732
387.948000000 6.294786 2.586357 0.000000 0.00000000 0.00000000 -0.79537262 0.60612078
388.073000000 6.291190 2.580538 0.000000 0.00000000 0.00000000 -0.79633821 0.60485160
388.198000000 6.292529 2.565223 0.000000 0.00000000 0.00000000 -0.79625434 0.60496200
388.323000000 6.281663 2.563952 0.000000 0.00000000 0.00000000 -0.79658497 0.60452658
388.448000000 6.286664 2.561281 0.000000 0.00000000 0.00000000 -0.79549581 0.60595909
388.573000000 6.275653 2.554788 0.000000 0.00000000 0.00000000 -0.80015753 0.59978990
388.698000000 6.282164 2.543631 0.000000 0.00000000 0.00000000 -0.79578398 0.60558060
388.823000000 6.286140 2.543452 0.000000 0.00000000 0.00000000 -0.79807585 0.60255700
388.948000000 6.280632 2.531031 0.000000 0.00000000 0.00000000 -0.79822209 0.60236326
389.073000000 6.278607 2.528777 0.000000 0.00000000 0.00000000 -0.79949577 0.60067172
389.198000000 6.280270 2.520933 0.000000 0.00000000 0.00000000 -0.79859638 0.60186695
389.323000000 6.277818 2.517990 0.000000 0.00000000 0.00000000 -0.79809077 0.60253724
389.448000000 6.274736 2.509344 0.000000 0.00000000 0.00000000 -0.79733094 0.60354236
389.573000000 6.273016 2.506829 0.000000 0.00000000 0.00000000 -0.79755187 0.60325037
389.698000000 6.260014 2.491999 0.000000 0.00000000 0.00000000 -0.79890009 0.60146375
389.823000000 6.265411 2.486690 0.000000 0.00000000 0.00000000 -0.79825159 0.60232417
389.948000000 6.251133 2.479872 0.000000 0.00000000 0.00000000 -0.79928624 0.60095050
390.073000000 6.259726 2.474567 0.000000 0.00000000 0.00000000 -0.79816210 0.60244275
390.198000000 6.256625 2.471117 0.000000 0.00000000 0.00000000 -0.79825655 0.60231760
390.323000000 6.249761 2.456190 0.000000 0.00000000 0.00000000 -0.79898325 0.60135328
390.448000000 6.246718 2.455378 0.000000 0.00000000 0.00000000 -0.79923784 0.60101487
390.573000000 6.248707 2.447086 0.000000 0.00000000 0.00000000 -0.79832460 0.60222740
390.698000000 6.248036 2.446514 0.000000 0.00000000 0.00000000 -0.79861335 0.60184444
390.823000000 6.246299 2.430445 0.000000 0.00000000 0.00000000 -0.79845346 0.60205654
390.948000000 6.242938 2.426502 0.000000 0.00000000 0.00000000 -0.79862110 0.60183415
391.073000000 6.235755 2.414125 0.000000 0.00000000 0.00000000 -0.79889851 0.60146585
391.198000000 6.240469 2.409919 0.000000 0.00000000 0.00000000 -0.79829454 0.60226724
391.323000000 6.237735 2.402814 0.000000 0.00000000 0.00000000 -0.79965022 0.60046609
391.448000000 6.235599 2.395092 0.000000 0.00000000 0.00000000 -0.79948939 0.60068021
391.573000000 6.229930 2.381913 0.000000 0.00000000 0.00000000 -0.79947549 0.60069872
391.698000000 6.229537 2.384435 0.000000 0.00000000 0.00000000 -0.79965352 0.60046170
391.823000000 6.222961 2.369648 0.000000 0.00000000 0.00000000 -0.79955636 0.60059106
391.948000000 6.223288 2.369394 0.000000 0.00000000 0.00000000 -0.79961437 0.60051383
392.073000000 6.228334 2.356394 0.000000 0.00000000 0.00000000 -0.79838010 0.60215382
392.198000000 6.217612 2.364489 0.000000 0.00000000 0.00000000 -0.80006264 0.59991647
392.323000000 6.217540 2.353146 0.000000 0.00000000 0.00000000 -0.79987037 0.60017280
392.448000000 6.209178 2.343303 0.000000 0.00000000 0.00000000 -0.80034378 0.59954135
392.573000000 6.212560 2.337407 0.000000 0.00000000 0.00000000 -0.79964977 0.60046669
392.698000000 6.212851 2.328967 0.000000 0.00000000 0.00000000 -0.79930386 0.60092707
392.823000000 6.209878 2.316820 0.000000 0.00000000 0.00000000 -0.79938712 0.60081631
392.948000000 6.208776 2.313804 0.000000 0.00000000 0.00000000 -0.79943045 0.60075865
393.073000000 6.205101 2.307788 0.000000 0.00000000 0.00000000 -0.79932717 0.60089606
393.198000000 6.200850 2.296586 0.000000 0.00000000 0.00000000 -0.79956288 0.60058239
393.323000000 6.201985 2.294967 0.000000 0.00000000 0.00000000 -0.79886821 0.60150609
393.448000000 6.201088 2.282824 0.000000 0.00000000 0.00000000 -0.79911081 0.60118376
393.573000000 6.201578 2.278740 0.000000 0.00000000 0.00000000 -0.79862978 0.60182263
393.698000000 6.197562 2.268380 0.000000 0.00000000 0.00000000 -0.79897685 0.60136178
393.823000000 6.196052 2.262600 0.000000 0.00000000 0.00000000 -0.79847277 0.60203092
393.948000000 6.187316 2.255048 0.000000 0.00000000 0.00000000 -0.80012951 0.59982729
394.073000000 6.189058 2.247453 0.000000 0.00000000 0.00000000 -0.79927512 0.60096529
394.198000000 6.187996 2.241036 0.000000 0.00000000 0.00000000 -0.79894776 0.60140043
394.323000000 6.187304 2.231952 0.000000 0.00000000 0.00000000 -0.79902974 0.60129151
394.448000000 6.182109 2.228284 0.000000 0.00000000 0.00000000 -0.79935197 0.60086307
394.573000000 6.179482 2.224017 0.000000 0.00000000 0.00000000 -0.79901380 0.60131268
394.698000000 6.180620 2.210487 0.000000 0.00000000 0.00000000 -0.79894741 0.60140090
394.823000000 6.175268 2.204715 0.000000 0.00000000 0.00000000 -0.79932743 0.60089571
394.948000000 6.172129 2.204791 0.000000 0.00000000 0.00000000 -0.79959878 0.60053458
395.073000000 6.172716 2.195447 0.000000 0.00000000 0.00000000 -0.79882425 0.60156447
395.198000000 6.168572 2.184490 0.000000 0.00000000 0.00000000 -0.79960284 0.60052918
395.323000000 6.168269 2.176217 0.000000 0.00000000 0.00000000 -0.79942192 0.60077000
395.448000000 6.168616 2.169415 0.000000 0.00000000 0.00000000 -0.79877519 0.60162962
395.573000000 6.166500 2.159045 0.000000 0.00000000 0.00000000 -0.79841667 0.60210532
395.698000000 6.160176 2.154926 0.000000 0.00000000 0.00000000 -0.79975709 0.60032374
395.823000000 6.162051 2.142005 0.000000 0.00000000 0.00000000 -0.79868041 0.60175544
395.948000000 6.159183 2.137982 0.000000 0.00000000 0.00000000 -0.79888629 0.60148208
396.073000000 6.157326 2.133845 0.000000 0.00000000 0.00000000 -0.79885976 0.60151731
396.198000000 6.152557 2.126819 0.000000 0.00000000 0.00000000 -0.79956174 0.60058390
396.323000000 6.152376 2.122602 0.000000 0.00000000 0.00000000 -0.79924097 0.60101070
396.448000000 6.149558 2.117379 0.000000 0.00000000 0.00000000 -0.79925454 0.60099266
396.573000000 6.146266 2.104788 0.000000 0.00000000 0.00000000 -0.79918234 0.60108867
396.698000000 6.145310 2.093383 0.000000 0.00000000 0.00000000 -0.79907421 0.60123241
396.823000000 6.145235 2.086453 0.000000 0.00000000 0.00000000 -0.79870826 0.60171847
396.948000000 6.143877 2.083279 0.000000 0.00000000 0.00000000 -0.79891079 0.60144955
397.073000000 6.142254 2.079614 0.000000 0.00000000 0.00000000 -0.79891444 0.60144469
397.198000000 6.138620 2.074011 0.000000 0.00000000 0.00000000 -0.79914114 0.60114345
397.323000000 6.136117 2.059780 0.000000 0.00000000 0.00000000 -0.79900624 0.60132273
397.448000000 6.130586 2.057706 0.000000 0.00000000 0.00000000 -0.79976956 0.60030713
397.573000000 6.133094 2.047709 0.000000 0.00000000 0.00000000 -0.79891162 0.60144844
397.698000000 6.131343 2.040386 0.000000 0.00000000 0.00000000 -0.79874720 0.60166678
397.823000000 6.132204 2.035832 0.000000 0.00000000 0.00000000 -0.79881633 0.60157499
397.948000000 6.126554 2.029042 0.000000 0.00000000 0.00000000 -0.79887825 0.60149276
398.073000000 6.125661 2.017557 0.000000 0.00000000 0.00000000 -0.79822760 0.60235596
398.198000000 6.121777 2.008081 0.000000 0.00000000 0.00000000 -0.79846220 0.60204495
398.323000000 6.121604 2.005882 0.000000 0.00000000 0.00000000 -0.79646505 0.60468456
398.448000000 6.120886 1.999806 0.000000 0.00000000 0.00000000 -0.79201814 0.61049755
398.573000000 6.120528 1.992422 0.000000 0.00000000 0.00000000 -0.78774929 0.61599598
398.698000000 6.112421 1.980053 0.000000 0.00000000 0.00000000 -0.78436681 0.62029727
398.823000000 6.112738 1.967960 0.000000 0.00000000 0.00000000 -0.78013504 0.62561115
398.948000000 6.115626 1.967828 0.000000 0.00000000 0.00000000 -0.77624720 0.63042866
399.073000000 6.113043 1.959629 0.000000 0.00000000 0.00000000 -0.77261626 0.63487330
399.198000000 6.112194 1.951783 0.000000 0.00000000 0.00000000 -0.76801567 0.64043104
399.323000000 6.109566 1.947701 0.000000 0.00000000 0.00000000 -0.76466432 0.64442879
399.448000000 6.111974 1.935652 0.000000 0.00000000 0.00000000 -0.76007354 0.64983706
399.573000000 6.106188 1.927502 0.000000 0.00000000 0.00000000 -0.75596796 0.65460862
399.698000000 6.107562 1.921131 0.000000 0.00000000 0.00000000 -0.75231170 0.65880734
399.823000000 6.108742 1.911061 0.000000 0.00000000 0.00000000 -0.74754828 0.66420748
399.948000000 6.107125 1.908442 0.000000 0.00000000 0.00000000 -0.74596272 0.66598770
400.073000000 6.103267 1.899528 0.000000 0.00000000 0.00000000 -0.74713924 0.66466755
400.198000000 6.103441 1.894577 0.000000 0.00000000 0.00000000 -0.75106354 0.66022993
400.323000000 6.102598 1.883645 0.000000 0.00000000 0.00000000 -0.75458988 0.65619670
400.448000000 6.103714 1.879574 0.000000 0.00000000 0.00000000 -0.75896696 0.65112914
400.573000000 6.101560 1.871377 0.000000 0.00000000 0.00000000 -0.76282194 0.64660860
400.698000000 6.097737 1.862885 0.000000 0.00000000 0.00000000 -0.76653966 0.64219698
400.823000000 6.098774 1.857787 0.000000 0.00000000 0.00000000 -0.77063616 0.63727538
400.948000000 6.097919 1.851714 0.000000 0.00000000 0.00000000 -0.77478628 0.63222324
401.073000000 6.095073 1.842192 0.000000 0.00000000 0.00000000 -0.77891926 0.62712422
401.198000000 6.093123 1.837822 0.000000 0.00000000 0.00000000 -0.78296127 0.62207046
401.323000000 6.089099 1.830337 0.000000 0.00000000 0.00000000 -0.78693424 0.61703688
401.448000000 6.091878 1.821088 0.000000 0.00000000 0.00000000 -0.78999655 0.61311129
401.573000000 6.088599 1.809049 0.000000 0.00000000 0.00000000 -0.79163451 0.61099493
401.698000000 6.088930 1.805877 0.000000 0.00000000 0.00000000 -0.79068199 0.61222707
401.823000000 6.084284 1.798207 0.000000 0.00000000 0.00000000 -0.78799588 0.61568052
401.948000000 6.084999 1.787871 0.000000 0.00000000 0.00000000 -0.78350092 0.62139063
402.073000000 6.084405 1.780769 0.000000 0.00000000 0.00000000 -0.77957454 0.62630945
402.198000000 6.081559 1.773467 0.000000 0.00000000 0.00000000 -0.77587223 0.63089007
402.323000000 6.077808 1.771776 0.000000 0.00000000 0.00000000 -0.77246354 0.63505912
402.448000000 6.077758 1.761780 0.000000 0.00000000 0.00000000 -0.76800139 0.64044818
402.573000000 6.075012 1.759998 0.000000 0.00000000 0.00000000 -0.76419951 0.64497993
402.698000000 6.077552 1.747692 0.000000 0.00000000 0.00000000 -0.76008924 0.64981870
402.823000000 6.072485 1.740045 0.000000 0.00000000 0.00000000 -0.75629864 0.65422654
402.948000000 6.069834 1.731783 0.000000 0.00000000 0.00000000 -0.75189536 0.65928246
403.073000000 6.070131 1.727978 0.000000 0.00000000 0.00000000 -0.74821749 0.66345353
403.198000000 6.068823 1.717745 0.000000 0.00000000 0.00000000 -0.74368490 0.66853031
403.323000000 6.065114 1.713178 0.000000 0.00000000 0.00000000 -0.74101392 0.67148966
403.448000000 6.071492 1.700858 0.000000 0.00000000 0.00000000 -0.73973832 0.67289465
403.573000000 6.068140 1.699125 0.000000 0.00000000 0.00000000 -0.74085494 0.67166506
403.698000000 6.069666 1.684602 0.000000 0.00000000 0.00000000 -0.74405676 0.66811641
403.823000000 6.065145 1.680797 0.000000 0.00000000 0.00000000 -0.74879573 0.66280084
403.948000000 6.061939 1.675748 0.000000 0.00000000 0.00000000 -0.75297498 0.65804915
404.073000000 6.059862 1.666532 0.000000 0.00000000 0.00000000 -0.75690295 0.65352729
404.198000000 6.060223 1.661749 0.000000 0.00000000 0.00000000 -0.76141608 0.64826349
404.323000000 6.058918 1.651366 0.000000 0.00000000 0.00000000 -0.76466126 0.64443243
404.448000000 6.062820 1.641179 0.000000 0.00000000 0.00000000 -0.76852927 0.63981463
404.573000000 6.058121 1.636105 0.000000 0.00000000 0.00000000 -0.77321546 0.63414340
404.698000000 6.054836 1.626409 0.000000 0.00000000 0.00000000 -0.77688241 0.62964571
404.823000000 6.054219 1.621804 0.000000 0.00000000 0.00000000 -0.78102253 0.62450284
404.948000000 6.052106 1.613781 0.000000 0.00000000 0.00000000 -0.78453718 0.62008178
405.073000000 6.050097 1.608357 0.000000 0.00000000 0.00000000 -0.78863352 0.61486353
405.198000000 6.046949 1.602336 0.000000 0.00000000 0.00000000 -0.79247659 0.60990233
405.323000000 6.046930 1.592510 0.000000 0.00000000 0.00000000 -0.79599907 0.60529784
405.448000000 6.043645 1.588243 0.000000 0.00000000 0.00000000 -0.80011736 0.59984349
405.573000000 6.045345 1.574810 0.000000 0.00000000 0.00000000 -0.80322460 0.59567629
405.698000000 6.040636 1.572369 0.000000 0.00000000 0.00000000 -0.80709987 0.59041494
405.823000000 6.041454 1.566529 0.000000 0.00000000 0.00000000 -0.81104014 0.58499050
405.948000000 6.035655 1.555182 0.000000 0.00000000 0.00000000 -0.81418543 0.58060493
406.073000000 6.035030 1.549416 0.000000 0.00000000 0.00000000 -0.81550989 0.57874313
406.198000000 6.029764 1.544130 0.000000 0.00000000 0.00000000 -0.81350883 0.58155257
406.323000000 6.025912 1.540933 0.000000 0.00000000 0.00000000 -0.80978681 0.58672423
406.448000000 6.025540 1.529660 0.000000 0.00000000 0.00000000 -0.80563594 0.59241095
406.573000000 6.028350 1.519622 0.000000 0.00000000 0.00000000 -0.80196818 0.59736675
406.698000000 6.015356 1.515337 0.000000 0.00000000 0.00000000 -0.79868963 0.60174319
406.823000000 6.017777 1.510993 0.000000 0.00000000 0.00000000 -0.79516527 0.60639277
406.948000000 6.020232 1.499142 0.000000 0.00000000 0.00000000 -0.79036449 0.61263690
407.073000000 6.016364 1.489439 0.000000 0.00000000 0.00000000 -0.78673794 0.61728714
407.198000000 6.015673 1.483285 0.000000 0.00000000 0.00000000 -0.78279274 0.62228252
407.323000000 6.016045 1.478600 0.000000 0.00000000 0.00000000 -0.78075986 0.62483121
407.448000000 6.015593 1.465814 0.000000 0.00000000 0.00000000 -0.78123698 0.62423456
407.573000000 6.017011 1.457238 0.000000 0.00000000 0.00000000 -0.78439176 0.62026572
407.698000000 6.014271 1.448910 0.000000 0.00000000 0.00000000 -0.78799517 0.61568142
407.823000000 6.011959 1.444448 0.000000 0.00000000 0.00000000 -0.79197469 0.61055392
407.948000000 6.006926 1.431590 0.000000 0.00000000 0.00000000 -0.79627863 0.60493003
408.073000000 6.007517 1.426793 0.000000 0.00000000 0.00000000 -0.79975475 0.60032686
408.198000000 6.003110 1.421249 0.000000 0.00000000 0.00000000 -0.80345877 0.59536040
408.323000000 6.001740 1.415044 0.000000 0.00000000 0.00000000 -0.80699887 0.59055298
408.448000000 5.999316 1.414600 0.000000 0.00000000 0.00000000 -0.81076815 0.58536741
408.573000000 5.997917 1.401713 0.000000 0.00000000 0.00000000 -0.81389230 0.58101577
408.698000000 6.000579 1.394330 0.000000 0.00000000 0.00000000 -0.81755006 0.57585754
408.823000000 5.996162 1.390215 0.000000 0.00000000 0.00000000 -0.82137357 0.57039062
408.948000000 5.993779 1.377763 0.000000 0.00000000 0.00000000 -0.82486083 0.56533583
409.073000000 5.992932 1.369757 0.000000 0.00000000 0.00000000 -0.82817394 0.56047117
409.198000000 5.986257 1.364562 0.000000 0.00000000 0.00000000 -0.83178045 0.55510476
409.323000000 5.987195 1.355992 0.000000 0.00000000 0.00000000 -0.83522784 0.54990405
409.448000000 5.977051 1.349660 0.000000 0.00000000 0.00000000 -0.83932172 0.54363504
409.573000000 5.972915 1.343920 0.000000 0.00000000 0.00000000 -0.84250978 0.53868105
409.698000000 5.972489 1.338640 0.000000 0.00000000 0.00000000 -0.84566855 0.53370844
409.823000000 5.969014 1.331656 0.000000 0.00000000 0.00000000 -0.84933988 0.52784635
409.948000000 5.963456 1.324089 0.000000 0.00000000 0.00000000 -0.85230868 0.52303912
410.073000000 5.959700 1.317876 0.000000 0.00000000 0.00000000 -0.85588872 0.51716004
410.198000000 5.953650 1.313986 0.000000 0.00000000 0.00000000 -0.85931392 0.51144852
410.323000000 5.951759 1.299611 0.000000 0.00000000 0.00000000 -0.86220212 0.50656441
410.448000000 5.948978 1.294367 0.000000 0.00000000 0.00000000 -0.86520889 0.50141159
410.573000000 5.947566 1.290012 0.000000 0.00000000 0.00000000 0.86855356 -0.49559531
410.698000000 5.944355 1.279688 0.000000 0.00000000 0.00000000 0.87108843 -0.49112620
410.823000000 5.940138 1.282161 0.000000 0.00000000 0.00000000 0.87450644 -0.48501390
410.948000000 5.935231 1.273072 0.000000 0.00000000 0.00000000 0.87747181 -0.47962822
411.073000000 5.926589 1.266600 0.000000 0.00000000 0.00000000 0.88045863 -0.47412298
411.198000000 5.922678 1.261910 0.000000 0.00000000 0.00000000 0.88339767 -0.46862410
411.323000000 5.920739 1.251106 0.000000 0.00000000 0.00000000 0.88637265 -0.46297248
411.448000000 5.914943 1.252105 0.000000 0.00000000 0.00000000 0.88922750 -0.45746524
411.573000000 5.909114 1.242404 0.000000 0.00000000 0.00000000 0.89196167 -0.45211103
411.698000000 5.905101 1.235624 0.000000 0.00000000 0.00000000 0.89479773 -0.44647175
411.823000000 5.902592 1.234207 0.000000 0.00000000 0.00000000 0.89770303 -0.44060104
411.948000000 5.893992 1.225673 0.000000 0.00000000 0.00000000 0.90031760 -0.43523351
412.073000000 5.893300 1.221882 0.000000 0.00000000 0.00000000 0.90306894 -0.42949563
412.198000000 5.887749 1.211500 0.000000 0.00000000 0.00000000 0.90545520 -0.42444184
412.323000000 5.880136 1.213230 0.000000 0.00000000 0.00000000 0.90804459 -0.41887351
412.448000000 5.878659 1.200240 0.000000 0.00000000 0.00000000 0.91084909 -0.41273954
412.573000000 5.868965 1.197727 0.000000 0.00000000 0.00000000 0.91330647 -0.40727299
412.698000000 5.863477 1.194083 0.000000 0.00000000 0.00000000 0.91605313 -0.40105694
412.823000000 5.864788 1.185789 0.000000 0.00000000 0.00000000 0.91854764 -0.39531031
412.948000000 5.853576 1.183036 0.000000 0.00000000 0.00000000 0.92098143 -0.38960649
413.073000000 5.846793 1.176302 0.000000 0.00000000 0.00000000 0.92338766 -0.38386876
413.198000000 5.842656 1.172602 0.000000 0.00000000 0.00000000 0.92566608 -0.37834153
413.323000000 5.838074 1.171979 0.000000 0.00000000 0.00000000 0.92769674 -0.37333464
413.448000000 5.832887 1.158803 0.000000 0.00000000 0.00000000 0.93066283 -0.36587798
413.573000000 5.831229 1.153395 0.000000 0.00000000 0.00000000 0.93306580 -0.35970572
413.698000000 5.820140 1.147019 0.000000 0.00000000 0.00000000 0.93531877 -0.35380615
413.823000000 5.817120 1.145682 0.000000 0.00000000 0.00000000 0.93745686 -0.34810147
413.948000000 5.811046 1.138296 0.000000 0.00000000 0.00000000 0.93956108 -0.34238134
414.073000000 5.803625 1.134010 0.000000 0.00000000 0.00000000 0.94154009 -0.33690095
414.198000000 5.801312 1.131638 0.000000 0.00000000 0.00000000 0.94357903 -0.33114741
414.323000000 5.792373 1.125251 0.000000 0.00000000 0.00000000 0.94578449 -0.32479485
414.448000000 5.788215 1.121763 0.000000 0.00000000 0.00000000 0.94773361 -0.31906270
414.573000000 5.783506 1.116047 0.000000 0.00000000 0.00000000 0.94977462 -0.31293478
414.698000000 5.776630 1.112066 0.000000 0.00000000 0.00000000 0.95166279 -0.30714480
414.823000000 5.769167 1.108137 0.000000 0.00000000 0.00000000 0.95354152 -0.30126163
414.948000000 5.764483 1.105340 0.000000 0.00000000 0.00000000 0.95540830 -0.29528796
415.073000000 5.755996 1.101005 0.000000 0.00000000 0.00000000 0.95732622 -0.28900954
415.198000000 5.754348 1.097669 0.000000 0.00000000 0.00000000 0.95897831 -0.28347944
415.323000000 5.746791 1.090584 0.000000 0.00000000 0.00000000 0.96099667 -0.27655993
415.448000000 5.734766 1.085394 0.000000 0.00000000 0.00000000 0.96236236 -0.27176955
415.573000000 5.729738 1.082481 0.000000 0.00000000 0.00000000 0.96392884 -0.26616007
415.698000000 5.727939 1.077535 0.000000 0.00000000 0.00000000 0.96537986 -0.26084810
415.823000000 5.718610 1.077289 0.000000 0.00000000 0.00000000 0.96726169 -0.25378104
415.948000000 5.716193 1.072886 0.000000 0.00000000 0.00000000 0.96884127 -0.24768246
416.073000000 5.707537 1.069655 0.000000 0.00000000 0.00000000 0.97009822 -0.24271269
416.198000000 5.695353 1.065473 0.000000 0.00000000 0.00000000 0.97177128 -0.23592493
416.323000000 5.695450 1.064518 0.000000 0.00000000 0.00000000 0.97312123 -0.23029343
416.448000000 5.686586 1.057749 0.000000 0.00000000 0.00000000 0.97449072 -0.22442780
416.573000000 5.680776 1.055662 0.000000 0.00000000 0.00000000 0.97597415 -0.21788633
416.698000000 5.675663 1.048380 0.000000 0.00000000 0.00000000 0.97723385 -0.21216504
416.823000000 5.668669 1.044182 0.000000 0.00000000 0.00000000 0.97859324 -0.20580394
416.948000000 5.661705 1.044659 0.000000 0.00000000 0.00000000 0.97980859 -0.19993780
417.073000000 5.650816 1.046653 0.000000 0.00000000 0.00000000 0.98107594 -0.19362333
417.198000000 5.635116 1.033702 0.000000 0.00000000 0.00000000 0.98260936 -0.18568480
417.323000000 5.635842 1.037731 0.000000 0.00000000 0.00000000 0.98348231 -0.18100425
417.448000000 5.633314 1.033255 0.000000 0.00000000 0.00000000 0.98458326 -0.17491654
417.573000000 5.624470 1.034479 0.000000 0.00000000 0.00000000 0.98564093 -0.16885486
417.698000000 5.615712 1.033745 0.000000 0.00000000 0.00000000 0.98662441 -0.16301001
417.823000000 5.607103 1.025252 0.000000 0.00000000 0.00000000 0.98774126 -0.15610000
417.948000000 5.594564 1.020026 0.000000 0.00000000 0.00000000 0.98839881 -0.15188084
418.073000000 5.592791 1.024392 0.000000 0.00000000 0.00000000 0.98818848 -0.15324336
418.198000000 5.588080 1.016578 0.000000 0.00000000 0.00000000 0.98737577 -0.15839538
418.323000000 5.580441 1.018662 0.000000 0.00000000 0.00000000 0.98637636 -0.16450433
418.448000000 5.567463 1.014185 0.000000 0.00000000 0.00000000 0.98535826 -0.17049664
418.573000000 5.564172 1.011377 0.000000 0.00000000 0.00000000 0.98432515 -0.17636329
418.698000000 5.556492 1.013499 0.000000 0.00000000 0.00000000 0.98317891 -0.18264507
418.823000000 5.550650 1.013366 0.000000 0.00000000 0.00000000 0.98201253 -0.18881578
418.948000000 5.544846 1.004299 0.000000 0.00000000 0.00000000 0.98074851 -0.19527508
419.073000000 5.537911 1.004712 0.000000 0.00000000 0.00000000 0.97945970 -0.20164003
419.198000000 5.525393 0.992445 0.000000 0.00000000 0.00000000 0.97830312 -0.20717869
419.323000000 5.524080 0.996479 0.000000 0.00000000 0.00000000 0.97703296 -0.21308823
419.448000000 5.515786 0.990554 0.000000 0.00000000 0.00000000 0.97535889 -0.22062417
419.573000000 5.512135 0.993556 0.000000 0.00000000 0.00000000 0.97383237 -0.22726749
419.698000000 5.500706 0.986681 0.000000 0.00000000 0.00000000 0.97259904 -0.23248894
419.823000000 5.493342 0.980632 0.000000 0.00000000 0.00000000 0.97112940 -0.23855331
419.948000000 5.492741 0.981163 0.000000 0.00000000 0.00000000 0.97006516 -0.24284478
420.073000000 5.484851 0.979763 0.000000 0.00000000 0.00000000 0.97027210 -0.24201665
420.198000000 5.476126 0.971655 0.000000 0.00000000 0.00000000 0.97132384 -0.23776036
420.323000000 5.471102 0.973325 0.000000 0.00000000 0.00000000 0.97295377 -0.23099992
420.448000000 5.459617 0.972268 0.000000 0.00000000 0.00000000 0.97417472 -0.22579551
420.573000000 5.453996 0.960054 0.000000 0.00000000 0.00000000 0.97576996 -0.21879895
420.698000000 5.452877 0.962722 0.000000 0.00000000 0.00000000 0.97700307 -0.21322522
420.823000000 5.440523 0.957957 0.000000 0.00000000 0.00000000 0.97842130 -0.20661986
420.948000000 5.432559 0.956036 0.000000 0.00000000 0.00000000 0.97960856 -0.20091557
421.073000000 5.431605 0.951310 0.000000 0.00000000 0.00000000 0.98012127 -0.19839931
421.198000000 5.421021 0.945217 0.000000 0.00000000 0.00000000 0.98005022 -0.19875003
421.323000000 5.415104 0.950561 0.000000 0.00000000 0.00000000 0.97871376 -0.20523006
421.448000000 5.408632 0.936383 0.000000 0.00000000 0.00000000 0.97796388 -0.20877414
421.573000000 5.406786 0.935539 0.000000 0.00000000 0.00000000 0.97664080 -0.21487845
421.698000000 5.395172 0.935853 0.000000 0.00000000 0.00000000 0.97529603 -0.22090190
421.823000000 5.389707 0.935679 0.000000 0.00000000 0.00000000 0.97392738 -0.22686000
421.948000000 5.383160 0.928412 0.000000 0.00000000 0.00000000 0.97246571 -0.23304602
422.073000000 5.377037 0.927957 0.000000 0.00000000 0.00000000 0.97090520 -0.23946418
422.198000000 5.368782 0.921188 0.000000 0.00000000 0.00000000 0.96931990 -0.24580262
422.323000000 5.361637 0.915431 0.000000 0.00000000 0.00000000 0.96824708 -0.24999520
422.448000000 5.358226 0.913321 0.000000 0.00000000 0.00000000 0.96649168 -0.25669794
422.573000000 5.350909 0.908468 0.000000 0.00000000 0.00000000 0.96476016 -0.26313084
422.698000000 5.344839 0.907619 0.000000 0.00000000 0.00000000 0.96285390 -0.27002291
422.823000000 5.338032 0.902041 0.000000 0.00000000 0.00000000 0.96147539 -0.27489104
422.948000000 5.332812 0.895589 0.000000 0.00000000 0.00000000 0.95948160 -0.28177127
423.073000000 5.326431 0.898158 0.000000 0.00000000 0.00000000 0.95772761 -0.28767661
423.198000000 5.317759 0.889460 0.000000 0.00000000 0.00000000 0.95710095 -0.28975468
423.323000000 5.318179 0.888945 0.000000 0.00000000 0.00000000 0.95727945 -0.28916441
423.448000000 5.304703 0.886474 0.000000 0.00000000 0.00000000 0.95725499 -0.28924536
423.573000000 5.298785 0.876988 0.000000 0.00000000 0.00000000 0.95706029 -0.28988895
423.698000000 5.290238 0.877093 0.000000 0.00000000 0.00000000 0.95727496 -0.28917927
423.823000000 5.286866 0.870431 0.000000 0.00000000 0.00000000 0.95721880 -0.28936510
423.948000000 5.277197 0.868917 0.000000 0.00000000 0.00000000 0.95738954 -0.28879969
424.073000000 5.269566 0.866393 0.000000 0.00000000 0.00000000 0.95749191 -0.28846012
424.198000000 5.265784 0.857015 0.000000 0.00000000 0.00000000 0.95884916 -0.28391597
424.323000000 5.259674 0.853565 0.000000 0.00000000 0.00000000 0.96154836 -0.27463569
424.448000000 5.249046 0.847605 0.000000 0.00000000 0.00000000 0.96501656 -0.26218893
424.573000000 5.245119 0.848483 0.000000 0.00000000 0.00000000 0.96844648 -0.24922163
424.698000000 5.233024 0.843847 0.000000 0.00000000 0.00000000 0.97153387 -0.23690070
424.823000000 5.235579 0.843278 0.000000 0.00000000 0.00000000 0.97415543 -0.22587873
424.948000000 5.220612 0.835059 0.000000 0.00000000 0.00000000 0.97728656 -0.21192210
425.073000000 5.215998 0.835653 0.000000 0.00000000 0.00000000 0.97967932 -0.20057028
425.198000000 5.212275 0.827048 0.000000 0.00000000 0.00000000 0.98182378 -0.18979482
425.323000000 5.205833 0.830709 0.000000 0.00000000 0.00000000 0.98435720 -0.17618429
425.448000000 5.198252 0.820378 0.000000 0.00000000 0.00000000 0.98624387 -0.16529677
425.573000000 5.192849 0.820080 0.000000 0.00000000 0.00000000 0.98826601 -0.15274260
425.698000000 5.186153 0.820665 0.000000 0.00000000 0.00000000 0.98952038 -0.14439330
425.823000000 5.175949 0.814089 0.000000 0.00000000 0.00000000 0.99049722 -0.13753275
425.948000000 5.169073 0.813552 0.000000 0.00000000 0.00000000 0.99129876 -0.13163122
426.073000000 5.160038 0.815922 0.000000 0.00000000 0.00000000 0.99182114 -0.12763549
426.198000000 5.156984 0.808079 0.000000 0.00000000 0.00000000 0.99182916 -0.12757321
426.323000000 5.149482 0.807386 0.000000 0.00000000 0.00000000 0.99192352 -0.12683745
426.448000000 5.140651 0.802837 0.000000 0.00000000 0.00000000 0.99204415 -0.12589041
426.573000000 5.136125 0.806818 0.000000 0.00000000 0.00000000 0.99196128 -0.12654174
426.698000000 5.123023 0.796842 0.000000 0.00000000 0.00000000 0.99201360 -0.12613092
426.823000000 5.120673 0.793914 0.000000 0.00000000 0.00000000 0.99200685 -0.12618402
426.948000000 5.112277 0.791947 0.000000 0.00000000 0.00000000 0.99202808 -0.12601702
427.073000000 5.103459 0.795560 0.000000 0.00000000 0.00000000 0.99200352 -0.12621020
427.198000000 5.100426 0.793687 0.000000 0.00000000 0.00000000 0.99197094 -0.12646600
427.323000000 5.087249 0.800310 0.000000 0.00000000 0.00000000 0.99203456 -0.12596603
427.448000000 5.084033 0.788630 0.000000 0.00000000 0.00000000 0.99178405 -0.12792339
427.573000000 5.073816 0.792824 0.000000 0.00000000 0.00000000 0.99102290 -0.13369222
427.698000000 5.069685 0.789357 0.000000 0.00000000 0.00000000 0.99006366 -0.14061986
427.823000000 5.061499 0.789840 0.000000 0.00000000 0.00000000 0.98925021 -0.14623275
427.948000000 5.052995 0.786552 0.000000 0.00000000 0.00000000 0.98831883 -0.15240045
428.073000000 5.046889 0.780516 0.000000 0.00000000 0.00000000 0.98729346 -0.15890759
428.198000000 5.043617 0.780114 0.000000 0.00000000 0.00000000 0.98638696 -0.16444076
428.323000000 5.029542 0.777671 0.000000 0.00000000 0.00000000 0.98531375 -0.17075369
428.448000000 5.025439 0.774338 0.000000 0.00000000 0.00000000 0.98422340 -0.17693021
428.573000000 5.020950 0.774030 0.000000 0.00000000 0.00000000 0.98339404 -0.18148320
428.698000000 5.010465 0.774592 0.000000 0.00000000 0.00000000 0.98212983 -0.18820468
428.823000000 4.999893 0.769291 0.000000 0.00000000 0.00000000 0.98077991 -0.19511730
428.948000000 4.999037 0.758761 0.000000 0.00000000 0.00000000 0.97963357 -0.20079360
429.073000000 4.992364 0.759505 0.000000 0.00000000 0.00000000 0.97903047 -0.20371385
429.198000000 4.984703 0.757781 0.000000 0.00000000 0.00000000 0.97922935 -0.20275570
429.323000000 4.978490 0.752581 0.000000 0.00000000 0.00000000 0.98036919 -0.19717060
429.448000000 4.969370 0.748162 0.000000 0.00000000 0.00000000 0.98146241 -0.19165472
429.573000000 4.966659 0.751697 0.000000 0.00000000 0.00000000 0.98262799 -0.18558621
429.698000000 4.956799 0.754937 0.000000 0.00000000 0.00000000 0.98358903 -0.18042346
429.823000000 4.951083 0.743556 0.000000 0.00000000 0.00000000 0.98474331 -0.17401328
429.948000000 4.944990 0.746238 0.000000 0.00000000 0.00000000 0.98578379 -0.16801882
430.073000000 4.936694 0.737430 0.000000 0.00000000 0.00000000 0.98680882 -0.16188996
430.198000000 4.926622 0.736777 0.000000 0.00000000 0.00000000 0.98789458 -0.15512675
430.323000000 4.920602 0.728747 0.000000 0.00000000 0.00000000 0.98893556 -0.14834576
430.448000000 4.911478 0.743250 0.000000 0.00000000 0.00000000 0.98955833 -0.14413299
430.573000000 4.905873 0.729890 0.000000 0.00000000 0.00000000 0.99051523 -0.13740297
430.698000000 4.903341 0.730971 0.000000 0.00000000 0.00000000 0.99125926 -0.13192832
430.823000000 4.892631 0.727241 0.000000 0.00000000 0.00000000 0.99219376 -0.12470581
430.948000000 4.887822 0.729106 0.000000 0.00000000 0.00000000 0.99286718 -0.11922567
431.073000000 4.875998 0.725810 0.000000 0.00000000 0.00000000 0.99369110 -0.11215171
431.198000000 4.875427 0.719124 0.000000 0.00000000 0.00000000 0.99434282 -0.10621842
431.323000000 4.862628 0.724725 0.000000 0.00000000 0.00000000 0.99496498 -0.10022315
431.448000000 4.854909 0.720263 0.000000 0.00000000 0.00000000 0.99555981 -0.09413105
431.573000000 4.843895 0.731030 0.000000 0.00000000 0.00000000 0.99556575 -0.09406822
431.698000000 4.841704 0.714951 0.000000 0.00000000 0.00000000 0.99540861 -0.09571673
431.823000000 4.832070 0.710915 0.000000 0.00000000 0.00000000 0.99488390 -0.10102483
431.948000000 4.830949 0.721123 0.000000 0.00000000 0.00000000 0.99400532 -0.10933173
432.073000000 4.820044 0.712654 0.000000 0.00000000 0.00000000 0.99342546 -0.11448083
432.198000000 4.806993 0.716123 0.000000 0.00000000 0.00000000 0.99245882 -0.12257847
432.323000000 4.801298 0.714362 0.000000 0.00000000 0.00000000 0.99185212 -0.12739454
432.448000000 4.797480 0.708901 0.000000 0.00000000 0.00000000 0.99118303 -0.13249984
432.573000000 4.797421 0.713958 0.000000 0.00000000 0.00000000 0.99030941 -0.13887863
432.698000000 4.786047 0.705954 0.000000 0.00000000 0.00000000 0.98938168 -0.14534063
432.823000000 4.772691 0.706525 0.000000 0.00000000 0.00000000 0.98847253 -0.15140034
432.948000000 4.771775 0.704023 0.000000 0.00000000 0.00000000 0.98753154 -0.15742124
433.073000000 4.765761 0.707429 0.000000 0.00000000 0.00000000 0.98626517 -0.16516963
433.198000000 4.759352 0.703696 0.000000 0.00000000 0.00000000 0.98553970 -0.16944467
433.323000000 4.744691 0.696648 0.000000 0.00000000 0.00000000 0.98424640 -0.17680224
433.448000000 4.739055 0.692734 0.000000 0.00000000 0.00000000 0.98351096 -0.18084854
433.573000000 4.733595 0.689777 0.000000 0.00000000 0.00000000 0.98234122 -0.18709820
433.698000000 4.723905 0.682849 0.000000 0.00000000 0.00000000 0.98119384 -0.19302501
433.823000000 4.719773 0.681848 0.000000 0.00000000 0.00000000 0.97999547 -0.19901978
433.948000000 4.712042 0.680296 0.000000 0.00000000 0.00000000 0.97852635 -0.20612178
434.073000000 4.711005 0.673717 0.000000 0.00000000 0.00000000 0.97767422 -0.21012643
434.198000000 4.695897 0.680535 0.000000 0.00000000 0.00000000 0.97594584 -0.21801311
434.323000000 4.691526 0.666515 0.000000 0.00000000 0.00000000 0.97471984 -0.22343059
434.448000000 4.679287 0.666931 0.000000 0.00000000 0.00000000 0.97376336 -0.22756299
434.573000000 4.677341 0.671576 0.000000 0.00000000 0.00000000 0.97389716 -0.22698970
434.698000000 4.675372 0.652929 0.000000 0.00000000 0.00000000 0.97554521 -0.21979888
434.823000000 4.654204 0.659623 0.000000 0.00000000 0.00000000 0.97625163 -0.21663967
434.948000000 4.663602 0.644813 0.000000 0.00000000 0.00000000 0.97813445 -0.20797355
435.073000000 4.655828 0.634782 0.000000 0.00000000 0.00000000 0.97957366 -0.20108566
435.198000000 4.644049 0.633422 0.000000 0.00000000 0.00000000 0.98062487 -0.19589505
435.323000000 4.638295 0.639087 0.000000 0.00000000 0.00000000 0.98171664 -0.19034822
435.448000000 4.634698 0.630957 0.000000 0.00000000 0.00000000 0.98290133 -0.18413304
435.573000000 4.624013 0.624578 0.000000 0.00000000 0.00000000 0.98385288 -0.17897905
435.698000000 4.617343 0.626597 0.000000 0.00000000 0.00000000 0.98507062 -0.17215071
435.823000000 4.606275 0.623095 0.000000 0.00000000 0.00000000 0.98633891 -0.16472871
435.948000000 4.604709 0.620198 0.000000 0.00000000 0.00000000 0.98696313 -0.16094653
436.073000000 4.598504 0.619427 0.000000 0.00000000 0.00000000 0.98817257 -0.15334591
436.198000000 4.598023 0.616815 0.000000 0.00000000 0.00000000 0.98852189 -0.15107770
436.323000000 4.585725 0.612505 0.000000 0.00000000 0.00000000 0.98769054 -0.15642057
436.448000000 4.576111 0.607595 0.000000 0.00000000 0.00000000 0.98683224 -0.16174709
436.573000000 4.571991 0.608939 0.000000 0.00000000 0.00000000 0.98563158 -0.16890939
436.698000000 4.565079 0.609521 0.000000 0.00000000 0.00000000 0.98449501 -0.17541260
436.823000000 4.561510 0.608685 0.000000 0.00000000 0.00000000 0.98339845 -0.18145936
436.948000000 4.538777 0.608081 0.000000 0.00000000 0.00000000 0.98206954 -0.18851903
437.073000000 4.543280 0.596226 0.000000 0.00000000 0.00000000 0.98129690 -0.19250036
437.198000000 4.537359 0.595955 0.000000 0.00000000 0.00000000 0.98002079 -0.19889507
437.323000000 4.526891 0.593655 0.000000 0.00000000 0.00000000 0.97853459 -0.20608266
437.448000000 4.514215 0.590067 0.000000 0.00000000 0.00000000 0.97747388 -0.21105642
437.573000000 4.520828 0.589555 0.000000 0.00000000 0.00000000 0.97599052 -0.21781301
437.698000000 4.503199 0.589681 0.000000 0.00000000 0.00000000 0.97443750 -0.22465875
437.823000000 4.497061 0.578988 0.000000 0.00000000 0.00000000 0.97339795 -0.22912100
437.948000000 4.495234 0.581242 0.000000 0.00000000 0.00000000 0.97212332 -0.23447015
438.073000000 4.493687 0.573832 0.000000 0.00000000 0.00000000 0.97030401 -0.24188866
438.198000000 4.478911 0.565677 0.000000 0.00000000 0.00000000 0.96895148 -0.24725096
438.323000000 4.471109 0.567394 0.000000 0.00000000 0.00000000 0.96722260 -0.25393000
438.448000000 4.471044 0.566806 0.000000 0.00000000 0.00000000 0.96609498 -0.25818693
438.573000000 4.464457 0.551857 0.000000 0.00000000 0.00000000 0.96511329 -0.26183264
438.698000000 4.454106 0.561274 0.000000 0.00000000 0.00000000 0.96612995 -0.25805603
438.823000000 4.450359 0.550399 0.000000 0.00000000 0.00000000 0.96746919 -0.25298888
438.948000000 4.441976 0.546515 0.000000 0.00000000 0.00000000 0.96900343 -0.24704728
439.073000000 4.437023 0.548688 0.000000 0.00000000 0.00000000 0.97077596 -0.23998758
439.198000000 4.426271 0.536139 0.000000 0.00000000 0.00000000 0.97215053 -0.23435731
439.323000000 4.424770 0.538533 0.000000 0.00000000 0.00000000 0.97351216 -0.22863523
439.448000000 4.413672 0.536545 0.000000 0.00000000 0.00000000 0.97487799 -0.22273956
439.573000000 4.404896 0.539673 0.000000 0.00000000 0.00000000 0.97483944 -0.22290819
439.698000000 4.401508 0.530219 0.000000 0.00000000 0.00000000 0.97514921 -0.22154914
439.823000000 4.393664 0.526240 0.000000 0.00000000 0.00000000 0.97495645 -0.22239587
439.948000000 4.388227 0.515325 0.000000 0.00000000 0.00000000 0.97525446 -0.22108537
440.073000000 4.381820 0.521039 0.000000 0.00000000 0.00000000 0.97502185 -0.22210895
440.198000000 4.371746 0.517027 0.000000 0.00000000 0.00000000 0.97442327 -0.22472047
440.323000000 4.365120 0.502424 0.000000 0.00000000 0.00000000 0.97447012 -0.22451721
440.448000000 4.357895 0.499143 0.000000 0.00000000 0.00000000 0.97471754 -0.22344064
440.573000000 4.349390 0.493936 0.000000 0.00000000 0.00000000 0.97456002 -0.22412669
440.698000000 4.345194 0.491174 0.000000 0.00000000 0.00000000 0.97457731 -0.22405149
440.823000000 4.339922 0.494687 0.000000 0.00000000 0.00000000 0.97465657 -0.22370643
440.948000000 4.330364 0.484879 0.000000 0.00000000 0.00000000 0.97453599 -0.22423115
441.073000000 4.321543 0.489553 0.000000 0.00000000 0.00000000 0.97450993 -0.22434436
441.198000000 4.317367 0.481119 0.000000 0.00000000 0.00000000 0.97455404 -0.22415266
441.323000000 4.315663 0.484523 0.000000 0.00000000 0.00000000 0.97402611 -0.22643574
441.448000000 4.306230 0.489854 0.000000 0.00000000 0.00000000 0.97258863 -0.23253249
441.573000000 4.298972 0.479223 0.000000 0.00000000 0.00000000 0.96952808 -0.24498022
441.698000000 4.289420 0.468009 0.000000 0.00000000 0.00000000 0.96601248 -0.25849542
441.823000000 4.289363 0.470905 0.000000 0.00000000 0.00000000 0.96375965 -0.26677207
441.948000000 4.279599 0.466468 0.000000 0.00000000 0.00000000 0.95958811 -0.28140835
442.073000000 4.276380 0.462440 0.000000 0.00000000 0.00000000 0.95660934 -0.29137359
442.198000000 4.269543 0.463889 0.000000 0.00000000 0.00000000 0.95291053 -0.30325159
442.323000000 4.262205 0.457328 0.000000 0.00000000 0.00000000 0.94872648 -0.31609819
442.448000000 4.259247 0.451805 0.000000 0.00000000 0.00000000 0.94471064 -0.32790517
442.573000000 4.253097 0.447527 0.000000 0.00000000 0.00000000 0.93954433 -0.34242730
442.698000000 4.252862 0.440645 0.000000 0.00000000 0.00000000 0.93307494 -0.35968203
442.823000000 4.238536 0.436358 0.000000 0.00000000 0.00000000 0.92435102 -0.38154318
442.948000000 4.237936 0.428898 0.000000 0.00000000 0.00000000 0.91446402 -0.40466721
443.073000000 4.230454 0.423029 0.000000 0.00000000 0.00000000 0.90398110 -0.42757241
443.198000000 4.224106 0.420718 0.000000 0.00000000 0.00000000 0.89315503 -0.44974892
443.323000000 4.220293 0.413658 0.000000 0.00000000 0.00000000 0.88255333 -0.47021232
443.448000000 4.220915 0.404287 0.000000 0.00000000 0.00000000 0.86933216 -0.49422828
443.573000000 4.215867 0.397766 0.000000 0.00000000 0.00000000 -0.85688688 0.51550448
443.698000000 4.216118 0.389272 0.000000 0.00000000 0.00000000 -0.84381024 0.53664166
443.823000000 4.210461 0.383004 0.000000 0.00000000 0.00000000 -0.82988084 0.55794068
443.948000000 4.216165 0.376397 0.000000 0.00000000 0.00000000 -0.81531548 0.57901698
444.073000000 4.206550 0.372611 0.000000 0.00000000 0.00000000 -0.80054310 0.59927519
444.198000000 4.204847 0.360824 0.000000 0.00000000 0.00000000 -0.78551849 0.61883819
444.323000000 4.204864 0.353353 0.000000 0.00000000 0.00000000 -0.76948525 0.63866458
444.448000000 4.195194 0.347352 0.000000 0.00000000 0.00000000 -0.75339634 0.65756669
444.573000000 4.200860 0.338454 0.000000 0.00000000 0.00000000 -0.73677311 0.67614007
444.698000000 4.193283 0.328293 0.000000 0.00000000 0.00000000 -0.72013933 0.69382948
444.823000000 4.201584 0.325178 0.000000 0.00000000 0.00000000 -0.70251019 0.71167368
444.948000000 4.201284 0.317389 0.000000 0.00000000 0.00000000 -0.68457392 0.72894345
445.073000000 4.200862 0.308026 0.000000 0.00000000 0.00000000 -0.66692915 0.74512114
445.198000000 4.199316 0.304194 0.000000 0.00000000 0.00000000 -0.64772495 0.76187426
445.323000000 4.199427 0.289017 0.000000 0.00000000 0.00000000 -0.62850458 0.77780588
445.448000000 4.206063 0.285100 0.000000 0.00000000 0.00000000 -0.60805939 0.79389154
445.573000000 4.211188 0.279327 0.000000 0.00000000 0.00000000 -0.58857510 0.80844255
445.698000000 4.211407 0.274394 0.000000 0.00000000 0.00000000 -0.56740434 0.82343932
445.823000000 4.213700 0.266688 0.000000 0.00000000 0.00000000 -0.54805841 0.83644006
445.948000000 4.214165 0.259429 0.000000 0.00000000 0.00000000 -0.52660827 0.85010807
446.073000000 4.214821 0.252289 0.000000 0.00000000 0.00000000 -0.50510767 0.86305634
446.198000000 4.219556 0.249441 0.000000 0.00000000 0.00000000 -0.48371017 0.87522824
446.323000000 4.228535 0.240270 0.000000 0.00000000 0.00000000 -0.46294792 0.88638548
446.448000000 4.223825 0.233533 0.000000 0.00000000 0.00000000 -0.43822389 0.89886585
446.573000000 4.232344 0.224893 0.000000 0.00000000 0.00000000 -0.41659600 0.90909173
446.698000000 4.246711 0.222079 0.000000 0.00000000 0.00000000 -0.39232383 0.91982716
446.823000000 4.249489 0.215769 0.000000 0.00000000 0.00000000 -0.37035495 0.92889031
446.948000000 4.247070 0.205251 0.000000 0.00000000 0.00000000 -0.35128124 0.93626999
447.073000000 4.249274 0.199106 0.000000 0.00000000 0.00000000 -0.33330660 0.94281849
447.198000000 4.257091 0.197341 0.000000 0.00000000 0.00000000 -0.31555957 0.94890577
447.323000000 4.268058 0.195820 0.000000 0.00000000 0.00000000 -0.29694212 0.95489548
447.448000000 4.264902 0.190502 0.000000 0.00000000 0.00000000 -0.28117755 0.95965576
447.573000000 4.274421 0.188704 0.000000 0.00000000 0.00000000 -0.26616705 0.96392692
447.698000000 4.277333 0.183713 0.000000 0.00000000 0.00000000 -0.25498675 0.96694455
447.823000000 4.286814 0.179185 0.000000 0.00000000 0.00000000 -0.24333822 0.96994150
447.948000000 4.302035 0.166707 0.000000 0.00000000 0.00000000 -0.23289426 0.97250206
448.073000000 4.304334 0.169921 0.000000 0.00000000 0.00000000 -0.22589347 0.97415201
448.198000000 4.309957 0.169951 0.000000 0.00000000 0.00000000 -0.22018041 0.97545917
448.323000000 4.321261 0.163436 0.000000 0.00000000 0.00000000 -0.21687119 0.97620023
448.448000000 4.324567 0.163889 0.000000 0.00000000 0.00000000 -0.21469369 0.97668143
448.573000000 4.338395 0.159412 0.000000 0.00000000 0.00000000 -0.21535897 0.97653495
448.698000000 4.336786 0.157558 0.000000 0.00000000 0.00000000 -0.21471675 0.97667636
448.823000000 4.341925 0.152475 0.000000 0.00000000 0.00000000 -0.21612467 0.97636577
448.948000000 4.349912 0.154978 0.000000 0.00000000 0.00000000 -0.21544488 0.97651600
449.073000000 4.355654 0.150408 0.000000 0.00000000 0.00000000 -0.21501025 0.97661179
449.198000000 4.368497 0.149449 0.000000 0.00000000 0.00000000 -0.21513886 0.97658347
449.323000000 4.375610 0.139455 0.000000 0.00000000 0.00000000 -0.21607142 0.97637756
449.448000000 4.382789 0.140269 0.000000 0.00000000 0.00000000 -0.21579634 0.97643840
449.573000000 4.387739 0.133532 0.000000 0.00000000 0.00000000 -0.21609219 0.97637296
449.698000000 4.393559 0.136651 0.000000 0.00000000 0.00000000 -0.21445885 0.97673303
449.823000000 4.400824 0.127252 0.000000 0.00000000 0.00000000 -0.21699373 0.97617300
449.948000000 4.410578 0.126541 0.000000 0.00000000 0.00000000 -0.21544576 0.97651581
450.073000000 4.417249 0.125691 0.000000 0.00000000 0.00000000 -0.21557151 0.97648806
450.198000000 4.422520 0.121275 0.000000 0.00000000 0.00000000 -0.21542098 0.97652128
450.323000000 4.430118 0.116818 0.000000 0.00000000 0.00000000 -0.21568679 0.97646260
450.448000000 4.434394 0.111028 0.000000 0.00000000 0.00000000 -0.21482717 0.97665208
450.573000000 4.442096 0.107409 0.000000 0.00000000 0.00000000 -0.21624435 0.97633927
450.698000000 4.453383 0.108960 0.000000 0.00000000 0.00000000 -0.21637737 0.97630980
450.823000000 4.452314 0.066788 0.000000 0.00000000 0.00000000 -0.21749533 0.97606136
450.948000000 4.448677 0.084478 0.000000 0.00000000 0.00000000 -0.21890167 0.97574692
451.073000000 4.475151 0.068007 0.000000 0.00000000 0.00000000 -0.21633953 0.97631819
451.198000000 4.472461 0.071029 0.000000 0.00000000 0.00000000 -0.21534794 0.97653738
451.323000000 4.488337 0.082196 0.000000 0.00000000 0.00000000 -0.21372031 0.97689489
451.448000000 4.486953 0.076947 0.000000 0.00000000 0.00000000 -0.21612477 0.97636575
451.573000000 4.504260 0.064498 0.000000 0.00000000 0.00000000 -0.21594184 0.97640623
451.698000000 4.502622 0.068087 0.000000 0.00000000 0.00000000 -0.21614757 0.97636071
451.823000000 4.510280 0.073873 0.000000 0.00000000 0.00000000 -0.21684903 0.97620515
451.948000000 4.527006 0.051709 0.000000 0.00000000 0.00000000 -0.21392310 0.97685050
452.073000000 4.532828 0.075512 0.000000 0.00000000 0.00000000 -0.21440745 0.97674431
452.198000000 4.539440 0.066930 0.000000 0.00000000 0.00000000 -0.21598487 0.97639671
452.323000000 4.534716 0.066621 0.000000 0.00000000 0.00000000 -0.21629061 0.97632903
452.448000000 4.545154 0.057983 0.000000 0.00000000 0.00000000 -0.21720856 0.97612522
452.573000000 4.557554 0.058794 0.000000 0.00000000 0.00000000 -0.21559018 0.97648393
452.698000000 4.559488 0.058045 0.000000 0.00000000 0.00000000 -0.21522271 0.97656499
452.823000000 4.570744 0.045507 0.000000 0.00000000 0.00000000 -0.21355721 0.97693056
452.948000000 4.569561 0.045500 0.000000 0.00000000 0.00000000 -0.21425629 0.97677748
453.073000000 4.588267 0.040696 0.000000 0.00000000 0.00000000 -0.21548333 0.97650752
453.198000000 4.582656 0.037680 0.000000 0.00000000 0.00000000 -0.21546787 0.97651093
453.323000000 4.595034 0.027792 0.000000 0.00000000 0.00000000 -0.21537683 0.97653101
453.448000000 4.601621 0.026348 0.000000 0.00000000 0.00000000 -0.21394306 0.97684613
453.573000000 4.603250 0.026280 0.000000 0.00000000 0.00000000 -0.21483240 0.97665093
453.698000000 4.608576 0.029834 0.000000 0.00000000 0.00000000 -0.21505107 0.97660280
453.823000000 4.621082 0.021071 0.000000 0.00000000 0.00000000 -0.21589796 0.97641593
453.948000000 4.624082 0.012371 0.000000 0.00000000 0.00000000 -0.21577026 0.97644416
454.073000000 4.635361 0.021312 0.000000 0.00000000 0.00000000 -0.21562223 0.97647686
454.198000000 4.647482 0.018446 0.000000 0.00000000 0.00000000 -0.21561267 0.97647897
454.323000000 4.641083 0.012667 0.000000 0.00000000 0.00000000 -0.21640261 0.97630421
454.448000000 4.669298 0.009197 0.000000 0.00000000 0.00000000 -0.21341161 0.97696238
454.573000000 4.660351 0.002332 0.000000 0.00000000 0.00000000 -0.21419689 0.97679051
454.698000000 4.664742 -0.004286 0.000000 0.00000000 0.00000000 -0.21301534 0.97704886
454.823000000 4.675014 -0.003713 0.000000 0.00000000 0.00000000 -0.21356713 0.97692839
454.948000000 4.688202 -0.004766 0.000000 0.00000000 0.00000000 -0.21346494 0.97695073
455.073000000 4.685624 -0.018374 0.000000 0.00000000 0.00000000 -0.21417205 0.97679595
455.198000000 4.698098 -0.015134 0.000000 0.00000000 0.00000000 -0.21309620 0.97703122
455.323000000 4.696764 -0.017463 0.000000 0.00000000 0.00000000 -0.20927725 0.97785634
455.448000000 4.708974 -0.020922 0.000000 0.00000000 0.00000000 -0.20140219 0.97950863
455.573000000 4.717983 -0.021105 0.000000 0.00000000 0.00000000 -0.19500355 0.98080254
455.698000000 4.719086 -0.021989 0.000000 0.00000000 0.00000000 -0.19148882 0.98149479
455.823000000 4.735753 -0.022660 0.000000 0.00000000 0.00000000 -0.18534797 0.98267295
455.948000000 4.736706 -0.031962 0.000000 0.00000000 0.00000000 -0.17820578 0.98399324
456.073000000 4.737270 -0.034146 0.000000 0.00000000 0.00000000 -0.17455116 0.98464811
456.198000000 4.749083 -0.041269 0.000000 0.00000000 0.00000000 -0.16698027 0.98596024
456.323000000 4.752803 0.000811 0.000000 0.00000000 0.00000000 -0.16125079 0.98691346
456.448000000 4.766859 -0.043758 0.000000 0.00000000 0.00000000 -0.15436825 0.98801338
456.573000000 4.773149 -0.022711 0.000000 0.00000000 0.00000000 -0.14794057 0.98899625
456.698000000 4.777477 -0.032738 0.000000 0.00000000 0.00000000 -0.14201016 0.98986520
456.823000000 4.788431 -0.027123 0.000000 0.00000000 0.00000000 -0.14117220 0.98998506
456.948000000 4.795017 -0.033893 0.000000 0.00000000 0.00000000 -0.14180358 0.98989481
457.073000000 4.799938 -0.023574 0.000000 0.00000000 0.00000000 -0.14142254 0.98994932
457.198000000 4.801631 -0.064744 0.000000 0.00000000 0.00000000 -0.14179002 0.98989676
457.323000000 4.813074 -0.060352 0.000000 0.00000000 0.00000000 -0.14244073 0.98980333
457.448000000 4.821151 -0.059562 0.000000 0.00000000 0.00000000 -0.14070700 0.99005128
457.573000000 4.833201 -0.062829 0.000000 0.00000000 0.00000000 -0.14028561 0.99011108
457.698000000 4.835156 -0.062059 0.000000 0.00000000 0.00000000 -0.14015207 0.99012999
457.823000000 4.851224 -0.071517 0.000000 0.00000000 0.00000000 -0.14203024 0.98986232
457.948000000 4.857686 -0.076276 0.000000 0.00000000 0.00000000 -0.14003581 0.99014644
458.073000000 4.862475 -0.074680 0.000000 0.00000000 0.00000000 -0.13979630 0.99018028
458.198000000 4.865457 -0.080914 0.000000 0.00000000 0.00000000 -0.14027813 0.99011214
458.323000000 4.875527 -0.077290 0.000000 0.00000000 0.00000000 -0.13682810 0.99059481
458.448000000 4.874428 -0.075384 0.000000 0.00000000 0.00000000 -0.12899198 0.99164564
458.573000000 4.886617 -0.081432 0.000000 0.00000000 0.00000000 -0.11777089 0.99304079
458.698000000 4.896807 -0.081392 0.000000 0.00000000 0.00000000 -0.10560301 0.99440837
458.823000000 4.904001 -0.077773 0.000000 0.00000000 0.00000000 -0.09259318 0.99570402
458.948000000 4.908534 -0.068680 0.000000 0.00000000 0.00000000 -0.08026231 0.99677378
459.073000000 4.916620 -0.068364 0.000000 0.00000000 0.00000000 -0.06977260 0.99756292
459.198000000 4.921024 -0.073350 0.000000 0.00000000 0.00000000 -0.05637404 0.99840972
459.323000000 4.938087 -0.073246 0.000000 0.00000000 0.00000000 -0.04309966 0.99907078
459.448000000 4.946589 -0.088284 0.000000 0.00000000 0.00000000 -0.03023058 0.99954295
459.573000000 4.945801 -0.089554 0.000000 0.00000000 0.00000000 -0.01841162 0.99983049
459.698000000 4.949533 -0.090986 0.000000 0.00000000 0.00000000 -0.00472327 0.99998885
459.823000000 4.956177 -0.086959 0.000000 0.00000000 0.00000000 0.00525244 0.99998621
459.948000000 4.964290 -0.088502 0.000000 0.00000000 0.00000000 0.01179147 0.99993048
460.073000000 4.974757 -0.086949 0.000000 0.00000000 0.00000000 0.02090928 0.99978138
460.198000000 4.983697 -0.093949 0.000000 0.00000000 0.00000000 0.02509376 0.99968510
460.323000000 4.996129 -0.083262 0.000000 0.00000000 0.00000000 0.03036667 0.99953883
460.448000000 5.000641 -0.084534 0.000000 0.00000000 0.00000000 0.03095059 0.99952092
460.573000000 5.004467 -0.081771 0.000000 0.00000000 0.00000000 0.02692851 0.99963736
460.698000000 5.016630 -0.086251 0.000000 0.00000000 0.00000000 0.02051601 0.99978952
460.823000000 5.019395 -0.080811 0.000000 0.00000000 0.00000000 0.01343978 0.99990968
460.948000000 5.023514 -0.087794 0.000000 0.00000000 0.00000000 0.00633357 0.99997994
461.073000000 5.031615 -0.082030 0.000000 0.00000000 0.00000000 0.00226792 0.99999743
461.198000000 5.043229 -0.084596 0.000000 0.00000000 0.00000000 -0.00490320 0.99998798
461.323000000 5.051568 -0.081110 0.000000 0.00000000 0.00000000 -0.00624832 0.99998048
461.448000000 5.055167 -0.082826 0.000000 0.00000000 0.00000000 -0.00424595 0.99999099
461.573000000 5.066010 -0.085037 0.000000 0.00000000 0.00000000 0.00287221 0.99999588
461.698000000 5.071055 -0.088365 0.000000 0.00000000 0.00000000 0.00818857 0.99996647
461.823000000 5.082272 -0.080502 0.000000 0.00000000 0.00000000 0.01463976 0.99989283
461.948000000 5.086613 -0.085964 0.000000 0.00000000 0.00000000 0.02020744 0.99979581
462.073000000 5.099270 -0.081647 0.000000 0.00000000 0.00000000 0.02844390 0.99959539
462.198000000 5.103444 -0.087056 0.000000 0.00000000 0.00000000 0.03561212 0.99936569
462.323000000 5.109389 -0.084532 0.000000 0.00000000 0.00000000 0.03996197 0.99920120
462.448000000 5.117405 -0.080550 0.000000 0.00000000 0.00000000 0.04479899 0.99899602
462.573000000 5.127672 -0.075651 0.000000 0.00000000 0.00000000 0.05063449 0.99871725
462.698000000 5.132767 -0.073311 0.000000 0.00000000 0.00000000 0.05706679 0.99837036
462.823000000 5.136939 -0.081449 0.000000 0.00000000 0.00000000 0.06266410 0.99803467
462.948000000 5.146919 -0.085033 0.000000 0.00000000 0.00000000 0.07141355 0.99744679
463.073000000 5.155175 -0.076808 0.000000 0.00000000 0.00000000 0.07650880 0.99706891
463.198000000 5.162036 -0.078733 0.000000 0.00000000 0.00000000 0.08148736 0.99667438
463.323000000 5.165724 -0.072423 0.000000 0.00000000 0.00000000 0.08398639 0.99646690
463.448000000 5.175375 -0.075436 0.000000 0.00000000 0.00000000 0.08380104 0.99648251
463.573000000 5.183082 -0.073634 0.000000 0.00000000 0.00000000 0.08403081 0.99646316
463.698000000 5.191255 -0.066631 0.000000 0.00000000 0.00000000 0.08404356 0.99646208
463.823000000 5.202820 -0.065691 0.000000 0.00000000 0.00000000 0.08344096 0.99651272
463.948000000 5.208650 -0.063398 0.000000 0.00000000 0.00000000 0.08376795 0.99648529
464.073000000 5.209455 -0.067471 0.000000 0.00000000 0.00000000 0.08387997 0.99647587
464.198000000 5.224047 -0.081731 0.000000 0.00000000 0.00000000 0.08892418 0.99603840
464.323000000 5.230337 -0.077874 0.000000 0.00000000 0.00000000 0.08740349 0.99617299
464.448000000 5.241208 -0.066518 0.000000 0.00000000 0.00000000 0.08519757 0.99636408
464.573000000 5.250750 -0.067424 0.000000 0.00000000 0.00000000 0.08503408 0.99637804
464.698000000 5.270924 -0.077384 0.000000 0.00000000 0.00000000 0.08870617 0.99605784
464.823000000 5.267071 -0.056255 0.000000 0.00000000 0.00000000 0.08445361 0.99642741
464.948000000 5.266580 -0.050986 0.000000 0.00000000 0.00000000 0.08382984 0.99648008
465.073000000 5.280056 -0.057007 0.000000 0.00000000 0.00000000 0.08495427 0.99638485
465.198000000 5.284503 -0.060943 0.000000 0.00000000 0.00000000 0.08458795 0.99641602
465.323000000 5.287119 -0.043590 0.000000 0.00000000 0.00000000 0.08345021 0.99651195
465.448000000 5.301264 -0.040710 0.000000 0.00000000 0.00000000 0.08504842 0.99637682
465.573000000 5.310431 -0.044874 0.000000 0.00000000 0.00000000 0.08512855 0.99636998
465.698000000 5.317942 -0.045830 0.000000 0.00000000 0.00000000 0.08434271 0.99643681
465.823000000 5.324491 -0.043802 0.000000 0.00000000 0.00000000 0.08545459 0.99634207
465.948000000 5.332783 -0.037522 0.000000 0.00000000 0.00000000 0.08445813 0.99642703
466.073000000 5.335045 -0.037684 0.000000 0.00000000 0.00000000 0.08265257 0.99657842
466.198000000 5.349463 -0.041479 0.000000 0.00000000 0.00000000 0.08325073 0.99652863
466.323000000 5.351465 -0.033405 0.000000 0.00000000 0.00000000 0.08149826 0.99667348
466.448000000 5.359428 -0.047058 0.000000 0.00000000 0.00000000 0.08470088 0.99640642
466.573000000 5.360106 -0.031609 0.000000 0.00000000 0.00000000 0.08549208 0.99633885
466.698000000 5.375123 -0.027794 0.000000 0.00000000 0.00000000 0.09262970 0.99570063
466.823000000 5.381358 -0.039423 0.000000 0.00000000 0.00000000 0.10077616 0.99490912
466.948000000 5.400449 -0.044419 0.000000 0.00000000 0.00000000 0.10903825 0.99403755
467.073000000 5.398528 -0.039685 0.000000 0.00000000 0.00000000 0.11305269 0.99358899
467.198000000 5.404430 -0.039052 0.000000 0.00000000 0.00000000 0.11897179 0.99289763
467.323000000 5.411205 -0.029809 0.000000 0.00000000 0.00000000 0.12404391 0.99227673
467.448000000 5.416363 -0.018913 0.000000 0.00000000 0.00000000 0.13069927 0.99142206
467.573000000 5.421515 -0.027033 0.000000 0.00000000 0.00000000 0.13713136 0.99055287
467.698000000 5.437408 -0.024955 0.000000 0.00000000 0.00000000 0.14439397 0.98952028
467.948000000 5.445280 -0.022954 0.000000 0.00000000 0.00000000 0.15558145 0.98782307
468.073000000 5.451960 -0.016121 0.000000 0.00000000 0.00000000 0.16173210 0.98683470
468.198000000 5.460433 -0.009007 0.000000 0.00000000 0.00000000 0.16618587 0.98609445
468.323000000 5.467396 -0.008700 0.000000 0.00000000 0.00000000 0.16890765 0.98563188
468.448000000 5.472634 -0.004193 0.000000 0.00000000 0.00000000 0.16520764 0.98625881
468.573000000 5.478995 -0.007764 0.000000 0.00000000 0.00000000 0.15907574 0.98726638
468.698000000 5.488499 -0.002824 0.000000 0.00000000 0.00000000 0.15494838 0.98792257
468.823000000 5.498705 -0.004740 0.000000 0.00000000 0.00000000 0.14696356 0.98914191
468.948000000 5.504069 -0.004806 0.000000 0.00000000 0.00000000 0.14086720 0.99002850
469.073000000 5.509648 0.000839 0.000000 0.00000000 0.00000000 0.13550783 0.99077628
469.198000000 5.519880 0.013961 0.000000 0.00000000 0.00000000 0.12775507 0.99180575
469.323000000 5.526859 0.001720 0.000000 0.00000000 0.00000000 0.12485681 0.99217477
469.448000000 5.532824 0.003550 0.000000 0.00000000 0.00000000 0.11796118 0.99301821
469.573000000 5.539492 0.017177 0.000000 0.00000000 0.00000000 0.11008167 0.99392255
469.698000000 5.545052 0.009040 0.000000 0.00000000 0.00000000 0.10263873 0.99471870
469.823000000 5.550376 0.003914 0.000000 0.00000000 0.00000000 0.09604862 0.99537664
469.948000000 5.562458 0.010603 0.000000 0.00000000 0.00000000 0.09174159 0.99578285
470.073000000 5.570128 0.006462 0.000000 0.00000000 0.00000000 0.08552616 0.99633593
470.198000000 5.570863 0.006376 0.000000 0.00000000 0.00000000 0.07831097 0.99692898
470.323000000 5.578556 0.012803 0.000000 0.00000000 0.00000000 0.07416638 0.99724588
470.448000000 5.590583 0.021533 0.000000 0.00000000 0.00000000 0.07674065 0.99705109
470.573000000 5.598590 0.025949 0.000000 0.00000000 0.00000000 0.07805677 0.99694892
470.698000000 5.606932 0.021495 0.000000 0.00000000 0.00000000 0.08666668 0.99623736
470.823000000 5.618863 0.030057 0.000000 0.00000000 0.00000000 0.09027033 0.99591730
470.948000000 5.625591 0.024189 0.000000 0.00000000 0.00000000 0.09647041 0.99533585
471.073000000 5.634901 0.034412 0.000000 0.00000000 0.00000000 0.10407311 0.99456965
471.198000000 5.641182 0.028528 0.000000 0.00000000 0.00000000 0.11019450 0.99391004
471.323000000 5.646211 0.036794 0.000000 0.00000000 0.00000000 0.11244698 0.99365773
471.448000000 5.660104 0.036823 0.000000 0.00000000 0.00000000 0.11050213 0.99387589
471.573000000 5.659798 0.036899 0.000000 0.00000000 0.00000000 0.10576198 0.99439147
471.698000000 5.675705 0.041074 0.000000 0.00000000 0.00000000 0.10144786 0.99484086
471.823000000 5.678980 0.038098 0.000000 0.00000000 0.00000000 0.09363320 0.99560676
471.948000000 5.692265 0.044077 0.000000 0.00000000 0.00000000 0.08924616 0.99600960
472.073000000 5.696750 0.038494 0.000000 0.00000000 0.00000000 0.08187871 0.99664230
472.198000000 5.699714 0.042272 0.000000 0.00000000 0.00000000 0.07442710 0.99722646
472.323000000 5.712325 0.044641 0.000000 0.00000000 0.00000000 0.06961493 0.99757394
472.448000000 5.715771 0.046738 0.000000 0.00000000 0.00000000 0.06390981 0.99795568
472.573000000 5.717477 0.044370 0.000000 0.00000000 0.00000000 0.05671401 0.99839047
472.698000000 5.732271 0.041500 0.000000 0.00000000 0.00000000 0.05170339 0.99866249
472.823000000 5.734773 0.046827 0.000000 0.00000000 0.00000000 0.04600066 0.99894141
472.948000000 5.741092 0.054796 0.000000 0.00000000 0.00000000 0.03853054 0.99925742
473.073000000 5.753350 0.035930 0.000000 0.00000000 0.00000000 0.03294133 0.99945729
473.198000000 5.757856 0.042144 0.000000 0.00000000 0.00000000 0.02631203 0.99965378
473.323000000 5.762063 0.054360 0.000000 0.00000000 0.00000000 0.01973558 0.99980523
473.448000000 5.772381 0.045561 0.000000 0.00000000 0.00000000 0.01507661 0.99988634
473.573000000 5.777490 0.044499 0.000000 0.00000000 0.00000000 0.00759755 0.99997114
473.698000000 5.790226 0.038297 0.000000 0.00000000 0.00000000 0.00326459 0.99999467
473.823000000 5.793118 0.051962 0.000000 0.00000000 0.00000000 -0.00414308 0.99999142
473.948000000 5.802553 0.048079 0.000000 0.00000000 0.00000000 -0.01149663 0.99993391
474.073000000 5.813891 0.039283 0.000000 0.00000000 0.00000000 -0.01527601 0.99988331
474.198000000 5.818775 0.032405 0.000000 0.00000000 0.00000000 -0.01668923 0.99986073
474.323000000 5.825881 0.048287 0.000000 0.00000000 0.00000000 -0.01242450 0.99992281
474.448000000 5.829793 0.046355 0.000000 0.00000000 0.00000000 -0.00680220 0.99997686
474.573000000 5.837976 0.048837 0.000000 0.00000000 0.00000000 -0.00079132 0.99999969
474.698000000 5.850933 0.041293 0.000000 0.00000000 0.00000000 0.00680114 0.99997687
474.823000000 5.854544 0.050514 0.000000 0.00000000 0.00000000 0.01197090 0.99992835
474.948000000 5.858547 0.053105 0.000000 0.00000000 0.00000000 0.01794048 0.99983906
475.073000000 5.872983 0.038683 0.000000 0.00000000 0.00000000 0.02536846 0.99967817
475.198000000 5.880495 0.051631 0.000000 0.00000000 0.00000000 0.03025852 0.99954211
475.323000000 5.885939 0.053366 0.000000 0.00000000 0.00000000 0.03686330 0.99932032
475.448000000 5.894146 0.057387 0.000000 0.00000000 0.00000000 0.04436365 0.99901545
475.573000000 5.899844 0.060185 0.000000 0.00000000 0.00000000 0.05002006 0.99874821
475.698000000 5.906436 0.055581 0.000000 0.00000000 0.00000000 0.05627218 0.99841547
475.823000000 5.917846 0.056123 0.000000 0.00000000 0.00000000 0.06217082 0.99806552
475.948000000 5.926197 0.049387 0.000000 0.00000000 0.00000000 0.06961776 0.99757374
476.073000000 5.927564 0.060705 0.000000 0.00000000 0.00000000 0.07446444 0.99722367
476.198000000 5.935374 0.061306 0.000000 0.00000000 0.00000000 0.08100714 0.99671352
476.323000000 5.946448 0.059795 0.000000 0.00000000 0.00000000 0.08848210 0.99607777
476.448000000 5.953616 0.065618 0.000000 0.00000000 0.00000000 0.09357001 0.99561270
476.573000000 5.956412 0.068172 0.000000 0.00000000 0.00000000 0.09929889 0.99505765
476.698000000 5.966520 0.066137 0.000000 0.00000000 0.00000000 0.10577747 0.99438983
476.823000000 5.973794 0.062671 0.000000 0.00000000 0.00000000 0.11157338 0.99375620
476.948000000 5.981723 0.064949 0.000000 0.00000000 0.00000000 0.11825282 0.99298352
477.073000000 5.988019 0.070646 0.000000 0.00000000 0.00000000 0.12420701 0.99225633
477.198000000 5.995224 0.067542 0.000000 0.00000000 0.00000000 0.12900912 0.99164341
477.323000000 5.998316 0.071753 0.000000 0.00000000 0.00000000 0.13637432 0.99065738
477.448000000 6.015253 0.072665 0.000000 0.00000000 0.00000000 0.14257069 0.98978462
477.573000000 6.019393 0.081535 0.000000 0.00000000 0.00000000 0.14919702 0.98880749
477.698000000 6.021204 0.080471 0.000000 0.00000000 0.00000000 0.15479043 0.98794733
477.823000000 6.034656 0.085672 0.000000 0.00000000 0.00000000 0.16110948 0.98693654
477.948000000 6.039106 0.089328 0.000000 0.00000000 0.00000000 0.16815987 0.98575974
478.073000000 6.048542 0.088858 0.000000 0.00000000 0.00000000 0.17328286 0.98487210
478.198000000 6.055577 0.092397 0.000000 0.00000000 0.00000000 0.17599951 0.98439025
478.323000000 6.063652 0.095784 0.000000 0.00000000 0.00000000 0.17353728 0.98482730
478.448000000 6.064094 0.092760 0.000000 0.00000000 0.00000000 0.16638710 0.98606051
478.573000000 6.064574 0.096580 0.000000 0.00000000 0.00000000 0.16037269 0.98705653
478.698000000 6.080019 0.100575 0.000000 0.00000000 0.00000000 0.15533915 0.98786120
478.823000000 6.082040 0.095529 0.000000 0.00000000 0.00000000 0.14813463 0.98896721
478.948000000 6.088721 0.102981 0.000000 0.00000000 0.00000000 0.14189687 0.98988145
479.073000000 6.103877 0.102566 0.000000 0.00000000 0.00000000 0.13559418 0.99076446
479.198000000 6.101214 0.110815 0.000000 0.00000000 0.00000000 0.12994096 0.99152173
479.323000000 6.114886 0.105441 0.000000 0.00000000 0.00000000 0.12320919 0.99238072
479.448000000 6.123895 0.112279 0.000000 0.00000000 0.00000000 0.11848972 0.99295528
479.573000000 6.130473 0.113322 0.000000 0.00000000 0.00000000 0.11122044 0.99379576
479.698000000 6.134017 0.113338 0.000000 0.00000000 0.00000000 0.10543759 0.99442592
479.823000000 6.142922 0.119638 0.000000 0.00000000 0.00000000 0.09931580 0.99505596
479.948000000 6.157237 0.116761 0.000000 0.00000000 0.00000000 0.09264527 0.99569918
480.073000000 6.153581 0.120490 0.000000 0.00000000 0.00000000 0.08599061 0.99629595
480.198000000 6.162405 0.115182 0.000000 0.00000000 0.00000000 0.07944210 0.99683948
480.323000000 6.171783 0.121224 0.000000 0.00000000 0.00000000 0.07182932 0.99741694
480.448000000 6.177149 0.123646 0.000000 0.00000000 0.00000000 0.05895347 0.99826073
480.573000000 6.190063 0.115628 0.000000 0.00000000 0.00000000 0.04704854 0.99889260
480.698000000 6.195152 0.126249 0.000000 0.00000000 0.00000000 0.03554190 0.99936819
480.823000000 6.204135 0.117589 0.000000 0.00000000 0.00000000 0.02273095 0.99974162
480.948000000 6.208831 0.124870 0.000000 0.00000000 0.00000000 0.01027734 0.99994719
481.073000000 6.216058 0.117833 0.000000 0.00000000 0.00000000 -0.00254782 0.99999675
481.198000000 6.227280 0.127244 0.000000 0.00000000 0.00000000 -0.01428449 0.99989797
481.323000000 6.224561 0.120835 0.000000 0.00000000 0.00000000 -0.02775793 0.99961467
481.448000000 6.236764 0.117721 0.000000 0.00000000 0.00000000 -0.04065089 0.99917341
481.573000000 6.244656 0.125214 0.000000 0.00000000 0.00000000 -0.05251300 0.99862024
481.698000000 6.251120 0.121416 0.000000 0.00000000 0.00000000 -0.06593174 0.99782414
481.823000000 6.259258 0.119151 0.000000 0.00000000 0.00000000 -0.07526819 0.99716333
481.948000000 6.265360 0.112851 0.000000 0.00000000 0.00000000 -0.08185485 0.99664426
482.073000000 6.277114 0.115261 0.000000 0.00000000 0.00000000 -0.08311543 0.99653993
482.198000000 6.286692 0.119635 0.000000 0.00000000 0.00000000 -0.08350454 0.99650740
482.323000000 6.291681 0.122838 0.000000 0.00000000 0.00000000 -0.08199259 0.99663294
482.448000000 6.300473 0.123136 0.000000 0.00000000 0.00000000 -0.08175731 0.99665227
482.573000000 6.305524 0.107096 0.000000 0.00000000 0.00000000 -0.08188726 0.99664160
482.698000000 6.312726 0.097599 0.000000 0.00000000 0.00000000 -0.08287403 0.99656003
482.823000000 6.320286 0.101676 0.000000 0.00000000 0.00000000 -0.08227482 0.99660968
482.948000000 6.325515 0.100271 0.000000 0.00000000 0.00000000 -0.08401900 0.99646415
483.073000000 6.333943 0.098492 0.000000 0.00000000 0.00000000 -0.08386571 0.99647707
483.198000000 6.334837 0.103026 0.000000 0.00000000 0.00000000 -0.08231057 0.99660673
483.323000000 6.347322 0.106982 0.000000 0.00000000 0.00000000 -0.08124346 0.99669429
483.448000000 6.351340 0.097124 0.000000 0.00000000 0.00000000 -0.07754794 0.99698862
483.573000000 6.363113 0.098377 0.000000 0.00000000 0.00000000 -0.07054262 0.99750877
483.698000000 6.370994 0.099589 0.000000 0.00000000 0.00000000 -0.06301317 0.99801270
483.823000000 6.379062 0.089444 0.000000 0.00000000 0.00000000 -0.05764445 0.99833718
483.948000000 6.381319 0.094481 0.000000 0.00000000 0.00000000 -0.05272694 0.99860897
484.073000000 6.387030 0.095883 0.000000 0.00000000 0.00000000 -0.04496429 0.99898859
484.198000000 6.400182 0.101630 0.000000 0.00000000 0.00000000 -0.03789884 0.99928158
484.323000000 6.414228 0.089283 0.000000 0.00000000 0.00000000 -0.03390945 0.99942491
484.448000000 6.411981 0.103695 0.000000 0.00000000 0.00000000 -0.02457194 0.99969806
484.573000000 6.422912 0.095411 0.000000 0.00000000 0.00000000 -0.02163238 0.99976599
484.698000000 6.426865 0.096172 0.000000 0.00000000 0.00000000 -0.01252237 0.99992159
484.823000000 6.429124 0.093785 0.000000 0.00000000 0.00000000 -0.00567574 0.99998389
484.948000000 6.449364 0.069932 0.000000 0.00000000 0.00000000 -0.00224125 0.99999749
485.073000000 6.436426 0.117327 0.000000 0.00000000 0.00000000 0.00914408 0.99995819
485.198000000 6.458379 0.097713 0.000000 0.00000000 0.00000000 0.01697200 0.99985597
485.323000000 6.459168 0.101966 0.000000 0.00000000 0.00000000 0.03263394 0.99946737
485.448000000 6.477592 0.094654 0.000000 0.00000000 0.00000000 0.05086041 0.99870577
485.573000000 6.474517 0.101520 0.000000 0.00000000 0.00000000 0.06821680 0.99767052
485.698000000 6.479266 0.102336 0.000000 0.00000000 0.00000000 0.08709835 0.99619972
485.823000000 6.490797 0.102184 0.000000 0.00000000 0.00000000 0.10450991 0.99452385
485.948000000 6.499768 0.109276 0.000000 0.00000000 0.00000000 0.12330776 0.99236848
486.073000000 6.504952 0.112137 0.000000 0.00000000 0.00000000 0.14258173 0.98978303
486.198000000 6.532265 0.075320 0.000000 0.00000000 0.00000000 0.15821798 0.98740421
486.323000000 6.527971 0.111475 0.000000 0.00000000 0.00000000 0.17106835 0.98525916
486.448000000 6.526658 0.120995 0.000000 0.00000000 0.00000000 0.18120736 0.98344491
486.573000000 6.533188 0.117241 0.000000 0.00000000 0.00000000 0.18872235 0.98203048
486.698000000 6.539488 0.120710 0.000000 0.00000000 0.00000000 0.19271186 0.98125539
486.823000000 6.555750 0.117730 0.000000 0.00000000 0.00000000 0.19711336 0.98038070
486.948000000 6.548998 0.128730 0.000000 0.00000000 0.00000000 0.20430018 0.97890829
487.073000000 6.569743 0.123906 0.000000 0.00000000 0.00000000 0.21142402 0.97739444
487.198000000 6.575263 0.150651 0.000000 0.00000000 0.00000000 0.21859269 0.97581619
487.323000000 6.578611 0.140262 0.000000 0.00000000 0.00000000 0.22230013 0.97497828
487.448000000 6.588416 0.128679 0.000000 0.00000000 0.00000000 0.22641653 0.97403057
487.573000000 6.592122 0.135785 0.000000 0.00000000 0.00000000 0.22716852 0.97385546
487.698000000 6.603490 0.123735 0.000000 0.00000000 0.00000000 0.23305855 0.97246270
487.823000000 6.605085 0.132086 0.000000 0.00000000 0.00000000 0.23408345 0.97221651
487.948000000 6.611076 0.139733 0.000000 0.00000000 0.00000000 0.23404657 0.97222539
488.073000000 6.614958 0.145289 0.000000 0.00000000 0.00000000 0.23514660 0.97195992
488.198000000 6.629739 0.145925 0.000000 0.00000000 0.00000000 0.23200412 0.97271480
488.323000000 6.636131 0.143060 0.000000 0.00000000 0.00000000 0.23193059 0.97273234
488.448000000 6.642477 0.147591 0.000000 0.00000000 0.00000000 0.23049116 0.97307442
488.573000000 6.649670 0.153209 0.000000 0.00000000 0.00000000 0.23123496 0.97289794
488.698000000 6.658353 0.153696 0.000000 0.00000000 0.00000000 0.23077218 0.97300781
488.823000000 6.664105 0.152804 0.000000 0.00000000 0.00000000 0.23120515 0.97290502
488.948000000 6.673391 0.155578 0.000000 0.00000000 0.00000000 0.23121789 0.97290199
489.073000000 6.678526 0.162346 0.000000 0.00000000 0.00000000 0.23013873 0.97315783
489.198000000 6.679451 0.168313 0.000000 0.00000000 0.00000000 0.23232600 0.97263797
489.323000000 6.689165 0.178054 0.000000 0.00000000 0.00000000 0.23246807 0.97260403
489.448000000 6.697222 0.182630 0.000000 0.00000000 0.00000000 0.22933542 0.97334745
489.573000000 6.705576 0.183330 0.000000 0.00000000 0.00000000 0.23010531 0.97316573
489.698000000 6.704128 0.189440 0.000000 0.00000000 0.00000000 0.23382316 0.97227914
489.823000000 6.719721 0.187353 0.000000 0.00000000 0.00000000 0.23154300 0.97282467
489.948000000 6.729871 0.184116 0.000000 0.00000000 0.00000000 0.23088092 0.97298201
490.073000000 6.728308 0.199363 0.000000 0.00000000 0.00000000 0.23053973 0.97306291
490.198000000 6.736206 0.190208 0.000000 0.00000000 0.00000000 0.22993028 0.97320710
490.323000000 6.745135 0.200528 0.000000 0.00000000 0.00000000 0.22916335 0.97338798
490.448000000 6.750011 0.205108 0.000000 0.00000000 0.00000000 0.23139262 0.97286045
490.573000000 6.759126 0.203926 0.000000 0.00000000 0.00000000 0.23185999 0.97274917
490.698000000 6.762774 0.211112 0.000000 0.00000000 0.00000000 0.22994708 0.97320314
490.823000000 6.769333 0.217465 0.000000 0.00000000 0.00000000 0.23022168 0.97313821
490.948000000 6.780648 0.215949 0.000000 0.00000000 0.00000000 0.22835659 0.97357756
491.073000000 6.797288 0.218132 0.000000 0.00000000 0.00000000 0.22577703 0.97417900
491.198000000 6.792061 0.224515 0.000000 0.00000000 0.00000000 0.22994818 0.97320287
491.323000000 6.792968 0.220332 0.000000 0.00000000 0.00000000 0.22981313 0.97323477
491.448000000 6.803412 0.245279 0.000000 0.00000000 0.00000000 0.22639432 0.97403573
491.573000000 6.811658 0.246068 0.000000 0.00000000 0.00000000 0.22551006 0.97424084
491.698000000 6.816063 0.242660 0.000000 0.00000000 0.00000000 0.22920899 0.97337723
491.823000000 6.822770 0.247599 0.000000 0.00000000 0.00000000 0.22700366 0.97389391
491.948000000 6.830149 0.249872 0.000000 0.00000000 0.00000000 0.22547086 0.97424991
492.073000000 6.833071 0.254105 0.000000 0.00000000 0.00000000 0.22754553 0.97376744
492.198000000 6.833979 0.259679 0.000000 0.00000000 0.00000000 0.22701824 0.97389051
492.323000000 6.849201 0.261619 0.000000 0.00000000 0.00000000 0.22525820 0.97429910
492.448000000 6.859158 0.273937 0.000000 0.00000000 0.00000000 0.22497631 0.97436423
492.573000000 6.868579 0.265759 0.000000 0.00000000 0.00000000 0.22613024 0.97409708
492.698000000 6.881567 0.280794 0.000000 0.00000000 0.00000000 0.23183635 0.97275480
492.823000000 6.873778 0.263172 0.000000 0.00000000 0.00000000 0.22744648 0.97379058
492.948000000 6.882393 0.273554 0.000000 0.00000000 0.00000000 0.22708313 0.97387538
493.073000000 6.889502 0.270983 0.000000 0.00000000 0.00000000 0.23025842 0.97312952
493.198000000 6.896886 0.265924 0.000000 0.00000000 0.00000000 0.23102818 0.97294706
493.323000000 6.898392 0.285791 0.000000 0.00000000 0.00000000 0.22898616 0.97342968
493.448000000 6.910129 0.290359 0.000000 0.00000000 0.00000000 0.23050503 0.97307113
493.573000000 6.917393 0.294609 0.000000 0.00000000 0.00000000 0.23028330 0.97312363
493.698000000 6.928161 0.288818 0.000000 0.00000000 0.00000000 0.23815427 0.97122734
493.823000000 6.935572 0.299769 0.000000 0.00000000 0.00000000 0.24969393 0.96832481
493.948000000 6.949781 0.296452 0.000000 0.00000000 0.00000000 0.26319052 0.96474388
494.073000000 6.953113 0.304964 0.000000 0.00000000 0.00000000 0.27579540 0.96121636
494.198000000 6.942838 0.307803 0.000000 0.00000000 0.00000000 0.28733677 0.95782962
494.323000000 6.969592 0.318679 0.000000 0.00000000 0.00000000 0.29874652 0.95433250
494.448000000 6.961822 0.313031 0.000000 0.00000000 0.00000000 0.30988907 0.95077272
494.573000000 6.973424 0.319054 0.000000 0.00000000 0.00000000 0.32376040 0.94613910
494.698000000 6.970972 0.331285 0.000000 0.00000000 0.00000000 0.33292553 0.94295312
494.823000000 6.984123 0.330264 0.000000 0.00000000 0.00000000 0.34620285 0.93815968
494.948000000 6.979787 0.347320 0.000000 0.00000000 0.00000000 0.35747180 0.93392393
495.073000000 6.986314 0.344791 0.000000 0.00000000 0.00000000 0.36729407 0.93010487
495.198000000 7.001121 0.344603 0.000000 0.00000000 0.00000000 0.38034931 0.92484291
495.323000000 7.002312 0.365684 0.000000 0.00000000 0.00000000 0.38298806 0.92375329
495.448000000 7.002038 0.354338 0.000000 0.00000000 0.00000000 0.39022919 0.92071775
495.573000000 6.996729 0.366116 0.000000 0.00000000 0.00000000 0.38985640 0.92087566
495.698000000 7.015301 0.374395 0.000000 0.00000000 0.00000000 0.38700265 0.92207860
495.823000000 7.022235 0.385344 0.000000 0.00000000 0.00000000 0.38524340 0.92281500
495.948000000 7.021876 0.394350 0.000000 0.00000000 0.00000000 0.38586420 0.92255559
496.073000000 7.031392 0.388752 0.000000 0.00000000 0.00000000 0.38822298 0.92156547
496.198000000 7.032684 0.391218 0.000000 0.00000000 0.00000000 0.38657165 0.92225938
496.323000000 7.039443 0.398154 0.000000 0.00000000 0.00000000 0.38562953 0.92265371
496.448000000 7.045756 0.410189 0.000000 0.00000000 0.00000000 0.38675623 0.92218199
496.573000000 7.050983 0.407261 0.000000 0.00000000 0.00000000 0.38825599 0.92155156
496.698000000 7.053895 0.415561 0.000000 0.00000000 0.00000000 0.38773463 0.92177104
496.823000000 7.061240 0.421683 0.000000 0.00000000 0.00000000 0.38769764 0.92178660
496.948000000 7.068126 0.430100 0.000000 0.00000000 0.00000000 0.38596206 0.92251466
497.073000000 7.072439 0.432156 0.000000 0.00000000 0.00000000 0.38614752 0.92243704
497.198000000 7.078459 0.432060 0.000000 0.00000000 0.00000000 0.38855892 0.92142388
497.323000000 7.083722 0.437852 0.000000 0.00000000 0.00000000 0.38907698 0.92120524
497.448000000 7.087053 0.443247 0.000000 0.00000000 0.00000000 0.38825747 0.92155094
497.573000000 7.091931 0.455365 0.000000 0.00000000 0.00000000 0.38703963 0.92206308
497.698000000 7.101258 0.463154 0.000000 0.00000000 0.00000000 0.38720038 0.92199559
497.823000000 7.106682 0.472717 0.000000 0.00000000 0.00000000 0.38624962 0.92239429
497.948000000 7.108490 0.467796 0.000000 0.00000000 0.00000000 0.38912358 0.92118556
498.073000000 7.116235 0.475719 0.000000 0.00000000 0.00000000 0.39625504 0.91814048
498.198000000 7.122976 0.486427 0.000000 0.00000000 0.00000000 0.40842460 0.91279206
498.323000000 7.118512 0.497100 0.000000 0.00000000 0.00000000 0.41721535 0.90880766
498.448000000 7.132133 0.503010 0.000000 0.00000000 0.00000000 0.43104099 0.90233235
498.573000000 7.132437 0.502899 0.000000 0.00000000 0.00000000 0.44056318 0.89772161
498.698000000 7.138796 0.511472 0.000000 0.00000000 0.00000000 0.45142893 0.89230708
498.823000000 7.141645 0.520838 0.000000 0.00000000 0.00000000 0.46307058 0.88632141
498.948000000 7.142373 0.519363 0.000000 0.00000000 0.00000000 0.47258478 0.88128521
499.073000000 7.152072 0.523835 0.000000 0.00000000 0.00000000 0.48569661 0.87412745
499.198000000 7.150160 0.529861 0.000000 0.00000000 0.00000000 0.49351033 0.86973994
499.323000000 7.158065 0.543096 0.000000 0.00000000 0.00000000 0.50696288 0.86196789
499.448000000 7.155124 0.538184 0.000000 0.00000000 0.00000000 0.51497863 0.85720302
499.573000000 7.169553 0.557336 0.000000 0.00000000 0.00000000 0.52892717 0.84866722
499.698000000 7.163280 0.551634 0.000000 0.00000000 0.00000000 0.53631367 0.84401875
499.823000000 7.173929 0.560130 0.000000 0.00000000 0.00000000 0.54828189 0.83629359
499.948000000 7.165603 0.572712 0.000000 0.00000000 0.00000000 0.55771279 0.83003400
500.073000000 7.173171 0.582772 0.000000 0.00000000 0.00000000 0.56905405 0.82230012
500.198000000 7.175609 0.575011 0.000000 0.00000000 0.00000000 0.57800165 0.81603560
500.323000000 7.188586 0.598743 0.000000 0.00000000 0.00000000 0.59073549 0.80686528
500.448000000 7.187228 0.602762 0.000000 0.00000000 0.00000000 0.59974312 0.80019260
500.573000000 7.182809 0.607936 0.000000 0.00000000 0.00000000 0.60761880 0.79422880
500.698000000 7.181443 0.618021 0.000000 0.00000000 0.00000000 0.61280285 0.79023583
500.823000000 7.187836 0.623520 0.000000 0.00000000 0.00000000 0.61824806 0.78598304
500.948000000 7.190866 0.633941 0.000000 0.00000000 0.00000000 0.62272872 0.78243782
501.073000000 7.190888 0.640800 0.000000 0.00000000 0.00000000 0.62690307 0.77909726
501.198000000 7.190345 0.649469 0.000000 0.00000000 0.00000000 0.63117597 0.77563966
501.323000000 7.196635 0.653333 0.000000 0.00000000 0.00000000 0.63006369 0.77654346
501.448000000 7.202759 0.662835 0.000000 0.00000000 0.00000000 0.62538796 0.78031398
501.573000000 7.196995 0.668003 0.000000 0.00000000 0.00000000 0.61572854 0.78795835
501.698000000 7.204326 0.673430 0.000000 0.00000000 0.00000000 0.60168792 0.79873127
501.823000000 7.204186 0.682739 0.000000 0.00000000 0.00000000 0.58427993 0.81155219
501.948000000 7.197439 0.688669 0.000000 0.00000000 0.00000000 0.56030719 0.82828489
502.073000000 7.201438 0.689623 0.000000 0.00000000 0.00000000 0.53411927 0.84540914
502.198000000 7.211772 0.698246 0.000000 0.00000000 0.00000000 0.50946422 0.86049184
502.323000000 7.200296 0.696410 0.000000 0.00000000 0.00000000 0.47883988 0.87790226
502.448000000 7.223334 0.720395 0.000000 0.00000000 0.00000000 0.45664593 0.88964852
502.573000000 7.233455 0.730777 0.000000 0.00000000 0.00000000 0.43126373 0.90222591
502.698000000 7.240419 0.737701 0.000000 0.00000000 0.00000000 0.40249461 0.91542236
502.823000000 7.247488 0.745722 0.000000 0.00000000 0.00000000 0.37418660 0.92735343
502.948000000 7.257480 0.745664 0.000000 0.00000000 0.00000000 0.34546038 0.93843334
503.073000000 7.255971 0.754538 0.000000 0.00000000 0.00000000 0.31584497 0.94881081
503.198000000 7.269223 0.754812 0.000000 0.00000000 0.00000000 0.28563243 0.95833925
503.323000000 7.271816 0.759375 0.000000 0.00000000 0.00000000 0.25663318 0.96650888
503.448000000 7.274647 0.761878 0.000000 0.00000000 0.00000000 0.22416141 0.97455203
503.573000000 7.284574 0.766085 0.000000 0.00000000 0.00000000 0.19257242 0.98128276
503.698000000 7.285906 0.765205 0.000000 0.00000000 0.00000000 0.16323554 0.98658713
503.823000000 7.294796 0.766164 0.000000 0.00000000 0.00000000 0.13134409 0.99133684
503.948000000 7.305216 0.770730 0.000000 0.00000000 0.00000000 0.10091852 0.99489469
504.073000000 7.311294 0.777786 0.000000 0.00000000 0.00000000 0.07013931 0.99753721
504.198000000 7.316715 0.774991 0.000000 0.00000000 0.00000000 0.03909565 0.99923547
504.323000000 7.322094 0.774614 0.000000 0.00000000 0.00000000 0.00837793 0.99996490
504.448000000 7.329224 0.774017 0.000000 0.00000000 0.00000000 -0.02380490 0.99971662
504.573000000 7.342705 0.770351 0.000000 0.00000000 0.00000000 -0.05676105 0.99838779
504.698000000 7.348051 0.763634 0.000000 0.00000000 0.00000000 -0.08813502 0.99610854
504.823000000 7.356508 0.765350 0.000000 0.00000000 0.00000000 -0.11930084 0.99285815
504.948000000 7.363716 0.764690 0.000000 0.00000000 0.00000000 -0.14957967 0.98874968
505.073000000 7.369630 0.761994 0.000000 0.00000000 0.00000000 -0.18024024 0.98362262
505.198000000 7.372649 0.757290 0.000000 0.00000000 0.00000000 -0.21030708 0.97763538
505.323000000 7.377392 0.753260 0.000000 0.00000000 0.00000000 -0.23617690 0.97171008
505.448000000 7.386375 0.751468 0.000000 0.00000000 0.00000000 -0.25967931 0.96569491
505.573000000 7.398747 0.746569 0.000000 0.00000000 0.00000000 -0.28288476 0.95915390
505.698000000 7.402089 0.742248 0.000000 0.00000000 0.00000000 -0.30695087 0.95172536
505.823000000 7.410913 0.736538 0.000000 0.00000000 0.00000000 -0.33052484 0.94379729
505.948000000 7.420065 0.731857 0.000000 0.00000000 0.00000000 -0.35253511 0.93579859
506.073000000 7.417699 0.725026 0.000000 0.00000000 0.00000000 -0.36913480 0.92937586
506.198000000 7.429804 0.726246 0.000000 0.00000000 0.00000000 -0.38194750 0.92418402
506.323000000 7.430442 0.718595 0.000000 0.00000000 0.00000000 -0.39376000 0.91921328
506.448000000 7.431479 0.715221 0.000000 0.00000000 0.00000000 -0.40515944 0.91424604
506.573000000 7.431270 0.706742 0.000000 0.00000000 0.00000000 -0.41674586 0.90902304
506.698000000 7.441621 0.699163 0.000000 0.00000000 0.00000000 -0.42820721 0.90368058
506.823000000 7.443351 0.695224 0.000000 0.00000000 0.00000000 -0.43911614 0.89843031
506.948000000 7.449748 0.686456 0.000000 0.00000000 0.00000000 -0.45089018 0.89257943
507.073000000 7.454753 0.682539 0.000000 0.00000000 0.00000000 -0.46118663 0.88730316
507.198000000 7.457724 0.677144 0.000000 0.00000000 0.00000000 -0.47316317 0.88097481
507.323000000 7.454707 0.672387 0.000000 0.00000000 0.00000000 -0.48358364 0.87529816
507.448000000 7.462297 0.663462 0.000000 0.00000000 0.00000000 -0.49391823 0.86950836
507.573000000 7.468778 0.658067 0.000000 0.00000000 0.00000000 -0.50373539 0.86385801
507.698000000 7.471200 0.654108 0.000000 0.00000000 0.00000000 -0.51538817 0.85695685
507.823000000 7.475903 0.649024 0.000000 0.00000000 0.00000000 -0.52489950 0.85116421
507.948000000 7.475738 0.633433 0.000000 0.00000000 0.00000000 -0.53633589 0.84400463
508.073000000 7.474519 0.634804 0.000000 0.00000000 0.00000000 -0.54841375 0.83620713
508.198000000 7.486799 0.623593 0.000000 0.00000000 0.00000000 -0.55691386 0.83057026
508.323000000 7.486527 0.621417 0.000000 0.00000000 0.00000000 -0.56712948 0.82362865
508.448000000 7.491258 0.617223 0.000000 0.00000000 0.00000000 -0.57831196 0.81581571
508.573000000 7.493439 0.607185 0.000000 0.00000000 0.00000000 -0.58961595 0.80768375
508.698000000 7.495599 0.601789 0.000000 0.00000000 0.00000000 -0.59724348 0.80205999
508.823000000 7.498109 0.592766 0.000000 0.00000000 0.00000000 -0.60854460 0.79351967
508.948000000 7.496789 0.592428 0.000000 0.00000000 0.00000000 -0.61787457 0.78627668
509.073000000 7.499129 0.574259 0.000000 0.00000000 0.00000000 -0.62534316 0.78034988
509.198000000 7.502725 0.571229 0.000000 0.00000000 0.00000000 -0.62685868 0.77913298
509.323000000 7.503733 0.561190 0.000000 0.00000000 0.00000000 -0.62708946 0.77894725
509.448000000 7.505329 0.541580 0.000000 0.00000000 0.00000000 -0.62239751 0.78270131
509.573000000 7.497066 0.538144 0.000000 0.00000000 0.00000000 -0.61860832 0.78569952
509.698000000 7.508072 0.540063 0.000000 0.00000000 0.00000000 -0.61131740 0.79138552
509.823000000 7.499378 0.532974 0.000000 0.00000000 0.00000000 -0.60675977 0.79488526
509.948000000 7.504648 0.508842 0.000000 0.00000000 0.00000000 -0.60252365 0.79810103
510.073000000 7.505754 0.508883 0.000000 0.00000000 0.00000000 -0.59882143 0.80088257
510.198000000 7.503041 0.501885 0.000000 0.00000000 0.00000000 -0.59424474 0.80428427
510.323000000 7.505197 0.495489 0.000000 0.00000000 0.00000000 -0.58896568 0.80815804
510.448000000 7.504889 0.483058 0.000000 0.00000000 0.00000000 -0.58394581 0.81179264
510.573000000 7.525964 0.486569 0.000000 0.00000000 0.00000000 -0.57581760 0.81757819
510.698000000 7.518835 0.467259 0.000000 0.00000000 0.00000000 -0.57211582 0.82017284
510.823000000 7.523888 0.470997 0.000000 0.00000000 0.00000000 -0.56724614 0.82354831
510.948000000 7.514873 0.467650 0.000000 0.00000000 0.00000000 -0.56301500 0.82644668
511.073000000 7.529575 0.452972 0.000000 0.00000000 0.00000000 -0.55736434 0.83026802
511.198000000 7.534355 0.453744 0.000000 0.00000000 0.00000000 -0.55079147 0.83464289
511.323000000 7.540871 0.449794 0.000000 0.00000000 0.00000000 -0.54429046 0.83889683
511.448000000 7.538654 0.443863 0.000000 0.00000000 0.00000000 -0.53883387 0.84241205
511.573000000 7.547943 0.433241 0.000000 0.00000000 0.00000000 -0.53399670 0.84548656
511.698000000 7.547462 0.426827 0.000000 0.00000000 0.00000000 -0.52937757 0.84838634
511.823000000 7.550401 0.423442 0.000000 0.00000000 0.00000000 -0.52402753 0.85170133
511.948000000 7.552604 0.417839 0.000000 0.00000000 0.00000000 -0.51985452 0.85425481
512.073000000 7.559466 0.411508 0.000000 0.00000000 0.00000000 -0.51313878 0.85830565
512.198000000 7.567950 0.402571 0.000000 0.00000000 0.00000000 -0.50785041 0.86144527
512.323000000 7.569730 0.394587 0.000000 0.00000000 0.00000000 -0.50204787 0.86483983
512.448000000 7.575914 0.394242 0.000000 0.00000000 0.00000000 -0.49511329 0.86882842
512.573000000 7.578461 0.383284 0.000000 0.00000000 0.00000000 -0.49116626 0.87106584
512.698000000 7.580091 0.380891 0.000000 0.00000000 0.00000000 -0.48497229 0.87452952
512.823000000 7.584843 0.372260 0.000000 0.00000000 0.00000000 -0.48086170 0.87679645
512.948000000 7.590553 0.365033 0.000000 0.00000000 0.00000000 -0.47527596 0.87983678
513.073000000 7.594789 0.362185 0.000000 0.00000000 0.00000000 -0.47647140 0.87918997
513.198000000 7.601515 0.356675 0.000000 0.00000000 0.00000000 -0.47494593 0.88001498
513.323000000 7.605383 0.344889 0.000000 0.00000000 0.00000000 -0.47431662 0.88035433
513.448000000 7.605804 0.344896 0.000000 0.00000000 0.00000000 -0.47546015 0.87973726
513.573000000 7.605497 0.335403 0.000000 0.00000000 0.00000000 -0.47748852 0.87863799
513.698000000 7.617119 0.325705 0.000000 0.00000000 0.00000000 -0.47679163 0.87901635
513.823000000 7.624715 0.320538 0.000000 0.00000000 0.00000000 -0.47650211 0.87917333
513.948000000 7.622250 0.318784 0.000000 0.00000000 0.00000000 -0.47253128 0.88131390
514.073000000 7.626210 0.309977 0.000000 0.00000000 0.00000000 -0.46716750 0.88416883
514.198000000 7.628495 0.299661 0.000000 0.00000000 0.00000000 -0.46175280 0.88700865
514.323000000 7.637651 0.296832 0.000000 0.00000000 0.00000000 -0.45532666 0.89032445
514.448000000 7.641807 0.286205 0.000000 0.00000000 0.00000000 -0.45066932 0.89269097
514.573000000 7.647527 0.282042 0.000000 0.00000000 0.00000000 -0.44469480 0.89568216
514.698000000 7.653703 0.278863 0.000000 0.00000000 0.00000000 -0.43978644 0.89810238
514.823000000 7.653552 0.276320 0.000000 0.00000000 0.00000000 -0.43372160 0.90104693
514.948000000 7.655248 0.266466 0.000000 0.00000000 0.00000000 -0.42756685 0.90398373
515.073000000 7.664431 0.259039 0.000000 0.00000000 0.00000000 -0.42278286 0.90623101
515.198000000 7.668953 0.256658 0.000000 0.00000000 0.00000000 -0.41648332 0.90914336
515.323000000 7.668814 0.248209 0.000000 0.00000000 0.00000000 -0.41252221 0.91094755
515.448000000 7.675228 0.241404 0.000000 0.00000000 0.00000000 -0.41067131 0.91178346
515.573000000 7.680383 0.237312 0.000000 0.00000000 0.00000000 -0.41156960 0.91137833
515.698000000 7.682720 0.232938 0.000000 0.00000000 0.00000000 -0.41145634 0.91142947
515.823000000 7.686441 0.227611 0.000000 0.00000000 0.00000000 -0.41083763 0.91170853
515.948000000 7.701676 0.222128 0.000000 0.00000000 0.00000000 -0.41069832 0.91177129
516.073000000 7.700919 0.218506 0.000000 0.00000000 0.00000000 -0.41024004 0.91197758
516.198000000 7.705045 0.206675 0.000000 0.00000000 0.00000000 -0.41192678 0.91121695
516.323000000 7.710537 0.203471 0.000000 0.00000000 0.00000000 -0.41156832 0.91137891
516.448000000 7.714361 0.197309 0.000000 0.00000000 0.00000000 -0.41173554 0.91130338
516.573000000 7.721664 0.196892 0.000000 0.00000000 0.00000000 -0.41075434 0.91174606
516.698000000 7.721368 0.187502 0.000000 0.00000000 0.00000000 -0.41148730 0.91141549
516.823000000 7.729672 0.180113 0.000000 0.00000000 0.00000000 -0.41143649 0.91143843
516.948000000 7.730930 0.176522 0.000000 0.00000000 0.00000000 -0.41107837 0.91160001
517.073000000 7.735961 0.171973 0.000000 0.00000000 0.00000000 -0.41221092 0.91108845
517.198000000 7.743283 0.169117 0.000000 0.00000000 0.00000000 -0.41194942 0.91120672
517.323000000 7.748434 0.162343 0.000000 0.00000000 0.00000000 -0.41151205 0.91140432
517.448000000 7.753914 0.149198 0.000000 0.00000000 0.00000000 -0.41129561 0.91150201
517.573000000 7.755587 0.146225 0.000000 0.00000000 0.00000000 -0.41116125 0.91156263
517.698000000 7.762743 0.144874 0.000000 0.00000000 0.00000000 -0.41070786 0.91176700
517.823000000 7.770636 0.134221 0.000000 0.00000000 0.00000000 -0.41039934 0.91190590
517.948000000 7.767358 0.135827 0.000000 0.00000000 0.00000000 -0.41015936 0.91201387
518.073000000 7.776544 0.126175 0.000000 0.00000000 0.00000000 -0.41130663 0.91149704
518.198000000 7.785187 0.127553 0.000000 0.00000000 0.00000000 -0.41133284 0.91148521
518.323000000 7.786314 0.113287 0.000000 0.00000000 0.00000000 -0.41216375 0.91110979
518.448000000 7.789979 0.109881 0.000000 0.00000000 0.00000000 -0.41251729 0.91094977
518.573000000 7.795886 0.098423 0.000000 0.00000000 0.00000000 -0.41377833 0.91037766
518.698000000 7.799399 0.095082 0.000000 0.00000000 0.00000000 -0.41361222 0.91045315
518.823000000 7.814357 0.094161 0.000000 0.00000000 0.00000000 -0.41461805 0.90999554
518.948000000 7.812571 0.096247 0.000000 0.00000000 0.00000000 -0.41108795 0.91159569
519.073000000 7.809149 0.089254 0.000000 0.00000000 0.00000000 -0.41355125 0.91048084
519.198000000 7.823614 0.091521 0.000000 0.00000000 0.00000000 -0.40931442 0.91239339
519.323000000 7.820773 0.098066 0.000000 0.00000000 0.00000000 -0.41188760 0.91123466
519.448000000 7.832164 0.018208 0.000000 0.00000000 0.00000000 -0.40833529 0.91283202
519.573000000 7.831013 0.019574 0.000000 0.00000000 0.00000000 -0.40972433 0.91220939
519.698000000 7.839555 -0.001287 0.000000 0.00000000 0.00000000 -0.41023597 0.91197941
519.823000000 7.845109 -0.009788 0.000000 0.00000000 0.00000000 -0.41420543 0.91018342
519.948000000 7.860639 -0.062554 0.000000 0.00000000 0.00000000 -0.41090360 0.91167880
520.073000000 7.859746 -0.009761 0.000000 0.00000000 0.00000000 -0.40812925 0.91292415
520.198000000 7.864067 -0.006788 0.000000 0.00000000 0.00000000 -0.40828509 0.91285447
520.323000000 7.866712 -0.012165 0.000000 0.00000000 0.00000000 -0.40461351 0.91448778
520.448000000 7.871284 -0.034633 0.000000 0.00000000 0.00000000 -0.39977317 0.91661410
520.573000000 7.874446 0.004390 0.000000 0.00000000 0.00000000 -0.39270343 0.91966517
520.698000000 7.873259 0.017032 0.000000 0.00000000 0.00000000 -0.38892864 0.92126788
520.823000000 7.873832 0.082833 0.000000 0.00000000 0.00000000 -0.37955009 0.92517119
520.948000000 7.887037 0.013826 0.000000 0.00000000 0.00000000 -0.37602875 0.92660800
521.073000000 7.898066 0.006033 0.000000 0.00000000 0.00000000 -0.36803125 0.92981342
521.198000000 7.888088 0.034161 0.000000 0.00000000 0.00000000 -0.36108124 0.93253436
521.323000000 7.902497 -0.004800 0.000000 0.00000000 0.00000000 -0.35778983 0.93380214
521.448000000 7.899557 0.021907 0.000000 0.00000000 0.00000000 -0.35099140 0.93637868
521.573000000 7.910925 0.011348 0.000000 0.00000000 0.00000000 -0.34421568 0.93889060
521.698000000 7.918642 0.008547 0.000000 0.00000000 0.00000000 -0.33921674 0.94070825
521.823000000 7.924790 -0.012413 0.000000 0.00000000 0.00000000 -0.33228837 0.94317784
521.948000000 7.932024 -0.045768 0.000000 0.00000000 0.00000000 -0.32835492 0.94455442
522.073000000 7.938217 -0.039734 0.000000 0.00000000 0.00000000 -0.32253176 0.94655864
522.198000000 7.940740 -0.008981 0.000000 0.00000000 0.00000000 -0.31529777 0.94899279
522.323000000 7.950833 -0.037606 0.000000 0.00000000 0.00000000 -0.31189476 0.95011666
522.448000000 7.956499 -0.056470 0.000000 0.00000000 0.00000000 -0.30430473 0.95257474
522.573000000 7.966879 -0.056160 0.000000 0.00000000 0.00000000 -0.30033283 0.95383447
522.698000000 7.968160 -0.051444 0.000000 0.00000000 0.00000000 -0.29222237 0.95635040
522.823000000 7.980064 -0.059503 0.000000 0.00000000 0.00000000 -0.28706868 0.95791000
522.948000000 7.986949 -0.074797 0.000000 0.00000000 0.00000000 -0.28224283 0.95934300
523.073000000 7.986061 -0.063804 0.000000 0.00000000 0.00000000 -0.27568451 0.96124817
523.198000000 7.999316 -0.067137 0.000000 0.00000000 0.00000000 -0.26905512 0.96312478
523.323000000 8.004009 -0.077289 0.000000 0.00000000 0.00000000 -0.26415833 0.96447933
523.448000000 8.015324 -0.096204 0.000000 0.00000000 0.00000000 -0.25636744 0.96657940
523.573000000 8.020801 -0.092772 0.000000 0.00000000 0.00000000 -0.25074521 0.96805312
523.698000000 8.026620 -0.097455 0.000000 0.00000000 0.00000000 -0.24395782 0.96978584
523.823000000 8.037376 -0.102931 0.000000 0.00000000 0.00000000 -0.23694438 0.97152322
523.948000000 8.040770 -0.098739 0.000000 0.00000000 0.00000000 -0.23175250 0.97277478
524.073000000 8.046009 -0.108693 0.000000 0.00000000 0.00000000 -0.22592207 0.97414538
524.198000000 8.057068 -0.116878 0.000000 0.00000000 0.00000000 -0.21924458 0.97566993
524.323000000 8.061951 -0.126680 0.000000 0.00000000 0.00000000 -0.21165115 0.97734528
524.448000000 8.066082 -0.122808 0.000000 0.00000000 0.00000000 -0.20827934 0.97806938
524.573000000 8.074313 -0.121457 0.000000 0.00000000 0.00000000 -0.20176639 0.97943368
524.698000000 8.081023 -0.113447 0.000000 0.00000000 0.00000000 -0.19579755 0.98064434
524.823000000 8.089227 -0.125030 0.000000 0.00000000 0.00000000 -0.18898526 0.98197992
524.948000000 8.094865 -0.127425 0.000000 0.00000000 0.00000000 -0.18370951 0.98298058
525.073000000 8.103581 -0.136070 0.000000 0.00000000 0.00000000 -0.17784893 0.98405780
525.198000000 8.107707 -0.126997 0.000000 0.00000000 0.00000000 -0.17233684 0.98503808
525.323000000 8.118665 -0.137793 0.000000 0.00000000 0.00000000 -0.16565035 0.98618455
525.448000000 8.125423 -0.139646 0.000000 0.00000000 0.00000000 -0.15938401 0.98721666
525.573000000 8.134081 -0.164465 0.000000 0.00000000 0.00000000 -0.15304914 0.98821858
525.698000000 8.135460 -0.118516 0.000000 0.00000000 0.00000000 -0.14757579 0.98905075
525.823000000 8.148047 -0.167843 0.000000 0.00000000 0.00000000 -0.14124002 0.98997538
525.948000000 8.149820 -0.149964 0.000000 0.00000000 0.00000000 -0.13434807 0.99093420
526.073000000 8.164210 -0.147259 0.000000 0.00000000 0.00000000 -0.12857975 0.99169917
526.198000000 8.164908 -0.123073 0.000000 0.00000000 0.00000000 -0.12278082 0.99243381
526.323000000 8.176460 -0.165727 0.000000 0.00000000 0.00000000 -0.11574494 0.99327897
526.448000000 8.184698 -0.162271 0.000000 0.00000000 0.00000000 -0.10889537 0.99405322
526.573000000 8.190379 -0.145443 0.000000 0.00000000 0.00000000 -0.10211561 0.99477254
526.698000000 8.198365 -0.121664 0.000000 0.00000000 0.00000000 -0.09660204 0.99532309
526.823000000 8.200124 -0.088960 0.000000 0.00000000 0.00000000 -0.09198234 0.99576064
526.948000000 8.216406 -0.161904 0.000000 0.00000000 0.00000000 -0.08511659 0.99637100
527.073000000 8.220040 -0.148486 0.000000 0.00000000 0.00000000 -0.07807719 0.99694732
527.198000000 8.225482 -0.142526 0.000000 0.00000000 0.00000000 -0.07239781 0.99737584
527.323000000 8.236636 -0.133758 0.000000 0.00000000 0.00000000 -0.06550596 0.99785218
527.448000000 8.243968 -0.143620 0.000000 0.00000000 0.00000000 -0.06062639 0.99816053
527.573000000 8.244805 -0.120731 0.000000 0.00000000 0.00000000 -0.05296193 0.99859653
527.698000000 8.257925 -0.148010 0.000000 0.00000000 0.00000000 -0.04704318 0.99889286
527.823000000 8.258147 -0.134446 0.000000 0.00000000 0.00000000 -0.04159842 0.99913441
527.948000000 8.269029 -0.155101 0.000000 0.00000000 0.00000000 -0.03460939 0.99940092
528.073000000 8.282293 -0.153580 0.000000 0.00000000 0.00000000 -0.03426981 0.99941262
528.198000000 8.282761 -0.130605 0.000000 0.00000000 0.00000000 -0.03560081 0.99936609
528.323000000 8.294030 -0.160082 0.000000 0.00000000 0.00000000 -0.03461108 0.99940086
528.448000000 8.297693 -0.137432 0.000000 0.00000000 0.00000000 -0.03422864 0.99941403
528.573000000 8.308939 -0.150432 0.000000 0.00000000 0.00000000 -0.03444446 0.99940661
528.698000000 8.318714 -0.169709 0.000000 0.00000000 0.00000000 -0.03317461 0.99944957
528.823000000 8.322764 -0.151261 0.000000 0.00000000 0.00000000 -0.03305402 0.99945357
528.948000000 8.334887 -0.165336 0.000000 0.00000000 0.00000000 -0.03233163 0.99947720
529.073000000 8.342532 -0.179611 0.000000 0.00000000 0.00000000 -0.03281768 0.99946135
529.198000000 8.347629 -0.160320 0.000000 0.00000000 0.00000000 -0.03244961 0.99947337
529.323000000 8.355496 -0.169118 0.000000 0.00000000 0.00000000 -0.03276250 0.99946317
529.448000000 8.362999 -0.164227 0.000000 0.00000000 0.00000000 -0.03341419 0.99944159
529.573000000 8.372880 -0.166528 0.000000 0.00000000 0.00000000 -0.03341039 0.99944172
529.698000000 8.379857 -0.171348 0.000000 0.00000000 0.00000000 -0.03416024 0.99941637
529.823000000 8.387598 -0.165826 0.000000 0.00000000 0.00000000 -0.03369630 0.99943212
529.948000000 8.397207 -0.171244 0.000000 0.00000000 0.00000000 -0.03226158 0.99947946
530.073000000 8.402791 -0.169958 0.000000 0.00000000 0.00000000 -0.03317191 0.99944966
530.198000000 8.409743 -0.160369 0.000000 0.00000000 0.00000000 -0.03441498 0.99940763
530.323000000 8.416164 -0.171779 0.000000 0.00000000 0.00000000 -0.03347938 0.99943941
530.448000000 8.423475 -0.171208 0.000000 0.00000000 0.00000000 -0.03467872 0.99939851
530.573000000 8.429625 -0.173278 0.000000 0.00000000 0.00000000 -0.03419962 0.99941502
530.698000000 8.437639 -0.169329 0.000000 0.00000000 0.00000000 -0.03401128 0.99942145
530.823000000 8.444745 -0.169342 0.000000 0.00000000 0.00000000 -0.03304006 0.99945403
530.948000000 8.452210 -0.170303 0.000000 0.00000000 0.00000000 -0.03396088 0.99942316
531.073000000 8.461180 -0.170071 0.000000 0.00000000 0.00000000 -0.03457680 0.99940204
531.198000000 8.468091 -0.171658 0.000000 0.00000000 0.00000000 -0.03406040 0.99941978
531.323000000 8.473193 -0.172659 0.000000 0.00000000 0.00000000 -0.03374134 0.99943060
531.448000000 8.482370 -0.171752 0.000000 0.00000000 0.00000000 -0.03431022 0.99941123
531.573000000 8.491732 -0.175069 0.000000 0.00000000 0.00000000 -0.03406080 0.99941976
531.698000000 8.492706 -0.167546 0.000000 0.00000000 0.00000000 -0.03238079 0.99947560
531.823000000 8.503361 -0.167051 0.000000 0.00000000 0.00000000 -0.03427034 0.99941260
531.948000000 8.512431 -0.161705 0.000000 0.00000000 0.00000000 -0.03235832 0.99947633
532.073000000 8.521702 -0.170739 0.000000 0.00000000 0.00000000 -0.03327326 0.99944629
532.198000000 8.528191 -0.181104 0.000000 0.00000000 0.00000000 -0.03324182 0.99944734
532.323000000 8.535070 -0.174435 0.000000 0.00000000 0.00000000 -0.03386064 0.99942656
532.448000000 8.543530 -0.185354 0.000000 0.00000000 0.00000000 -0.03339189 0.99944234
532.573000000 8.547836 -0.183819 0.000000 0.00000000 0.00000000 -0.03428439 0.99941212
532.698000000 8.555125 -0.188783 0.000000 0.00000000 0.00000000 -0.03369273 0.99943224
532.823000000 8.568171 -0.187678 0.000000 0.00000000 0.00000000 -0.03519628 0.99938042
532.948000000 8.575251 -0.198624 0.000000 0.00000000 0.00000000 -0.03425237 0.99941322
533.073000000 8.584177 -0.194061 0.000000 0.00000000 0.00000000 -0.03505047 0.99938554
533.198000000 8.585837 -0.197320 0.000000 0.00000000 0.00000000 -0.03440942 0.99940782
533.323000000 8.594780 -0.147026 0.000000 0.00000000 0.00000000 -0.03812555 0.99927296
533.448000000 8.605509 -0.192428 0.000000 0.00000000 0.00000000 -0.03477422 0.99939519
533.573000000 8.603539 -0.174544 0.000000 0.00000000 0.00000000 -0.03354530 0.99943720
533.698000000 8.610608 -0.159786 0.000000 0.00000000 0.00000000 -0.03510273 0.99938371
533.823000000 8.616888 -0.166783 0.000000 0.00000000 0.00000000 -0.03490421 0.99939066
533.948000000 8.627136 -0.192669 0.000000 0.00000000 0.00000000 -0.03362273 0.99943460
534.073000000 8.636312 -0.186474 0.000000 0.00000000 0.00000000 -0.03327065 0.99944638
534.198000000 8.640369 -0.197621 0.000000 0.00000000 0.00000000 -0.03396801 0.99942292
534.323000000 8.648102 -0.183143 0.000000 0.00000000 0.00000000 -0.03466573 0.99939896
534.448000000 8.659593 -0.189931 0.000000 0.00000000 0.00000000 -0.03464054 0.99939984
534.573000000 8.667511 -0.192837 0.000000 0.00000000 0.00000000 -0.03419828 0.99941507
534.698000000 8.674526 -0.198141 0.000000 0.00000000 0.00000000 -0.03425816 0.99941302
534.823000000 8.686284 -0.183970 0.000000 0.00000000 0.00000000 -0.03622886 0.99934352
534.948000000 8.694742 -0.208082 0.000000 0.00000000 0.00000000 -0.03554716 0.99936800
535.073000000 8.703044 -0.199675 0.000000 0.00000000 0.00000000 -0.03459216 0.99940151
535.198000000 8.704030 -0.197111 0.000000 0.00000000 0.00000000 -0.03617075 0.99934562
535.323000000 8.719492 -0.205678 0.000000 0.00000000 0.00000000 -0.03647381 0.99933461
535.448000000 8.720152 -0.208352 0.000000 0.00000000 0.00000000 -0.03532726 0.99937580
535.573000000 8.729394 -0.208836 0.000000 0.00000000 0.00000000 -0.03508117 0.99938447
535.698000000 8.740157 -0.203665 0.000000 0.00000000 0.00000000 -0.03554949 0.99936792
535.823000000 8.745072 -0.213746 0.000000 0.00000000 0.00000000 -0.03539646 0.99937335
535.948000000 8.746560 -0.214120 0.000000 0.00000000 0.00000000 -0.03454383 0.99940318
536.073000000 8.756995 -0.209627 0.000000 0.00000000 0.00000000 -0.03380458 0.99942846
536.198000000 8.766564 -0.199637 0.000000 0.00000000 0.00000000 -0.03560782 0.99936584
536.323000000 8.774058 -0.205345 0.000000 0.00000000 0.00000000 -0.03413051 0.99941738
536.448000000 8.779715 -0.211595 0.000000 0.00000000 0.00000000 -0.03447246 0.99940565
536.573000000 8.786544 -0.208924 0.000000 0.00000000 0.00000000 -0.03335898 0.99944343
536.698000000 8.795076 -0.205322 0.000000 0.00000000 0.00000000 -0.03435601 0.99940966
536.823000000 8.802731 -0.211698 0.000000 0.00000000 0.00000000 -0.03462536 0.99940036
536.948000000 8.813761 -0.217362 0.000000 0.00000000 0.00000000 -0.03457094 0.99940225
537.073000000 8.815974 -0.200698 0.000000 0.00000000 0.00000000 -0.03527340 0.99937770
537.198000000 8.826557 -0.214105 0.000000 0.00000000 0.00000000 -0.03546731 0.99937084
537.323000000 8.832571 -0.224400 0.000000 0.00000000 0.00000000 -0.03437771 0.99940891
537.448000000 8.841370 -0.221997 0.000000 0.00000000 0.00000000 -0.03400882 0.99942153
537.573000000 8.844315 -0.215561 0.000000 0.00000000 0.00000000 -0.03545862 0.99937115
537.698000000 8.858952 -0.221789 0.000000 0.00000000 0.00000000 -0.03178264 0.99949480
537.823000000 8.861073 -0.216479 0.000000 0.00000000 0.00000000 -0.02483880 0.99969147
537.948000000 8.871367 -0.220566 0.000000 0.00000000 0.00000000 -0.01910560 0.99981747
538.073000000 8.879183 -0.220347 0.000000 0.00000000 0.00000000 -0.01184901 0.99992980
538.198000000 8.888258 -0.210531 0.000000 0.00000000 0.00000000 -0.00637235 0.99997970
538.323000000 8.893235 -0.214639 0.000000 0.00000000 0.00000000 0.00034113 0.99999994
538.448000000 8.898853 -0.217700 0.000000 0.00000000 0.00000000 0.00519533 0.99998650
538.573000000 8.906928 -0.228245 0.000000 0.00000000 0.00000000 0.01139560 0.99993507
538.698000000 8.912687 -0.219670 0.000000 0.00000000 0.00000000 0.01822532 0.99983391
538.823000000 8.921343 -0.218488 0.000000 0.00000000 0.00000000 0.02481593 0.99969204
538.948000000 8.928690 -0.217708 0.000000 0.00000000 0.00000000 0.03102162 0.99951871
539.073000000 8.935121 -0.216048 0.000000 0.00000000 0.00000000 0.03695759 0.99931684
539.198000000 8.946500 -0.226968 0.000000 0.00000000 0.00000000 0.04316649 0.99906789
539.323000000 8.950564 -0.216967 0.000000 0.00000000 0.00000000 0.04954018 0.99877213
539.448000000 8.958217 -0.198993 0.000000 0.00000000 0.00000000 0.05431642 0.99852377
539.573000000 8.966092 -0.212316 0.000000 0.00000000 0.00000000 0.06418927 0.99793774
539.698000000 8.977158 -0.215108 0.000000 0.00000000 0.00000000 0.07582583 0.99712108
539.823000000 8.983659 -0.223232 0.000000 0.00000000 0.00000000 0.08936030 0.99599937
539.948000000 8.985648 -0.194066 0.000000 0.00000000 0.00000000 0.10261374 0.99472128
540.073000000 8.997008 -0.221468 0.000000 0.00000000 0.00000000 0.11464921 0.99340604
540.198000000 9.004642 -0.215946 0.000000 0.00000000 0.00000000 0.12656427 0.99195841
540.323000000 9.011670 -0.220537 0.000000 0.00000000 0.00000000 0.14008110 0.99014003
540.448000000 9.018405 -0.192618 0.000000 0.00000000 0.00000000 0.15053068 0.98860534
540.573000000 9.026306 -0.200817 0.000000 0.00000000 0.00000000 0.16231589 0.98673885
540.698000000 9.034270 -0.207149 0.000000 0.00000000 0.00000000 0.17593857 0.98440115
540.823000000 9.041388 -0.193732 0.000000 0.00000000 0.00000000 0.18747038 0.98227026
540.948000000 9.045535 -0.177462 0.000000 0.00000000 0.00000000 0.19976588 0.97984366
541.073000000 9.055516 -0.175402 0.000000 0.00000000 0.00000000 0.21268388 0.97712106
541.198000000 9.061450 -0.200324 0.000000 0.00000000 0.00000000 0.22521918 0.97430812
541.323000000 9.067512 -0.163090 0.000000 0.00000000 0.00000000 0.23543797 0.97188938
541.448000000 9.076274 -0.178798 0.000000 0.00000000 0.00000000 0.24258613 0.97012987
541.573000000 9.080641 -0.166886 0.000000 0.00000000 0.00000000 0.24867573 0.96858680
541.698000000 9.089242 -0.163546 0.000000 0.00000000 0.00000000 0.25423945 0.96714130
541.823000000 9.093731 -0.154010 0.000000 0.00000000 0.00000000 0.25987337 0.96564270
541.948000000 9.102491 -0.152354 0.000000 0.00000000 0.00000000 0.26655695 0.96381917
542.073000000 9.107770 -0.146536 0.000000 0.00000000 0.00000000 0.27195460 0.96231008
542.198000000 9.114731 -0.146949 0.000000 0.00000000 0.00000000 0.27794394 0.96059730
542.323000000 9.119411 -0.141254 0.000000 0.00000000 0.00000000 0.28397948 0.95883036
542.448000000 9.127447 -0.132162 0.000000 0.00000000 0.00000000 0.29147489 0.95657848
542.573000000 9.134633 -0.121660 0.000000 0.00000000 0.00000000 0.29761453 0.95468612
542.698000000 9.142063 -0.141970 0.000000 0.00000000 0.00000000 0.30474075 0.95243534
542.823000000 9.146024 -0.116945 0.000000 0.00000000 0.00000000 0.30964391 0.95085259
542.948000000 9.150661 -0.109315 0.000000 0.00000000 0.00000000 0.31533139 0.94898162
543.073000000 9.155370 -0.116996 0.000000 0.00000000 0.00000000 0.32249582 0.94657089
543.198000000 9.164527 -0.113154 0.000000 0.00000000 0.00000000 0.32795477 0.94469342
543.323000000 9.168459 -0.103259 0.000000 0.00000000 0.00000000 0.33376753 0.94265542
543.448000000 9.173651 -0.103736 0.000000 0.00000000 0.00000000 0.33977878 0.94050538
543.573000000 9.179350 -0.097598 0.000000 0.00000000 0.00000000 0.34598368 0.93824053
543.698000000 9.180725 -0.102946 0.000000 0.00000000 0.00000000 0.35285170 0.93567926
543.823000000 9.192309 -0.096266 0.000000 0.00000000 0.00000000 0.35719838 0.93402854
543.948000000 9.196616 -0.078335 0.000000 0.00000000 0.00000000 0.36278649 0.93187229
544.073000000 9.201760 -0.086038 0.000000 0.00000000 0.00000000 0.36868597 0.92955401
544.198000000 9.204605 -0.084806 0.000000 0.00000000 0.00000000 0.37475936 0.92712212
544.448000000 9.215669 -0.074716 0.000000 0.00000000 0.00000000 0.38663660 0.92223215
544.573000000 9.222917 -0.075440 0.000000 0.00000000 0.00000000 0.39176074 0.92006713
544.698000000 9.228526 -0.066542 0.000000 0.00000000 0.00000000 0.39724486 0.91771266
544.823000000 9.237340 -0.059891 0.000000 0.00000000 0.00000000 0.40313194 0.91514187
544.948000000 9.244524 -0.051706 0.000000 0.00000000 0.00000000 0.40768043 0.91312467
545.073000000 9.248188 -0.041710 0.000000 0.00000000 0.00000000 0.40840143 0.91280243
545.198000000 9.252888 -0.045537 0.000000 0.00000000 0.00000000 0.40911779 0.91248158
545.323000000 9.257913 -0.039115 0.000000 0.00000000 0.00000000 0.40880879 0.91262006
545.448000000 9.266692 -0.029682 0.000000 0.00000000 0.00000000 0.40830003 0.91284779
545.573000000 9.263685 -0.009221 0.000000 0.00000000 0.00000000 0.40868701 0.91267460
545.698000000 9.274369 0.004686 0.000000 0.00000000 0.00000000 0.40827112 0.91286072
545.823000000 9.277971 -0.009911 0.000000 0.00000000 0.00000000 0.40906957 0.91250320
545.948000000 9.282273 -0.007582 0.000000 0.00000000 0.00000000 0.40882692 0.91261194
546.073000000 9.290800 0.028301 0.000000 0.00000000 0.00000000 0.40747332 0.91321711
546.198000000 9.290167 0.032389 0.000000 0.00000000 0.00000000 0.40813077 0.91292348
546.323000000 9.299347 0.041551 0.000000 0.00000000 0.00000000 0.40707585 0.91339436
546.448000000 9.301845 0.048679 0.000000 0.00000000 0.00000000 0.40829450 0.91285026
546.573000000 9.307342 0.011886 0.000000 0.00000000 0.00000000 0.40931130 0.91239479
546.698000000 9.311567 0.040125 0.000000 0.00000000 0.00000000 0.40938493 0.91236176
546.823000000 9.319181 0.054909 0.000000 0.00000000 0.00000000 0.40855389 0.91273420
546.948000000 9.315483 0.049509 0.000000 0.00000000 0.00000000 0.41065030 0.91179292
547.073000000 9.330688 0.056611 0.000000 0.00000000 0.00000000 0.40839455 0.91280551
547.198000000 9.329752 0.061730 0.000000 0.00000000 0.00000000 0.40790628 0.91302380
547.323000000 9.332925 0.067750 0.000000 0.00000000 0.00000000 0.40936624 0.91237015
547.448000000 9.342702 0.007885 0.000000 0.00000000 0.00000000 0.41048338 0.91186808
547.573000000 9.349942 0.023137 0.000000 0.00000000 0.00000000 0.41089499 0.91168268
547.698000000 9.349307 0.058705 0.000000 0.00000000 0.00000000 0.40958990 0.91226976
547.823000000 9.354315 0.056930 0.000000 0.00000000 0.00000000 0.41001085 0.91208065
547.948000000 9.355988 0.060601 0.000000 0.00000000 0.00000000 0.41059491 0.91181786
548.073000000 9.358919 0.047037 0.000000 0.00000000 0.00000000 0.41149868 0.91141035
548.198000000 9.367385 0.070237 0.000000 0.00000000 0.00000000 0.41012255 0.91203042
548.323000000 9.371464 0.059258 0.000000 0.00000000 0.00000000 0.40975624 0.91219506
548.448000000 9.376495 0.085490 0.000000 0.00000000 0.00000000 0.40969728 0.91222154
548.573000000 9.382210 0.092260 0.000000 0.00000000 0.00000000 0.41029168 0.91195435
548.698000000 9.390353 0.092809 0.000000 0.00000000 0.00000000 0.41041788 0.91189756
548.823000000 9.394127 0.093356 0.000000 0.00000000 0.00000000 0.40961180 0.91225993
548.948000000 9.395564 0.104061 0.000000 0.00000000 0.00000000 0.41054042 0.91184240
549.073000000 9.400938 0.101880 0.000000 0.00000000 0.00000000 0.41116010 0.91156315
549.198000000 9.410147 0.113537 0.000000 0.00000000 0.00000000 0.41057370 0.91182742
549.323000000 9.412352 0.109285 0.000000 0.00000000 0.00000000 0.40977106 0.91218840
549.448000000 9.414065 0.125334 0.000000 0.00000000 0.00000000 0.41072168 0.91176077
549.573000000 9.421189 0.133713 0.000000 0.00000000 0.00000000 0.41017697 0.91200595
549.698000000 9.425621 0.125614 0.000000 0.00000000 0.00000000 0.41012799 0.91202798
549.823000000 9.432127 0.151253 0.000000 0.00000000 0.00000000 0.40945122 0.91233201
549.948000000 9.436127 0.154174 0.000000 0.00000000 0.00000000 0.40879064 0.91262819
550.073000000 9.440167 0.160361 0.000000 0.00000000 0.00000000 0.40950142 0.91230948
550.198000000 9.450534 0.171542 0.000000 0.00000000 0.00000000 0.40829792 0.91284873
550.323000000 9.450257 0.172042 0.000000 0.00000000 0.00000000 0.40952887 0.91229716
550.448000000 9.458898 0.181704 0.000000 0.00000000 0.00000000 0.40788686 0.91303248
550.573000000 9.463909 0.188038 0.000000 0.00000000 0.00000000 0.40851607 0.91275113
550.698000000 9.467959 0.192225 0.000000 0.00000000 0.00000000 0.40920930 0.91244054
550.823000000 9.467815 0.194515 0.000000 0.00000000 0.00000000 0.40837326 0.91281503
550.948000000 9.473061 0.190771 0.000000 0.00000000 0.00000000 0.41159229 0.91136809
551.073000000 9.480922 0.210261 0.000000 0.00000000 0.00000000 0.41718402 0.90882204
551.198000000 9.482295 0.207080 0.000000 0.00000000 0.00000000 0.42433838 0.90550369
551.323000000 9.488005 0.211784 0.000000 0.00000000 0.00000000 0.42933929 0.90314327
551.448000000 9.490544 0.226065 0.000000 0.00000000 0.00000000 0.43381552 0.90100172
551.573000000 9.497185 0.229401 0.000000 0.00000000 0.00000000 0.44095489 0.89752927
551.698000000 9.500928 0.228002 0.000000 0.00000000 0.00000000 0.45205550 0.89198981
551.823000000 9.506072 0.240728 0.000000 0.00000000 0.00000000 0.46302134 0.88634713
551.948000000 9.508678 0.254240 0.000000 0.00000000 0.00000000 0.47313022 0.88099251
552.073000000 9.511726 0.255002 0.000000 0.00000000 0.00000000 0.48413573 0.87499291
552.198000000 9.515928 0.260249 0.000000 0.00000000 0.00000000 0.49517881 0.86879108
552.323000000 9.524022 0.267502 0.000000 0.00000000 0.00000000 0.50548784 0.86283373
552.448000000 9.528650 0.279682 0.000000 0.00000000 0.00000000 0.51598678 0.85659654
552.573000000 9.529761 0.276586 0.000000 0.00000000 0.00000000 0.52494128 0.85113845
552.698000000 9.532681 0.283536 0.000000 0.00000000 0.00000000 0.53008351 0.84794544
552.823000000 9.535189 0.291288 0.000000 0.00000000 0.00000000 0.53562712 0.84445461
552.948000000 9.543381 0.299543 0.000000 0.00000000 0.00000000 0.54013614 0.84157765
553.073000000 9.545987 0.301939 0.000000 0.00000000 0.00000000 0.54366799 0.83930037
553.198000000 9.551265 0.303800 0.000000 0.00000000 0.00000000 0.54384299 0.83918699
553.323000000 9.551806 0.316539 0.000000 0.00000000 0.00000000 0.54344744 0.83944320
553.448000000 9.554810 0.334697 0.000000 0.00000000 0.00000000 0.54227090 0.84020371
553.573000000 9.555684 0.335951 0.000000 0.00000000 0.00000000 0.54318930 0.83961026
553.698000000 9.558782 0.337491 0.000000 0.00000000 0.00000000 0.54349200 0.83941435
553.823000000 9.559132 0.342321 0.000000 0.00000000 0.00000000 0.54390490 0.83914687
553.948000000 9.565180 0.349528 0.000000 0.00000000 0.00000000 0.54359283 0.83934905
554.073000000 9.568422 0.357415 0.000000 0.00000000 0.00000000 0.54094991 0.84105481
554.198000000 9.572687 0.364681 0.000000 0.00000000 0.00000000 0.53544386 0.84457082
554.323000000 9.575165 0.363832 0.000000 0.00000000 0.00000000 0.53088524 0.84744372
554.448000000 9.582440 0.372316 0.000000 0.00000000 0.00000000 0.52555653 0.85075868
554.573000000 9.580382 0.387401 0.000000 0.00000000 0.00000000 0.51857443 0.85503249
554.698000000 9.585802 0.391564 0.000000 0.00000000 0.00000000 0.50898760 0.86077385
554.823000000 9.586217 0.400762 0.000000 0.00000000 0.00000000 0.49765266 0.86737641
554.948000000 9.596018 0.413810 0.000000 0.00000000 0.00000000 0.48634430 0.87376726
555.073000000 9.596730 0.421335 0.000000 0.00000000 0.00000000 0.47534619 0.87979884
555.198000000 9.602782 0.419587 0.000000 0.00000000 0.00000000 0.46470195 0.88546716
555.323000000 9.613669 0.420802 0.000000 0.00000000 0.00000000 0.45419837 0.89090058
555.448000000 9.609212 0.433982 0.000000 0.00000000 0.00000000 0.44212502 0.89695343
555.573000000 9.613967 0.446560 0.000000 0.00000000 0.00000000 0.43041499 0.90263112
555.698000000 9.616044 0.456325 0.000000 0.00000000 0.00000000 0.41928470 0.90785480
555.823000000 9.625535 0.454124 0.000000 0.00000000 0.00000000 0.40833294 0.91283307
555.948000000 9.627664 0.466803 0.000000 0.00000000 0.00000000 0.39539235 0.91851232
556.073000000 9.633288 0.477343 0.000000 0.00000000 0.00000000 0.38379477 0.92341842
556.198000000 9.633799 0.481865 0.000000 0.00000000 0.00000000 0.37309394 0.92779357
556.323000000 9.641039 0.490807 0.000000 0.00000000 0.00000000 0.36144321 0.93239413
556.448000000 9.647776 0.490944 0.000000 0.00000000 0.00000000 0.35175045 0.93609381
556.573000000 9.653906 0.495456 0.000000 0.00000000 0.00000000 0.33907779 0.94075834
556.698000000 9.661394 0.494599 0.000000 0.00000000 0.00000000 0.32821719 0.94460228
556.823000000 9.665198 0.505544 0.000000 0.00000000 0.00000000 0.31551361 0.94892105
556.948000000 9.673004 0.508642 0.000000 0.00000000 0.00000000 0.30413332 0.95262948
557.073000000 9.677076 0.508954 0.000000 0.00000000 0.00000000 0.29228796 0.95633036
557.198000000 9.686881 0.504469 0.000000 0.00000000 0.00000000 0.28133479 0.95960968
557.323000000 9.693799 0.505186 0.000000 0.00000000 0.00000000 0.26987911 0.96289421
557.448000000 9.696107 0.516357 0.000000 0.00000000 0.00000000 0.25706047 0.96639532
557.573000000 9.707237 0.522671 0.000000 0.00000000 0.00000000 0.24439374 0.96967608
557.698000000 9.712037 0.512037 0.000000 0.00000000 0.00000000 0.23374968 0.97229681
557.823000000 9.720613 0.511914 0.000000 0.00000000 0.00000000 0.22255681 0.97491972
557.948000000 9.727484 0.514170 0.000000 0.00000000 0.00000000 0.21028770 0.97763955
558.073000000 9.733097 0.527987 0.000000 0.00000000 0.00000000 0.19707894 0.98038762
558.198000000 9.741611 0.531313 0.000000 0.00000000 0.00000000 0.18394089 0.98293731
558.323000000 9.752560 0.526027 0.000000 0.00000000 0.00000000 0.17364470 0.98480837
558.448000000 9.753440 0.546200 0.000000 0.00000000 0.00000000 0.15861934 0.98733981
558.573000000 9.762105 0.546107 0.000000 0.00000000 0.00000000 0.14660173 0.98919560
558.698000000 9.759310 0.556307 0.000000 0.00000000 0.00000000 0.13425921 0.99094625
558.823000000 9.775801 0.554384 0.000000 0.00000000 0.00000000 0.12188341 0.99254442
558.948000000 9.777102 0.562000 0.000000 0.00000000 0.00000000 0.10814749 0.99413486
559.073000000 9.786169 0.557549 0.000000 0.00000000 0.00000000 0.09764798 0.99522102
559.198000000 9.799359 0.560065 0.000000 0.00000000 0.00000000 0.08490479 0.99638907
559.323000000 9.802348 0.564291 0.000000 0.00000000 0.00000000 0.07182141 0.99741751
559.448000000 9.808900 0.567282 0.000000 0.00000000 0.00000000 0.06013943 0.99818999
559.573000000 9.817877 0.569125 0.000000 0.00000000 0.00000000 0.04809229 0.99884290
559.698000000 9.829441 0.576438 0.000000 0.00000000 0.00000000 0.03383993 0.99942727
559.823000000 9.828570 0.580318 0.000000 0.00000000 0.00000000 0.02113280 0.99977668
559.948000000 9.845995 0.562575 0.000000 0.00000000 0.00000000 0.01168294 0.99993175
560.073000000 9.847941 0.566215 0.000000 0.00000000 0.00000000 -0.00188053 0.99999823
560.198000000 9.853843 0.578032 0.000000 0.00000000 0.00000000 -0.01439850 0.99989634
560.323000000 9.857761 0.583693 0.000000 0.00000000 0.00000000 -0.02913163 0.99957558
560.448000000 9.872400 0.583914 0.000000 0.00000000 0.00000000 -0.03921989 0.99923060
560.573000000 9.880199 0.563501 0.000000 0.00000000 0.00000000 -0.04819298 0.99883804
560.698000000 9.889960 0.574050 0.000000 0.00000000 0.00000000 -0.06346746 0.99798391
560.823000000 9.894232 0.580035 0.000000 0.00000000 0.00000000 -0.07614634 0.99709665
560.948000000 9.902002 0.566444 0.000000 0.00000000 0.00000000 -0.08766225 0.99615025
561.073000000 9.911668 0.571577 0.000000 0.00000000 0.00000000 -0.10141433 0.99484428
561.198000000 9.918528 0.571940 0.000000 0.00000000 0.00000000 -0.11412028 0.99346694
561.323000000 9.924030 0.570355 0.000000 0.00000000 0.00000000 -0.12559312 0.99208184
561.448000000 9.928817 0.566878 0.000000 0.00000000 0.00000000 -0.13932259 0.99024705
561.573000000 9.938081 0.567555 0.000000 0.00000000 0.00000000 -0.15229084 0.98833572
561.698000000 9.941636 0.562898 0.000000 0.00000000 0.00000000 -0.16374643 0.98650246
561.823000000 9.951184 0.560510 0.000000 0.00000000 0.00000000 -0.17715506 0.98418295
561.948000000 9.958031 0.549891 0.000000 0.00000000 0.00000000 -0.19335860 0.98112815
562.073000000 9.969766 0.551004 0.000000 0.00000000 0.00000000 -0.21178257 0.97731681
562.198000000 9.977951 0.544460 0.000000 0.00000000 0.00000000 -0.22978346 0.97324178
562.323000000 9.985911 0.529805 0.000000 0.00000000 0.00000000 -0.24637308 0.96917506
562.448000000 9.987928 0.527936 0.000000 0.00000000 0.00000000 -0.26525417 0.96417852
562.573000000 9.991809 0.530972 0.000000 0.00000000 0.00000000 -0.28439048 0.95870854
562.698000000 10.005142 0.523180 0.000000 0.00000000 0.00000000 -0.30213627 0.95326474
562.823000000 10.004660 0.529178 0.000000 0.00000000 0.00000000 -0.32064669 0.94719887
562.948000000 10.011582 0.518330 0.000000 0.00000000 0.00000000 -0.33707507 0.94147777
563.073000000 10.018745 0.508125 0.000000 0.00000000 0.00000000 -0.35417175 0.93518040
563.198000000 10.023933 0.509224 0.000000 0.00000000 0.00000000 -0.37266686 0.92796520
563.323000000 10.026032 0.496451 0.000000 0.00000000 0.00000000 -0.38717317 0.92200702
563.448000000 10.036750 0.489120 0.000000 0.00000000 0.00000000 -0.40663140 0.91359231
563.573000000 10.040318 0.482408 0.000000 0.00000000 0.00000000 -0.42340629 0.90593991
563.698000000 10.046198 0.474228 0.000000 0.00000000 0.00000000 -0.44071202 0.89764855
563.823000000 10.046629 0.468598 0.000000 0.00000000 0.00000000 -0.45807603 0.88891302
563.948000000 10.052633 0.455865 0.000000 0.00000000 0.00000000 -0.47193108 0.88163545
564.073000000 10.056971 0.444371 0.000000 0.00000000 0.00000000 -0.48862697 0.87249280
564.198000000 10.065548 0.437489 0.000000 0.00000000 0.00000000 -0.50362126 0.86392455
564.323000000 10.068482 0.429898 0.000000 0.00000000 0.00000000 -0.52031631 0.85397362
564.448000000 10.070179 0.431897 0.000000 0.00000000 0.00000000 -0.53779366 0.84307650
564.573000000 10.066507 0.427115 0.000000 0.00000000 0.00000000 -0.55517746 0.83173192
564.698000000 10.068653 0.431274 0.000000 0.00000000 0.00000000 -0.57179371 0.82039744
564.823000000 10.071779 0.418948 0.000000 0.00000000 0.00000000 -0.58600249 0.81030925
564.948000000 10.068773 0.426105 0.000000 0.00000000 0.00000000 -0.60293448 0.79779071
565.073000000 10.069805 0.416135 0.000000 0.00000000 0.00000000 -0.61773879 0.78638336
565.198000000 10.069992 0.407530 0.000000 0.00000000 0.00000000 -0.63241632 0.77462868
565.323000000 10.078682 0.397624 0.000000 0.00000000 0.00000000 -0.64619617 0.76317135
565.448000000 10.081411 0.386248 0.000000 0.00000000 0.00000000 -0.65847646 0.75260132
565.573000000 10.079014 0.381172 0.000000 0.00000000 0.00000000 -0.67285125 0.73977780
565.698000000 10.079083 0.377974 0.000000 0.00000000 0.00000000 -0.68756047 0.72612713
565.823000000 10.078106 0.368233 0.000000 0.00000000 0.00000000 -0.69822871 0.71587476
565.948000000 10.077677 0.361148 0.000000 0.00000000 0.00000000 -0.70649560 0.70771743
566.073000000 10.077533 0.349565 0.000000 0.00000000 0.00000000 -0.71513356 0.69898783
566.198000000 10.077763 0.343162 0.000000 0.00000000 0.00000000 -0.72380966 0.68999970
566.323000000 10.077482 0.336845 0.000000 0.00000000 0.00000000 -0.73255618 0.68070657
566.448000000 10.078529 0.334406 0.000000 0.00000000 0.00000000 -0.73989629 0.67272096
566.573000000 10.075266 0.327990 0.000000 0.00000000 0.00000000 -0.74815113 0.66352836
566.698000000 10.075247 0.316511 0.000000 0.00000000 0.00000000 -0.75254501 0.65854082
566.823000000 10.076956 0.312728 0.000000 0.00000000 0.00000000 -0.75720585 0.65317632
566.948000000 10.072490 0.303241 0.000000 0.00000000 0.00000000 -0.76118169 0.64853869
567.073000000 10.069994 0.301321 0.000000 0.00000000 0.00000000 -0.76605797 0.64277149
567.198000000 10.075840 0.286859 0.000000 0.00000000 0.00000000 -0.76849950 0.63985038
567.323000000 10.070545 0.282728 0.000000 0.00000000 0.00000000 -0.77301275 0.63439048
567.448000000 10.069685 0.274728 0.000000 0.00000000 0.00000000 -0.77715536 0.62930879
567.573000000 10.069655 0.270089 0.000000 0.00000000 0.00000000 -0.78082958 0.62474408
567.698000000 10.063668 0.256183 0.000000 0.00000000 0.00000000 -0.78490782 0.61961255
567.823000000 10.065571 0.253301 0.000000 0.00000000 0.00000000 -0.78855542 0.61496370
567.948000000 10.063983 0.246144 0.000000 0.00000000 0.00000000 -0.79246520 0.60991713
568.073000000 10.062721 0.236184 0.000000 0.00000000 0.00000000 -0.79611235 0.60514885
568.198000000 10.060105 0.230454 0.000000 0.00000000 0.00000000 -0.79980172 0.60026428
568.323000000 10.057644 0.221867 0.000000 0.00000000 0.00000000 -0.80350022 0.59530446
568.448000000 10.054537 0.215455 0.000000 0.00000000 0.00000000 -0.80723438 0.59023102
568.573000000 10.052849 0.208487 0.000000 0.00000000 0.00000000 -0.81095722 0.58510545
568.698000000 10.052421 0.201190 0.000000 0.00000000 0.00000000 -0.81425059 0.58051355
568.823000000 10.046043 0.196208 0.000000 0.00000000 0.00000000 -0.81816440 0.57498436
568.948000000 10.041047 0.187049 0.000000 0.00000000 0.00000000 -0.82204081 0.56942857
569.073000000 10.042462 0.181011 0.000000 0.00000000 0.00000000 -0.82498307 0.56515745
569.198000000 10.038966 0.174061 0.000000 0.00000000 0.00000000 -0.82831086 0.56026880
569.323000000 10.038727 0.163487 0.000000 0.00000000 0.00000000 -0.82987667 0.55794688
569.448000000 10.032542 0.159540 0.000000 0.00000000 0.00000000 -0.82955471 0.55842545
569.573000000 10.030192 0.152069 0.000000 0.00000000 0.00000000 -0.82958358 0.55838256
569.698000000 10.028956 0.147514 0.000000 0.00000000 0.00000000 -0.82992666 0.55787251
569.823000000 10.023858 0.147898 0.000000 0.00000000 0.00000000 -0.83025698 0.55738080
569.948000000 10.021787 0.147809 0.000000 0.00000000 0.00000000 -0.83075530 0.55663779
570.073000000 10.020694 0.141902 0.000000 0.00000000 0.00000000 -0.83103352 0.55622234
570.198000000 10.014962 0.132281 0.000000 0.00000000 0.00000000 -0.83052606 0.55697978
570.323000000 10.014451 0.113479 0.000000 0.00000000 0.00000000 -0.82973766 0.55815358
570.448000000 10.008979 0.099994 0.000000 0.00000000 0.00000000 -0.82946474 0.55855908
570.573000000 10.005830 0.098236 0.000000 0.00000000 0.00000000 -0.82977120 0.55810371
570.698000000 10.005693 0.089718 0.000000 0.00000000 0.00000000 -0.82961720 0.55833260
570.823000000 10.002529 0.088555 0.000000 0.00000000 0.00000000 -0.82994217 0.55784944
570.948000000 10.000897 0.084656 0.000000 0.00000000 0.00000000 -0.83012986 0.55757010
571.073000000 9.994399 0.078037 0.000000 0.00000000 0.00000000 -0.83035962 0.55722787
571.198000000 9.996959 0.065232 0.000000 0.00000000 0.00000000 -0.82998433 0.55778672
571.323000000 9.990476 0.052523 0.000000 0.00000000 0.00000000 -0.82935862 0.55871663
571.448000000 9.991842 0.041414 0.000000 0.00000000 0.00000000 -0.82927429 0.55884180
571.573000000 9.988344 0.037981 0.000000 0.00000000 0.00000000 -0.82913784 0.55904423
571.698000000 9.990609 0.018594 0.000000 0.00000000 0.00000000 -0.82952075 0.55847590
571.823000000 9.982315 0.018576 0.000000 0.00000000 0.00000000 -0.82917882 0.55898344
571.948000000 9.977377 0.016057 0.000000 0.00000000 0.00000000 -0.82928688 0.55882311
572.073000000 9.977468 0.000746 0.000000 0.00000000 0.00000000 -0.82928791 0.55882158
572.198000000 9.973566 -0.006922 0.000000 0.00000000 0.00000000 -0.82943399 0.55860475
572.323000000 9.972346 -0.010854 0.000000 0.00000000 0.00000000 -0.82955234 0.55842898
572.448000000 9.973930 -0.018479 0.000000 0.00000000 0.00000000 -0.82975751 0.55812406
572.573000000 9.968731 -0.019532 0.000000 0.00000000 0.00000000 -0.82985676 0.55797648
572.698000000 9.959667 -0.061725 0.000000 0.00000000 0.00000000 -0.82852545 0.55995140
572.823000000 9.960003 -0.025212 0.000000 0.00000000 0.00000000 -0.82983033 0.55801580
572.948000000 9.958425 -0.018301 0.000000 0.00000000 0.00000000 -0.83023366 0.55741552
573.073000000 9.954802 -0.048411 0.000000 0.00000000 0.00000000 -0.82950255 0.55850292
573.198000000 9.953573 -0.058479 0.000000 0.00000000 0.00000000 -0.82952283 0.55847280
573.323000000 9.953257 -0.066759 0.000000 0.00000000 0.00000000 -0.82957299 0.55839829
573.448000000 9.945336 -0.075308 0.000000 0.00000000 0.00000000 -0.82949561 0.55851323
573.573000000 9.943666 -0.066253 0.000000 0.00000000 0.00000000 -0.82947096 0.55854985
573.698000000 9.941658 -0.089130 0.000000 0.00000000 0.00000000 -0.82934555 0.55873603
573.823000000 9.940159 -0.087982 0.000000 0.00000000 0.00000000 -0.82947619 0.55854207
573.948000000 9.933104 -0.090158 0.000000 0.00000000 0.00000000 -0.82941024 0.55864000
574.073000000 9.929604 -0.093080 0.000000 0.00000000 0.00000000 -0.82936165 0.55871214
574.198000000 9.928113 -0.113311 0.000000 0.00000000 0.00000000 -0.82907514 0.55913721
574.323000000 9.927105 -0.120267 0.000000 0.00000000 0.00000000 -0.82941800 0.55862848
574.448000000 9.922917 -0.120216 0.000000 0.00000000 0.00000000 -0.82941822 0.55862815
574.573000000 9.921925 -0.130106 0.000000 0.00000000 0.00000000 -0.82918544 0.55897362
574.698000000 9.916691 -0.126049 0.000000 0.00000000 0.00000000 -0.82947066 0.55855029
574.823000000 9.916390 -0.116232 0.000000 0.00000000 0.00000000 -0.82963291 0.55830926
574.948000000 9.911666 -0.146920 0.000000 0.00000000 0.00000000 -0.82915963 0.55901190
575.073000000 9.909965 -0.168812 0.000000 0.00000000 0.00000000 -0.82912001 0.55907067
575.198000000 9.906779 -0.170512 0.000000 0.00000000 0.00000000 -0.82932595 0.55876513
575.323000000 9.905456 -0.179488 0.000000 0.00000000 0.00000000 -0.82952256 0.55847321
575.448000000 9.900005 -0.149072 0.000000 0.00000000 0.00000000 -0.82875603 0.55961008
575.573000000 9.902730 -0.161548 0.000000 0.00000000 0.00000000 -0.82946075 0.55856500
575.698000000 9.895594 -0.163686 0.000000 0.00000000 0.00000000 -0.82923834 0.55889514
575.823000000 9.892981 -0.189261 0.000000 0.00000000 0.00000000 -0.82908117 0.55912827
575.948000000 9.889959 -0.196272 0.000000 0.00000000 0.00000000 -0.82927441 0.55884162
576.073000000 9.889397 -0.187685 0.000000 0.00000000 0.00000000 -0.82926772 0.55885155
576.198000000 9.883133 -0.199495 0.000000 0.00000000 0.00000000 -0.82910701 0.55908995
576.323000000 9.879968 -0.225563 0.000000 0.00000000 0.00000000 -0.82870327 0.55968821
576.448000000 9.874978 -0.201964 0.000000 0.00000000 0.00000000 -0.82865227 0.55976372
576.573000000 9.875789 -0.237726 0.000000 0.00000000 0.00000000 -0.82932416 0.55876778
576.698000000 9.874789 -0.232309 0.000000 0.00000000 0.00000000 -0.82953903 0.55844874
576.823000000 9.871521 -0.241569 0.000000 0.00000000 0.00000000 -0.82936155 0.55871229
576.948000000 9.867286 -0.263550 0.000000 0.00000000 0.00000000 -0.82933299 0.55875468
577.073000000 9.865946 -0.267596 0.000000 0.00000000 0.00000000 -0.82922209 0.55891925
577.198000000 9.857164 -0.260605 0.000000 0.00000000 0.00000000 -0.82905165 0.55917203
577.323000000 9.854757 -0.248894 0.000000 0.00000000 0.00000000 -0.82889318 0.55940691
577.448000000 9.855080 -0.240367 0.000000 0.00000000 0.00000000 -0.82909176 0.55911256
577.573000000 9.853728 -0.278348 0.000000 0.00000000 0.00000000 -0.82936169 0.55871208
577.698000000 9.850946 -0.311676 0.000000 0.00000000 0.00000000 -0.82914133 0.55903904
577.823000000 9.853152 -0.274286 0.000000 0.00000000 0.00000000 -0.82936199 0.55871163
577.948000000 9.845490 -0.293304 0.000000 0.00000000 0.00000000 -0.82962973 0.55831400
578.073000000 9.844744 -0.279201 0.000000 0.00000000 0.00000000 -0.82962925 0.55831471
578.198000000 9.837951 -0.302919 0.000000 0.00000000 0.00000000 -0.82914856 0.55902832
578.323000000 9.834996 -0.321282 0.000000 0.00000000 0.00000000 -0.82933079 0.55875794
578.448000000 9.835513 -0.347199 0.000000 0.00000000 0.00000000 -0.82961655 0.55833358
578.573000000 9.836362 -0.309806 0.000000 0.00000000 0.00000000 -0.82992383 0.55787673
578.698000000 9.830935 -0.342580 0.000000 0.00000000 0.00000000 -0.82919815 0.55895477
578.823000000 9.825193 -0.359530 0.000000 0.00000000 0.00000000 -0.82931548 0.55878067
578.948000000 9.824271 -0.367692 0.000000 0.00000000 0.00000000 -0.82939561 0.55866173
579.073000000 9.822126 -0.336567 0.000000 0.00000000 0.00000000 -0.82959267 0.55836906
579.198000000 9.819016 -0.372035 0.000000 0.00000000 0.00000000 -0.82929671 0.55880852
579.323000000 9.813182 -0.315146 0.000000 0.00000000 0.00000000 -0.82946355 0.55856084
579.448000000 9.815294 -0.353289 0.000000 0.00000000 0.00000000 -0.82873688 0.55963844
579.573000000 9.809602 -0.362789 0.000000 0.00000000 0.00000000 -0.82913292 0.55905152
579.698000000 9.806725 -0.362818 0.000000 0.00000000 0.00000000 -0.82921430 0.55893080
579.823000000 9.809289 -0.360964 0.000000 0.00000000 0.00000000 -0.83069019 0.55673495
579.948000000 9.800472 -0.405344 0.000000 0.00000000 0.00000000 -0.82944901 0.55858244
580.073000000 9.798204 -0.419733 0.000000 0.00000000 0.00000000 -0.82893366 0.55934693
580.198000000 9.795157 -0.404088 0.000000 0.00000000 0.00000000 -0.82871565 0.55966988
580.323000000 9.789909 -0.406447 0.000000 0.00000000 0.00000000 -0.82903163 0.55920172
580.448000000 9.790994 -0.391158 0.000000 0.00000000 0.00000000 -0.82908000 0.55913000
580.573000000 9.788605 -0.419514 0.000000 0.00000000 0.00000000 -0.82879876 0.55954679
580.698000000 9.786086 -0.446198 0.000000 0.00000000 0.00000000 -0.82912183 0.55906797
580.823000000 9.784098 -0.434590 0.000000 0.00000000 0.00000000 -0.82995572 0.55782928
580.948000000 9.784663 -0.446700 0.000000 0.00000000 0.00000000 -0.83020152 0.55746339
581.073000000 9.776308 -0.461937 0.000000 0.00000000 0.00000000 -0.82965597 0.55827500
581.198000000 9.771988 -0.469520 0.000000 0.00000000 0.00000000 -0.82979883 0.55806264
581.323000000 9.768713 -0.459862 0.000000 0.00000000 0.00000000 -0.82909421 0.55910893
581.448000000 9.764217 -0.484588 0.000000 0.00000000 0.00000000 -0.82914088 0.55903972
581.573000000 9.769008 -0.476044 0.000000 0.00000000 0.00000000 -0.82982235 0.55802765
581.698000000 9.763855 -0.518589 0.000000 0.00000000 0.00000000 -0.82948819 0.55852426
581.823000000 9.763440 -0.498365 0.000000 0.00000000 0.00000000 -0.83058869 0.55688637
581.948000000 9.758165 -0.504538 0.000000 0.00000000 0.00000000 -0.82934740 0.55873329
582.073000000 9.757459 -0.528294 0.000000 0.00000000 0.00000000 -0.82930159 0.55880128
582.198000000 9.750706 -0.548427 0.000000 0.00000000 0.00000000 -0.82898254 0.55927448
582.323000000 9.749456 -0.553293 0.000000 0.00000000 0.00000000 -0.82926301 0.55885854
582.448000000 9.748515 -0.554993 0.000000 0.00000000 0.00000000 -0.82891608 0.55937298
582.573000000 9.744003 -0.576606 0.000000 0.00000000 0.00000000 -0.82890235 0.55939333
582.698000000 9.739931 -0.576424 0.000000 0.00000000 0.00000000 -0.82899824 0.55925121
582.823000000 9.738667 -0.579593 0.000000 0.00000000 0.00000000 -0.82915934 0.55901234
582.948000000 9.735112 -0.580524 0.000000 0.00000000 0.00000000 -0.82931640 0.55877930
583.073000000 9.731187 -0.595015 0.000000 0.00000000 0.00000000 -0.82928449 0.55882665
583.198000000 9.729325 -0.601014 0.000000 0.00000000 0.00000000 -0.82871439 0.55967174
583.323000000 9.725941 -0.606787 0.000000 0.00000000 0.00000000 -0.82847062 0.56003253
583.448000000 9.723293 -0.621797 0.000000 0.00000000 0.00000000 -0.82954684 0.55843715
583.573000000 9.720225 -0.628066 0.000000 0.00000000 0.00000000 -0.82973251 0.55816123
583.698000000 9.717191 -0.626069 0.000000 0.00000000 0.00000000 -0.82980488 0.55805364
583.823000000 9.711317 -0.642533 0.000000 0.00000000 0.00000000 -0.82905818 0.55916236
583.948000000 9.710128 -0.647429 0.000000 0.00000000 0.00000000 -0.82890054 0.55939601
584.073000000 9.708054 -0.655713 0.000000 0.00000000 0.00000000 -0.82895992 0.55930801
584.198000000 9.706706 -0.664082 0.000000 0.00000000 0.00000000 -0.82958554 0.55837965
584.323000000 9.702992 -0.667922 0.000000 0.00000000 0.00000000 -0.82932085 0.55877270
584.448000000 9.699193 -0.663336 0.000000 0.00000000 0.00000000 -0.82935647 0.55871983
584.573000000 9.697596 -0.681350 0.000000 0.00000000 0.00000000 -0.82931590 0.55878004
584.698000000 9.693891 -0.684309 0.000000 0.00000000 0.00000000 -0.82948953 0.55852227
584.823000000 9.692462 -0.690574 0.000000 0.00000000 0.00000000 -0.82959827 0.55836074
584.948000000 9.688814 -0.700064 0.000000 0.00000000 0.00000000 -0.82970177 0.55820692
585.073000000 9.685890 -0.702384 0.000000 0.00000000 0.00000000 -0.82979483 0.55806858
585.198000000 9.683250 -0.726156 0.000000 0.00000000 0.00000000 -0.82907197 0.55914190
585.323000000 9.680762 -0.710199 0.000000 0.00000000 0.00000000 -0.82981130 0.55804410
585.448000000 9.679394 -0.729533 0.000000 0.00000000 0.00000000 -0.82922866 0.55890950
585.573000000 9.674174 -0.736131 0.000000 0.00000000 0.00000000 -0.82875437 0.55961254
585.698000000 9.671308 -0.740845 0.000000 0.00000000 0.00000000 -0.82903843 0.55919163
585.823000000 9.668504 -0.748039 0.000000 0.00000000 0.00000000 -0.82911328 0.55908065
585.948000000 9.665479 -0.754338 0.000000 0.00000000 0.00000000 -0.82953790 0.55845042
586.073000000 9.664817 -0.763588 0.000000 0.00000000 0.00000000 -0.82962950 0.55831432
586.198000000 9.662289 -0.782370 0.000000 0.00000000 0.00000000 -0.82882994 0.55950061
586.323000000 9.659295 -0.774365 0.000000 0.00000000 0.00000000 -0.82883151 0.55949828
586.448000000 9.657326 -0.778767 0.000000 0.00000000 0.00000000 -0.82923009 0.55890738
586.573000000 9.654013 -0.784278 0.000000 0.00000000 0.00000000 -0.82931247 0.55878514
586.698000000 9.652176 -0.798748 0.000000 0.00000000 0.00000000 -0.82920002 0.55895199
586.823000000 9.648882 -0.803366 0.000000 0.00000000 0.00000000 -0.82942402 0.55861955
586.948000000 9.649399 -0.809953 0.000000 0.00000000 0.00000000 -0.82967456 0.55824737
587.073000000 9.642172 -0.820765 0.000000 0.00000000 0.00000000 -0.82883195 0.55949763
587.198000000 9.640140 -0.830198 0.000000 0.00000000 0.00000000 -0.82920113 0.55895034
587.323000000 9.636171 -0.825925 0.000000 0.00000000 0.00000000 -0.82931401 0.55878285
587.448000000 9.630078 -0.840472 0.000000 0.00000000 0.00000000 -0.82899716 0.55925281
587.573000000 9.633364 -0.824830 0.000000 0.00000000 0.00000000 -0.82932308 0.55876939
587.698000000 9.627858 -0.851876 0.000000 0.00000000 0.00000000 -0.82908939 0.55911607
587.823000000 9.623237 -0.862601 0.000000 0.00000000 0.00000000 -0.82875333 0.55961408
587.948000000 9.625409 -0.867002 0.000000 0.00000000 0.00000000 -0.82926243 0.55885940
588.073000000 9.619894 -0.875694 0.000000 0.00000000 0.00000000 -0.82897256 0.55928928
588.198000000 9.616909 -0.880130 0.000000 0.00000000 0.00000000 -0.82894996 0.55932278
588.323000000 9.612667 -0.876698 0.000000 0.00000000 0.00000000 -0.82887926 0.55942754
588.448000000 9.610777 -0.894389 0.000000 0.00000000 0.00000000 -0.82852969 0.55994513
588.573000000 9.609861 -0.903012 0.000000 0.00000000 0.00000000 -0.82862876 0.55979852
588.698000000 9.607630 -0.910418 0.000000 0.00000000 0.00000000 -0.82896074 0.55930679
588.823000000 9.604404 -0.912748 0.000000 0.00000000 0.00000000 -0.82903580 0.55919554
588.948000000 9.604318 -0.913365 0.000000 0.00000000 0.00000000 -0.82940074 0.55865411
589.073000000 9.596135 -0.914477 0.000000 0.00000000 0.00000000 -0.82884399 0.55947980
589.198000000 9.591143 -0.913979 0.000000 0.00000000 0.00000000 -0.82826054 0.56034318
589.323000000 9.593577 -0.918811 0.000000 0.00000000 0.00000000 -0.82946330 0.55856122
589.448000000 9.590671 -0.943625 0.000000 0.00000000 0.00000000 -0.82886574 0.55944757
589.573000000 9.586386 -0.960369 0.000000 0.00000000 0.00000000 -0.82813514 0.56052848
589.698000000 9.583260 -0.963899 0.000000 0.00000000 0.00000000 -0.82817868 0.56046416
589.823000000 9.576854 -0.955344 0.000000 0.00000000 0.00000000 -0.82832303 0.56025080
589.948000000 9.577508 -0.985190 0.000000 0.00000000 0.00000000 -0.82826589 0.56033527
590.073000000 9.574899 -0.987670 0.000000 0.00000000 0.00000000 -0.82821634 0.56040851
590.198000000 9.569900 -0.987771 0.000000 0.00000000 0.00000000 -0.82844573 0.56006934
590.323000000 9.570316 -0.994713 0.000000 0.00000000 0.00000000 -0.82839807 0.56013983
590.448000000 9.565051 -1.001546 0.000000 0.00000000 0.00000000 -0.82834915 0.56021218
590.573000000 9.563038 -1.008224 0.000000 0.00000000 0.00000000 -0.82831615 0.56026097
590.698000000 9.562931 -1.009845 0.000000 0.00000000 0.00000000 -0.82852673 0.55994951
590.823000000 9.556923 -1.025329 0.000000 0.00000000 0.00000000 -0.82807754 0.56061359
590.948000000 9.548863 -1.032807 0.000000 0.00000000 0.00000000 -0.82716061 0.56196560
591.073000000 9.548392 -1.031200 0.000000 0.00000000 0.00000000 -0.82766439 0.56122335
591.198000000 9.546918 -1.035611 0.000000 0.00000000 0.00000000 -0.82775412 0.56109100
591.323000000 9.545200 -1.041441 0.000000 0.00000000 0.00000000 -0.82789916 0.56087698
591.448000000 9.544721 -1.065158 0.000000 0.00000000 0.00000000 -0.82930838 0.55879120
591.573000000 9.537934 -1.063291 0.000000 0.00000000 0.00000000 -0.82906030 0.55915920
591.698000000 9.531353 -1.078575 0.000000 0.00000000 0.00000000 -0.82824280 0.56036939
591.823000000 9.532476 -1.089297 0.000000 0.00000000 0.00000000 -0.82879765 0.55954843
591.948000000 9.527288 -1.094230 0.000000 0.00000000 0.00000000 -0.82831825 0.56025786
592.073000000 9.529148 -1.102084 0.000000 0.00000000 0.00000000 -0.82904299 0.55918488
592.198000000 9.523638 -1.107708 0.000000 0.00000000 0.00000000 -0.82908792 0.55911825
592.448000000 9.514961 -1.110499 0.000000 0.00000000 0.00000000 -0.82873625 0.55963937
592.573000000 9.512403 -1.128095 0.000000 0.00000000 0.00000000 -0.82814520 0.56051362
592.698000000 9.507446 -1.134507 0.000000 0.00000000 0.00000000 -0.82739199 0.56162487
592.823000000 9.507430 -1.137907 0.000000 0.00000000 0.00000000 -0.82770943 0.56115693
592.948000000 9.503136 -1.148808 0.000000 0.00000000 0.00000000 -0.82818440 0.56045571
593.073000000 9.504667 -1.150649 0.000000 0.00000000 0.00000000 -0.82925689 0.55886761
593.198000000 9.504831 -1.165619 0.000000 0.00000000 0.00000000 -0.82936265 0.55871065
593.323000000 9.498833 -1.152249 0.000000 0.00000000 0.00000000 -0.82981473 0.55803899
593.448000000 9.492630 -1.177517 0.000000 0.00000000 0.00000000 -0.82753276 0.56141744
593.573000000 9.488916 -1.184930 0.000000 0.00000000 0.00000000 -0.82795984 0.56078739
593.698000000 9.488597 -1.188409 0.000000 0.00000000 0.00000000 -0.82777454 0.56106088
593.823000000 9.485992 -1.190634 0.000000 0.00000000 0.00000000 -0.82821042 0.56041726
593.948000000 9.487217 -1.202003 0.000000 0.00000000 0.00000000 -0.82837099 0.56017989
594.073000000 9.478817 -1.201356 0.000000 0.00000000 0.00000000 -0.82836140 0.56019407
594.198000000 9.480936 -1.229658 0.000000 0.00000000 0.00000000 -0.82836518 0.56018847
594.323000000 9.480286 -1.236482 0.000000 0.00000000 0.00000000 -0.82894851 0.55932493
594.448000000 9.473893 -1.237948 0.000000 0.00000000 0.00000000 -0.82822603 0.56039418
594.573000000 9.474590 -1.243191 0.000000 0.00000000 0.00000000 -0.82892790 0.55935546
594.698000000 9.468584 -1.249777 0.000000 0.00000000 0.00000000 -0.82924905 0.55887924
594.823000000 9.463557 -1.260350 0.000000 0.00000000 0.00000000 -0.83145116 0.55559785
594.948000000 9.462355 -1.269760 0.000000 0.00000000 0.00000000 -0.83509647 0.55010353
595.073000000 9.453756 -1.244612 0.000000 0.00000000 0.00000000 -0.83935975 0.54357631
595.198000000 9.454995 -1.268428 0.000000 0.00000000 0.00000000 -0.84220615 0.53915563
595.323000000 9.455257 -1.290340 0.000000 0.00000000 0.00000000 -0.84549060 0.53399030
595.448000000 9.439317 -1.264412 0.000000 0.00000000 0.00000000 -0.84894927 0.52847435
595.573000000 9.447573 -1.279745 0.000000 0.00000000 0.00000000 -0.85315594 0.52165596
595.698000000 9.438974 -1.277772 0.000000 0.00000000 0.00000000 -0.85666144 0.51587903
595.823000000 9.439648 -1.296384 0.000000 0.00000000 0.00000000 -0.85937334 0.51134867
595.948000000 9.439252 -1.301241 0.000000 0.00000000 0.00000000 -0.86368571 0.50403075
596.073000000 9.424301 -1.299626 0.000000 0.00000000 0.00000000 -0.86529443 0.50126395
596.198000000 9.431648 -1.305128 0.000000 0.00000000 0.00000000 0.87055236 -0.49207579
596.323000000 9.424419 -1.292570 0.000000 0.00000000 0.00000000 0.87345449 -0.48690579
596.448000000 9.420688 -1.333497 0.000000 0.00000000 0.00000000 0.87448772 -0.48504766
596.573000000 9.417859 -1.324261 0.000000 0.00000000 0.00000000 0.87898020 -0.47685827
596.698000000 9.416180 -1.352850 0.000000 0.00000000 0.00000000 0.87852324 -0.47769962
596.823000000 9.408435 -1.352229 0.000000 0.00000000 0.00000000 0.87875984 -0.47726422
596.948000000 9.410631 -1.349471 0.000000 0.00000000 0.00000000 0.87968794 -0.47555139
597.073000000 9.405335 -1.350837 0.000000 0.00000000 0.00000000 0.87975138 -0.47543402
597.198000000 9.396126 -1.362686 0.000000 0.00000000 0.00000000 0.87896612 -0.47688423
597.323000000 9.394582 -1.380479 0.000000 0.00000000 0.00000000 0.87873102 -0.47731730
597.448000000 9.391996 -1.384781 0.000000 0.00000000 0.00000000 0.87831132 -0.47808913
597.573000000 9.382606 -1.401452 0.000000 0.00000000 0.00000000 0.87766708 -0.47927080
597.698000000 9.381583 -1.396171 0.000000 0.00000000 0.00000000 0.87843740 -0.47785745
597.823000000 9.382041 -1.397634 0.000000 0.00000000 0.00000000 0.87905807 -0.47671471
597.948000000 9.378138 -1.395215 0.000000 0.00000000 0.00000000 0.87944948 -0.47599224
598.073000000 9.372129 -1.404273 0.000000 0.00000000 0.00000000 0.87905297 -0.47672412
598.198000000 9.368204 -1.417480 0.000000 0.00000000 0.00000000 0.87957053 -0.47576851
598.323000000 9.362886 -1.422707 0.000000 0.00000000 0.00000000 0.87904449 -0.47673975
598.448000000 9.355901 -1.435255 0.000000 0.00000000 0.00000000 0.87887069 -0.47706007
598.573000000 9.353416 -1.442505 0.000000 0.00000000 0.00000000 0.87910691 -0.47662464
598.698000000 9.349098 -1.447379 0.000000 0.00000000 0.00000000 0.87915375 -0.47653823
598.823000000 9.344599 -1.451782 0.000000 0.00000000 0.00000000 0.88103760 -0.47304624
598.948000000 9.337741 -1.469020 0.000000 0.00000000 0.00000000 0.88311199 -0.46916225
599.073000000 9.331982 -1.482657 0.000000 0.00000000 0.00000000 0.88539641 -0.46483675
599.198000000 9.333476 -1.473360 0.000000 0.00000000 0.00000000 0.89001431 -0.45593260
599.323000000 9.332740 -1.465937 0.000000 0.00000000 0.00000000 0.89467124 -0.44672516
599.448000000 9.320617 -1.504025 0.000000 0.00000000 0.00000000 0.89393536 -0.44819591
599.573000000 9.324317 -1.493550 0.000000 0.00000000 0.00000000 0.89890730 -0.43813886
599.698000000 9.315690 -1.495076 0.000000 0.00000000 0.00000000 0.90158471 -0.43260259
599.823000000 9.308974 -1.500340 0.000000 0.00000000 0.00000000 0.90356761 -0.42844553
599.948000000 9.308323 -1.505644 0.000000 0.00000000 0.00000000 0.90690802 -0.42132866
600.073000000 9.299134 -1.511962 0.000000 0.00000000 0.00000000 0.90911566 -0.41654378
600.198000000 9.297095 -1.521311 0.000000 0.00000000 0.00000000 0.91140658 -0.41150704
600.323000000 9.285158 -1.534026 0.000000 0.00000000 0.00000000 0.91313631 -0.40765437
600.448000000 9.288407 -1.547615 0.000000 0.00000000 0.00000000 0.91569560 -0.40187258
600.573000000 9.278855 -1.535705 0.000000 0.00000000 0.00000000 0.91914497 -0.39391944
600.698000000 9.278992 -1.539173 0.000000 0.00000000 0.00000000 0.92206233 -0.38704142
600.823000000 9.269185 -1.556095 0.000000 0.00000000 0.00000000 0.92369253 -0.38313459
600.948000000 9.262337 -1.559309 0.000000 0.00000000 0.00000000 0.92568725 -0.37828972
601.073000000 9.262678 -1.567073 0.000000 0.00000000 0.00000000 0.92837023 -0.37165671
601.198000000 9.253873 -1.568594 0.000000 0.00000000 0.00000000 0.93064126 -0.36593284
601.323000000 9.252357 -1.575378 0.000000 0.00000000 0.00000000 0.93290605 -0.36011985
601.448000000 9.246060 -1.573914 0.000000 0.00000000 0.00000000 0.93534549 -0.35373552
601.573000000 9.237779 -1.577232 0.000000 0.00000000 0.00000000 0.93773437 -0.34735320
601.698000000 9.229629 -1.584464 0.000000 0.00000000 0.00000000 0.93948209 -0.34259801
601.823000000 9.225916 -1.592538 0.000000 0.00000000 0.00000000 0.94214095 -0.33521699
601.948000000 9.221769 -1.600325 0.000000 0.00000000 0.00000000 0.94418968 -0.32940226
602.073000000 9.214686 -1.606876 0.000000 0.00000000 0.00000000 0.94550996 -0.32559318
602.198000000 9.210808 -1.606198 0.000000 0.00000000 0.00000000 0.94815218 -0.31781667
602.323000000 9.202687 -1.609492 0.000000 0.00000000 0.00000000 0.95003006 -0.31215842
602.448000000 9.193607 -1.613926 0.000000 0.00000000 0.00000000 0.95191381 -0.30636596
602.573000000 9.195179 -1.620968 0.000000 0.00000000 0.00000000 0.95399232 -0.29983104
602.698000000 9.181454 -1.625061 0.000000 0.00000000 0.00000000 0.95539960 -0.29531609
602.823000000 9.179087 -1.629199 0.000000 0.00000000 0.00000000 0.95737924 -0.28883385
602.948000000 9.173818 -1.631565 0.000000 0.00000000 0.00000000 0.95948257 -0.28176798
603.073000000 9.168119 -1.639265 0.000000 0.00000000 0.00000000 0.96095608 -0.27670094
603.198000000 9.159121 -1.643855 0.000000 0.00000000 0.00000000 0.96242876 -0.27153431
603.323000000 9.156199 -1.646057 0.000000 0.00000000 0.00000000 0.96433749 -0.26467566
603.448000000 9.143716 -1.649932 0.000000 0.00000000 0.00000000 0.96437141 -0.26455206
603.573000000 9.142128 -1.653952 0.000000 0.00000000 0.00000000 0.96433073 -0.26470030
603.698000000 9.135291 -1.660980 0.000000 0.00000000 0.00000000 0.96440783 -0.26441926
603.823000000 9.125630 -1.663178 0.000000 0.00000000 0.00000000 0.96390288 -0.26625407
603.948000000 9.118532 -1.659122 0.000000 0.00000000 0.00000000 0.96430015 -0.26481166
604.073000000 9.117854 -1.665942 0.000000 0.00000000 0.00000000 0.96446280 -0.26421868
604.198000000 9.108877 -1.677564 0.000000 0.00000000 0.00000000 0.96420802 -0.26514693
604.323000000 9.102839 -1.679252 0.000000 0.00000000 0.00000000 0.96419149 -0.26520704
604.448000000 9.093497 -1.681765 0.000000 0.00000000 0.00000000 0.96426477 -0.26494047
604.573000000 9.088949 -1.685278 0.000000 0.00000000 0.00000000 0.96412079 -0.26546395
604.698000000 9.085383 -1.685355 0.000000 0.00000000 0.00000000 0.96451427 -0.26403072
604.823000000 9.071032 -1.698571 0.000000 0.00000000 0.00000000 0.96390942 -0.26623040
604.948000000 9.065813 -1.698187 0.000000 0.00000000 0.00000000 0.96399925 -0.26590497
605.073000000 9.063555 -1.700161 0.000000 0.00000000 0.00000000 0.96421869 -0.26510812
605.198000000 9.055058 -1.702158 0.000000 0.00000000 0.00000000 0.96431352 -0.26476299
605.323000000 9.052829 -1.701980 0.000000 0.00000000 0.00000000 0.96471609 -0.26329235
605.448000000 9.040207 -1.711121 0.000000 0.00000000 0.00000000 0.96406201 -0.26567734
605.573000000 9.033442 -1.718283 0.000000 0.00000000 0.00000000 0.96377190 -0.26672780
605.698000000 9.029705 -1.722166 0.000000 0.00000000 0.00000000 0.96411223 -0.26549503
605.823000000 9.020131 -1.727260 0.000000 0.00000000 0.00000000 0.96436264 -0.26458399
605.948000000 9.017635 -1.718059 0.000000 0.00000000 0.00000000 0.96653512 -0.25653434
606.073000000 9.008747 -1.730772 0.000000 0.00000000 0.00000000 0.96763221 -0.25236464
606.198000000 9.002138 -1.730656 0.000000 0.00000000 0.00000000 0.96945163 -0.24528258
606.323000000 8.993431 -1.735174 0.000000 0.00000000 0.00000000 0.97068765 -0.24034450
606.448000000 8.989711 -1.739405 0.000000 0.00000000 0.00000000 0.97267883 -0.23215489
606.573000000 8.979115 -1.739916 0.000000 0.00000000 0.00000000 0.97351211 -0.22863547
606.698000000 8.971007 -1.749217 0.000000 0.00000000 0.00000000 0.97481234 -0.22302667
606.823000000 8.968066 -1.746412 0.000000 0.00000000 0.00000000 0.97648696 -0.21557649
606.948000000 8.962316 -1.753986 0.000000 0.00000000 0.00000000 0.97776584 -0.20969972
607.073000000 8.954799 -1.754383 0.000000 0.00000000 0.00000000 0.97905056 -0.20361731
607.198000000 8.946996 -1.760905 0.000000 0.00000000 0.00000000 0.98032564 -0.19738702
607.323000000 8.940550 -1.762937 0.000000 0.00000000 0.00000000 0.98133266 -0.19231798
607.448000000 8.931230 -1.766522 0.000000 0.00000000 0.00000000 0.98280297 -0.18465729
607.573000000 8.926301 -1.769753 0.000000 0.00000000 0.00000000 0.98415440 -0.17731361
607.698000000 8.919462 -1.770001 0.000000 0.00000000 0.00000000 0.98527440 -0.17098059
607.823000000 8.910659 -1.769831 0.000000 0.00000000 0.00000000 0.98637764 -0.16449663
607.948000000 8.907661 -1.773566 0.000000 0.00000000 0.00000000 0.98739790 -0.15825733
608.073000000 8.897197 -1.778669 0.000000 0.00000000 0.00000000 0.98827095 -0.15271059
608.198000000 8.890651 -1.781585 0.000000 0.00000000 0.00000000 0.98863480 -0.15033707
608.323000000 8.881321 -1.783226 0.000000 0.00000000 0.00000000 0.98854395 -0.15093331
608.448000000 8.876322 -1.783849 0.000000 0.00000000 0.00000000 0.98872085 -0.14977010
608.573000000 8.868118 -1.788724 0.000000 0.00000000 0.00000000 0.98866768 -0.15012069
608.698000000 8.863767 -1.787073 0.000000 0.00000000 0.00000000 0.98880936 -0.14918463
608.823000000 8.855018 -1.787740 0.000000 0.00000000 0.00000000 0.98881978 -0.14911554
608.948000000 8.848487 -1.791999 0.000000 0.00000000 0.00000000 0.98875199 -0.14956438
609.073000000 8.840285 -1.797981 0.000000 0.00000000 0.00000000 0.98869379 -0.14994864
609.198000000 8.834698 -1.796781 0.000000 0.00000000 0.00000000 0.98826808 -0.15272919
609.323000000 8.827274 -1.800043 0.000000 0.00000000 0.00000000 0.98725219 -0.15916377
609.448000000 8.817322 -1.801402 0.000000 0.00000000 0.00000000 0.98600220 -0.16673231
609.573000000 8.809504 -1.804861 0.000000 0.00000000 0.00000000 0.98491874 -0.17301755
609.698000000 8.802812 -1.808558 0.000000 0.00000000 0.00000000 0.98393151 -0.17854631
609.823000000 8.797044 -1.809819 0.000000 0.00000000 0.00000000 0.98284995 -0.18440711
609.948000000 8.791191 -1.815880 0.000000 0.00000000 0.00000000 0.98176208 -0.19011369
610.073000000 8.782474 -1.815249 0.000000 0.00000000 0.00000000 0.98060837 -0.19597763
610.198000000 8.776332 -1.814074 0.000000 0.00000000 0.00000000 0.97924323 -0.20268866
610.323000000 8.769706 -1.821850 0.000000 0.00000000 0.00000000 0.97787999 -0.20916675
610.448000000 8.762238 -1.826593 0.000000 0.00000000 0.00000000 0.97643415 -0.21581554
610.573000000 8.754581 -1.821522 0.000000 0.00000000 0.00000000 0.97552183 -0.21990263
610.698000000 8.752067 -1.836522 0.000000 0.00000000 0.00000000 0.97404133 -0.22637023
610.823000000 8.745881 -1.840512 0.000000 0.00000000 0.00000000 0.97272729 -0.23195177
610.948000000 8.737780 -1.841148 0.000000 0.00000000 0.00000000 0.97106643 -0.23880953
611.073000000 8.729769 -1.844478 0.000000 0.00000000 0.00000000 0.96954959 -0.24489505
611.198000000 8.728590 -1.839667 0.000000 0.00000000 0.00000000 0.96856022 -0.24877924
611.323000000 8.718114 -1.855795 0.000000 0.00000000 0.00000000 0.96647288 -0.25676870
611.448000000 8.712754 -1.847227 0.000000 0.00000000 0.00000000 0.96496763 -0.26236895
611.573000000 8.704493 -1.862176 0.000000 0.00000000 0.00000000 0.96300741 -0.26947491
611.698000000 8.697197 -1.866125 0.000000 0.00000000 0.00000000 0.96140855 -0.27512468
611.823000000 8.692717 -1.866717 0.000000 0.00000000 0.00000000 0.95958352 -0.28142399
611.948000000 8.687861 -1.872443 0.000000 0.00000000 0.00000000 0.95792133 -0.28703089
612.073000000 8.681276 -1.873001 0.000000 0.00000000 0.00000000 0.95654063 -0.29159909
612.198000000 8.676753 -1.879457 0.000000 0.00000000 0.00000000 0.95449706 -0.29822031
612.323000000 8.669533 -1.883728 0.000000 0.00000000 0.00000000 0.95253340 -0.30443409
612.448000000 8.661308 -1.892900 0.000000 0.00000000 0.00000000 0.95034536 -0.31119719
612.573000000 8.654666 -1.894419 0.000000 0.00000000 0.00000000 0.94809227 -0.31799535
612.698000000 8.644672 -1.901930 0.000000 0.00000000 0.00000000 0.94601021 -0.32413683
612.823000000 8.644410 -1.904603 0.000000 0.00000000 0.00000000 0.94415370 -0.32950536
612.948000000 8.636081 -1.897093 0.000000 0.00000000 0.00000000 0.94237709 -0.33455256
613.073000000 8.630954 -1.905189 0.000000 0.00000000 0.00000000 0.94054748 -0.33966225
613.198000000 8.619406 -1.922347 0.000000 0.00000000 0.00000000 0.93742552 -0.34818586
613.323000000 8.619643 -1.923107 0.000000 0.00000000 0.00000000 0.93572620 -0.35272719
613.448000000 8.613150 -1.921755 0.000000 0.00000000 0.00000000 0.93351016 -0.35855094
613.573000000 8.603809 -1.929674 0.000000 0.00000000 0.00000000 0.93127941 -0.36430573
613.698000000 8.601661 -1.940757 0.000000 0.00000000 0.00000000 0.92866116 -0.37092916
613.823000000 8.590315 -1.940870 0.000000 0.00000000 0.00000000 0.92627216 -0.37685526
613.948000000 8.591672 -1.944765 0.000000 0.00000000 0.00000000 0.92453131 -0.38110609
614.073000000 8.587866 -1.948592 0.000000 0.00000000 0.00000000 0.92186154 -0.38751943
614.198000000 8.579493 -1.956033 0.000000 0.00000000 0.00000000 0.91960883 -0.39283534
614.323000000 8.572961 -1.961882 0.000000 0.00000000 0.00000000 0.91689619 -0.39912576
614.448000000 8.567848 -1.970342 0.000000 0.00000000 0.00000000 0.91399084 -0.40573482
614.573000000 8.564602 -1.973021 0.000000 0.00000000 0.00000000 0.91211168 -0.40994179
614.698000000 8.558514 -1.979074 0.000000 0.00000000 0.00000000 0.90909013 -0.41659950
614.823000000 8.550334 -1.985484 0.000000 0.00000000 0.00000000 0.90638216 -0.42245873
614.948000000 8.551527 -1.982929 0.000000 0.00000000 0.00000000 0.90450448 -0.42646412
615.073000000 8.548313 -2.000870 0.000000 0.00000000 0.00000000 0.90105499 -0.43370487
615.198000000 8.542199 -2.000772 0.000000 0.00000000 0.00000000 0.89905867 -0.43782818
615.323000000 8.533227 -2.011824 0.000000 0.00000000 0.00000000 0.89553886 -0.44498332
615.448000000 8.529436 -2.011258 0.000000 0.00000000 0.00000000 0.89340673 -0.44924872
615.573000000 8.531275 -2.006138 0.000000 0.00000000 0.00000000 0.89191092 -0.45221113
615.698000000 8.523086 -2.026516 0.000000 0.00000000 0.00000000 0.89013323 -0.45570038
615.823000000 8.516444 -2.030009 0.000000 0.00000000 0.00000000 0.89014970 -0.45566820
615.948000000 8.512236 -2.037439 0.000000 0.00000000 0.00000000 0.89007900 -0.45580629
616.073000000 8.508706 -2.044632 0.000000 0.00000000 0.00000000 0.88982087 -0.45631001
616.198000000 8.501943 -2.054051 0.000000 0.00000000 0.00000000 0.88979222 -0.45636587
616.323000000 8.497519 -2.051756 0.000000 0.00000000 0.00000000 0.89043011 -0.45512000
616.448000000 8.497670 -2.053465 0.000000 0.00000000 0.00000000 0.89081885 -0.45435864
616.573000000 8.496255 -2.047036 0.000000 0.00000000 0.00000000 0.89140701 -0.45320365
616.698000000 8.485471 -2.074883 0.000000 0.00000000 0.00000000 0.88996074 -0.45603716
616.823000000 8.482491 -2.081809 0.000000 0.00000000 0.00000000 0.88980983 -0.45633153
616.948000000 8.476385 -2.087466 0.000000 0.00000000 0.00000000 0.88991552 -0.45612538
617.073000000 8.475063 -2.094652 0.000000 0.00000000 0.00000000 0.89007764 -0.45580894
617.198000000 8.472905 -2.099503 0.000000 0.00000000 0.00000000 0.89000982 -0.45594135
617.323000000 8.463536 -2.105997 0.000000 0.00000000 0.00000000 0.89004576 -0.45587119
617.448000000 8.460713 -2.103060 0.000000 0.00000000 0.00000000 0.89069944 -0.45459268
617.573000000 8.456929 -2.110416 0.000000 0.00000000 0.00000000 0.89223528 -0.45157082
617.698000000 8.452196 -2.113068 0.000000 0.00000000 0.00000000 0.89526844 -0.44552713
617.823000000 8.446503 -2.131349 0.000000 0.00000000 0.00000000 0.89726475 -0.44149289
617.948000000 8.445493 -2.137063 0.000000 0.00000000 0.00000000 0.90005911 -0.43576782
618.073000000 8.441738 -2.137682 0.000000 0.00000000 0.00000000 0.90271805 -0.43023264
618.198000000 8.435166 -2.132985 0.000000 0.00000000 0.00000000 0.90603564 -0.42320140
618.323000000 8.431216 -2.153507 0.000000 0.00000000 0.00000000 0.90829683 -0.41832628
618.448000000 8.424038 -2.159473 0.000000 0.00000000 0.00000000 0.91053868 -0.41342389
618.573000000 8.427084 -2.153863 0.000000 0.00000000 0.00000000 0.91409451 -0.40550121
618.698000000 8.417479 -2.163379 0.000000 0.00000000 0.00000000 0.91596223 -0.40126449
618.823000000 8.406495 -2.169274 0.000000 0.00000000 0.00000000 0.91823830 -0.39602830
618.948000000 8.406134 -2.178711 0.000000 0.00000000 0.00000000 0.92106057 -0.38941934
619.073000000 8.399922 -2.182744 0.000000 0.00000000 0.00000000 0.92316570 -0.38440225
619.198000000 8.393887 -2.189347 0.000000 0.00000000 0.00000000 0.92531703 -0.37919441
619.323000000 8.390222 -2.195749 0.000000 0.00000000 0.00000000 0.92774964 -0.37320317
619.448000000 8.383847 -2.202513 0.000000 0.00000000 0.00000000 0.92999658 -0.36756817
619.573000000 8.375179 -2.205692 0.000000 0.00000000 0.00000000 0.93241167 -0.36139795
619.698000000 8.369378 -2.211831 0.000000 0.00000000 0.00000000 0.93441582 -0.35618404
619.823000000 8.362788 -2.205783 0.000000 0.00000000 0.00000000 0.93684379 -0.34974808
619.948000000 8.364692 -2.209903 0.000000 0.00000000 0.00000000 0.93954221 -0.34243312
620.073000000 8.355841 -2.226164 0.000000 0.00000000 0.00000000 0.94098245 -0.33845537
620.198000000 8.352613 -2.237852 0.000000 0.00000000 0.00000000 0.94274667 -0.33350971
620.323000000 8.346879 -2.222767 0.000000 0.00000000 0.00000000 0.94612353 -0.32380590
620.448000000 8.340124 -2.223879 0.000000 0.00000000 0.00000000 0.94743027 -0.31996232
620.573000000 8.326165 -2.245375 0.000000 0.00000000 0.00000000 0.94858707 -0.31651629
620.698000000 8.324466 -2.238149 0.000000 0.00000000 0.00000000 0.95097303 -0.30927382
620.823000000 8.314694 -2.255059 0.000000 0.00000000 0.00000000 0.95213536 -0.30567673
620.948000000 8.313278 -2.249963 0.000000 0.00000000 0.00000000 0.95451398 -0.29816617
621.073000000 8.304432 -2.250524 0.000000 0.00000000 0.00000000 0.95686913 -0.29051932
621.198000000 8.293818 -2.264270 0.000000 0.00000000 0.00000000 0.95802640 -0.28667998
621.323000000 8.293841 -2.264080 0.000000 0.00000000 0.00000000 0.96013346 -0.27954203
621.448000000 8.287229 -2.273949 0.000000 0.00000000 0.00000000 0.96184632 -0.27359031
621.573000000 8.277502 -2.278190 0.000000 0.00000000 0.00000000 0.96317087 -0.26889010
621.698000000 8.276820 -2.268369 0.000000 0.00000000 0.00000000 0.96548750 -0.26044941
621.823000000 8.264291 -2.279058 0.000000 0.00000000 0.00000000 0.96680533 -0.25551408
621.948000000 8.259482 -2.282090 0.000000 0.00000000 0.00000000 0.96833668 -0.24964788
622.073000000 8.254197 -2.286134 0.000000 0.00000000 0.00000000 0.97000367 -0.24309028
622.198000000 8.243399 -2.301246 0.000000 0.00000000 0.00000000 0.97085206 -0.23967953
622.323000000 8.243661 -2.293627 0.000000 0.00000000 0.00000000 0.97289284 -0.23125638
622.448000000 8.235578 -2.297556 0.000000 0.00000000 0.00000000 0.97418109 -0.22576801
622.573000000 8.227899 -2.297326 0.000000 0.00000000 0.00000000 0.97560359 -0.21953962
622.698000000 8.221317 -2.303931 0.000000 0.00000000 0.00000000 0.97695073 -0.21346493
622.823000000 8.216044 -2.301806 0.000000 0.00000000 0.00000000 0.97767879 -0.21010515
622.948000000 8.206275 -2.310447 0.000000 0.00000000 0.00000000 0.97747074 -0.21107096
623.073000000 8.201516 -2.314630 0.000000 0.00000000 0.00000000 0.97754713 -0.21071688
623.198000000 8.192333 -2.310591 0.000000 0.00000000 0.00000000 0.97772641 -0.20988347
623.323000000 8.182636 -2.322164 0.000000 0.00000000 0.00000000 0.97718213 -0.21240313
623.448000000 8.178181 -2.325342 0.000000 0.00000000 0.00000000 0.97741493 -0.21132924
623.573000000 8.171127 -2.326469 0.000000 0.00000000 0.00000000 0.97797142 -0.20873884
623.698000000 8.168315 -2.325300 0.000000 0.00000000 0.00000000 0.97927176 -0.20255078
623.823000000 8.163531 -2.325511 0.000000 0.00000000 0.00000000 0.98061240 -0.19595747
623.948000000 8.152177 -2.338136 0.000000 0.00000000 0.00000000 0.98145868 -0.19167385
624.073000000 8.143358 -2.340883 0.000000 0.00000000 0.00000000 0.98259639 -0.18575341
624.198000000 8.139013 -2.339255 0.000000 0.00000000 0.00000000 0.98395220 -0.17843223
624.323000000 8.129644 -2.342861 0.000000 0.00000000 0.00000000 0.98493667 -0.17291548
624.448000000 8.126485 -2.347745 0.000000 0.00000000 0.00000000 0.98600500 -0.16671576
624.573000000 8.121574 -2.340659 0.000000 0.00000000 0.00000000 0.98722135 -0.15935499
624.698000000 8.111699 -2.347076 0.000000 0.00000000 0.00000000 0.98802407 -0.15429982
624.823000000 8.107441 -2.351291 0.000000 0.00000000 0.00000000 0.98906566 -0.14747582
624.948000000 8.098856 -2.358749 0.000000 0.00000000 0.00000000 0.98986174 -0.14203429
625.073000000 8.088458 -2.356964 0.000000 0.00000000 0.00000000 0.99064146 -0.13648991
625.198000000 8.087025 -2.353103 0.000000 0.00000000 0.00000000 0.99167321 -0.12877986
625.323000000 8.072318 -2.361591 0.000000 0.00000000 0.00000000 0.99220061 -0.12465128
625.448000000 8.068511 -2.362721 0.000000 0.00000000 0.00000000 0.99309004 -0.11735491
625.573000000 8.061881 -2.365138 0.000000 0.00000000 0.00000000 0.99383847 -0.11083819
625.698000000 8.050224 -2.366478 0.000000 0.00000000 0.00000000 0.99436394 -0.10602059
625.823000000 8.049842 -2.361942 0.000000 0.00000000 0.00000000 0.99516496 -0.09821761
625.948000000 8.038384 -2.373360 0.000000 0.00000000 0.00000000 0.99520354 -0.09782596
626.073000000 8.030371 -2.372736 0.000000 0.00000000 0.00000000 0.99523658 -0.09748920
626.198000000 8.025705 -2.373956 0.000000 0.00000000 0.00000000 0.99519555 -0.09790715
626.323000000 8.021250 -2.375815 0.000000 0.00000000 0.00000000 0.99524636 -0.09738932
626.448000000 8.008536 -2.375356 0.000000 0.00000000 0.00000000 0.99523301 -0.09752565
626.573000000 7.996010 -2.372000 0.000000 0.00000000 0.00000000 0.99525154 -0.09733641
626.698000000 7.993506 -2.374818 0.000000 0.00000000 0.00000000 0.99534564 -0.09636935
626.823000000 7.986858 -2.379141 0.000000 0.00000000 0.00000000 0.99525569 -0.09729396
626.948000000 7.976911 -2.380259 0.000000 0.00000000 0.00000000 0.99517890 -0.09807630
627.073000000 7.974257 -2.381794 0.000000 0.00000000 0.00000000 0.99526513 -0.09719736
627.198000000 7.964718 -2.382744 0.000000 0.00000000 0.00000000 0.99530583 -0.09677971
627.323000000 7.957807 -2.382858 0.000000 0.00000000 0.00000000 0.99535907 -0.09623054
627.448000000 7.952103 -2.379231 0.000000 0.00000000 0.00000000 0.99542175 -0.09558003
627.573000000 7.942842 -2.384345 0.000000 0.00000000 0.00000000 0.99533421 -0.09648738
627.698000000 7.933976 -2.386297 0.000000 0.00000000 0.00000000 0.99533698 -0.09645875
627.823000000 7.925281 -2.393460 0.000000 0.00000000 0.00000000 0.99520344 -0.09782700
627.948000000 7.916989 -2.385450 0.000000 0.00000000 0.00000000 0.99519998 -0.09786210
628.073000000 7.914565 -2.389187 0.000000 0.00000000 0.00000000 0.99537302 -0.09608616
628.198000000 7.907787 -2.391869 0.000000 0.00000000 0.00000000 0.99533927 -0.09643514
628.323000000 7.898072 -2.392578 0.000000 0.00000000 0.00000000 0.99533223 -0.09650782
628.448000000 7.896902 -2.387714 0.000000 0.00000000 0.00000000 0.99548151 -0.09495561
628.573000000 7.884171 -2.395700 0.000000 0.00000000 0.00000000 0.99530073 -0.09683216
628.698000000 7.877229 -2.391054 0.000000 0.00000000 0.00000000 0.99542482 -0.09554799
628.823000000 7.869876 -2.396655 0.000000 0.00000000 0.00000000 0.99535164 -0.09630740
628.948000000 7.862247 -2.399432 0.000000 0.00000000 0.00000000 0.99535382 -0.09628486
629.073000000 7.854864 -2.396016 0.000000 0.00000000 0.00000000 0.99541203 -0.09568123
629.198000000 7.847827 -2.396845 0.000000 0.00000000 0.00000000 0.99537320 -0.09608427
629.323000000 7.843275 -2.396825 0.000000 0.00000000 0.00000000 0.99542801 -0.09551477
629.448000000 7.834852 -2.400889 0.000000 0.00000000 0.00000000 0.99543210 -0.09547213
629.573000000 7.816626 -2.411872 0.000000 0.00000000 0.00000000 0.99517097 -0.09815669
629.698000000 7.819209 -2.403805 0.000000 0.00000000 0.00000000 0.99538741 -0.09593696
629.823000000 7.811843 -2.408327 0.000000 0.00000000 0.00000000 0.99533005 -0.09653022
629.948000000 7.807214 -2.406810 0.000000 0.00000000 0.00000000 0.99546139 -0.09516632
630.073000000 7.793847 -2.402080 0.000000 0.00000000 0.00000000 0.99536999 -0.09611753
630.198000000 7.791309 -2.409944 0.000000 0.00000000 0.00000000 0.99542678 -0.09552759
630.323000000 7.783381 -2.408225 0.000000 0.00000000 0.00000000 0.99539558 -0.09585221
630.448000000 7.773864 -2.415222 0.000000 0.00000000 0.00000000 0.99526167 -0.09723270
630.573000000 7.767912 -2.418773 0.000000 0.00000000 0.00000000 0.99521768 -0.09768199
630.698000000 7.762284 -2.414123 0.000000 0.00000000 0.00000000 0.99537711 -0.09604381
630.823000000 7.757709 -2.410526 0.000000 0.00000000 0.00000000 0.99538035 -0.09601018
630.948000000 7.749400 -2.417103 0.000000 0.00000000 0.00000000 0.99533703 -0.09645825
631.073000000 7.739081 -2.421427 0.000000 0.00000000 0.00000000 0.99530077 -0.09683165
631.198000000 7.730080 -2.424156 0.000000 0.00000000 0.00000000 0.99523467 -0.09750871
631.323000000 7.726098 -2.421861 0.000000 0.00000000 0.00000000 0.99531192 -0.09671700
631.448000000 7.716745 -2.427123 0.000000 0.00000000 0.00000000 0.99521963 -0.09766210
631.573000000 7.707172 -2.428567 0.000000 0.00000000 0.00000000 0.99522616 -0.09759551
631.698000000 7.698340 -2.431376 0.000000 0.00000000 0.00000000 0.99518537 -0.09801065
631.823000000 7.700085 -2.428777 0.000000 0.00000000 0.00000000 0.99539302 -0.09587879
631.948000000 7.689006 -2.425740 0.000000 0.00000000 0.00000000 0.99532756 -0.09655592
632.073000000 7.685292 -2.430367 0.000000 0.00000000 0.00000000 0.99535704 -0.09625154
632.198000000 7.669155 -2.429500 0.000000 0.00000000 0.00000000 0.99523517 -0.09750363
632.323000000 7.668483 -2.430728 0.000000 0.00000000 0.00000000 0.99540181 -0.09578741
632.448000000 7.654064 -2.440966 0.000000 0.00000000 0.00000000 0.99516319 -0.09823552
632.573000000 7.645817 -2.439433 0.000000 0.00000000 0.00000000 0.99512504 -0.09862124
632.698000000 7.641847 -2.441352 0.000000 0.00000000 0.00000000 0.99518569 -0.09800740
632.823000000 7.627067 -2.445600 0.000000 0.00000000 0.00000000 0.99509129 -0.09896120
632.948000000 7.630722 -2.439178 0.000000 0.00000000 0.00000000 0.99533516 -0.09647760
633.073000000 7.621816 -2.446662 0.000000 0.00000000 0.00000000 0.99520942 -0.09776615
633.198000000 7.613571 -2.448120 0.000000 0.00000000 0.00000000 0.99526085 -0.09724112
633.323000000 7.609149 -2.444957 0.000000 0.00000000 0.00000000 0.99531338 -0.09670194
633.448000000 7.596244 -2.453226 0.000000 0.00000000 0.00000000 0.99510959 -0.09877705
633.573000000 7.589839 -2.448840 0.000000 0.00000000 0.00000000 0.99524009 -0.09745342
633.698000000 7.579648 -2.449445 0.000000 0.00000000 0.00000000 0.99519036 -0.09795992
633.823000000 7.575189 -2.448848 0.000000 0.00000000 0.00000000 0.99521953 -0.09766314
633.948000000 7.569002 -2.454857 0.000000 0.00000000 0.00000000 0.99519626 -0.09789999
634.073000000 7.565362 -2.453116 0.000000 0.00000000 0.00000000 0.99525570 -0.09729384
634.198000000 7.552778 -2.458275 0.000000 0.00000000 0.00000000 0.99518165 -0.09804842
634.323000000 7.549003 -2.454272 0.000000 0.00000000 0.00000000 0.99529036 -0.09693860
634.448000000 7.537835 -2.460305 0.000000 0.00000000 0.00000000 0.99519796 -0.09788267
634.573000000 7.531025 -2.465038 0.000000 0.00000000 0.00000000 0.99522904 -0.09756614
634.698000000 7.524213 -2.465778 0.000000 0.00000000 0.00000000 0.99522988 -0.09755760
634.823000000 7.518748 -2.467918 0.000000 0.00000000 0.00000000 0.99522514 -0.09760597
634.948000000 7.507724 -2.469320 0.000000 0.00000000 0.00000000 0.99516270 -0.09824055
635.073000000 7.501524 -2.470196 0.000000 0.00000000 0.00000000 0.99518060 -0.09805898
635.198000000 7.497575 -2.467922 0.000000 0.00000000 0.00000000 0.99530439 -0.09679448
635.323000000 7.482749 -2.470063 0.000000 0.00000000 0.00000000 0.99521165 -0.09774345
635.448000000 7.483205 -2.464437 0.000000 0.00000000 0.00000000 0.99525515 -0.09729950
635.573000000 7.467152 -2.473804 0.000000 0.00000000 0.00000000 0.99514593 -0.09841020
635.698000000 7.459914 -2.471364 0.000000 0.00000000 0.00000000 0.99510839 -0.09878916
635.823000000 7.457116 -2.474001 0.000000 0.00000000 0.00000000 0.99521294 -0.09773026
635.948000000 7.448157 -2.471457 0.000000 0.00000000 0.00000000 0.99522891 -0.09756752
636.073000000 7.437544 -2.473653 0.000000 0.00000000 0.00000000 0.99519509 -0.09791184
636.198000000 7.428336 -2.481992 0.000000 0.00000000 0.00000000 0.99515593 -0.09830911
636.323000000 7.423051 -2.480449 0.000000 0.00000000 0.00000000 0.99516605 -0.09820658
636.448000000 7.419472 -2.462800 0.000000 0.00000000 0.00000000 0.99536028 -0.09621804
636.573000000 7.419110 -2.474393 0.000000 0.00000000 0.00000000 0.99542867 -0.09550793
636.698000000 7.410132 -2.470158 0.000000 0.00000000 0.00000000 0.99535500 -0.09627260
636.823000000 7.399396 -2.474026 0.000000 0.00000000 0.00000000 0.99533775 -0.09645086
636.948000000 7.384963 -2.486875 0.000000 0.00000000 0.00000000 0.99539819 -0.09582503
637.073000000 7.388629 -2.489099 0.000000 0.00000000 0.00000000 0.99537292 -0.09608721
637.198000000 7.380751 -2.473933 0.000000 0.00000000 0.00000000 0.99540426 -0.09576194
637.323000000 7.370848 -2.485618 0.000000 0.00000000 0.00000000 0.99527902 -0.09705502
637.448000000 7.364864 -2.477500 0.000000 0.00000000 0.00000000 0.99550393 -0.09472027
637.573000000 7.344355 -2.485066 0.000000 0.00000000 0.00000000 0.99527340 -0.09711258
637.698000000 7.346695 -2.484635 0.000000 0.00000000 0.00000000 0.99545157 -0.09526891
637.823000000 7.321272 -2.492948 0.000000 0.00000000 0.00000000 0.99500245 -0.09985052
637.948000000 7.318942 -2.486158 0.000000 0.00000000 0.00000000 0.99522190 -0.09763893
638.073000000 7.312993 -2.488781 0.000000 0.00000000 0.00000000 0.99520820 -0.09777854
638.198000000 7.315318 -2.491164 0.000000 0.00000000 0.00000000 0.99534631 -0.09636248
638.323000000 7.305927 -2.494622 0.000000 0.00000000 0.00000000 0.99528448 -0.09699895
638.448000000 7.299300 -2.498996 0.000000 0.00000000 0.00000000 0.99536023 -0.09621858
638.573000000 7.294847 -2.498786 0.000000 0.00000000 0.00000000 0.99543426 -0.09544960
638.698000000 7.289316 -2.502623 0.000000 0.00000000 0.00000000 0.99548922 -0.09487470
638.823000000 7.279823 -2.507034 0.000000 0.00000000 0.00000000 0.99534695 -0.09635589
638.948000000 7.270633 -2.502605 0.000000 0.00000000 0.00000000 0.99535344 -0.09628883
639.073000000 7.261727 -2.504636 0.000000 0.00000000 0.00000000 0.99529218 -0.09691993
639.198000000 7.259396 -2.508984 0.000000 0.00000000 0.00000000 0.99538488 -0.09596318
639.323000000 7.253905 -2.503820 0.000000 0.00000000 0.00000000 0.99541469 -0.09565351
639.448000000 7.246740 -2.505672 0.000000 0.00000000 0.00000000 0.99541981 -0.09560024
639.573000000 7.238899 -2.510415 0.000000 0.00000000 0.00000000 0.99538987 -0.09591144
639.698000000 7.231149 -2.514696 0.000000 0.00000000 0.00000000 0.99532617 -0.09657026
639.823000000 7.219699 -2.510725 0.000000 0.00000000 0.00000000 0.99532206 -0.09661260
639.948000000 7.216478 -2.519987 0.000000 0.00000000 0.00000000 0.99539811 -0.09582589
640.073000000 7.205733 -2.512747 0.000000 0.00000000 0.00000000 0.99530682 -0.09676945
640.198000000 7.195022 -2.520317 0.000000 0.00000000 0.00000000 0.99518018 -0.09806328
640.323000000 7.191899 -2.520085 0.000000 0.00000000 0.00000000 0.99538217 -0.09599134
640.448000000 7.187198 -2.515240 0.000000 0.00000000 0.00000000 0.99536364 -0.09618333
640.573000000 7.184271 -2.515768 0.000000 0.00000000 0.00000000 0.99543152 -0.09547820
640.698000000 7.188394 -2.513074 0.000000 0.00000000 0.00000000 0.99566552 -0.09300626
640.823000000 7.160533 -2.524563 0.000000 0.00000000 0.00000000 0.99549343 -0.09483050
640.948000000 7.143333 -2.531924 0.000000 0.00000000 0.00000000 0.99538229 -0.09599012
641.073000000 7.157749 -2.530833 0.000000 0.00000000 0.00000000 0.99569088 -0.09273437
641.198000000 7.134235 -2.525064 0.000000 0.00000000 0.00000000 0.99550607 -0.09469779
641.323000000 7.140906 -2.521844 0.000000 0.00000000 0.00000000 0.99569752 -0.09266309
641.448000000 7.110994 -2.532848 0.000000 0.00000000 0.00000000 0.99538573 -0.09595443
641.573000000 7.122177 -2.530068 0.000000 0.00000000 0.00000000 0.99560984 -0.09360041
641.698000000 7.116869 -2.532422 0.000000 0.00000000 0.00000000 0.99564740 -0.09320010
641.823000000 7.114550 -2.534070 0.000000 0.00000000 0.00000000 0.99569011 -0.09274273
641.948000000 7.105658 -2.531359 0.000000 0.00000000 0.00000000 0.99583357 -0.09118936
642.073000000 7.104664 -2.537384 0.000000 0.00000000 0.00000000 0.99577021 -0.09187862
642.198000000 7.089274 -2.542144 0.000000 0.00000000 0.00000000 0.99563765 -0.09330415
642.323000000 7.087373 -2.538762 0.000000 0.00000000 0.00000000 0.99582178 -0.09131802
642.448000000 7.071462 -2.539538 0.000000 0.00000000 0.00000000 0.99555893 -0.09414041
642.573000000 7.066250 -2.543444 0.000000 0.00000000 0.00000000 0.99537575 -0.09605783
642.698000000 7.049497 -2.546502 0.000000 0.00000000 0.00000000 0.99524491 -0.09740417
642.823000000 7.055472 -2.542015 0.000000 0.00000000 0.00000000 0.99542748 -0.09552031
642.948000000 7.042318 -2.550617 0.000000 0.00000000 0.00000000 0.99503352 -0.09954038
643.073000000 7.043278 -2.553196 0.000000 0.00000000 0.00000000 0.99435902 -0.10606668
643.198000000 7.022078 -2.554233 0.000000 0.00000000 0.00000000 0.99369491 -0.11211794
643.323000000 7.013439 -2.551485 0.000000 0.00000000 0.00000000 0.99275448 -0.12016052
643.448000000 7.022285 -2.553215 0.000000 0.00000000 0.00000000 0.99221686 -0.12452192
643.573000000 7.011033 -2.554055 0.000000 0.00000000 0.00000000 0.99123207 -0.13213247
643.698000000 6.991905 -2.557256 0.000000 0.00000000 0.00000000 0.99042473 -0.13805380
643.823000000 6.995509 -2.563926 0.000000 0.00000000 0.00000000 0.98971143 -0.14307790
643.948000000 6.987080 -2.567300 0.000000 0.00000000 0.00000000 0.98865094 -0.15023086
644.073000000 6.974808 -2.562870 0.000000 0.00000000 0.00000000 0.98761403 -0.15690292
644.198000000 6.975099 -2.567050 0.000000 0.00000000 0.00000000 0.98672456 -0.16240272
644.323000000 6.960326 -2.569364 0.000000 0.00000000 0.00000000 0.98562613 -0.16894123
644.448000000 6.947183 -2.576268 0.000000 0.00000000 0.00000000 0.98479389 -0.17372681
644.573000000 6.948429 -2.581888 0.000000 0.00000000 0.00000000 0.98350043 -0.18090581
644.698000000 6.939901 -2.581394 0.000000 0.00000000 0.00000000 0.98254197 -0.18604104
644.823000000 6.938023 -2.587720 0.000000 0.00000000 0.00000000 0.98120468 -0.19296990
644.948000000 6.923754 -2.584798 0.000000 0.00000000 0.00000000 0.98000746 -0.19896074
645.073000000 6.927774 -2.594683 0.000000 0.00000000 0.00000000 0.97889617 -0.20435824
645.198000000 6.907306 -2.597598 0.000000 0.00000000 0.00000000 0.97740556 -0.21137258
645.323000000 6.911652 -2.602035 0.000000 0.00000000 0.00000000 0.97606188 -0.21749300
645.448000000 6.900189 -2.600308 0.000000 0.00000000 0.00000000 0.97460650 -0.22392448
645.573000000 6.890564 -2.602308 0.000000 0.00000000 0.00000000 0.97326038 -0.22970466
645.698000000 6.892001 -2.605536 0.000000 0.00000000 0.00000000 0.97282104 -0.23155826
645.823000000 6.888098 -2.610237 0.000000 0.00000000 0.00000000 0.97269550 -0.23208502
645.948000000 6.878031 -2.613233 0.000000 0.00000000 0.00000000 0.97271024 -0.23202325
646.073000000 6.867453 -2.622560 0.000000 0.00000000 0.00000000 0.97250577 -0.23287880
646.198000000 6.855080 -2.626085 0.000000 0.00000000 0.00000000 0.97248379 -0.23297057
646.323000000 6.845612 -2.630791 0.000000 0.00000000 0.00000000 0.97239389 -0.23334552
646.448000000 6.843119 -2.632852 0.000000 0.00000000 0.00000000 0.97257953 -0.23257056
646.573000000 6.837440 -2.639756 0.000000 0.00000000 0.00000000 0.97234962 -0.23352992
646.698000000 6.837797 -2.641321 0.000000 0.00000000 0.00000000 0.97249770 -0.23291248
646.823000000 6.829929 -2.642635 0.000000 0.00000000 0.00000000 0.97258788 -0.23253564
646.948000000 6.817893 -2.650288 0.000000 0.00000000 0.00000000 0.97264855 -0.23228174
647.073000000 6.808526 -2.650029 0.000000 0.00000000 0.00000000 0.97238770 -0.23337130
647.198000000 6.796625 -2.658308 0.000000 0.00000000 0.00000000 0.97242542 -0.23321405
647.323000000 6.817775 -2.651040 0.000000 0.00000000 0.00000000 0.97229314 -0.23376493
647.448000000 6.804773 -2.653277 0.000000 0.00000000 0.00000000 0.97258944 -0.23252911
647.573000000 6.788634 -2.661292 0.000000 0.00000000 0.00000000 0.97260001 -0.23248489
647.698000000 6.772683 -2.667260 0.000000 0.00000000 0.00000000 0.97256327 -0.23263851
647.823000000 6.805015 -2.673034 0.000000 0.00000000 0.00000000 0.97172525 -0.23611447
647.948000000 6.770706 -2.675538 0.000000 0.00000000 0.00000000 0.97257483 -0.23259021
648.073000000 6.797312 -2.677863 0.000000 0.00000000 0.00000000 0.97323535 -0.22981071
648.198000000 6.766205 -2.678515 0.000000 0.00000000 0.00000000 0.97524150 -0.22114253
648.323000000 6.753283 -2.684321 0.000000 0.00000000 0.00000000 0.97650688 -0.21548621
648.448000000 6.766189 -2.684334 0.000000 0.00000000 0.00000000 0.97772135 -0.20990702
648.573000000 6.736500 -2.688063 0.000000 0.00000000 0.00000000 0.97948892 -0.20149801
648.698000000 6.730648 -2.687946 0.000000 0.00000000 0.00000000 0.98068397 -0.19559894
648.823000000 6.725754 -2.694038 0.000000 0.00000000 0.00000000 0.98199614 -0.18890100
648.948000000 6.709631 -2.698111 0.000000 0.00000000 0.00000000 0.98290244 -0.18412709
649.073000000 6.708812 -2.696625 0.000000 0.00000000 0.00000000 0.98416898 -0.17723269
649.198000000 6.707162 -2.703664 0.000000 0.00000000 0.00000000 0.98517140 -0.17157303
649.323000000 6.699811 -2.702761 0.000000 0.00000000 0.00000000 0.98612022 -0.16603288
649.448000000 6.690682 -2.705195 0.000000 0.00000000 0.00000000 0.98732988 -0.15868114
649.573000000 6.692770 -2.709335 0.000000 0.00000000 0.00000000 0.98820526 -0.15313513
649.698000000 6.674884 -2.712749 0.000000 0.00000000 0.00000000 0.98918215 -0.14669245
649.823000000 6.664191 -2.712248 0.000000 0.00000000 0.00000000 0.99020163 -0.13964502
649.948000000 6.648637 -2.714206 0.000000 0.00000000 0.00000000 0.99098909 -0.13394261
650.073000000 6.652854 -2.715998 0.000000 0.00000000 0.00000000 0.99185890 -0.12734172
650.198000000 6.649880 -2.717717 0.000000 0.00000000 0.00000000 0.99250842 -0.12217626
650.323000000 6.639339 -2.719255 0.000000 0.00000000 0.00000000 0.99327742 -0.11575821
650.448000000 6.633706 -2.721226 0.000000 0.00000000 0.00000000 0.99400602 -0.10932536
650.573000000 6.617789 -2.730093 0.000000 0.00000000 0.00000000 0.99450827 -0.10465800
650.698000000 6.615088 -2.726973 0.000000 0.00000000 0.00000000 0.99517565 -0.09810926
650.823000000 6.602813 -2.730894 0.000000 0.00000000 0.00000000 0.99573709 -0.09223686
650.948000000 6.596276 -2.731203 0.000000 0.00000000 0.00000000 0.99635147 -0.08534482
651.073000000 6.586386 -2.732013 0.000000 0.00000000 0.00000000 0.99689131 -0.07878909
651.198000000 6.572988 -2.734208 0.000000 0.00000000 0.00000000 0.99728302 -0.07366532
651.323000000 6.573681 -2.737016 0.000000 0.00000000 0.00000000 0.99773717 -0.06723500
651.448000000 6.564580 -2.736828 0.000000 0.00000000 0.00000000 0.99817201 -0.06043701
651.573000000 6.554972 -2.735695 0.000000 0.00000000 0.00000000 0.99853479 -0.05411353
651.698000000 6.552994 -2.737692 0.000000 0.00000000 0.00000000 0.99885099 -0.04792398
651.823000000 6.534410 -2.736276 0.000000 0.00000000 0.00000000 0.99910527 -0.04229249
651.948000000 6.530660 -2.737722 0.000000 0.00000000 0.00000000 0.99937071 -0.03547097
652.073000000 6.529379 -2.740892 0.000000 0.00000000 0.00000000 0.99955492 -0.02983220
652.198000000 6.516909 -2.740749 0.000000 0.00000000 0.00000000 0.99971839 -0.02373038
652.323000000 6.516013 -2.742215 0.000000 0.00000000 0.00000000 0.99985118 -0.01725133
652.448000000 6.506736 -2.742482 0.000000 0.00000000 0.00000000 0.99993667 -0.01125372
652.573000000 6.490421 -2.738031 0.000000 0.00000000 0.00000000 0.99998715 -0.00506991
652.698000000 6.486030 -2.739594 0.000000 0.00000000 0.00000000 0.99999889 0.00149043
652.823000000 6.476315 -2.739158 0.000000 0.00000000 0.00000000 0.99997268 0.00739250
652.948000000 6.470326 -2.740587 0.000000 0.00000000 0.00000000 0.99990126 0.01405247
653.073000000 6.464766 -2.737185 0.000000 0.00000000 0.00000000 0.99978289 0.02083683
653.198000000 6.458669 -2.739177 0.000000 0.00000000 0.00000000 0.99971567 0.02384487
653.323000000 6.449638 -2.738839 0.000000 0.00000000 0.00000000 0.99971558 0.02384881
653.448000000 6.440218 -2.736821 0.000000 0.00000000 0.00000000 0.99970865 0.02413722
653.573000000 6.439042 -2.738929 0.000000 0.00000000 0.00000000 0.99970790 0.02416840
653.698000000 6.429895 -2.739631 0.000000 0.00000000 0.00000000 0.99971423 0.02390516
653.823000000 6.422110 -2.738231 0.000000 0.00000000 0.00000000 0.99970355 0.02434758
653.948000000 6.414360 -2.739860 0.000000 0.00000000 0.00000000 0.99972067 0.02363428
654.073000000 6.402699 -2.737390 0.000000 0.00000000 0.00000000 0.99971252 0.02397679
654.198000000 6.401045 -2.736400 0.000000 0.00000000 0.00000000 0.99970909 0.02411901
654.323000000 6.388800 -2.735109 0.000000 0.00000000 0.00000000 0.99973113 0.02318776
654.448000000 6.383596 -2.734306 0.000000 0.00000000 0.00000000 0.99971508 0.02386949
654.573000000 6.374863 -2.737157 0.000000 0.00000000 0.00000000 0.99970481 0.02429576
654.698000000 6.366214 -2.735572 0.000000 0.00000000 0.00000000 0.99970915 0.02411686
654.823000000 6.362088 -2.735270 0.000000 0.00000000 0.00000000 0.99970150 0.02443167
654.948000000 6.359640 -2.735785 0.000000 0.00000000 0.00000000 0.99970849 0.02414419
655.073000000 6.348282 -2.735610 0.000000 0.00000000 0.00000000 0.99970972 0.02409299
655.198000000 6.341905 -2.735355 0.000000 0.00000000 0.00000000 0.99970503 0.02428709
655.323000000 6.333713 -2.738661 0.000000 0.00000000 0.00000000 0.99971773 0.02375833
655.448000000 6.328800 -2.735351 0.000000 0.00000000 0.00000000 0.99970795 0.02416650
655.573000000 6.319256 -2.736391 0.000000 0.00000000 0.00000000 0.99971282 0.02396392
655.698000000 6.309806 -2.737053 0.000000 0.00000000 0.00000000 0.99971577 0.02384072
655.823000000 6.300128 -2.735692 0.000000 0.00000000 0.00000000 0.99971295 0.02395849
655.948000000 6.291925 -2.733843 0.000000 0.00000000 0.00000000 0.99970270 0.02438249
656.073000000 6.285407 -2.735215 0.000000 0.00000000 0.00000000 0.99974454 0.02260211
656.198000000 6.284159 -2.734231 0.000000 0.00000000 0.00000000 0.99971353 0.02393444
656.323000000 6.267866 -2.735935 0.000000 0.00000000 0.00000000 0.99971501 0.02387261
656.448000000 6.266586 -2.731369 0.000000 0.00000000 0.00000000 0.99970189 0.02441596
656.573000000 6.262491 -2.733803 0.000000 0.00000000 0.00000000 0.99968458 0.02511443
656.698000000 6.256644 -2.731404 0.000000 0.00000000 0.00000000 0.99969620 0.02464779
656.823000000 6.243287 -2.731291 0.000000 0.00000000 0.00000000 0.99969295 0.02477907
656.948000000 6.234155 -2.729204 0.000000 0.00000000 0.00000000 0.99966812 0.02576133
657.073000000 6.227689 -2.731743 0.000000 0.00000000 0.00000000 0.99968670 0.02502987
657.198000000 6.219492 -2.727646 0.000000 0.00000000 0.00000000 0.99969717 0.02460819
657.323000000 6.218657 -2.726981 0.000000 0.00000000 0.00000000 0.99969434 0.02472305
657.448000000 6.208554 -2.729081 0.000000 0.00000000 0.00000000 0.99970405 0.02432702
657.573000000 6.198758 -2.729067 0.000000 0.00000000 0.00000000 0.99968446 0.02511940
657.698000000 6.194806 -2.724656 0.000000 0.00000000 0.00000000 0.99968098 0.02525730
657.823000000 6.180783 -2.727963 0.000000 0.00000000 0.00000000 0.99960113 0.02824143
657.948000000 6.179226 -2.726526 0.000000 0.00000000 0.00000000 0.99939291 0.03483988
658.073000000 6.172322 -2.725738 0.000000 0.00000000 0.00000000 0.99912270 0.04187872
658.198000000 6.160350 -2.722209 0.000000 0.00000000 0.00000000 0.99885505 0.04783921
658.323000000 6.155045 -2.721479 0.000000 0.00000000 0.00000000 0.99852068 0.05437323
658.448000000 6.143071 -2.720645 0.000000 0.00000000 0.00000000 0.99818245 0.06026446
658.573000000 6.132294 -2.723067 0.000000 0.00000000 0.00000000 0.99775611 0.06695328
658.698000000 6.130891 -2.720920 0.000000 0.00000000 0.00000000 0.99734056 0.07288217
658.823000000 6.122863 -2.716381 0.000000 0.00000000 0.00000000 0.99682185 0.07966298
658.948000000 6.112917 -2.719292 0.000000 0.00000000 0.00000000 0.99641009 0.08465768
659.073000000 6.102630 -2.714407 0.000000 0.00000000 0.00000000 0.99578754 0.09169066
659.198000000 6.101506 -2.709820 0.000000 0.00000000 0.00000000 0.99508373 0.09903726
659.323000000 6.087818 -2.714463 0.000000 0.00000000 0.00000000 0.99459294 0.10385029
659.448000000 6.083764 -2.708823 0.000000 0.00000000 0.00000000 0.99384473 0.11078198
659.573000000 6.082507 -2.707070 0.000000 0.00000000 0.00000000 0.99308699 0.11738069
659.698000000 6.069947 -2.706028 0.000000 0.00000000 0.00000000 0.99262700 0.12120911
659.823000000 6.061454 -2.701400 0.000000 0.00000000 0.00000000 0.99249501 0.12228514
659.948000000 6.055008 -2.699898 0.000000 0.00000000 0.00000000 0.99251977 0.12208403
660.073000000 6.050307 -2.704591 0.000000 0.00000000 0.00000000 0.99253318 0.12197494
660.198000000 6.037822 -2.699645 0.000000 0.00000000 0.00000000 0.99247220 0.12247009
660.323000000 6.034023 -2.695339 0.000000 0.00000000 0.00000000 0.99249497 0.12228548
660.448000000 6.026516 -2.692496 0.000000 0.00000000 0.00000000 0.99257745 0.12161415
660.573000000 6.014455 -2.691982 0.000000 0.00000000 0.00000000 0.99258997 0.12151195
660.698000000 6.012889 -2.690009 0.000000 0.00000000 0.00000000 0.99253383 0.12196969
660.823000000 6.004132 -2.686459 0.000000 0.00000000 0.00000000 0.99257635 0.12162312
660.948000000 5.995078 -2.683607 0.000000 0.00000000 0.00000000 0.99248372 0.12237675
661.073000000 5.983366 -2.680402 0.000000 0.00000000 0.00000000 0.99251479 0.12212445
661.198000000 5.985421 -2.680022 0.000000 0.00000000 0.00000000 0.99252046 0.12207838
661.323000000 5.975604 -2.677967 0.000000 0.00000000 0.00000000 0.99249977 0.12224652
661.448000000 5.961690 -2.677371 0.000000 0.00000000 0.00000000 0.99259786 0.12144746
661.573000000 5.964385 -2.674147 0.000000 0.00000000 0.00000000 0.99257957 0.12159683
661.698000000 5.955716 -2.675951 0.000000 0.00000000 0.00000000 0.99255883 0.12176604
661.823000000 5.946379 -2.670337 0.000000 0.00000000 0.00000000 0.99250531 0.12220151
661.948000000 5.941653 -2.666265 0.000000 0.00000000 0.00000000 0.99255716 0.12177967
662.073000000 5.934579 -2.662554 0.000000 0.00000000 0.00000000 0.99242737 0.12283289
662.198000000 5.923964 -2.664360 0.000000 0.00000000 0.00000000 0.99254698 0.12186256
662.323000000 5.911654 -2.660299 0.000000 0.00000000 0.00000000 0.99251299 0.12213909
662.448000000 5.909203 -2.662214 0.000000 0.00000000 0.00000000 0.99260186 0.12141477
662.573000000 5.905063 -2.659800 0.000000 0.00000000 0.00000000 0.99263932 0.12110815
662.698000000 5.896139 -2.659608 0.000000 0.00000000 0.00000000 0.99257628 0.12162371
662.823000000 5.892938 -2.658260 0.000000 0.00000000 0.00000000 0.99267649 0.12080312
662.948000000 5.882597 -2.657560 0.000000 0.00000000 0.00000000 0.99255114 0.12182872
663.073000000 5.875976 -2.654426 0.000000 0.00000000 0.00000000 0.99264783 0.12103840
663.198000000 5.870396 -2.653929 0.000000 0.00000000 0.00000000 0.99263803 0.12111875
663.323000000 5.862499 -2.650539 0.000000 0.00000000 0.00000000 0.99266816 0.12087153
663.448000000 5.854594 -2.648931 0.000000 0.00000000 0.00000000 0.99263905 0.12111034
663.573000000 5.851561 -2.649177 0.000000 0.00000000 0.00000000 0.99265196 0.12100449
663.698000000 5.840473 -2.648015 0.000000 0.00000000 0.00000000 0.99260326 0.12140333
663.823000000 5.833658 -2.646102 0.000000 0.00000000 0.00000000 0.99264351 0.12107383
663.948000000 5.825336 -2.642117 0.000000 0.00000000 0.00000000 0.99254686 0.12186359
664.073000000 5.816037 -2.640766 0.000000 0.00000000 0.00000000 0.99244333 0.12270387
664.198000000 5.815790 -2.637757 0.000000 0.00000000 0.00000000 0.99268230 0.12075536
664.323000000 5.808086 -2.639301 0.000000 0.00000000 0.00000000 0.99253688 0.12194481
664.448000000 5.800905 -2.630398 0.000000 0.00000000 0.00000000 0.99269361 0.12066236
664.573000000 5.786999 -2.629458 0.000000 0.00000000 0.00000000 0.99249184 0.12231088
664.698000000 5.787422 -2.625835 0.000000 0.00000000 0.00000000 0.99262672 0.12121135
664.823000000 5.772753 -2.628387 0.000000 0.00000000 0.00000000 0.99253007 0.12200028
664.948000000 5.767163 -2.626979 0.000000 0.00000000 0.00000000 0.99253543 0.12195659
665.073000000 5.762875 -2.625726 0.000000 0.00000000 0.00000000 0.99255911 0.12176374
665.198000000 5.752537 -2.624019 0.000000 0.00000000 0.00000000 0.99293885 0.11862735
665.323000000 5.748786 -2.621471 0.000000 0.00000000 0.00000000 0.99361027 0.11286553
665.448000000 5.742844 -2.622342 0.000000 0.00000000 0.00000000 0.99424079 0.10716924
665.573000000 5.732187 -2.620817 0.000000 0.00000000 0.00000000 0.99492010 0.10066778
665.698000000 5.724364 -2.614129 0.000000 0.00000000 0.00000000 0.99554547 0.09428266
665.823000000 5.725321 -2.614303 0.000000 0.00000000 0.00000000 0.99612996 0.08789256
665.948000000 5.712294 -2.614876 0.000000 0.00000000 0.00000000 0.99661206 0.08224603
666.073000000 5.705728 -2.611135 0.000000 0.00000000 0.00000000 0.99675454 0.08050089
666.198000000 5.694077 -2.610359 0.000000 0.00000000 0.00000000 0.99660132 0.08237600
666.323000000 5.694849 -2.613818 0.000000 0.00000000 0.00000000 0.99606213 0.08865799
666.448000000 5.681854 -2.607208 0.000000 0.00000000 0.00000000 0.99543647 0.09542656
666.573000000 5.666407 -2.610051 0.000000 0.00000000 0.00000000 0.99493470 0.10052339
666.698000000 5.661925 -2.604530 0.000000 0.00000000 0.00000000 0.99442826 0.10541558
666.823000000 5.657878 -2.603528 0.000000 0.00000000 0.00000000 0.99353694 0.11350924
666.948000000 5.646402 -2.605150 0.000000 0.00000000 0.00000000 0.99304630 0.11772446
667.073000000 5.639384 -2.604370 0.000000 0.00000000 0.00000000 0.99217590 0.12484783
667.198000000 5.636162 -2.599938 0.000000 0.00000000 0.00000000 0.99137096 0.13108630
667.323000000 5.631177 -2.594737 0.000000 0.00000000 0.00000000 0.99052972 0.13729846
667.448000000 5.617956 -2.593539 0.000000 0.00000000 0.00000000 0.99022725 0.13946326
667.573000000 5.609664 -2.591652 0.000000 0.00000000 0.00000000 0.99072828 0.13585826
667.698000000 5.603165 -2.586879 0.000000 0.00000000 0.00000000 0.99166199 0.12886621
667.823000000 5.596245 -2.585484 0.000000 0.00000000 0.00000000 0.99245994 0.12256946
667.948000000 5.586093 -2.581868 0.000000 0.00000000 0.00000000 0.99312842 0.11702966
668.073000000 5.580850 -2.584290 0.000000 0.00000000 0.00000000 0.99391890 0.11011454
668.198000000 5.566456 -2.582168 0.000000 0.00000000 0.00000000 0.99456078 0.10415782
668.323000000 5.567496 -2.584019 0.000000 0.00000000 0.00000000 0.99510717 0.09880143
668.448000000 5.554715 -2.581808 0.000000 0.00000000 0.00000000 0.99567484 0.09290645
668.573000000 5.553047 -2.578504 0.000000 0.00000000 0.00000000 0.99633768 0.08550573
668.698000000 5.542279 -2.575353 0.000000 0.00000000 0.00000000 0.99689022 0.07880280
668.823000000 5.529450 -2.575641 0.000000 0.00000000 0.00000000 0.99696929 0.07779617
668.948000000 5.525472 -2.579280 0.000000 0.00000000 0.00000000 0.99667134 0.08152450
669.073000000 5.519081 -2.578796 0.000000 0.00000000 0.00000000 0.99610376 0.08818902
669.198000000 5.513502 -2.573045 0.000000 0.00000000 0.00000000 0.99567611 0.09289283
669.323000000 5.508850 -2.575282 0.000000 0.00000000 0.00000000 0.99501386 0.09973675
669.448000000 5.497290 -2.568994 0.000000 0.00000000 0.00000000 0.99457393 0.10403220
669.573000000 5.495569 -2.567341 0.000000 0.00000000 0.00000000 0.99433408 0.10630026
669.698000000 5.482797 -2.569369 0.000000 0.00000000 0.00000000 0.99483348 0.10152017
669.823000000 5.474244 -2.563467 0.000000 0.00000000 0.00000000 0.99544191 0.09536985
669.948000000 5.469637 -2.568705 0.000000 0.00000000 0.00000000 0.99601252 0.08921355
670.073000000 5.461801 -2.562227 0.000000 0.00000000 0.00000000 0.99658653 0.08255472
670.198000000 5.455971 -2.561442 0.000000 0.00000000 0.00000000 0.99707082 0.07648379
670.323000000 5.448178 -2.564327 0.000000 0.00000000 0.00000000 0.99747284 0.07104878
670.448000000 5.441282 -2.561316 0.000000 0.00000000 0.00000000 0.99781011 0.06614366
670.573000000 5.438353 -2.561490 0.000000 0.00000000 0.00000000 0.99822626 0.05953426
670.698000000 5.426329 -2.556784 0.000000 0.00000000 0.00000000 0.99863160 0.05229661
670.823000000 5.425370 -2.557091 0.000000 0.00000000 0.00000000 0.99894591 0.04590279
670.948000000 5.411490 -2.557836 0.000000 0.00000000 0.00000000 0.99918809 0.04028845
671.073000000 5.408266 -2.556440 0.000000 0.00000000 0.00000000 0.99943605 0.03357940
671.198000000 5.398795 -2.555884 0.000000 0.00000000 0.00000000 0.99961231 0.02784304
671.323000000 5.389051 -2.554700 0.000000 0.00000000 0.00000000 0.99976979 0.02145635
671.448000000 5.387367 -2.559356 0.000000 0.00000000 0.00000000 0.99987018 0.01611277
671.573000000 5.383900 -2.557911 0.000000 0.00000000 0.00000000 0.99995393 0.00959837
671.698000000 5.370179 -2.554634 0.000000 0.00000000 0.00000000 0.99999197 0.00400841
671.823000000 5.365949 -2.559935 0.000000 0.00000000 0.00000000 0.99999884 -0.00152550
671.948000000 5.359999 -2.557744 0.000000 0.00000000 0.00000000 0.99995908 -0.00904643
672.073000000 5.349789 -2.556475 0.000000 0.00000000 0.00000000 0.99988928 -0.01488016
672.198000000 5.339374 -2.556772 0.000000 0.00000000 0.00000000 0.99975525 -0.02212311
672.323000000 5.333331 -2.561809 0.000000 0.00000000 0.00000000 0.99963234 -0.02711420
672.448000000 5.327945 -2.556718 0.000000 0.00000000 0.00000000 0.99942627 -0.03386947
672.573000000 5.315889 -2.562675 0.000000 0.00000000 0.00000000 0.99928801 -0.03772898
672.698000000 5.308713 -2.560218 0.000000 0.00000000 0.00000000 0.99891236 -0.04662714
672.823000000 5.303264 -2.562712 0.000000 0.00000000 0.00000000 0.99860123 -0.05287333
672.948000000 5.292957 -2.561462 0.000000 0.00000000 0.00000000 0.99830697 -0.05816524
673.073000000 5.293753 -2.560430 0.000000 0.00000000 0.00000000 0.99782769 -0.06587785
673.198000000 5.282135 -2.564548 0.000000 0.00000000 0.00000000 0.99742741 -0.07168379
673.323000000 5.271935 -2.564690 0.000000 0.00000000 0.00000000 0.99696949 -0.07779349
673.448000000 5.263469 -2.567119 0.000000 0.00000000 0.00000000 0.99652267 -0.08332205
673.573000000 5.259638 -2.567472 0.000000 0.00000000 0.00000000 0.99637709 -0.08504526
673.698000000 5.252073 -2.570916 0.000000 0.00000000 0.00000000 0.99637054 -0.08512197
673.823000000 5.243150 -2.572011 0.000000 0.00000000 0.00000000 0.99634126 -0.08546404
673.948000000 5.233572 -2.570452 0.000000 0.00000000 0.00000000 0.99637145 -0.08511135
674.073000000 5.226067 -2.571464 0.000000 0.00000000 0.00000000 0.99628551 -0.08611149
674.198000000 5.221840 -2.574724 0.000000 0.00000000 0.00000000 0.99639852 -0.08479375
674.323000000 5.207514 -2.578284 0.000000 0.00000000 0.00000000 0.99642255 -0.08451099
674.448000000 5.201430 -2.581428 0.000000 0.00000000 0.00000000 0.99659454 -0.08245805
674.573000000 5.198876 -2.575832 0.000000 0.00000000 0.00000000 0.99620921 -0.08698974
674.698000000 5.192831 -2.578188 0.000000 0.00000000 0.00000000 0.99617638 -0.08736486
674.823000000 5.177271 -2.580447 0.000000 0.00000000 0.00000000 0.99617360 -0.08739659
674.948000000 5.171368 -2.578691 0.000000 0.00000000 0.00000000 0.99617841 -0.08734166
675.073000000 5.164466 -2.580502 0.000000 0.00000000 0.00000000 0.99617182 -0.08741681
675.198000000 5.152297 -2.582733 0.000000 0.00000000 0.00000000 0.99622508 -0.08680778
675.323000000 5.150087 -2.586279 0.000000 0.00000000 0.00000000 0.99613509 -0.08783441
675.448000000 5.147643 -2.586805 0.000000 0.00000000 0.00000000 0.99616646 -0.08747793
675.573000000 5.141324 -2.588931 0.000000 0.00000000 0.00000000 0.99621176 -0.08696045
675.698000000 5.134616 -2.588014 0.000000 0.00000000 0.00000000 0.99619587 -0.08714230
675.823000000 5.127205 -2.586848 0.000000 0.00000000 0.00000000 0.99625728 -0.08643747
675.948000000 5.118154 -2.590931 0.000000 0.00000000 0.00000000 0.99619806 -0.08711733
676.073000000 5.107760 -2.589981 0.000000 0.00000000 0.00000000 0.99617155 -0.08741987
676.198000000 5.109721 -2.590478 0.000000 0.00000000 0.00000000 0.99617539 -0.08737621
676.323000000 5.104396 -2.596342 0.000000 0.00000000 0.00000000 0.99625256 -0.08649179
676.448000000 5.084899 -2.594049 0.000000 0.00000000 0.00000000 0.99620854 -0.08699743
676.573000000 5.079027 -2.597481 0.000000 0.00000000 0.00000000 0.99629441 -0.08600847
676.698000000 5.069279 -2.600532 0.000000 0.00000000 0.00000000 0.99629084 -0.08604979
676.823000000 5.064130 -2.599834 0.000000 0.00000000 0.00000000 0.99631082 -0.08581809
676.948000000 5.059287 -2.603385 0.000000 0.00000000 0.00000000 0.99635738 -0.08527582
677.073000000 5.050020 -2.605821 0.000000 0.00000000 0.00000000 0.99621267 -0.08695002
677.198000000 5.038293 -2.605044 0.000000 0.00000000 0.00000000 0.99633535 -0.08553289
677.323000000 5.033639 -2.608115 0.000000 0.00000000 0.00000000 0.99633458 -0.08554185
677.448000000 5.026031 -2.608932 0.000000 0.00000000 0.00000000 0.99633318 -0.08555819
677.573000000 5.017193 -2.608292 0.000000 0.00000000 0.00000000 0.99626041 -0.08640134
677.698000000 5.015100 -2.609171 0.000000 0.00000000 0.00000000 0.99626964 -0.08629484
677.823000000 5.005686 -2.613742 0.000000 0.00000000 0.00000000 0.99628282 -0.08614262
677.948000000 4.990546 -2.613200 0.000000 0.00000000 0.00000000 0.99627527 -0.08622980
678.073000000 4.988902 -2.617037 0.000000 0.00000000 0.00000000 0.99623885 -0.08664964
678.198000000 4.980556 -2.616253 0.000000 0.00000000 0.00000000 0.99623944 -0.08664278
678.323000000 4.971677 -2.619237 0.000000 0.00000000 0.00000000 0.99622502 -0.08680842
678.448000000 4.969472 -2.620160 0.000000 0.00000000 0.00000000 0.99628687 -0.08609574
678.573000000 4.952211 -2.618620 0.000000 0.00000000 0.00000000 0.99638283 -0.08497795
678.698000000 4.959961 -2.616798 0.000000 0.00000000 0.00000000 0.99635875 -0.08525985
678.823000000 4.939616 -2.617066 0.000000 0.00000000 0.00000000 0.99635498 -0.08530392
678.948000000 4.942247 -2.623469 0.000000 0.00000000 0.00000000 0.99640698 -0.08469430
679.073000000 4.934155 -2.619305 0.000000 0.00000000 0.00000000 0.99639799 -0.08480006
679.198000000 4.910146 -2.620243 0.000000 0.00000000 0.00000000 0.99672178 -0.08090545
679.323000000 4.914729 -2.625946 0.000000 0.00000000 0.00000000 0.99723552 -0.07430552
679.448000000 4.910401 -2.623610 0.000000 0.00000000 0.00000000 0.99772329 -0.06744058
679.573000000 4.906173 -2.627261 0.000000 0.00000000 0.00000000 0.99811420 -0.06138447
679.698000000 4.893558 -2.627411 0.000000 0.00000000 0.00000000 0.99841624 -0.05625840
679.823000000 4.887295 -2.628770 0.000000 0.00000000 0.00000000 0.99863057 -0.05231624
679.948000000 4.878245 -2.626292 0.000000 0.00000000 0.00000000 0.99863465 -0.05223835
680.073000000 4.869576 -2.628042 0.000000 0.00000000 0.00000000 0.99859406 -0.05300853
680.198000000 4.857946 -2.628424 0.000000 0.00000000 0.00000000 0.99866956 -0.05156665
680.323000000 4.852543 -2.630713 0.000000 0.00000000 0.00000000 0.99866464 -0.05166183
680.448000000 4.841587 -2.633000 0.000000 0.00000000 0.00000000 0.99861909 -0.05253484
680.573000000 4.839661 -2.628969 0.000000 0.00000000 0.00000000 0.99860245 -0.05285032
680.698000000 4.834200 -2.631751 0.000000 0.00000000 0.00000000 0.99861150 -0.05267894
680.823000000 4.823254 -2.634256 0.000000 0.00000000 0.00000000 0.99866153 -0.05172178
680.948000000 4.817368 -2.633629 0.000000 0.00000000 0.00000000 0.99867467 -0.05146743
681.073000000 4.815569 -2.636934 0.000000 0.00000000 0.00000000 0.99865104 -0.05192407
681.198000000 4.803541 -2.634970 0.000000 0.00000000 0.00000000 0.99866918 -0.05157393
681.323000000 4.795219 -2.636675 0.000000 0.00000000 0.00000000 0.99868732 -0.05122138
681.448000000 4.783244 -2.638042 0.000000 0.00000000 0.00000000 0.99866814 -0.05159397
681.573000000 4.775670 -2.638127 0.000000 0.00000000 0.00000000 0.99869635 -0.05104517
681.698000000 4.774250 -2.638861 0.000000 0.00000000 0.00000000 0.99866372 -0.05167953
681.823000000 4.769170 -2.639941 0.000000 0.00000000 0.00000000 0.99868301 -0.05130545
681.948000000 4.761845 -2.641238 0.000000 0.00000000 0.00000000 0.99873576 -0.05026806
682.073000000 4.745939 -2.638958 0.000000 0.00000000 0.00000000 0.99866149 -0.05172255
682.198000000 4.744084 -2.634676 0.000000 0.00000000 0.00000000 0.99864783 -0.05198560
682.323000000 4.738406 -2.640135 0.000000 0.00000000 0.00000000 0.99864693 -0.05200296
682.448000000 4.732311 -2.646268 0.000000 0.00000000 0.00000000 0.99870763 -0.05082390
682.573000000 4.721251 -2.642739 0.000000 0.00000000 0.00000000 0.99863153 -0.05229780
682.698000000 4.708588 -2.643319 0.000000 0.00000000 0.00000000 0.99865111 -0.05192256
682.823000000 4.702939 -2.645883 0.000000 0.00000000 0.00000000 0.99868980 -0.05117304
682.948000000 4.696095 -2.643502 0.000000 0.00000000 0.00000000 0.99861726 -0.05256956
683.073000000 4.689153 -2.643376 0.000000 0.00000000 0.00000000 0.99864968 -0.05195018
683.198000000 4.679517 -2.643483 0.000000 0.00000000 0.00000000 0.99869597 -0.05105259
683.323000000 4.673458 -2.647437 0.000000 0.00000000 0.00000000 0.99872347 -0.05051167
683.448000000 4.663262 -2.648514 0.000000 0.00000000 0.00000000 0.99871985 -0.05058317
683.573000000 4.652604 -2.646415 0.000000 0.00000000 0.00000000 0.99870900 -0.05079695
683.698000000 4.653708 -2.650459 0.000000 0.00000000 0.00000000 0.99871091 -0.05075949
683.823000000 4.646747 -2.650487 0.000000 0.00000000 0.00000000 0.99873279 -0.05032701
683.948000000 4.632231 -2.650361 0.000000 0.00000000 0.00000000 0.99869064 -0.05115674
684.073000000 4.633970 -2.651050 0.000000 0.00000000 0.00000000 0.99868381 -0.05128993
684.198000000 4.625195 -2.653361 0.000000 0.00000000 0.00000000 0.99874072 -0.05016946
684.323000000 4.611625 -2.652690 0.000000 0.00000000 0.00000000 0.99869097 -0.05115019
684.448000000 4.605874 -2.650908 0.000000 0.00000000 0.00000000 0.99873885 -0.05020663
684.573000000 4.602908 -2.656639 0.000000 0.00000000 0.00000000 0.99864591 -0.05202252
684.698000000 4.595190 -2.655828 0.000000 0.00000000 0.00000000 0.99865343 -0.05187796
684.823000000 4.584748 -2.655409 0.000000 0.00000000 0.00000000 0.99869845 -0.05100400
684.948000000 4.577011 -2.657585 0.000000 0.00000000 0.00000000 0.99871188 -0.05074026
685.073000000 4.570106 -2.660563 0.000000 0.00000000 0.00000000 0.99864237 -0.05209055
685.198000000 4.563545 -2.658024 0.000000 0.00000000 0.00000000 0.99858728 -0.05313609
685.323000000 4.553699 -2.657911 0.000000 0.00000000 0.00000000 0.99868779 -0.05121238
685.448000000 4.549470 -2.660130 0.000000 0.00000000 0.00000000 0.99868769 -0.05121417
685.573000000 4.539380 -2.662811 0.000000 0.00000000 0.00000000 0.99868964 -0.05117626
685.698000000 4.525142 -2.664102 0.000000 0.00000000 0.00000000 0.99865995 -0.05175235
685.823000000 4.518378 -2.662334 0.000000 0.00000000 0.00000000 0.99870400 -0.05089519
685.948000000 4.529741 -2.663535 0.000000 0.00000000 0.00000000 0.99871344 -0.05070959
686.073000000 4.509917 -2.659910 0.000000 0.00000000 0.00000000 0.99864621 -0.05201684
686.198000000 4.507548 -2.665318 0.000000 0.00000000 0.00000000 0.99866269 -0.05169947
686.323000000 4.497772 -2.667670 0.000000 0.00000000 0.00000000 0.99867818 -0.05139942
686.448000000 4.489007 -2.671804 0.000000 0.00000000 0.00000000 0.99861134 -0.05268204
686.573000000 4.475060 -2.670390 0.000000 0.00000000 0.00000000 0.99865571 -0.05183413
686.698000000 4.475862 -2.668495 0.000000 0.00000000 0.00000000 0.99869961 -0.05098123
686.823000000 4.467092 -2.667222 0.000000 0.00000000 0.00000000 0.99868608 -0.05124570
686.948000000 4.460604 -2.672444 0.000000 0.00000000 0.00000000 0.99870615 -0.05085294
687.073000000 4.458441 -2.671071 0.000000 0.00000000 0.00000000 0.99871871 -0.05060567
687.198000000 4.444912 -2.673919 0.000000 0.00000000 0.00000000 0.99871318 -0.05071481
687.323000000 4.441779 -2.673986 0.000000 0.00000000 0.00000000 0.99868221 -0.05132096
687.448000000 4.441667 -2.674676 0.000000 0.00000000 0.00000000 0.99868099 -0.05134466
687.573000000 4.430698 -2.677506 0.000000 0.00000000 0.00000000 0.99876810 -0.04962142
687.698000000 4.410761 -2.680525 0.000000 0.00000000 0.00000000 0.99870035 -0.05096674
687.823000000 4.401235 -2.674423 0.000000 0.00000000 0.00000000 0.99861588 -0.05259578
687.948000000 4.398511 -2.677718 0.000000 0.00000000 0.00000000 0.99870163 -0.05094169
688.073000000 4.393198 -2.678830 0.000000 0.00000000 0.00000000 0.99867318 -0.05149634
688.198000000 4.380789 -2.676572 0.000000 0.00000000 0.00000000 0.99861734 -0.05256810
688.323000000 4.372212 -2.678975 0.000000 0.00000000 0.00000000 0.99864063 -0.05212380
688.448000000 4.364859 -2.679065 0.000000 0.00000000 0.00000000 0.99873642 -0.05025490
688.573000000 4.354238 -2.685541 0.000000 0.00000000 0.00000000 0.99870637 -0.05084876
688.823000000 4.357325 -2.684998 0.000000 0.00000000 0.00000000 0.99863439 -0.05224329
688.948000000 4.338937 -2.682840 0.000000 0.00000000 0.00000000 0.99870361 -0.05090282
689.073000000 4.327931 -2.682869 0.000000 0.00000000 0.00000000 0.99861540 -0.05260493
689.198000000 4.325858 -2.683963 0.000000 0.00000000 0.00000000 0.99867393 -0.05148180
689.323000000 4.319383 -2.684683 0.000000 0.00000000 0.00000000 0.99861591 -0.05259526
689.448000000 4.307116 -2.688390 0.000000 0.00000000 0.00000000 0.99859276 -0.05303307
689.573000000 4.299011 -2.686656 0.000000 0.00000000 0.00000000 0.99860728 -0.05275886
689.698000000 4.289696 -2.686288 0.000000 0.00000000 0.00000000 0.99860553 -0.05279201
689.823000000 4.286086 -2.692322 0.000000 0.00000000 0.00000000 0.99869319 -0.05110684
689.948000000 4.277092 -2.687820 0.000000 0.00000000 0.00000000 0.99868256 -0.05131408
690.073000000 4.265682 -2.686442 0.000000 0.00000000 0.00000000 0.99864472 -0.05204534
690.198000000 4.269371 -2.689873 0.000000 0.00000000 0.00000000 0.99869196 -0.05113083
690.323000000 4.258715 -2.690827 0.000000 0.00000000 0.00000000 0.99870676 -0.05084100
690.448000000 4.255119 -2.689445 0.000000 0.00000000 0.00000000 0.99860529 -0.05279651
690.573000000 4.237271 -2.693454 0.000000 0.00000000 0.00000000 0.99870438 -0.05088770
690.698000000 4.237326 -2.696263 0.000000 0.00000000 0.00000000 0.99875565 -0.04987142
690.823000000 4.220260 -2.697201 0.000000 0.00000000 0.00000000 0.99834612 -0.05748928
690.948000000 4.205722 -2.701013 0.000000 0.00000000 0.00000000 0.99801068 -0.06304508
691.073000000 4.214365 -2.692864 0.000000 0.00000000 0.00000000 0.99766256 -0.06833306
691.198000000 4.202798 -2.700838 0.000000 0.00000000 0.00000000 0.99716454 -0.07525210
691.323000000 4.194264 -2.700847 0.000000 0.00000000 0.00000000 0.99669078 -0.08128651
691.448000000 4.187024 -2.704962 0.000000 0.00000000 0.00000000 0.99610982 -0.08812054
691.573000000 4.170388 -2.699752 0.000000 0.00000000 0.00000000 0.99556678 -0.09405737
691.698000000 4.167386 -2.707066 0.000000 0.00000000 0.00000000 0.99498995 -0.09997503
691.823000000 4.156392 -2.705185 0.000000 0.00000000 0.00000000 0.99423536 -0.10721963
691.948000000 4.160185 -2.711069 0.000000 0.00000000 0.00000000 0.99377930 -0.11136743
692.073000000 4.146538 -2.708569 0.000000 0.00000000 0.00000000 0.99305849 -0.11762157
692.198000000 4.126627 -2.713998 0.000000 0.00000000 0.00000000 0.99211552 -0.12532676
692.323000000 4.147471 -2.713696 0.000000 0.00000000 0.00000000 0.99232991 -0.12361774
692.448000000 4.143472 -2.712644 0.000000 0.00000000 0.00000000 0.99217235 -0.12487602
692.573000000 4.129711 -2.714710 0.000000 0.00000000 0.00000000 0.99207168 -0.12567330
692.698000000 4.120885 -2.720506 0.000000 0.00000000 0.00000000 0.99228638 -0.12396668
692.823000000 4.111324 -2.721875 0.000000 0.00000000 0.00000000 0.99227891 -0.12402647
692.948000000 4.087880 -2.723019 0.000000 0.00000000 0.00000000 0.99221287 -0.12455365
693.073000000 4.080436 -2.720615 0.000000 0.00000000 0.00000000 0.99213091 -0.12520488
693.198000000 4.086465 -2.730583 0.000000 0.00000000 0.00000000 0.99214888 -0.12506241
693.323000000 4.086881 -2.731272 0.000000 0.00000000 0.00000000 0.99223355 -0.12438881
693.448000000 4.079553 -2.734600 0.000000 0.00000000 0.00000000 0.99218455 -0.12477909
693.573000000 4.065318 -2.735693 0.000000 0.00000000 0.00000000 0.99218477 -0.12477734
693.698000000 4.055834 -2.740556 0.000000 0.00000000 0.00000000 0.99191927 -0.12687062
693.823000000 4.050118 -2.735064 0.000000 0.00000000 0.00000000 0.99215561 -0.12500897
693.948000000 4.041952 -2.737870 0.000000 0.00000000 0.00000000 0.99216841 -0.12490735
694.073000000 4.044449 -2.739775 0.000000 0.00000000 0.00000000 0.99223484 -0.12437853
694.198000000 4.036406 -2.747271 0.000000 0.00000000 0.00000000 0.99226346 -0.12415000
694.323000000 4.022177 -2.748033 0.000000 0.00000000 0.00000000 0.99231862 -0.12370833
694.448000000 4.024489 -2.750588 0.000000 0.00000000 0.00000000 0.99208132 -0.12559720
694.573000000 4.009632 -2.747843 0.000000 0.00000000 0.00000000 0.99214724 -0.12507538
694.698000000 4.006716 -2.748375 0.000000 0.00000000 0.00000000 0.99213682 -0.12515805
694.823000000 3.987524 -2.751770 0.000000 0.00000000 0.00000000 0.99227200 -0.12408172
694.948000000 3.976026 -2.752557 0.000000 0.00000000 0.00000000 0.99228029 -0.12401540
695.073000000 3.981709 -2.751933 0.000000 0.00000000 0.00000000 0.99215119 -0.12504409
695.198000000 3.963159 -2.756896 0.000000 0.00000000 0.00000000 0.99214459 -0.12509641
695.323000000 3.964670 -2.765490 0.000000 0.00000000 0.00000000 0.99191073 -0.12693740
695.448000000 3.951368 -2.762399 0.000000 0.00000000 0.00000000 0.99217001 -0.12489464
695.573000000 3.934910 -2.769068 0.000000 0.00000000 0.00000000 0.99210952 -0.12537422
695.698000000 3.929860 -2.771751 0.000000 0.00000000 0.00000000 0.99202342 -0.12605370
695.823000000 3.929546 -2.770696 0.000000 0.00000000 0.00000000 0.99200181 -0.12622362
695.948000000 3.924418 -2.773988 0.000000 0.00000000 0.00000000 0.99206055 -0.12576117
696.073000000 3.911086 -2.772699 0.000000 0.00000000 0.00000000 0.99201598 -0.12611222
696.198000000 3.906719 -2.779338 0.000000 0.00000000 0.00000000 0.99184559 -0.12744538
696.323000000 3.895823 -2.779371 0.000000 0.00000000 0.00000000 0.99205429 -0.12581049
696.448000000 3.892244 -2.772749 0.000000 0.00000000 0.00000000 0.99220265 -0.12463510
696.573000000 3.879535 -2.776589 0.000000 0.00000000 0.00000000 0.99207684 -0.12563259
696.698000000 3.868312 -2.782702 0.000000 0.00000000 0.00000000 0.99189151 -0.12708750
696.823000000 3.865862 -2.787162 0.000000 0.00000000 0.00000000 0.99188397 -0.12714636
696.948000000 3.870838 -2.789142 0.000000 0.00000000 0.00000000 0.99174811 -0.12820170
697.073000000 3.850214 -2.790679 0.000000 0.00000000 0.00000000 0.99193342 -0.12675997
697.198000000 3.852781 -2.785873 0.000000 0.00000000 0.00000000 0.99191583 -0.12689755
697.323000000 3.841493 -2.786242 0.000000 0.00000000 0.00000000 0.99201458 -0.12612327
697.448000000 3.839134 -2.794467 0.000000 0.00000000 0.00000000 0.99240070 -0.12304819
697.573000000 3.823520 -2.794550 0.000000 0.00000000 0.00000000 0.99293810 -0.11863360
697.698000000 3.820324 -2.792195 0.000000 0.00000000 0.00000000 0.99366891 -0.11234807
697.823000000 3.805861 -2.792300 0.000000 0.00000000 0.00000000 0.99431248 -0.10650210
697.948000000 3.805189 -2.793067 0.000000 0.00000000 0.00000000 0.99483619 -0.10149359
698.073000000 3.798874 -2.800383 0.000000 0.00000000 0.00000000 0.99445615 -0.10515214
698.198000000 3.794283 -2.803266 0.000000 0.00000000 0.00000000 0.99391316 -0.11016637
698.323000000 3.783811 -2.803578 0.000000 0.00000000 0.00000000 0.99322294 -0.11622476
698.448000000 3.777812 -2.811213 0.000000 0.00000000 0.00000000 0.99222812 -0.12443210
698.573000000 3.761033 -2.811255 0.000000 0.00000000 0.00000000 0.99162669 -0.12913752
698.698000000 3.767166 -2.806103 0.000000 0.00000000 0.00000000 0.99094610 -0.13426033
698.823000000 3.756496 -2.808447 0.000000 0.00000000 0.00000000 0.98984522 -0.14214933
698.948000000 3.744180 -2.814609 0.000000 0.00000000 0.00000000 0.98918290 -0.14668737
699.073000000 3.740673 -2.815591 0.000000 0.00000000 0.00000000 0.98807691 -0.15396108
699.198000000 3.737123 -2.818535 0.000000 0.00000000 0.00000000 0.98727542 -0.15901963
699.323000000 3.726473 -2.820486 0.000000 0.00000000 0.00000000 0.98622970 -0.16538129
699.448000000 3.726179 -2.823462 0.000000 0.00000000 0.00000000 0.98535332 -0.17052517
699.573000000 3.721084 -2.826958 0.000000 0.00000000 0.00000000 0.98402627 -0.17802331
699.698000000 3.710166 -2.829777 0.000000 0.00000000 0.00000000 0.98290645 -0.18410568
699.823000000 3.709610 -2.825758 0.000000 0.00000000 0.00000000 0.98197145 -0.18902929
699.948000000 3.697850 -2.833539 0.000000 0.00000000 0.00000000 0.98063258 -0.19585642
700.073000000 3.694888 -2.836697 0.000000 0.00000000 0.00000000 0.97961618 -0.20087841
700.198000000 3.686050 -2.839378 0.000000 0.00000000 0.00000000 0.97776695 -0.20969450
700.323000000 3.679388 -2.842254 0.000000 0.00000000 0.00000000 0.97701596 -0.21316618
700.448000000 3.674410 -2.842699 0.000000 0.00000000 0.00000000 0.97558473 -0.21962338
700.573000000 3.671034 -2.856186 0.000000 0.00000000 0.00000000 0.97383544 -0.22725436
700.698000000 3.670476 -2.853920 0.000000 0.00000000 0.00000000 0.97223445 -0.23400892
700.823000000 3.658466 -2.863442 0.000000 0.00000000 0.00000000 0.97233573 -0.23358775
700.948000000 3.659979 -2.860834 0.000000 0.00000000 0.00000000 0.97226544 -0.23388014
701.073000000 3.631478 -2.864481 0.000000 0.00000000 0.00000000 0.97148655 -0.23709466
701.198000000 3.643969 -2.863083 0.000000 0.00000000 0.00000000 0.97188925 -0.23543850
701.323000000 3.641684 -2.876129 0.000000 0.00000000 0.00000000 0.97206616 -0.23470702
701.448000000 3.632426 -2.875695 0.000000 0.00000000 0.00000000 0.97215670 -0.23433171
701.573000000 3.621963 -2.880609 0.000000 0.00000000 0.00000000 0.97265231 -0.23226597
701.698000000 3.623820 -2.883359 0.000000 0.00000000 0.00000000 0.97262760 -0.23236942
701.823000000 3.613762 -2.889489 0.000000 0.00000000 0.00000000 0.97247414 -0.23301082
701.948000000 3.614533 -2.887301 0.000000 0.00000000 0.00000000 0.97255736 -0.23266326
702.073000000 3.600829 -2.896060 0.000000 0.00000000 0.00000000 0.97203309 -0.23484393
702.198000000 3.603168 -2.896111 0.000000 0.00000000 0.00000000 0.97281470 -0.23158489
702.323000000 3.601144 -2.903556 0.000000 0.00000000 0.00000000 0.97291838 -0.23114891
702.448000000 3.591378 -2.905081 0.000000 0.00000000 0.00000000 0.97295968 -0.23097502
702.573000000 3.577448 -2.910754 0.000000 0.00000000 0.00000000 0.97213914 -0.23440453
702.698000000 3.537988 -2.909087 0.000000 0.00000000 0.00000000 0.97124149 -0.23809656
702.823000000 3.526585 -2.909881 0.000000 0.00000000 0.00000000 0.97127971 -0.23794059
702.948000000 3.517274 -2.912643 0.000000 0.00000000 0.00000000 0.97144761 -0.23725418
703.073000000 3.516085 -2.920559 0.000000 0.00000000 0.00000000 0.97143854 -0.23729131
703.198000000 3.513807 -2.923571 0.000000 0.00000000 0.00000000 0.97147856 -0.23712740
703.323000000 3.501950 -2.923479 0.000000 0.00000000 0.00000000 0.97133471 -0.23771597
703.448000000 3.498964 -2.931362 0.000000 0.00000000 0.00000000 0.97126266 -0.23801019
703.573000000 3.501355 -2.927789 0.000000 0.00000000 0.00000000 0.97134852 -0.23765952
703.698000000 3.485305 -2.936289 0.000000 0.00000000 0.00000000 0.97095305 -0.23927007
703.823000000 3.483422 -2.940224 0.000000 0.00000000 0.00000000 0.97125590 -0.23803776
703.948000000 3.463085 -2.945819 0.000000 0.00000000 0.00000000 0.97078405 -0.23995483
704.073000000 3.460682 -2.947670 0.000000 0.00000000 0.00000000 0.97128260 -0.23792879
704.198000000 3.451250 -2.948301 0.000000 0.00000000 0.00000000 0.97124359 -0.23808799
704.323000000 3.443548 -2.957566 0.000000 0.00000000 0.00000000 0.97097539 -0.23917941
704.448000000 3.445268 -2.956711 0.000000 0.00000000 0.00000000 0.97138445 -0.23751265
704.573000000 3.450629 -2.957842 0.000000 0.00000000 0.00000000 0.97187033 -0.23551660
704.698000000 3.434660 -2.965266 0.000000 0.00000000 0.00000000 0.97171507 -0.23615637
704.823000000 3.428966 -2.967483 0.000000 0.00000000 0.00000000 0.97165291 -0.23641199
704.948000000 3.426050 -2.968473 0.000000 0.00000000 0.00000000 0.97160946 -0.23659048
705.073000000 3.411115 -2.971929 0.000000 0.00000000 0.00000000 0.97135864 -0.23761816
705.198000000 3.411961 -2.979454 0.000000 0.00000000 0.00000000 0.97163017 -0.23650543
705.323000000 3.406905 -2.982689 0.000000 0.00000000 0.00000000 0.97154299 -0.23686328
705.448000000 3.380215 -2.984532 0.000000 0.00000000 0.00000000 0.97152252 -0.23694724
705.573000000 3.381197 -2.986630 0.000000 0.00000000 0.00000000 0.97157244 -0.23674247
705.698000000 3.376367 -2.987262 0.000000 0.00000000 0.00000000 0.97138256 -0.23752038
705.823000000 3.370707 -2.993034 0.000000 0.00000000 0.00000000 0.97168717 -0.23627112
705.948000000 3.372806 -2.998203 0.000000 0.00000000 0.00000000 0.97181311 -0.23575256
706.073000000 3.352192 -3.002059 0.000000 0.00000000 0.00000000 0.97158034 -0.23671003
706.198000000 3.329824 -3.001780 0.000000 0.00000000 0.00000000 0.97117670 -0.23836068
706.323000000 3.344643 -3.005443 0.000000 0.00000000 0.00000000 0.97136775 -0.23758093
706.448000000 3.319277 -3.012324 0.000000 0.00000000 0.00000000 0.97122139 -0.23817853
706.573000000 3.328210 -3.018626 0.000000 0.00000000 0.00000000 0.97166517 -0.23636156
706.698000000 3.328631 -3.019782 0.000000 0.00000000 0.00000000 0.97157856 -0.23671735
706.823000000 3.319055 -3.027853 0.000000 0.00000000 0.00000000 0.97171596 -0.23615270
706.948000000 3.315862 -3.028313 0.000000 0.00000000 0.00000000 0.97166902 -0.23634576
707.073000000 3.300998 -3.030918 0.000000 0.00000000 0.00000000 0.97144782 -0.23725330
707.198000000 3.303594 -3.035558 0.000000 0.00000000 0.00000000 0.97174068 -0.23605096
707.448000000 3.280046 -3.037914 0.000000 0.00000000 0.00000000 0.97182558 -0.23570117
707.573000000 3.276833 -3.042054 0.000000 0.00000000 0.00000000 0.97159369 -0.23665522
707.698000000 3.266579 -3.048741 0.000000 0.00000000 0.00000000 0.97165315 -0.23641098
707.823000000 3.256293 -3.051816 0.000000 0.00000000 0.00000000 0.97128629 -0.23791373
707.948000000 3.265263 -3.053358 0.000000 0.00000000 0.00000000 0.97181144 -0.23575946
708.073000000 3.254977 -3.057763 0.000000 0.00000000 0.00000000 0.97166583 -0.23635887
708.198000000 3.230823 -3.059061 0.000000 0.00000000 0.00000000 0.97144544 -0.23726304
708.323000000 3.223970 -3.065236 0.000000 0.00000000 0.00000000 0.97170225 -0.23620908
708.448000000 3.218143 -3.070798 0.000000 0.00000000 0.00000000 0.97149613 -0.23705540
708.573000000 3.226507 -3.071733 0.000000 0.00000000 0.00000000 0.97190602 -0.23536924
708.698000000 3.220033 -3.074458 0.000000 0.00000000 0.00000000 0.97201061 -0.23493697
708.823000000 3.223261 -3.075551 0.000000 0.00000000 0.00000000 0.97194143 -0.23522300
708.948000000 3.221619 -3.075316 0.000000 0.00000000 0.00000000 0.97178223 -0.23587983
709.073000000 3.207191 -3.082264 0.000000 0.00000000 0.00000000 0.97164756 -0.23643394
709.198000000 3.218901 -3.080514 0.000000 0.00000000 0.00000000 0.97233600 -0.23358659
709.323000000 3.213334 -3.083136 0.000000 0.00000000 0.00000000 0.97231069 -0.23369193
709.448000000 3.206080 -3.091912 0.000000 0.00000000 0.00000000 0.97230501 -0.23371555
709.573000000 3.187499 -3.095786 0.000000 0.00000000 0.00000000 0.97215014 -0.23435893
709.698000000 3.185488 -3.097178 0.000000 0.00000000 0.00000000 0.97219095 -0.23418958
709.823000000 3.183645 -3.101048 0.000000 0.00000000 0.00000000 0.97209421 -0.23459083
709.948000000 3.178711 -3.102010 0.000000 0.00000000 0.00000000 0.97237754 -0.23341361
710.073000000 3.173096 -3.110051 0.000000 0.00000000 0.00000000 0.97213428 -0.23442472
710.198000000 3.170447 -3.112234 0.000000 0.00000000 0.00000000 0.97210948 -0.23452752
710.323000000 3.155481 -3.113774 0.000000 0.00000000 0.00000000 0.97235570 -0.23350461
710.448000000 3.143378 -3.118645 0.000000 0.00000000 0.00000000 0.97215705 -0.23433024
710.573000000 3.137727 -3.121447 0.000000 0.00000000 0.00000000 0.97212250 -0.23447356
710.698000000 3.138264 -3.127024 0.000000 0.00000000 0.00000000 0.97205621 -0.23474820
710.823000000 3.123186 -3.127619 0.000000 0.00000000 0.00000000 0.97164473 -0.23644560
710.948000000 3.116206 -3.128424 0.000000 0.00000000 0.00000000 0.97195242 -0.23517760
711.073000000 3.112546 -3.134189 0.000000 0.00000000 0.00000000 0.97230183 -0.23372880
711.198000000 3.114042 -3.139181 0.000000 0.00000000 0.00000000 0.97233314 -0.23359851
711.323000000 3.097425 -3.139364 0.000000 0.00000000 0.00000000 0.97217405 -0.23425970
711.448000000 3.094150 -3.144932 0.000000 0.00000000 0.00000000 0.97222464 -0.23404968
711.573000000 3.079918 -3.144242 0.000000 0.00000000 0.00000000 0.97184416 -0.23562456
711.698000000 3.069999 -3.152455 0.000000 0.00000000 0.00000000 0.97186149 -0.23555304
711.823000000 3.071067 -3.153248 0.000000 0.00000000 0.00000000 0.97181582 -0.23574139
711.948000000 3.061826 -3.157364 0.000000 0.00000000 0.00000000 0.97190104 -0.23538983
712.073000000 3.058461 -3.165704 0.000000 0.00000000 0.00000000 0.97217357 -0.23426173
712.198000000 3.059957 -3.167695 0.000000 0.00000000 0.00000000 0.97221610 -0.23408514
712.323000000 3.041294 -3.169583 0.000000 0.00000000 0.00000000 0.97202499 -0.23487747
712.448000000 3.036983 -3.169268 0.000000 0.00000000 0.00000000 0.97193141 -0.23526438
712.573000000 3.031681 -3.173096 0.000000 0.00000000 0.00000000 0.97206972 -0.23469227
712.698000000 3.016046 -3.181524 0.000000 0.00000000 0.00000000 0.97150360 -0.23702480
712.823000000 3.005047 -3.181240 0.000000 0.00000000 0.00000000 0.97166787 -0.23635046
712.948000000 3.008879 -3.184738 0.000000 0.00000000 0.00000000 0.97195180 -0.23518015
713.073000000 3.003091 -3.190803 0.000000 0.00000000 0.00000000 0.97221890 -0.23407349
713.198000000 2.997155 -3.195432 0.000000 0.00000000 0.00000000 0.97217798 -0.23424340
713.323000000 2.983193 -3.195577 0.000000 0.00000000 0.00000000 0.97163752 -0.23647523
713.448000000 2.986832 -3.208802 0.000000 0.00000000 0.00000000 0.97171307 -0.23616457
713.573000000 2.967695 -3.202906 0.000000 0.00000000 0.00000000 0.97163248 -0.23649593
713.698000000 2.969875 -3.204502 0.000000 0.00000000 0.00000000 0.97192360 -0.23529664
713.823000000 2.956582 -3.206315 0.000000 0.00000000 0.00000000 0.97190739 -0.23536360
713.948000000 2.949824 -3.212078 0.000000 0.00000000 0.00000000 0.97185727 -0.23557048
714.073000000 2.939665 -3.217098 0.000000 0.00000000 0.00000000 0.97168323 -0.23628733
714.198000000 2.942361 -3.222021 0.000000 0.00000000 0.00000000 0.97187242 -0.23550797
714.323000000 2.935377 -3.222967 0.000000 0.00000000 0.00000000 0.97172730 -0.23610604
714.448000000 2.932279 -3.227184 0.000000 0.00000000 0.00000000 0.97203990 -0.23481574
714.573000000 2.928875 -3.230715 0.000000 0.00000000 0.00000000 0.97212188 -0.23447611
714.698000000 2.906916 -3.231942 0.000000 0.00000000 0.00000000 0.97215884 -0.23432284
714.823000000 2.901213 -3.241213 0.000000 0.00000000 0.00000000 0.97169700 -0.23623070
714.948000000 2.899457 -3.242286 0.000000 0.00000000 0.00000000 0.97198036 -0.23506206
715.073000000 2.890739 -3.245497 0.000000 0.00000000 0.00000000 0.97175564 -0.23598937
715.198000000 2.885210 -3.245450 0.000000 0.00000000 0.00000000 0.97196195 -0.23513819
715.323000000 2.872413 -3.245193 0.000000 0.00000000 0.00000000 0.97164109 -0.23646057
715.448000000 2.870905 -3.251131 0.000000 0.00000000 0.00000000 0.97183733 -0.23565273
715.573000000 2.864509 -3.260023 0.000000 0.00000000 0.00000000 0.97174657 -0.23602671
715.698000000 2.860485 -3.264546 0.000000 0.00000000 0.00000000 0.97211566 -0.23450189
715.823000000 2.850000 -3.268022 0.000000 0.00000000 0.00000000 0.97183977 -0.23564267
715.948000000 2.835440 -3.269263 0.000000 0.00000000 0.00000000 0.97125447 -0.23804359
716.073000000 2.836068 -3.272766 0.000000 0.00000000 0.00000000 0.97191078 -0.23534961
716.198000000 2.834043 -3.275899 0.000000 0.00000000 0.00000000 0.97185802 -0.23556738
716.323000000 2.833002 -3.278720 0.000000 0.00000000 0.00000000 0.97182745 -0.23569345
716.448000000 2.811990 -3.281665 0.000000 0.00000000 0.00000000 0.97167678 -0.23631383
716.573000000 2.794802 -3.291106 0.000000 0.00000000 0.00000000 0.97139305 -0.23747745
716.698000000 2.797722 -3.292430 0.000000 0.00000000 0.00000000 0.97161969 -0.23654848
716.823000000 2.787232 -3.292730 0.000000 0.00000000 0.00000000 0.97210188 -0.23455903
716.948000000 2.783217 -3.301681 0.000000 0.00000000 0.00000000 0.97171365 -0.23616221
717.073000000 2.779461 -3.300162 0.000000 0.00000000 0.00000000 0.97170675 -0.23619059
717.198000000 2.764738 -3.302704 0.000000 0.00000000 0.00000000 0.97135597 -0.23762906
717.323000000 2.762434 -3.305341 0.000000 0.00000000 0.00000000 0.97154770 -0.23684397
717.448000000 2.761758 -3.307383 0.000000 0.00000000 0.00000000 0.97147701 -0.23713375
717.573000000 2.759510 -3.312573 0.000000 0.00000000 0.00000000 0.97193092 -0.23526642
717.698000000 2.753929 -3.318071 0.000000 0.00000000 0.00000000 0.97212672 -0.23445604
717.823000000 2.747295 -3.320198 0.000000 0.00000000 0.00000000 0.97197559 -0.23508181
717.948000000 2.740959 -3.325549 0.000000 0.00000000 0.00000000 0.97216528 -0.23429610
718.073000000 2.729139 -3.330375 0.000000 0.00000000 0.00000000 0.97200700 -0.23495188
718.198000000 2.716724 -3.329268 0.000000 0.00000000 0.00000000 0.97162987 -0.23650666
718.323000000 2.715781 -3.334053 0.000000 0.00000000 0.00000000 0.97195160 -0.23518096
718.448000000 2.713396 -3.335125 0.000000 0.00000000 0.00000000 0.97194453 -0.23521017
718.573000000 2.701171 -3.343573 0.000000 0.00000000 0.00000000 0.97252189 -0.23281146
718.698000000 2.695443 -3.346378 0.000000 0.00000000 0.00000000 0.97221650 -0.23408349
718.823000000 2.688928 -3.347595 0.000000 0.00000000 0.00000000 0.97204246 -0.23480513
718.948000000 2.682546 -3.349733 0.000000 0.00000000 0.00000000 0.97189293 -0.23542329
719.073000000 2.677908 -3.355111 0.000000 0.00000000 0.00000000 0.97210669 -0.23453907
719.198000000 2.667907 -3.358695 0.000000 0.00000000 0.00000000 0.97196275 -0.23513490
719.323000000 2.659943 -3.362813 0.000000 0.00000000 0.00000000 0.97178631 -0.23586301
719.448000000 2.655534 -3.366046 0.000000 0.00000000 0.00000000 0.97185281 -0.23558887
719.573000000 2.648003 -3.370257 0.000000 0.00000000 0.00000000 0.97219190 -0.23418563
719.698000000 2.639865 -3.372225 0.000000 0.00000000 0.00000000 0.97215521 -0.23433791
719.823000000 2.635347 -3.375561 0.000000 0.00000000 0.00000000 0.97207369 -0.23467582
719.948000000 2.626185 -3.380212 0.000000 0.00000000 0.00000000 0.97208220 -0.23464056
720.073000000 2.617133 -3.384257 0.000000 0.00000000 0.00000000 0.97210130 -0.23456142
720.198000000 2.616330 -3.386230 0.000000 0.00000000 0.00000000 0.97181454 -0.23574668
720.323000000 2.609000 -3.391039 0.000000 0.00000000 0.00000000 0.97212983 -0.23444315
720.448000000 2.596509 -3.392580 0.000000 0.00000000 0.00000000 0.97155186 -0.23682689
720.573000000 2.592457 -3.393707 0.000000 0.00000000 0.00000000 0.97200125 -0.23497569
720.698000000 2.584568 -3.396418 0.000000 0.00000000 0.00000000 0.97270518 -0.23204444
720.823000000 2.581979 -3.401539 0.000000 0.00000000 0.00000000 0.97396746 -0.22668784
720.948000000 2.575470 -3.402697 0.000000 0.00000000 0.00000000 0.97607624 -0.21742856
721.073000000 2.573960 -3.409143 0.000000 0.00000000 0.00000000 0.97942835 -0.20179226
721.198000000 2.555896 -3.407701 0.000000 0.00000000 0.00000000 0.98188417 -0.18948215
721.323000000 2.556137 -3.412956 0.000000 0.00000000 0.00000000 0.98424055 -0.17683476
721.448000000 2.541237 -3.413871 0.000000 0.00000000 0.00000000 0.98584594 -0.16765376
721.573000000 2.545543 -3.415221 0.000000 0.00000000 0.00000000 0.98805140 -0.15412475
721.698000000 2.537397 -3.421558 0.000000 0.00000000 0.00000000 0.98964421 -0.14354208
721.823000000 2.534871 -3.427066 0.000000 0.00000000 0.00000000 0.99175731 -0.12813058
721.948000000 2.525977 -3.425362 0.000000 0.00000000 0.00000000 0.99259590 -0.12146353
722.073000000 2.516652 -3.429221 0.000000 0.00000000 0.00000000 0.99359427 -0.11300631
722.198000000 2.501246 -3.433328 0.000000 0.00000000 0.00000000 0.99424747 -0.10710724
722.323000000 2.504997 -3.435252 0.000000 0.00000000 0.00000000 0.99494055 -0.10046543
722.448000000 2.499261 -3.436281 0.000000 0.00000000 0.00000000 0.99527431 -0.09710333
722.573000000 2.483645 -3.436391 0.000000 0.00000000 0.00000000 0.99591398 -0.09030695
722.698000000 2.479952 -3.436815 0.000000 0.00000000 0.00000000 0.99663002 -0.08202805
722.823000000 2.487975 -3.446670 0.000000 0.00000000 0.00000000 0.99731138 -0.07328036
722.948000000 2.489722 -3.445490 0.000000 0.00000000 0.00000000 0.99773149 -0.06731916
723.073000000 2.468674 -3.437771 0.000000 0.00000000 0.00000000 0.99792794 -0.06434152
723.198000000 2.456732 -3.440768 0.000000 0.00000000 0.00000000 0.99833024 -0.05776451
723.323000000 2.502763 -3.446390 0.000000 0.00000000 0.00000000 0.99876498 -0.04968409
723.448000000 2.426038 -3.446798 0.000000 0.00000000 0.00000000 0.99926608 -0.03830547
723.573000000 2.453655 -3.447415 0.000000 0.00000000 0.00000000 0.99922226 -0.03943193
723.698000000 2.441179 -3.442127 0.000000 0.00000000 0.00000000 0.99926522 -0.03832777
723.823000000 2.483319 -3.446164 0.000000 0.00000000 0.00000000 0.99958376 -0.02884958
723.948000000 2.426451 -3.454948 0.000000 0.00000000 0.00000000 0.99989533 -0.01446801
724.073000000 2.418229 -3.451555 0.000000 0.00000000 0.00000000 0.99992834 -0.01197164
724.198000000 2.422104 -3.447935 0.000000 0.00000000 0.00000000 0.99997231 -0.00744151
724.323000000 2.460179 -3.448877 0.000000 0.00000000 0.00000000 0.99999923 -0.00123711
724.448000000 2.444625 -3.451714 0.000000 0.00000000 0.00000000 0.99999626 0.00273591
724.573000000 2.393255 -3.452474 0.000000 0.00000000 0.00000000 0.99992330 0.01238563
724.698000000 2.382218 -3.451785 0.000000 0.00000000 0.00000000 0.99984126 0.01781700
724.823000000 2.411390 -3.450973 0.000000 0.00000000 0.00000000 0.99970146 0.02443351
724.948000000 2.420989 -3.451175 0.000000 0.00000000 0.00000000 0.99960919 0.02795489
725.073000000 2.375216 -3.447055 0.000000 0.00000000 0.00000000 0.99941105 0.03431553
725.198000000 2.358204 -3.452006 0.000000 0.00000000 0.00000000 0.99905980 0.04335344
725.323000000 2.360267 -3.447096 0.000000 0.00000000 0.00000000 0.99878364 0.04930759
725.448000000 2.392097 -3.448839 0.000000 0.00000000 0.00000000 0.99858990 0.05308684
725.573000000 2.315314 -3.446508 0.000000 0.00000000 0.00000000 0.99808925 0.06178875
725.698000000 2.313953 -3.441899 0.000000 0.00000000 0.00000000 0.99792072 0.06445336
725.823000000 2.307127 -3.441825 0.000000 0.00000000 0.00000000 0.99738529 0.07226739
725.948000000 2.334443 -3.441636 0.000000 0.00000000 0.00000000 0.99709027 0.07622988
726.073000000 2.293107 -3.437220 0.000000 0.00000000 0.00000000 0.99675763 0.08046256
726.198000000 2.317225 -3.440060 0.000000 0.00000000 0.00000000 0.99718568 0.07497151
726.323000000 2.273549 -3.433695 0.000000 0.00000000 0.00000000 0.99744851 0.07138952
726.448000000 2.268585 -3.433948 0.000000 0.00000000 0.00000000 0.99793485 0.06423418
726.573000000 2.250810 -3.430324 0.000000 0.00000000 0.00000000 0.99846870 0.05531961
726.698000000 2.275351 -3.437340 0.000000 0.00000000 0.00000000 0.99863683 0.05219653
726.823000000 2.243869 -3.433836 0.000000 0.00000000 0.00000000 0.99892640 0.04632552
726.948000000 2.273004 -3.436564 0.000000 0.00000000 0.00000000 0.99943746 0.03353739
727.073000000 2.224087 -3.431533 0.000000 0.00000000 0.00000000 0.99969781 0.02458221
727.198000000 2.221613 -3.429966 0.000000 0.00000000 0.00000000 0.99995761 0.00920728
727.323000000 2.212088 -3.430446 0.000000 0.00000000 0.00000000 0.99998121 -0.00612985
727.448000000 2.201200 -3.432309 0.000000 0.00000000 0.00000000 0.99991845 -0.01277072
727.573000000 2.191756 -3.430929 0.000000 0.00000000 0.00000000 0.99945593 -0.03298246
727.698000000 2.184701 -3.431971 0.000000 0.00000000 0.00000000 0.99913427 -0.04160185
727.823000000 2.180584 -3.433554 0.000000 0.00000000 0.00000000 0.99845437 -0.05557760
727.948000000 2.157814 -3.429579 0.000000 0.00000000 0.00000000 0.99738581 -0.07226026
728.073000000 2.163997 -3.436213 0.000000 0.00000000 0.00000000 0.99673496 -0.08074297
728.198000000 2.153397 -3.432787 0.000000 0.00000000 0.00000000 0.99549169 -0.09484876
728.323000000 2.142676 -3.437355 0.000000 0.00000000 0.00000000 0.99433595 -0.10628272
728.448000000 2.142276 -3.439305 0.000000 0.00000000 0.00000000 0.99302735 -0.11788416
728.573000000 2.120183 -3.440437 0.000000 0.00000000 0.00000000 0.99149632 -0.13013476
728.698000000 2.127138 -3.444696 0.000000 0.00000000 0.00000000 0.99129940 -0.13162637
728.823000000 2.108707 -3.445485 0.000000 0.00000000 0.00000000 0.99040324 -0.13820793
728.948000000 2.100976 -3.447165 0.000000 0.00000000 0.00000000 0.99080487 -0.13529860
729.073000000 2.094457 -3.444969 0.000000 0.00000000 0.00000000 0.99134459 -0.13128559
729.198000000 2.087585 -3.449593 0.000000 0.00000000 0.00000000 0.99226799 -0.12411379
729.323000000 2.075593 -3.449599 0.000000 0.00000000 0.00000000 0.99293290 -0.11867711
729.448000000 2.069987 -3.456366 0.000000 0.00000000 0.00000000 0.99397056 -0.10964727
729.573000000 2.062430 -3.451250 0.000000 0.00000000 0.00000000 0.99440589 -0.10562638
729.698000000 2.057437 -3.456989 0.000000 0.00000000 0.00000000 0.99494995 -0.10037234
729.823000000 2.051598 -3.456199 0.000000 0.00000000 0.00000000 0.99567509 -0.09290384
729.948000000 2.044302 -3.457356 0.000000 0.00000000 0.00000000 0.99622780 -0.08677656
730.073000000 2.033653 -3.462800 0.000000 0.00000000 0.00000000 0.99664071 -0.08189809
730.198000000 2.027508 -3.461139 0.000000 0.00000000 0.00000000 0.99715673 -0.07535550
730.323000000 2.029078 -3.461471 0.000000 0.00000000 0.00000000 0.99767377 -0.06816925
730.448000000 2.018949 -3.462852 0.000000 0.00000000 0.00000000 0.99805005 -0.06241865
730.573000000 1.997202 -3.466028 0.000000 0.00000000 0.00000000 0.99834075 -0.05758260
730.698000000 1.996437 -3.466533 0.000000 0.00000000 0.00000000 0.99877047 -0.04957366
730.823000000 1.990532 -3.465365 0.000000 0.00000000 0.00000000 0.99915413 -0.04112201
730.948000000 1.984880 -3.465258 0.000000 0.00000000 0.00000000 0.99927424 -0.03809179
731.073000000 1.968823 -3.468599 0.000000 0.00000000 0.00000000 0.99945315 -0.03306656
731.198000000 1.965018 -3.469333 0.000000 0.00000000 0.00000000 0.99968879 -0.02494641
731.323000000 1.956878 -3.470679 0.000000 0.00000000 0.00000000 0.99982938 -0.01847174
731.448000000 1.949760 -3.469250 0.000000 0.00000000 0.00000000 0.99993647 -0.01127190
731.573000000 1.944186 -3.468719 0.000000 0.00000000 0.00000000 0.99998318 -0.00579990
731.698000000 1.935868 -3.469467 0.000000 0.00000000 0.00000000 0.99999954 -0.00095564
731.823000000 1.928894 -3.469575 0.000000 0.00000000 0.00000000 0.99997995 0.00633279
731.948000000 1.923484 -3.468975 0.000000 0.00000000 0.00000000 0.99990959 0.01344653
732.073000000 1.911354 -3.467295 0.000000 0.00000000 0.00000000 0.99984111 0.01782585
732.198000000 1.905288 -3.469789 0.000000 0.00000000 0.00000000 0.99966557 0.02586021
732.323000000 1.903917 -3.467277 0.000000 0.00000000 0.00000000 0.99949820 0.03167577
732.448000000 1.888989 -3.466990 0.000000 0.00000000 0.00000000 0.99946880 0.03259026
732.573000000 1.885739 -3.464842 0.000000 0.00000000 0.00000000 0.99950323 0.03151643
732.698000000 1.880805 -3.464284 0.000000 0.00000000 0.00000000 0.99940921 0.03436906
732.823000000 1.868933 -3.464789 0.000000 0.00000000 0.00000000 0.99942807 0.03381606
732.948000000 1.860342 -3.461270 0.000000 0.00000000 0.00000000 0.99949847 0.03166717
733.073000000 1.856488 -3.459475 0.000000 0.00000000 0.00000000 0.99947964 0.03225600
733.198000000 1.848384 -3.460353 0.000000 0.00000000 0.00000000 0.99949650 0.03172940
733.323000000 1.837090 -3.459948 0.000000 0.00000000 0.00000000 0.99952356 0.03086512
733.448000000 1.837150 -3.460128 0.000000 0.00000000 0.00000000 0.99949213 0.03186661
733.573000000 1.829226 -3.461437 0.000000 0.00000000 0.00000000 0.99951435 0.03116190
733.698000000 1.811650 -3.459502 0.000000 0.00000000 0.00000000 0.99952659 0.03076673
733.823000000 1.808659 -3.458324 0.000000 0.00000000 0.00000000 0.99952976 0.03066368
733.948000000 1.802693 -3.457943 0.000000 0.00000000 0.00000000 0.99951996 0.03098145
734.073000000 1.793535 -3.458852 0.000000 0.00000000 0.00000000 0.99952477 0.03082580
734.198000000 1.791879 -3.456811 0.000000 0.00000000 0.00000000 0.99948755 0.03200982
734.323000000 1.785028 -3.456533 0.000000 0.00000000 0.00000000 0.99946693 0.03264738
734.448000000 1.774773 -3.455543 0.000000 0.00000000 0.00000000 0.99948795 0.03199753
734.573000000 1.772859 -3.454328 0.000000 0.00000000 0.00000000 0.99940318 0.03454404
734.698000000 1.761137 -3.454862 0.000000 0.00000000 0.00000000 0.99955101 0.02996292
734.823000000 1.754327 -3.457236 0.000000 0.00000000 0.00000000 0.99973002 0.02323560
734.948000000 1.746172 -3.457459 0.000000 0.00000000 0.00000000 0.99986328 0.01653554
735.073000000 1.740496 -3.452625 0.000000 0.00000000 0.00000000 0.99994002 0.01095286
735.198000000 1.734684 -3.455720 0.000000 0.00000000 0.00000000 0.99998877 0.00473897
735.323000000 1.724251 -3.454535 0.000000 0.00000000 0.00000000 0.99999942 -0.00107777
735.448000000 1.721026 -3.456816 0.000000 0.00000000 0.00000000 0.99999406 -0.00344795
735.573000000 1.709550 -3.454114 0.000000 0.00000000 0.00000000 0.99999662 -0.00259946
735.698000000 1.707441 -3.455240 0.000000 0.00000000 0.00000000 0.99999700 -0.00244877
735.823000000 1.692915 -3.459487 0.000000 0.00000000 0.00000000 0.99999350 -0.00360516
735.948000000 1.685884 -3.457125 0.000000 0.00000000 0.00000000 0.99999476 -0.00323734
736.073000000 1.684664 -3.455149 0.000000 0.00000000 0.00000000 0.99999538 -0.00303816
736.198000000 1.675152 -3.455128 0.000000 0.00000000 0.00000000 0.99999200 -0.00399979
736.323000000 1.669121 -3.456039 0.000000 0.00000000 0.00000000 0.99999262 -0.00384132
736.448000000 1.660809 -3.457291 0.000000 0.00000000 0.00000000 0.99999060 -0.00433560
736.573000000 1.646262 -3.456711 0.000000 0.00000000 0.00000000 0.99999342 -0.00362812
736.698000000 1.646824 -3.457845 0.000000 0.00000000 0.00000000 0.99999501 -0.00316008
736.823000000 1.632603 -3.457497 0.000000 0.00000000 0.00000000 0.99999473 -0.00324571
736.948000000 1.627877 -3.455667 0.000000 0.00000000 0.00000000 0.99999733 -0.00231177
737.073000000 1.621550 -3.453733 0.000000 0.00000000 0.00000000 0.99999911 -0.00133547
737.198000000 1.617365 -3.453722 0.000000 0.00000000 0.00000000 0.99999878 -0.00156259
737.323000000 1.608845 -3.453072 0.000000 0.00000000 0.00000000 0.99999884 -0.00152178
737.448000000 1.599752 -3.456192 0.000000 0.00000000 0.00000000 0.99999833 -0.00182545
737.573000000 1.592373 -3.455055 0.000000 0.00000000 0.00000000 0.99999779 -0.00210136
737.698000000 1.581106 -3.454325 0.000000 0.00000000 0.00000000 0.99999921 -0.00126086
737.823000000 1.578779 -3.453410 0.000000 0.00000000 0.00000000 0.99999791 -0.00204521
737.948000000 1.567052 -3.452372 0.000000 0.00000000 0.00000000 0.99999846 -0.00175587
738.073000000 1.564614 -3.453653 0.000000 0.00000000 0.00000000 0.99999943 -0.00106905
738.198000000 1.553815 -3.452331 0.000000 0.00000000 0.00000000 0.99999955 -0.00094702
738.323000000 1.543404 -3.456348 0.000000 0.00000000 0.00000000 0.99999624 -0.00274158
738.448000000 1.534217 -3.451817 0.000000 0.00000000 0.00000000 0.99999954 -0.00095754
738.573000000 1.533328 -3.454726 0.000000 0.00000000 0.00000000 0.99999344 -0.00362338
738.698000000 1.527077 -3.454791 0.000000 0.00000000 0.00000000 0.99999145 -0.00413406
738.823000000 1.517855 -3.456534 0.000000 0.00000000 0.00000000 0.99999019 -0.00442980
738.948000000 1.511552 -3.454643 0.000000 0.00000000 0.00000000 0.99999564 -0.00295396
739.073000000 1.509819 -3.454113 0.000000 0.00000000 0.00000000 0.99999496 -0.00317472
739.198000000 1.496824 -3.453384 0.000000 0.00000000 0.00000000 0.99999594 -0.00285090
739.323000000 1.486292 -3.455746 0.000000 0.00000000 0.00000000 0.99999089 -0.00426852
739.448000000 1.486491 -3.456210 0.000000 0.00000000 0.00000000 0.99996208 -0.00870905
739.573000000 1.470590 -3.453064 0.000000 0.00000000 0.00000000 0.99989596 -0.01442430
739.698000000 1.467953 -3.455605 0.000000 0.00000000 0.00000000 0.99978459 -0.02075497
739.823000000 1.460214 -3.455733 0.000000 0.00000000 0.00000000 0.99963442 -0.02703751
739.948000000 1.447950 -3.456469 0.000000 0.00000000 0.00000000 0.99941641 -0.03415899
740.073000000 1.446002 -3.456161 0.000000 0.00000000 0.00000000 0.99920916 -0.03976259
740.198000000 1.438664 -3.457053 0.000000 0.00000000 0.00000000 0.99902402 -0.04417020
740.323000000 1.429972 -3.457707 0.000000 0.00000000 0.00000000 0.99897767 -0.04520643
740.448000000 1.424162 -3.457251 0.000000 0.00000000 0.00000000 0.99896869 -0.04540431
740.573000000 1.410127 -3.461387 0.000000 0.00000000 0.00000000 0.99892320 -0.04639445
740.698000000 1.400834 -3.463221 0.000000 0.00000000 0.00000000 0.99887446 -0.04743209
740.823000000 1.395279 -3.463015 0.000000 0.00000000 0.00000000 0.99884637 -0.04802016
740.948000000 1.384953 -3.461727 0.000000 0.00000000 0.00000000 0.99887702 -0.04737833
741.073000000 1.379279 -3.465093 0.000000 0.00000000 0.00000000 0.99887076 -0.04750997
741.198000000 1.374594 -3.465370 0.000000 0.00000000 0.00000000 0.99887640 -0.04739135
741.323000000 1.367847 -3.467469 0.000000 0.00000000 0.00000000 0.99891650 -0.04653834
741.448000000 1.356810 -3.469166 0.000000 0.00000000 0.00000000 0.99884657 -0.04801590
741.573000000 1.352336 -3.467147 0.000000 0.00000000 0.00000000 0.99889836 -0.04692622
741.698000000 1.343346 -3.467269 0.000000 0.00000000 0.00000000 0.99892637 -0.04632600
741.823000000 1.337418 -3.467689 0.000000 0.00000000 0.00000000 0.99891346 -0.04660370
741.948000000 1.330058 -3.471908 0.000000 0.00000000 0.00000000 0.99888178 -0.04727772
742.073000000 1.319055 -3.473067 0.000000 0.00000000 0.00000000 0.99886492 -0.04763271
742.198000000 1.311437 -3.473465 0.000000 0.00000000 0.00000000 0.99885916 -0.04775326
742.323000000 1.306091 -3.471815 0.000000 0.00000000 0.00000000 0.99887536 -0.04741317
742.448000000 1.299647 -3.471193 0.000000 0.00000000 0.00000000 0.99892456 -0.04636508
742.573000000 1.288907 -3.471496 0.000000 0.00000000 0.00000000 0.99908310 -0.04281315
742.698000000 1.281603 -3.478518 0.000000 0.00000000 0.00000000 0.99926656 -0.03829294
742.823000000 1.273133 -3.474078 0.000000 0.00000000 0.00000000 0.99954536 -0.03015099
742.948000000 1.261419 -3.479093 0.000000 0.00000000 0.00000000 0.99969119 -0.02485024
743.073000000 1.255876 -3.476849 0.000000 0.00000000 0.00000000 0.99981994 -0.01897578
743.198000000 1.246463 -3.480291 0.000000 0.00000000 0.00000000 0.99992068 -0.01259485
743.323000000 1.238688 -3.477729 0.000000 0.00000000 0.00000000 0.99998200 -0.00600077
743.448000000 1.232627 -3.477515 0.000000 0.00000000 0.00000000 0.99999998 0.00019614
743.573000000 1.222780 -3.474521 0.000000 0.00000000 0.00000000 0.99997182 0.00750700
743.698000000 1.214734 -3.476506 0.000000 0.00000000 0.00000000 0.99993380 0.01150621
743.823000000 1.215171 -3.476416 0.000000 0.00000000 0.00000000 0.99991689 0.01289249
743.948000000 1.203913 -3.476910 0.000000 0.00000000 0.00000000 0.99992588 0.01217486
744.073000000 1.194707 -3.478251 0.000000 0.00000000 0.00000000 0.99997564 0.00698005
744.198000000 1.188008 -3.476497 0.000000 0.00000000 0.00000000 0.99999942 0.00107859
744.323000000 1.178499 -3.478910 0.000000 0.00000000 0.00000000 0.99998776 -0.00494800
744.448000000 1.178522 -3.478460 0.000000 0.00000000 0.00000000 0.99993087 -0.01175842
744.573000000 1.170778 -3.478830 0.000000 0.00000000 0.00000000 0.99983343 -0.01825156
744.698000000 1.169168 -3.476650 0.000000 0.00000000 0.00000000 0.99973684 -0.02294000
744.823000000 1.155483 -3.478661 0.000000 0.00000000 0.00000000 0.99954884 -0.03003539
744.948000000 1.151718 -3.480762 0.000000 0.00000000 0.00000000 0.99933054 -0.03658509
745.073000000 1.144968 -3.480420 0.000000 0.00000000 0.00000000 0.99907484 -0.04300548
745.198000000 1.136107 -3.480177 0.000000 0.00000000 0.00000000 0.99880072 -0.04896034
745.323000000 1.130352 -3.483136 0.000000 0.00000000 0.00000000 0.99853954 -0.05402588
745.448000000 1.121257 -3.484235 0.000000 0.00000000 0.00000000 0.99844101 -0.05581717
745.573000000 1.114585 -3.479142 0.000000 0.00000000 0.00000000 0.99851010 -0.05456728
745.698000000 1.105361 -3.483187 0.000000 0.00000000 0.00000000 0.99851116 -0.05454775
745.823000000 1.096525 -3.483955 0.000000 0.00000000 0.00000000 0.99848986 -0.05493624
745.948000000 1.091240 -3.486302 0.000000 0.00000000 0.00000000 0.99848533 -0.05501861
746.073000000 1.085019 -3.483691 0.000000 0.00000000 0.00000000 0.99849812 -0.05478600
746.198000000 1.078548 -3.486261 0.000000 0.00000000 0.00000000 0.99850233 -0.05470914
746.323000000 1.067367 -3.485719 0.000000 0.00000000 0.00000000 0.99851506 -0.05447632
746.448000000 1.063153 -3.488291 0.000000 0.00000000 0.00000000 0.99848607 -0.05500524
746.573000000 1.055028 -3.488890 0.000000 0.00000000 0.00000000 0.99849993 -0.05475292
746.698000000 1.045181 -3.487724 0.000000 0.00000000 0.00000000 0.99854758 -0.05387706
746.823000000 1.039360 -3.491673 0.000000 0.00000000 0.00000000 0.99848120 -0.05509353
746.948000000 1.032858 -3.488893 0.000000 0.00000000 0.00000000 0.99854294 -0.05396295
747.073000000 1.025075 -3.492108 0.000000 0.00000000 0.00000000 0.99849806 -0.05478709
747.198000000 1.014561 -3.491393 0.000000 0.00000000 0.00000000 0.99851590 -0.05446101
747.323000000 1.011428 -3.495481 0.000000 0.00000000 0.00000000 0.99844999 -0.05565633
747.448000000 1.000254 -3.493611 0.000000 0.00000000 0.00000000 0.99850124 -0.05472913
747.573000000 0.992100 -3.493664 0.000000 0.00000000 0.00000000 0.99850918 -0.05458405
747.698000000 0.985529 -3.494420 0.000000 0.00000000 0.00000000 0.99850066 -0.05473961
747.823000000 0.976067 -3.499729 0.000000 0.00000000 0.00000000 0.99844591 -0.05572933
747.948000000 0.969960 -3.499402 0.000000 0.00000000 0.00000000 0.99849433 -0.05485504
748.073000000 0.963785 -3.498341 0.000000 0.00000000 0.00000000 0.99849958 -0.05475941
748.198000000 0.954527 -3.497104 0.000000 0.00000000 0.00000000 0.99853399 -0.05412822
748.323000000 0.949910 -3.502179 0.000000 0.00000000 0.00000000 0.99845915 -0.05549168
748.448000000 0.944144 -3.502333 0.000000 0.00000000 0.00000000 0.99844985 -0.05565868
748.573000000 0.932852 -3.500472 0.000000 0.00000000 0.00000000 0.99850970 -0.05457453
748.698000000 0.924922 -3.506646 0.000000 0.00000000 0.00000000 0.99846149 -0.05544955
748.823000000 0.920883 -3.502668 0.000000 0.00000000 0.00000000 0.99851630 -0.05445368
748.948000000 0.910061 -3.504124 0.000000 0.00000000 0.00000000 0.99851214 -0.05452995
749.073000000 0.902619 -3.501195 0.000000 0.00000000 0.00000000 0.99852218 -0.05434572
749.198000000 0.894013 -3.506585 0.000000 0.00000000 0.00000000 0.99847438 -0.05521688
749.323000000 0.885769 -3.508831 0.000000 0.00000000 0.00000000 0.99846576 -0.05537267
749.448000000 0.879435 -3.505732 0.000000 0.00000000 0.00000000 0.99851649 -0.05445014
749.573000000 0.872345 -3.509730 0.000000 0.00000000 0.00000000 0.99846186 -0.05544297
749.698000000 0.865510 -3.508315 0.000000 0.00000000 0.00000000 0.99849395 -0.05486194
749.823000000 0.859815 -3.512041 0.000000 0.00000000 0.00000000 0.99846330 -0.05541687
749.948000000 0.854166 -3.508534 0.000000 0.00000000 0.00000000 0.99851119 -0.05454720
750.073000000 0.839075 -3.510566 0.000000 0.00000000 0.00000000 0.99850055 -0.05474166
750.198000000 0.831651 -3.512287 0.000000 0.00000000 0.00000000 0.99851238 -0.05452540
750.323000000 0.829935 -3.511926 0.000000 0.00000000 0.00000000 0.99850153 -0.05472381
750.448000000 0.819811 -3.513193 0.000000 0.00000000 0.00000000 0.99847366 -0.05522997
750.573000000 0.811281 -3.516959 0.000000 0.00000000 0.00000000 0.99846220 -0.05543683
750.698000000 0.807199 -3.515097 0.000000 0.00000000 0.00000000 0.99846603 -0.05536772
750.823000000 0.797736 -3.516499 0.000000 0.00000000 0.00000000 0.99849427 -0.05485605
750.948000000 0.793079 -3.520360 0.000000 0.00000000 0.00000000 0.99844246 -0.05579117
751.073000000 0.781041 -3.519031 0.000000 0.00000000 0.00000000 0.99846989 -0.05529800
751.198000000 0.771189 -3.515705 0.000000 0.00000000 0.00000000 0.99850315 -0.05469415
751.323000000 0.766226 -3.518965 0.000000 0.00000000 0.00000000 0.99848392 -0.05504422
751.448000000 0.761505 -3.517893 0.000000 0.00000000 0.00000000 0.99851645 -0.05445083
751.573000000 0.746562 -3.520383 0.000000 0.00000000 0.00000000 0.99847751 -0.05516042
751.698000000 0.743747 -3.523103 0.000000 0.00000000 0.00000000 0.99846021 -0.05547257
751.823000000 0.738303 -3.521509 0.000000 0.00000000 0.00000000 0.99847188 -0.05526221
751.948000000 0.732735 -3.523102 0.000000 0.00000000 0.00000000 0.99846008 -0.05547501
752.073000000 0.718398 -3.527741 0.000000 0.00000000 0.00000000 0.99844388 -0.05576566
752.198000000 0.714764 -3.527409 0.000000 0.00000000 0.00000000 0.99844511 -0.05574375
752.323000000 0.705826 -3.526853 0.000000 0.00000000 0.00000000 0.99843467 -0.05593041
752.448000000 0.700420 -3.526126 0.000000 0.00000000 0.00000000 0.99842671 -0.05607231
752.573000000 0.694909 -3.525320 0.000000 0.00000000 0.00000000 0.99851038 -0.05456205
752.698000000 0.683548 -3.524948 0.000000 0.00000000 0.00000000 0.99852849 -0.05422973
752.823000000 0.674667 -3.530310 0.000000 0.00000000 0.00000000 0.99847587 -0.05518999
752.948000000 0.667025 -3.530665 0.000000 0.00000000 0.00000000 0.99850861 -0.05459444
753.073000000 0.661415 -3.531094 0.000000 0.00000000 0.00000000 0.99851519 -0.05447401
753.198000000 0.652725 -3.531188 0.000000 0.00000000 0.00000000 0.99852609 -0.05427379
753.323000000 0.650010 -3.534322 0.000000 0.00000000 0.00000000 0.99850185 -0.05471790
753.448000000 0.637800 -3.533953 0.000000 0.00000000 0.00000000 0.99849702 -0.05480608
753.573000000 0.628679 -3.533799 0.000000 0.00000000 0.00000000 0.99852564 -0.05428205
753.698000000 0.623859 -3.536453 0.000000 0.00000000 0.00000000 0.99849842 -0.05478047
753.823000000 0.617290 -3.536096 0.000000 0.00000000 0.00000000 0.99847645 -0.05517942
753.948000000 0.610915 -3.537857 0.000000 0.00000000 0.00000000 0.99852442 -0.05430446
754.073000000 0.602721 -3.536367 0.000000 0.00000000 0.00000000 0.99851600 -0.05445921
754.198000000 0.595243 -3.539011 0.000000 0.00000000 0.00000000 0.99851453 -0.05448603
754.323000000 0.586371 -3.537235 0.000000 0.00000000 0.00000000 0.99850982 -0.05457242
754.448000000 0.578574 -3.538491 0.000000 0.00000000 0.00000000 0.99849246 -0.05488898
754.573000000 0.569132 -3.543554 0.000000 0.00000000 0.00000000 0.99849185 -0.05490022
754.698000000 0.563472 -3.538518 0.000000 0.00000000 0.00000000 0.99876800 -0.04962334
754.823000000 0.550110 -3.545394 0.000000 0.00000000 0.00000000 0.99898763 -0.04498578
754.948000000 0.549407 -3.545903 0.000000 0.00000000 0.00000000 0.99926569 -0.03831552
755.073000000 0.537385 -3.540919 0.000000 0.00000000 0.00000000 0.99950474 -0.03146859
755.198000000 0.531698 -3.545459 0.000000 0.00000000 0.00000000 0.99967201 -0.02561013
755.323000000 0.526340 -3.545683 0.000000 0.00000000 0.00000000 0.99982105 -0.01891753
755.448000000 0.517008 -3.545463 0.000000 0.00000000 0.00000000 0.99991249 -0.01322933
755.573000000 0.510341 -3.544922 0.000000 0.00000000 0.00000000 0.99997591 -0.00694160
755.698000000 0.500832 -3.546595 0.000000 0.00000000 0.00000000 0.99999997 -0.00024799
755.823000000 0.493669 -3.544875 0.000000 0.00000000 0.00000000 0.99997903 0.00647675
755.948000000 0.487287 -3.544023 0.000000 0.00000000 0.00000000 0.99992669 0.01210807
756.073000000 0.478216 -3.546942 0.000000 0.00000000 0.00000000 0.99983707 0.01805110
756.198000000 0.473337 -3.544678 0.000000 0.00000000 0.00000000 0.99970028 0.02448155
756.323000000 0.464955 -3.548007 0.000000 0.00000000 0.00000000 0.99954952 0.03001250
756.448000000 0.458250 -3.543110 0.000000 0.00000000 0.00000000 0.99930513 0.03727264
756.573000000 0.446026 -3.538688 0.000000 0.00000000 0.00000000 0.99908106 0.04286071
756.698000000 0.436596 -3.542658 0.000000 0.00000000 0.00000000 0.99880746 0.04882278
756.823000000 0.432291 -3.539544 0.000000 0.00000000 0.00000000 0.99847943 0.05512556
756.948000000 0.422960 -3.540372 0.000000 0.00000000 0.00000000 0.99813100 0.06111058
757.073000000 0.417631 -3.541206 0.000000 0.00000000 0.00000000 0.99773966 0.06719801
757.198000000 0.407910 -3.538489 0.000000 0.00000000 0.00000000 0.99730901 0.07331261
757.323000000 0.400581 -3.537759 0.000000 0.00000000 0.00000000 0.99686431 0.07912996
757.448000000 0.392039 -3.537912 0.000000 0.00000000 0.00000000 0.99630595 0.08587462
757.573000000 0.384250 -3.537533 0.000000 0.00000000 0.00000000 0.99580083 0.09154622
757.698000000 0.377114 -3.536740 0.000000 0.00000000 0.00000000 0.99522691 0.09758793
757.823000000 0.371004 -3.530074 0.000000 0.00000000 0.00000000 0.99449221 0.10481055
757.948000000 0.362636 -3.532555 0.000000 0.00000000 0.00000000 0.99389001 0.11037500
758.073000000 0.356308 -3.530295 0.000000 0.00000000 0.00000000 0.99315987 0.11676250
758.198000000 0.349603 -3.529149 0.000000 0.00000000 0.00000000 0.99245508 0.12260879
758.323000000 0.341346 -3.528346 0.000000 0.00000000 0.00000000 0.99170577 0.12852886
758.448000000 0.333828 -3.523939 0.000000 0.00000000 0.00000000 0.99085836 0.13490627
758.573000000 0.328631 -3.521897 0.000000 0.00000000 0.00000000 0.98988243 0.14189002
758.698000000 0.325693 -3.518147 0.000000 0.00000000 0.00000000 0.98892048 0.14844624
758.823000000 0.317305 -3.514097 0.000000 0.00000000 0.00000000 0.98793512 0.15486832
758.948000000 0.307516 -3.514051 0.000000 0.00000000 0.00000000 0.98704916 0.16041809
759.073000000 0.302889 -3.507760 0.000000 0.00000000 0.00000000 0.98588382 0.16743087
759.198000000 0.295082 -3.508902 0.000000 0.00000000 0.00000000 0.98491429 0.17304290
759.323000000 0.286868 -3.504838 0.000000 0.00000000 0.00000000 0.98380253 0.17925562
759.448000000 0.277008 -3.501842 0.000000 0.00000000 0.00000000 0.98273261 0.18503138
759.573000000 0.271857 -3.497908 0.000000 0.00000000 0.00000000 0.98141789 0.19188257
759.698000000 0.268648 -3.496119 0.000000 0.00000000 0.00000000 0.97966339 0.20064806
759.823000000 0.263000 -3.496911 0.000000 0.00000000 0.00000000 0.97730608 0.21183207
759.948000000 0.256394 -3.491371 0.000000 0.00000000 0.00000000 0.97441489 0.22475680
760.073000000 0.243963 -3.487046 0.000000 0.00000000 0.00000000 0.97154049 0.23687355
760.198000000 0.241224 -3.482183 0.000000 0.00000000 0.00000000 0.96857281 0.24873021
760.323000000 0.235385 -3.476144 0.000000 0.00000000 0.00000000 0.96514300 0.26172310
760.448000000 0.229902 -3.471702 0.000000 0.00000000 0.00000000 0.96189334 0.27342496
760.573000000 0.217414 -3.469641 0.000000 0.00000000 0.00000000 0.95812645 0.28634544
760.698000000 0.211739 -3.464620 0.000000 0.00000000 0.00000000 0.95427719 0.29892314
760.823000000 0.204817 -3.458040 0.000000 0.00000000 0.00000000 0.95056187 0.31053523
760.948000000 0.198451 -3.457599 0.000000 0.00000000 0.00000000 0.94666636 0.32221545
761.073000000 0.193621 -3.449164 0.000000 0.00000000 0.00000000 0.94239818 0.33449314
761.198000000 0.190605 -3.446301 0.000000 0.00000000 0.00000000 0.93842375 0.34548641
761.323000000 0.185109 -3.439741 0.000000 0.00000000 0.00000000 0.93392176 0.35747748
761.448000000 0.178535 -3.435716 0.000000 0.00000000 0.00000000 0.92949999 0.36882213
761.573000000 0.175200 -3.431140 0.000000 0.00000000 0.00000000 0.92497717 0.38002267
761.698000000 0.174304 -3.427243 0.000000 0.00000000 0.00000000 0.92017411 0.39150940
761.823000000 0.170744 -3.424181 0.000000 0.00000000 0.00000000 0.91576143 0.40172254
761.948000000 0.165624 -3.414463 0.000000 0.00000000 0.00000000 0.91012268 0.41433888
762.073000000 0.155392 -3.408585 0.000000 0.00000000 0.00000000 0.90467360 0.42610523
762.198000000 0.155315 -3.407890 0.000000 0.00000000 0.00000000 0.90004198 0.43580320
762.323000000 0.148497 -3.403361 0.000000 0.00000000 0.00000000 0.89466722 0.44673322
762.448000000 0.145850 -3.392943 0.000000 0.00000000 0.00000000 0.88873816 0.45841519
762.573000000 0.141301 -3.386917 0.000000 0.00000000 0.00000000 0.88238939 0.47051988
762.698000000 0.136436 -3.380559 0.000000 0.00000000 0.00000000 0.87651100 0.48138183
762.823000000 0.133283 -3.373947 0.000000 0.00000000 0.00000000 0.87052560 0.49212313
762.948000000 0.129303 -3.364960 0.000000 0.00000000 0.00000000 0.86396882 0.50354531
763.073000000 0.127105 -3.358550 0.000000 0.00000000 0.00000000 0.85980918 0.51061549
763.198000000 0.123158 -3.356264 0.000000 0.00000000 0.00000000 0.85743139 0.51459830
763.323000000 0.118809 -3.346323 0.000000 0.00000000 0.00000000 0.85357238 0.52097427
763.448000000 0.114900 -3.342137 0.000000 0.00000000 0.00000000 0.85088271 0.52535570
763.573000000 0.115580 -3.334672 0.000000 0.00000000 0.00000000 0.84751685 0.53076849
763.698000000 0.111073 -3.327403 0.000000 0.00000000 0.00000000 0.84437452 0.53575337
763.823000000 0.110274 -3.319433 0.000000 0.00000000 0.00000000 0.84089882 0.54119236
763.948000000 0.105016 -3.314625 0.000000 0.00000000 0.00000000 0.83746563 0.54649000
764.073000000 0.102837 -3.307619 0.000000 0.00000000 0.00000000 0.83630305 0.54826746
764.198000000 0.098037 -3.301328 0.000000 0.00000000 0.00000000 0.83657579 0.54785120
764.323000000 0.095447 -3.291873 0.000000 0.00000000 0.00000000 0.83657726 0.54784896
764.448000000 0.092898 -3.283526 0.000000 0.00000000 0.00000000 0.83646260 0.54802402
764.573000000 0.089801 -3.281159 0.000000 0.00000000 0.00000000 0.83692689 0.54731470
764.698000000 0.090439 -3.272128 0.000000 0.00000000 0.00000000 0.83667630 0.54769769
764.823000000 0.087376 -3.265422 0.000000 0.00000000 0.00000000 0.83457313 0.55089718
764.948000000 0.080652 -3.256344 0.000000 0.00000000 0.00000000 0.83066912 0.55676639
765.073000000 0.075650 -3.256506 0.000000 0.00000000 0.00000000 0.82755268 0.56138807
765.198000000 0.075080 -3.248008 0.000000 0.00000000 0.00000000 0.82422853 0.56625730
765.323000000 0.073043 -3.237787 0.000000 0.00000000 0.00000000 0.82008838 0.57223688
765.448000000 0.070661 -3.234611 0.000000 0.00000000 0.00000000 0.81726590 0.57626075
765.573000000 0.067312 -3.222211 0.000000 0.00000000 0.00000000 0.81262195 0.58279119
765.698000000 0.066492 -3.218552 0.000000 0.00000000 0.00000000 0.80955473 0.58704440
765.823000000 0.063421 -3.212087 0.000000 0.00000000 0.00000000 0.80599413 0.59192353
765.948000000 0.061024 -3.204317 0.000000 0.00000000 0.00000000 0.80186071 0.59751100
766.073000000 0.061333 -3.200440 0.000000 0.00000000 0.00000000 0.79884894 0.60153169
766.198000000 0.060350 -3.190242 0.000000 0.00000000 0.00000000 0.79442585 0.60736116
766.323000000 0.053570 -3.181313 0.000000 0.00000000 0.00000000 0.79053951 0.61241105
766.448000000 0.054765 -3.176210 0.000000 0.00000000 0.00000000 0.78710297 0.61682162
766.573000000 0.051311 -3.170104 0.000000 0.00000000 0.00000000 0.78394827 0.62082615
766.698000000 0.052294 -3.156669 0.000000 0.00000000 0.00000000 0.77912537 0.62686813
766.823000000 0.050391 -3.153586 0.000000 0.00000000 0.00000000 0.77810402 0.62813544
766.948000000 0.050599 -3.144096 0.000000 0.00000000 0.00000000 0.77813599 0.62809583
767.073000000 0.049498 -3.136863 0.000000 0.00000000 0.00000000 0.77843310 0.62772758
767.198000000 0.044677 -3.125511 0.000000 0.00000000 0.00000000 0.77803205 0.62822458
767.323000000 0.044746 -3.120918 0.000000 0.00000000 0.00000000 0.77819654 0.62802082
767.448000000 0.042306 -3.113402 0.000000 0.00000000 0.00000000 0.77808061 0.62816444
767.573000000 0.041422 -3.108161 0.000000 0.00000000 0.00000000 0.77847650 0.62767375
767.698000000 0.038658 -3.103347 0.000000 0.00000000 0.00000000 0.77843533 0.62772481
767.823000000 0.040892 -3.089586 0.000000 0.00000000 0.00000000 0.77821601 0.62799670
767.948000000 0.037323 -3.085224 0.000000 0.00000000 0.00000000 0.77837375 0.62780117
768.073000000 0.035733 -3.081325 0.000000 0.00000000 0.00000000 0.77852763 0.62761033
768.198000000 0.031944 -3.075840 0.000000 0.00000000 0.00000000 0.77839811 0.62777097
768.323000000 0.030816 -3.062793 0.000000 0.00000000 0.00000000 0.77826861 0.62793150
768.448000000 0.030208 -3.049852 0.000000 0.00000000 0.00000000 0.77870254 0.62739330
768.573000000 0.026063 -3.048861 0.000000 0.00000000 0.00000000 0.77820130 0.62801492
768.698000000 0.025805 -3.043783 0.000000 0.00000000 0.00000000 0.77801168 0.62824981
768.823000000 0.022867 -3.039590 0.000000 0.00000000 0.00000000 0.77844712 0.62771019
768.948000000 0.023147 -3.030989 0.000000 0.00000000 0.00000000 0.77816788 0.62805632
769.073000000 0.022094 -3.019479 0.000000 0.00000000 0.00000000 0.77775126 0.62857217
769.198000000 0.017617 -3.019572 0.000000 0.00000000 0.00000000 0.77875131 0.62733276
769.323000000 0.015125 -3.008517 0.000000 0.00000000 0.00000000 0.77840270 0.62776527
769.448000000 0.015955 -3.000649 0.000000 0.00000000 0.00000000 0.77849357 0.62765258
769.573000000 0.014833 -2.992073 0.000000 0.00000000 0.00000000 0.77937657 0.62655579
769.698000000 0.013311 -2.985815 0.000000 0.00000000 0.00000000 0.77887220 0.62718267
769.823000000 0.011177 -2.979146 0.000000 0.00000000 0.00000000 0.77864761 0.62746148
769.948000000 0.006825 -2.969780 0.000000 0.00000000 0.00000000 0.77779559 0.62851732
770.073000000 0.005537 -2.963866 0.000000 0.00000000 0.00000000 0.77872882 0.62736068
770.198000000 0.005628 -2.956252 0.000000 0.00000000 0.00000000 0.77879861 0.62727404
770.323000000 0.000015 -2.953030 0.000000 0.00000000 0.00000000 0.77930994 0.62663867
770.448000000 0.003470 -2.943855 0.000000 0.00000000 0.00000000 0.77919740 0.62677860
770.573000000 -0.000737 -2.936537 0.000000 0.00000000 0.00000000 0.77861405 0.62750312
770.698000000 -0.003502 -2.925395 0.000000 0.00000000 0.00000000 0.77804062 0.62821398
770.823000000 -0.005184 -2.915633 0.000000 0.00000000 0.00000000 0.77774881 0.62857521
770.948000000 -0.007935 -2.913266 0.000000 0.00000000 0.00000000 0.77897090 0.62706007
771.073000000 -0.009857 -2.901192 0.000000 0.00000000 0.00000000 0.77831907 0.62786896
771.198000000 -0.010079 -2.901147 0.000000 0.00000000 0.00000000 0.77851518 0.62762577
771.323000000 -0.008223 -2.886450 0.000000 0.00000000 0.00000000 0.77791412 0.62837061
771.448000000 -0.012333 -2.885670 0.000000 0.00000000 0.00000000 0.77909900 0.62690091
771.573000000 -0.016459 -2.875192 0.000000 0.00000000 0.00000000 0.77829842 0.62789455
771.698000000 -0.015132 -2.864757 0.000000 0.00000000 0.00000000 0.77883129 0.62723347
771.823000000 -0.013549 -2.855934 0.000000 0.00000000 0.00000000 0.77858196 0.62754293
771.948000000 -0.020263 -2.848983 0.000000 0.00000000 0.00000000 0.77908515 0.62691812
772.073000000 -0.021056 -2.842691 0.000000 0.00000000 0.00000000 0.77942263 0.62649850
772.198000000 -0.022799 -2.837219 0.000000 0.00000000 0.00000000 0.78329573 0.62164926
772.323000000 -0.026887 -2.832893 0.000000 0.00000000 0.00000000 0.78743775 0.61639419
772.448000000 -0.029650 -2.825381 0.000000 0.00000000 0.00000000 0.79170199 0.61090749
772.573000000 -0.030775 -2.811808 0.000000 0.00000000 0.00000000 0.79483640 0.60682377
772.698000000 -0.030777 -2.809445 0.000000 0.00000000 0.00000000 0.79811248 0.60250848
772.823000000 -0.032729 -2.800468 0.000000 0.00000000 0.00000000 0.80202536 0.59728999
772.948000000 -0.032612 -2.795452 0.000000 0.00000000 0.00000000 0.80465848 0.59373793
773.073000000 -0.036387 -2.784488 0.000000 0.00000000 0.00000000 0.80839719 0.58863739
773.198000000 -0.039398 -2.779842 0.000000 0.00000000 0.00000000 0.81248997 0.58297517
773.323000000 -0.040667 -2.768165 0.000000 0.00000000 0.00000000 0.81604134 0.57799354
773.448000000 -0.050540 -2.765698 0.000000 0.00000000 0.00000000 0.82016903 0.57212128
773.573000000 -0.050343 -2.755357 0.000000 0.00000000 0.00000000 0.82311415 0.56787595
773.698000000 -0.056431 -2.752613 0.000000 0.00000000 0.00000000 0.82339936 0.56746233
773.823000000 -0.052678 -2.743438 0.000000 0.00000000 0.00000000 0.82282748 0.56829124
773.948000000 -0.053987 -2.730549 0.000000 0.00000000 0.00000000 0.82241830 0.56888324
774.073000000 -0.054777 -2.730463 0.000000 0.00000000 0.00000000 0.82253182 0.56871909
774.198000000 -0.060697 -2.720612 0.000000 0.00000000 0.00000000 0.82149231 0.57021959
774.323000000 -0.065587 -2.711567 0.000000 0.00000000 0.00000000 0.81676137 0.57697561
774.448000000 -0.063367 -2.708863 0.000000 0.00000000 0.00000000 0.81053916 0.58568444
774.573000000 -0.063833 -2.702967 0.000000 0.00000000 0.00000000 0.80359920 0.59517084
774.698000000 -0.071365 -2.690344 0.000000 0.00000000 0.00000000 0.79648390 0.60465974
774.823000000 -0.071831 -2.685347 0.000000 0.00000000 0.00000000 0.78798857 0.61568987
774.948000000 -0.074190 -2.677914 0.000000 0.00000000 0.00000000 0.78085789 0.62470870
775.073000000 -0.076984 -2.674692 0.000000 0.00000000 0.00000000 0.77469313 0.63233737
775.198000000 -0.073918 -2.663910 0.000000 0.00000000 0.00000000 0.77220811 0.63536968
775.323000000 -0.075292 -2.663933 0.000000 0.00000000 0.00000000 0.76755334 0.64098507
775.448000000 -0.078558 -2.652982 0.000000 0.00000000 0.00000000 0.76236292 0.64714973
775.573000000 -0.079703 -2.644541 0.000000 0.00000000 0.00000000 0.76018679 0.64970459
775.698000000 -0.078905 -2.636968 0.000000 0.00000000 0.00000000 0.75478068 0.65597723
775.823000000 -0.083929 -2.621335 0.000000 0.00000000 0.00000000 0.75117034 0.66010842
775.948000000 -0.081489 -2.621292 0.000000 0.00000000 0.00000000 0.74834695 0.66330750
776.073000000 -0.085226 -2.619141 0.000000 0.00000000 0.00000000 0.75038028 0.66100638
776.198000000 -0.082036 -2.603942 0.000000 0.00000000 0.00000000 0.74954565 0.66195266
776.323000000 -0.086687 -2.596666 0.000000 0.00000000 0.00000000 0.74841256 0.66323348
776.448000000 -0.087722 -2.588303 0.000000 0.00000000 0.00000000 0.74775034 0.66397999
776.573000000 -0.083040 -2.581688 0.000000 0.00000000 0.00000000 0.74775215 0.66397795
776.698000000 -0.086320 -2.575306 0.000000 0.00000000 0.00000000 0.74729436 0.66449315
776.823000000 -0.086492 -2.566967 0.000000 0.00000000 0.00000000 0.74677166 0.66508051
776.948000000 -0.085408 -2.565092 0.000000 0.00000000 0.00000000 0.74878535 0.66281257
777.073000000 -0.088343 -2.550238 0.000000 0.00000000 0.00000000 0.74755001 0.66420552
777.198000000 -0.091372 -2.543705 0.000000 0.00000000 0.00000000 0.74743796 0.66433161
777.323000000 -0.089734 -2.539778 0.000000 0.00000000 0.00000000 0.74728120 0.66450795
777.448000000 -0.091422 -2.531542 0.000000 0.00000000 0.00000000 0.74756613 0.66418738
777.573000000 -0.093134 -2.525810 0.000000 0.00000000 0.00000000 0.74794431 0.66376149
777.698000000 -0.093753 -2.520528 0.000000 0.00000000 0.00000000 0.74790052 0.66381082
777.823000000 -0.081787 -2.507280 0.000000 0.00000000 0.00000000 0.74764554 0.66409800
777.948000000 -0.087329 -2.501555 0.000000 0.00000000 0.00000000 0.74755028 0.66420522
778.073000000 -0.093940 -2.499411 0.000000 0.00000000 0.00000000 0.74825797 0.66340788
778.198000000 -0.095305 -2.492851 0.000000 0.00000000 0.00000000 0.74852907 0.66310198
778.323000000 -0.097908 -2.479772 0.000000 0.00000000 0.00000000 0.74766607 0.66407488
778.448000000 -0.093380 -2.481733 0.000000 0.00000000 0.00000000 0.74853347 0.66309701
778.573000000 -0.098147 -2.468899 0.000000 0.00000000 0.00000000 0.74766418 0.66407701
778.698000000 -0.099532 -2.460191 0.000000 0.00000000 0.00000000 0.74741272 0.66436001
778.823000000 -0.099166 -2.451919 0.000000 0.00000000 0.00000000 0.74743418 0.66433587
778.948000000 -0.104555 -2.445134 0.000000 0.00000000 0.00000000 0.74744623 0.66432232
779.073000000 -0.101993 -2.433424 0.000000 0.00000000 0.00000000 0.74760787 0.66414040
779.198000000 -0.102615 -2.426781 0.000000 0.00000000 0.00000000 0.74761115 0.66413671
779.323000000 -0.104342 -2.421577 0.000000 0.00000000 0.00000000 0.74797244 0.66372979
779.448000000 -0.101478 -2.411074 0.000000 0.00000000 0.00000000 0.74736357 0.66441530
779.573000000 -0.104820 -2.400838 0.000000 0.00000000 0.00000000 0.74752702 0.66423140
779.698000000 -0.108542 -2.396637 0.000000 0.00000000 0.00000000 0.74759745 0.66415213
779.823000000 -0.108888 -2.390689 0.000000 0.00000000 0.00000000 0.74819362 0.66348045
779.948000000 -0.108292 -2.382039 0.000000 0.00000000 0.00000000 0.74801705 0.66367951
780.073000000 -0.108069 -2.378740 0.000000 0.00000000 0.00000000 0.74786147 0.66385482
780.198000000 -0.107380 -2.371099 0.000000 0.00000000 0.00000000 0.74822789 0.66344181
780.323000000 -0.110185 -2.363834 0.000000 0.00000000 0.00000000 0.74822718 0.66344261
780.448000000 -0.113484 -2.357616 0.000000 0.00000000 0.00000000 0.74804771 0.66364495
780.573000000 -0.115469 -2.346982 0.000000 0.00000000 0.00000000 0.74796455 0.66373867
780.698000000 -0.116528 -2.341959 0.000000 0.00000000 0.00000000 0.74797927 0.66372209
780.823000000 -0.115908 -2.335670 0.000000 0.00000000 0.00000000 0.74792988 0.66377775
780.948000000 -0.114410 -2.323952 0.000000 0.00000000 0.00000000 0.74787922 0.66383483
781.073000000 -0.122092 -2.318053 0.000000 0.00000000 0.00000000 0.74810003 0.66358597
781.198000000 -0.117959 -2.310644 0.000000 0.00000000 0.00000000 0.74784093 0.66387796
781.323000000 -0.118268 -2.302475 0.000000 0.00000000 0.00000000 0.74782644 0.66389428
781.448000000 -0.121516 -2.298015 0.000000 0.00000000 0.00000000 0.74806905 0.66362090
781.573000000 -0.120173 -2.289826 0.000000 0.00000000 0.00000000 0.74814512 0.66353514
781.698000000 -0.117366 -2.279272 0.000000 0.00000000 0.00000000 0.75073880 0.66059916
781.823000000 -0.121458 -2.272753 0.000000 0.00000000 0.00000000 0.75551860 0.65512720
781.948000000 -0.125160 -2.266179 0.000000 0.00000000 0.00000000 0.75956165 0.65043532
782.073000000 -0.123818 -2.257651 0.000000 0.00000000 0.00000000 0.76365181 0.64562830
782.198000000 -0.126809 -2.250741 0.000000 0.00000000 0.00000000 0.76743414 0.64112779
782.323000000 -0.127104 -2.244059 0.000000 0.00000000 0.00000000 0.77151564 0.63621036
782.448000000 -0.128510 -2.235221 0.000000 0.00000000 0.00000000 0.77585346 0.63091316
782.573000000 -0.130727 -2.225504 0.000000 0.00000000 0.00000000 0.77921269 0.62675959
782.698000000 -0.131147 -2.220118 0.000000 0.00000000 0.00000000 0.78339857 0.62151966
782.823000000 -0.132588 -2.214906 0.000000 0.00000000 0.00000000 0.78716329 0.61674464
782.948000000 -0.134888 -2.204858 0.000000 0.00000000 0.00000000 0.79088523 0.61196450
783.073000000 -0.134422 -2.198990 0.000000 0.00000000 0.00000000 0.79467596 0.60703387
783.198000000 -0.141006 -2.191461 0.000000 0.00000000 0.00000000 0.79865758 0.60178574
783.323000000 -0.143753 -2.187094 0.000000 0.00000000 0.00000000 0.80214544 0.59712871
783.448000000 -0.142279 -2.174241 0.000000 0.00000000 0.00000000 0.80604614 0.59185270
783.573000000 -0.146993 -2.171018 0.000000 0.00000000 0.00000000 0.80943563 0.58720862
783.698000000 -0.150683 -2.162914 0.000000 0.00000000 0.00000000 0.81312394 0.58209060
783.823000000 -0.151503 -2.155741 0.000000 0.00000000 0.00000000 0.81666593 0.57711071
783.948000000 -0.152188 -2.149985 0.000000 0.00000000 0.00000000 0.82023092 0.57203254
784.073000000 -0.155187 -2.141360 0.000000 0.00000000 0.00000000 0.82412455 0.56640862
784.198000000 -0.163488 -2.134257 0.000000 0.00000000 0.00000000 0.82767742 0.56120414
784.323000000 -0.158487 -2.128482 0.000000 0.00000000 0.00000000 0.83097451 0.55631049
784.448000000 -0.159748 -2.118532 0.000000 0.00000000 0.00000000 0.83417313 0.55150267
784.573000000 -0.167526 -2.112824 0.000000 0.00000000 0.00000000 0.83743681 0.54653416
784.698000000 -0.168299 -2.104187 0.000000 0.00000000 0.00000000 0.84116487 0.54077875
784.823000000 -0.171398 -2.099328 0.000000 0.00000000 0.00000000 0.84467094 0.53528590
784.948000000 -0.170539 -2.092112 0.000000 0.00000000 0.00000000 0.84775475 0.53038844
785.073000000 -0.178798 -2.082081 0.000000 0.00000000 0.00000000 0.85130221 0.52467567
785.198000000 -0.183125 -2.080060 0.000000 0.00000000 0.00000000 0.85421428 0.51992112
785.323000000 -0.184125 -2.072702 0.000000 0.00000000 0.00000000 0.85754785 0.51440420
785.448000000 -0.189353 -2.063645 0.000000 0.00000000 0.00000000 0.86076287 0.50900616
785.573000000 -0.194555 -2.061308 0.000000 0.00000000 0.00000000 0.86403419 0.50343313
785.698000000 -0.197115 -2.052427 0.000000 0.00000000 0.00000000 0.86747687 0.49747752
785.823000000 -0.199138 -2.047795 0.000000 0.00000000 0.00000000 0.87043540 0.49228265
785.948000000 -0.202465 -2.042758 0.000000 0.00000000 0.00000000 0.87328846 0.48720351
786.073000000 -0.208352 -2.034843 0.000000 0.00000000 0.00000000 0.87633516 0.48170187
786.198000000 -0.212096 -2.030577 0.000000 0.00000000 0.00000000 0.87915116 0.47654301
786.323000000 -0.213407 -2.022413 0.000000 0.00000000 0.00000000 0.88239077 0.47051730
786.448000000 -0.217831 -2.016067 0.000000 0.00000000 0.00000000 0.88418332 0.46714008
786.573000000 -0.223556 -2.009121 0.000000 0.00000000 0.00000000 0.88455691 0.46643227
786.698000000 -0.232345 -1.999387 0.000000 0.00000000 0.00000000 0.88519834 0.46521381
786.823000000 -0.233226 -1.997098 0.000000 0.00000000 0.00000000 0.88473596 0.46609258
786.948000000 -0.239237 -1.991666 0.000000 0.00000000 0.00000000 0.88484713 0.46588148
787.073000000 -0.246967 -1.986130 0.000000 0.00000000 0.00000000 0.88486191 0.46585341
787.198000000 -0.246604 -1.980273 0.000000 0.00000000 0.00000000 0.88493531 0.46571396
787.323000000 -0.252335 -1.972268 0.000000 0.00000000 0.00000000 0.88490112 0.46577892
787.448000000 -0.252714 -1.968824 0.000000 0.00000000 0.00000000 0.88492920 0.46572557
787.573000000 -0.264003 -1.960000 0.000000 0.00000000 0.00000000 0.88486840 0.46584108
787.698000000 -0.265423 -1.953204 0.000000 0.00000000 0.00000000 0.88443351 0.46666623
787.823000000 -0.267806 -1.945140 0.000000 0.00000000 0.00000000 0.88497488 0.46563877
787.948000000 -0.270311 -1.935671 0.000000 0.00000000 0.00000000 0.88490405 0.46577336
788.073000000 -0.277055 -1.928860 0.000000 0.00000000 0.00000000 0.88494875 0.46568842
788.198000000 -0.280740 -1.924924 0.000000 0.00000000 0.00000000 0.88491527 0.46575205
788.323000000 -0.283517 -1.920775 0.000000 0.00000000 0.00000000 0.88476539 0.46603670
788.448000000 -0.283357 -1.918784 0.000000 0.00000000 0.00000000 0.88443831 0.46665714
788.573000000 -0.288257 -1.910917 0.000000 0.00000000 0.00000000 0.88450058 0.46653909
788.698000000 -0.295098 -1.906933 0.000000 0.00000000 0.00000000 0.88454339 0.46645792
788.823000000 -0.301392 -1.901879 0.000000 0.00000000 0.00000000 0.88439060 0.46674755
788.948000000 -0.308694 -1.889587 0.000000 0.00000000 0.00000000 0.88472495 0.46611347
789.073000000 -0.311683 -1.881796 0.000000 0.00000000 0.00000000 0.88516155 0.46528381
789.198000000 -0.310363 -1.877821 0.000000 0.00000000 0.00000000 0.88495947 0.46566805
789.323000000 -0.318438 -1.869286 0.000000 0.00000000 0.00000000 0.88497387 0.46564069
789.448000000 -0.318121 -1.865999 0.000000 0.00000000 0.00000000 0.88480188 0.46596742
789.573000000 -0.326781 -1.861358 0.000000 0.00000000 0.00000000 0.88436895 0.46678855
789.698000000 -0.334003 -1.855841 0.000000 0.00000000 0.00000000 0.88452264 0.46649727
789.823000000 -0.340205 -1.851270 0.000000 0.00000000 0.00000000 0.88460989 0.46633179
789.948000000 -0.341849 -1.844553 0.000000 0.00000000 0.00000000 0.88449010 0.46655897
790.073000000 -0.341940 -1.836919 0.000000 0.00000000 0.00000000 0.88448509 0.46656846
790.198000000 -0.341328 -1.825682 0.000000 0.00000000 0.00000000 0.88500019 0.46559066
790.323000000 -0.347798 -1.824744 0.000000 0.00000000 0.00000000 0.88462197 0.46630888
790.448000000 -0.350219 -1.815118 0.000000 0.00000000 0.00000000 0.88462903 0.46629549
790.573000000 -0.359708 -1.810074 0.000000 0.00000000 0.00000000 0.88480116 0.46596877
790.698000000 -0.364999 -1.804954 0.000000 0.00000000 0.00000000 0.88516494 0.46527737
790.823000000 -0.364501 -1.798555 0.000000 0.00000000 0.00000000 0.88471634 0.46612981
790.948000000 -0.374728 -1.797487 0.000000 0.00000000 0.00000000 0.88428304 0.46695129
791.073000000 -0.377737 -1.792315 0.000000 0.00000000 0.00000000 0.88432902 0.46686421
791.198000000 -0.378947 -1.782040 0.000000 0.00000000 0.00000000 0.88430965 0.46690088
791.323000000 -0.379882 -1.778646 0.000000 0.00000000 0.00000000 0.88436719 0.46679190
791.448000000 -0.384602 -1.768415 0.000000 0.00000000 0.00000000 0.88487576 0.46582710
791.573000000 -0.392742 -1.759623 0.000000 0.00000000 0.00000000 0.88441435 0.46670253
791.698000000 -0.398880 -1.756330 0.000000 0.00000000 0.00000000 0.88398057 0.46752364
791.823000000 -0.399640 -1.748288 0.000000 0.00000000 0.00000000 0.88437310 0.46678070
791.948000000 -0.402842 -1.742019 0.000000 0.00000000 0.00000000 0.88443216 0.46666879
792.073000000 -0.411045 -1.733204 0.000000 0.00000000 0.00000000 0.88428517 0.46694726
792.198000000 -0.411255 -1.737570 0.000000 0.00000000 0.00000000 0.88369599 0.46806131
792.323000000 -0.421768 -1.727468 0.000000 0.00000000 0.00000000 0.88424227 0.46702849
792.448000000 -0.413817 -1.720252 0.000000 0.00000000 0.00000000 0.88398633 0.46751275
792.573000000 -0.429019 -1.716846 0.000000 0.00000000 0.00000000 0.88399295 0.46750022
792.698000000 -0.431579 -1.709351 0.000000 0.00000000 0.00000000 0.88374054 0.46797719
792.823000000 -0.434494 -1.702348 0.000000 0.00000000 0.00000000 0.88403559 0.46741960
792.948000000 -0.442677 -1.695667 0.000000 0.00000000 0.00000000 0.88394044 0.46759952
793.073000000 -0.447904 -1.694141 0.000000 0.00000000 0.00000000 0.88624105 0.46322436
793.198000000 -0.450038 -1.680959 0.000000 0.00000000 0.00000000 0.88912106 0.45767208
793.323000000 -0.450876 -1.680434 0.000000 0.00000000 0.00000000 0.89173148 0.45256487
793.448000000 -0.460529 -1.677122 0.000000 0.00000000 0.00000000 0.89481987 0.44642737
793.573000000 -0.465544 -1.661929 0.000000 0.00000000 0.00000000 0.89736559 0.44128789
793.698000000 -0.463110 -1.657459 0.000000 0.00000000 0.00000000 0.90116548 0.43347523
793.823000000 -0.466294 -1.652943 0.000000 0.00000000 0.00000000 0.90341358 0.42877022
793.948000000 -0.469082 -1.644584 0.000000 0.00000000 0.00000000 0.90612392 0.42301234
794.073000000 -0.474533 -1.631597 0.000000 0.00000000 0.00000000 0.90904028 0.41670825
794.198000000 -0.487693 -1.630827 0.000000 0.00000000 0.00000000 0.91113625 0.41210526
794.323000000 -0.484003 -1.627833 0.000000 0.00000000 0.00000000 0.91401056 0.40569040
794.448000000 -0.486392 -1.619661 0.000000 0.00000000 0.00000000 0.91657672 0.39985888
794.573000000 -0.503377 -1.618836 0.000000 0.00000000 0.00000000 0.91924937 0.39367576
794.698000000 -0.505945 -1.609574 0.000000 0.00000000 0.00000000 0.92192956 0.38735756
794.823000000 -0.506287 -1.603588 0.000000 0.00000000 0.00000000 0.92436647 0.38150573
794.948000000 -0.520090 -1.608454 0.000000 0.00000000 0.00000000 0.92622840 0.37696280
795.073000000 -0.515599 -1.592743 0.000000 0.00000000 0.00000000 0.92894420 0.37021976
795.198000000 -0.523338 -1.592633 0.000000 0.00000000 0.00000000 0.93137975 0.36404912
795.323000000 -0.528844 -1.588182 0.000000 0.00000000 0.00000000 0.93336882 0.35891871
795.448000000 -0.536873 -1.582372 0.000000 0.00000000 0.00000000 0.93608515 0.35177349
795.573000000 -0.543629 -1.567678 0.000000 0.00000000 0.00000000 0.93850565 0.34526387
795.698000000 -0.544779 -1.564124 0.000000 0.00000000 0.00000000 0.93983962 0.34161599
795.823000000 -0.544983 -1.560910 0.000000 0.00000000 0.00000000 0.94208104 0.33538533
795.948000000 -0.548013 -1.556868 0.000000 0.00000000 0.00000000 0.94464618 0.32809082
796.073000000 -0.564356 -1.559234 0.000000 0.00000000 0.00000000 0.94601194 0.32413177
796.198000000 -0.560949 -1.543883 0.000000 0.00000000 0.00000000 0.94871365 0.31613669
796.323000000 -0.572168 -1.544920 0.000000 0.00000000 0.00000000 0.94932742 0.31428881
796.448000000 -0.565852 -1.544824 0.000000 0.00000000 0.00000000 0.94992241 0.31248585
796.573000000 -0.579138 -1.536440 0.000000 0.00000000 0.00000000 0.94984836 0.31271088
796.698000000 -0.581285 -1.533177 0.000000 0.00000000 0.00000000 0.95000568 0.31223261
796.823000000 -0.583496 -1.534698 0.000000 0.00000000 0.00000000 0.94961058 0.31343220
796.948000000 -0.589826 -1.536463 0.000000 0.00000000 0.00000000 0.94948590 0.31380969
797.073000000 -0.615673 -1.507296 0.000000 0.00000000 0.00000000 0.94999464 0.31226619
797.198000000 -0.606586 -1.507884 0.000000 0.00000000 0.00000000 0.95026237 0.31145052
797.323000000 -0.616655 -1.505873 0.000000 0.00000000 0.00000000 0.95016324 0.31175280
797.448000000 -0.624794 -1.506529 0.000000 0.00000000 0.00000000 0.95012953 0.31185554
797.573000000 -0.627514 -1.500738 0.000000 0.00000000 0.00000000 0.94979833 0.31286281
797.698000000 -0.635526 -1.499412 0.000000 0.00000000 0.00000000 0.94923969 0.31455367
797.823000000 -0.650098 -1.494552 0.000000 0.00000000 0.00000000 0.94935989 0.31419071
797.948000000 -0.653861 -1.492897 0.000000 0.00000000 0.00000000 0.94911790 0.31492096
798.073000000 -0.661609 -1.485031 0.000000 0.00000000 0.00000000 0.94955814 0.31359102
798.198000000 -0.668583 -1.489665 0.000000 0.00000000 0.00000000 0.94877031 0.31596662
798.323000000 -0.662595 -1.489941 0.000000 0.00000000 0.00000000 0.94839297 0.31709741
798.448000000 -0.682206 -1.503872 0.000000 0.00000000 0.00000000 0.94675119 0.32196611
798.573000000 -0.684902 -1.516809 0.000000 0.00000000 0.00000000 0.94542122 0.32585077
798.698000000 -0.690507 -1.514380 0.000000 0.00000000 0.00000000 0.94531073 0.32617115
798.823000000 -0.692996 -1.480585 0.000000 0.00000000 0.00000000 0.94775603 0.31899610
798.948000000 -0.701653 -1.472881 0.000000 0.00000000 0.00000000 0.94787017 0.31865679
799.073000000 -0.704842 -1.478857 0.000000 0.00000000 0.00000000 0.94672423 0.32204537
799.198000000 -0.705539 -1.469506 0.000000 0.00000000 0.00000000 0.94753919 0.31963961
799.323000000 -0.720210 -1.453396 0.000000 0.00000000 0.00000000 0.94848014 0.31683659
799.448000000 -0.730362 -1.444569 0.000000 0.00000000 0.00000000 0.94843338 0.31697653
799.573000000 -0.735784 -1.447956 0.000000 0.00000000 0.00000000 0.94833660 0.31726596
799.698000000 -0.739860 -1.433884 0.000000 0.00000000 0.00000000 0.94916257 0.31478630
799.823000000 -0.746390 -1.429465 0.000000 0.00000000 0.00000000 0.94900513 0.31526062
799.948000000 -0.754008 -1.427678 0.000000 0.00000000 0.00000000 0.94893850 0.31546114
800.073000000 -0.757161 -1.420486 0.000000 0.00000000 0.00000000 0.94914954 0.31482558
800.198000000 -0.766184 -1.411731 0.000000 0.00000000 0.00000000 0.94950127 0.31376318
800.323000000 -0.768349 -1.409101 0.000000 0.00000000 0.00000000 0.94915260 0.31481637
800.448000000 -0.775671 -1.412942 0.000000 0.00000000 0.00000000 0.94868913 0.31621026
800.573000000 -0.780785 -1.405114 0.000000 0.00000000 0.00000000 0.94849271 0.31679895
800.698000000 -0.786678 -1.402773 0.000000 0.00000000 0.00000000 0.94853003 0.31668720
800.823000000 -0.797969 -1.399925 0.000000 0.00000000 0.00000000 0.94884887 0.31573063
800.948000000 -0.799742 -1.388218 0.000000 0.00000000 0.00000000 0.94924500 0.31453765
801.073000000 -0.803435 -1.374478 0.000000 0.00000000 0.00000000 0.94981845 0.31280170
801.198000000 -0.805872 -1.369182 0.000000 0.00000000 0.00000000 0.94964721 0.31332121
801.323000000 -0.817236 -1.378388 0.000000 0.00000000 0.00000000 0.94887220 0.31566048
801.448000000 -0.821432 -1.373339 0.000000 0.00000000 0.00000000 0.94885207 0.31572101
801.573000000 -0.829718 -1.368248 0.000000 0.00000000 0.00000000 0.94882402 0.31580528
801.698000000 -0.837495 -1.364435 0.000000 0.00000000 0.00000000 0.94925557 0.31450574
801.823000000 -0.845983 -1.343241 0.000000 0.00000000 0.00000000 0.95057993 0.31047995
801.948000000 -0.849891 -1.348829 0.000000 0.00000000 0.00000000 0.94999747 0.31225759
802.073000000 -0.855866 -1.338468 0.000000 0.00000000 0.00000000 0.95038394 0.31107936
802.198000000 -0.856759 -1.340496 0.000000 0.00000000 0.00000000 0.94992549 0.31247650
802.323000000 -0.861902 -1.330769 0.000000 0.00000000 0.00000000 0.94998437 0.31229745
802.448000000 -0.867727 -1.327422 0.000000 0.00000000 0.00000000 0.94991382 0.31251199
802.573000000 -0.881329 -1.329299 0.000000 0.00000000 0.00000000 0.94946240 0.31388078
802.698000000 -0.883159 -1.319106 0.000000 0.00000000 0.00000000 0.94976738 0.31295674
802.823000000 -0.892447 -1.319697 0.000000 0.00000000 0.00000000 0.94971378 0.31311937
802.948000000 -0.896337 -1.308611 0.000000 0.00000000 0.00000000 0.94971339 0.31312053
803.073000000 -0.902565 -1.299714 0.000000 0.00000000 0.00000000 0.95031715 0.31128335
803.198000000 -0.908879 -1.300260 0.000000 0.00000000 0.00000000 0.95024589 0.31150079
803.323000000 -0.911271 -1.290787 0.000000 0.00000000 0.00000000 0.95029202 0.31136003
803.448000000 -0.923432 -1.286002 0.000000 0.00000000 0.00000000 0.95034985 0.31118348
803.573000000 -0.927052 -1.281669 0.000000 0.00000000 0.00000000 0.95014413 0.31181104
803.698000000 -0.931541 -1.284813 0.000000 0.00000000 0.00000000 0.94964138 0.31333887
803.823000000 -0.939621 -1.290511 0.000000 0.00000000 0.00000000 0.94911194 0.31493894
803.948000000 -0.947428 -1.281448 0.000000 0.00000000 0.00000000 0.94924762 0.31452972
804.073000000 -0.956540 -1.278513 0.000000 0.00000000 0.00000000 0.94931276 0.31433309
804.198000000 -0.957398 -1.267694 0.000000 0.00000000 0.00000000 0.94957895 0.31352803
804.323000000 -0.961924 -1.261071 0.000000 0.00000000 0.00000000 0.94971093 0.31312801
804.448000000 -0.971576 -1.254106 0.000000 0.00000000 0.00000000 0.94967089 0.31324942
804.573000000 -0.974059 -1.250367 0.000000 0.00000000 0.00000000 0.94967765 0.31322894
804.698000000 -0.979297 -1.252819 0.000000 0.00000000 0.00000000 0.94937208 0.31415388
804.823000000 -0.983097 -1.246433 0.000000 0.00000000 0.00000000 0.94933050 0.31427949
804.948000000 -0.988920 -1.245282 0.000000 0.00000000 0.00000000 0.94939969 0.31407041
805.073000000 -0.999323 -1.241695 0.000000 0.00000000 0.00000000 0.94943436 0.31396559
805.198000000 -1.006542 -1.233262 0.000000 0.00000000 0.00000000 0.94975099 0.31300648
805.323000000 -1.010815 -1.224756 0.000000 0.00000000 0.00000000 0.94973511 0.31305465
805.448000000 -1.016343 -1.215005 0.000000 0.00000000 0.00000000 0.95007858 0.31201074
805.573000000 -1.019952 -1.210967 0.000000 0.00000000 0.00000000 0.95008987 0.31197635
805.698000000 -1.030415 -1.213837 0.000000 0.00000000 0.00000000 0.94949842 0.31377181
805.823000000 -1.038754 -1.208626 0.000000 0.00000000 0.00000000 0.94895454 0.31541286
805.948000000 -1.041839 -1.206098 0.000000 0.00000000 0.00000000 0.94729266 0.32036951
806.073000000 -1.049202 -1.198210 0.000000 0.00000000 0.00000000 0.94533607 0.32609771
806.198000000 -1.056200 -1.193852 0.000000 0.00000000 0.00000000 0.94325410 0.33207183
806.323000000 -1.058931 -1.188577 0.000000 0.00000000 0.00000000 0.94121161 0.33781757
806.448000000 -1.064963 -1.178807 0.000000 0.00000000 0.00000000 0.93922587 0.34329982
806.573000000 -1.071202 -1.183972 0.000000 0.00000000 0.00000000 0.93670167 0.35012853
806.698000000 -1.076066 -1.176588 0.000000 0.00000000 0.00000000 0.93478271 0.35522006
806.823000000 -1.080929 -1.175944 0.000000 0.00000000 0.00000000 0.93223534 0.36185255
806.948000000 -1.087938 -1.166114 0.000000 0.00000000 0.00000000 0.93005381 0.36742334
807.073000000 -1.095101 -1.163642 0.000000 0.00000000 0.00000000 0.92774073 0.37322531
807.198000000 -1.093756 -1.161510 0.000000 0.00000000 0.00000000 0.92497294 0.38003298
807.323000000 -1.105208 -1.151073 0.000000 0.00000000 0.00000000 0.92325213 0.38419461
807.448000000 -1.109311 -1.150213 0.000000 0.00000000 0.00000000 0.92038430 0.39101501
807.573000000 -1.114168 -1.138229 0.000000 0.00000000 0.00000000 0.91833484 0.39580439
807.698000000 -1.124327 -1.136348 0.000000 0.00000000 0.00000000 0.91629047 0.40051439
807.823000000 -1.128182 -1.137143 0.000000 0.00000000 0.00000000 0.91346809 0.40691038
807.948000000 -1.132312 -1.119872 0.000000 0.00000000 0.00000000 0.91150681 0.41128498
808.073000000 -1.138159 -1.111121 0.000000 0.00000000 0.00000000 0.90888739 0.41704161
808.198000000 -1.143282 -1.113538 0.000000 0.00000000 0.00000000 0.90583471 0.42363129
808.323000000 -1.148699 -1.104449 0.000000 0.00000000 0.00000000 0.90378185 0.42799343
808.448000000 -1.147943 -1.099818 0.000000 0.00000000 0.00000000 0.90066723 0.43450954
808.573000000 -1.158740 -1.096591 0.000000 0.00000000 0.00000000 0.89820474 0.43957735
808.698000000 -1.160252 -1.084237 0.000000 0.00000000 0.00000000 0.89554916 0.44496258
808.823000000 -1.165615 -1.080521 0.000000 0.00000000 0.00000000 0.89264902 0.45075239
808.948000000 -1.173230 -1.075889 0.000000 0.00000000 0.00000000 0.88957973 0.45677993
809.073000000 -1.174481 -1.070896 0.000000 0.00000000 0.00000000 0.88686707 0.46202468
809.198000000 -1.180764 -1.062776 0.000000 0.00000000 0.00000000 0.88419701 0.46711416
809.323000000 -1.183686 -1.059008 0.000000 0.00000000 0.00000000 0.88081285 0.47346460
809.448000000 -1.188421 -1.045070 0.000000 0.00000000 0.00000000 0.87840643 0.47791437
809.573000000 -1.189009 -1.041068 0.000000 0.00000000 0.00000000 0.87434274 0.48530895
809.698000000 -1.195277 -1.039448 0.000000 0.00000000 0.00000000 0.87154559 0.49031448
809.823000000 -1.195407 -1.036092 0.000000 0.00000000 0.00000000 0.86811897 0.49635618
809.948000000 -1.203551 -1.025219 0.000000 0.00000000 0.00000000 0.86564889 0.50065158
810.073000000 -1.207258 -1.018543 0.000000 0.00000000 0.00000000 0.86199365 0.50691907
810.198000000 -1.210098 -1.004950 0.000000 0.00000000 0.00000000 0.85917241 0.51168620
810.323000000 -1.215755 -1.017136 0.000000 0.00000000 0.00000000 0.85618839 0.51666376
810.448000000 -1.216955 -0.996283 0.000000 0.00000000 0.00000000 0.85225954 0.52311918
810.573000000 -1.219800 -1.003839 0.000000 0.00000000 0.00000000 0.84856681 0.52908825
810.698000000 -1.229490 -0.998431 0.000000 0.00000000 0.00000000 0.84633691 0.53264795
810.823000000 -1.227433 -0.986172 0.000000 0.00000000 0.00000000 0.84346078 0.53719076
810.948000000 -1.229932 -0.975968 0.000000 0.00000000 0.00000000 0.84334413 0.53737388
811.073000000 -1.236264 -0.965139 0.000000 0.00000000 0.00000000 0.84344574 0.53721437
811.198000000 -1.238581 -0.961633 0.000000 0.00000000 0.00000000 0.84325038 0.53752097
811.323000000 -1.239054 -0.954748 0.000000 0.00000000 0.00000000 0.84297398 0.53795434
811.448000000 -1.244034 -0.950115 0.000000 0.00000000 0.00000000 0.84313599 0.53770038
811.573000000 -1.249054 -0.940079 0.000000 0.00000000 0.00000000 0.84318666 0.53762092
811.698000000 -1.252590 -0.935524 0.000000 0.00000000 0.00000000 0.84331001 0.53742742
811.823000000 -1.256132 -0.933135 0.000000 0.00000000 0.00000000 0.84321466 0.53757700
811.948000000 -1.262014 -0.931574 0.000000 0.00000000 0.00000000 0.84344391 0.53721725
812.073000000 -1.263631 -0.927838 0.000000 0.00000000 0.00000000 0.84274991 0.53830529
812.198000000 -1.261730 -0.917298 0.000000 0.00000000 0.00000000 0.84294172 0.53800489
812.323000000 -1.261798 -0.914245 0.000000 0.00000000 0.00000000 0.84233941 0.53894741
812.448000000 -1.266212 -0.905994 0.000000 0.00000000 0.00000000 0.84257190 0.53858388
812.573000000 -1.256165 -0.890344 0.000000 0.00000000 0.00000000 0.84271594 0.53835846
812.698000000 -1.249738 -0.880075 0.000000 0.00000000 0.00000000 0.84230145 0.53900675
812.823000000 -1.255690 -0.867498 0.000000 0.00000000 0.00000000 0.84351423 0.53710683
812.948000000 -1.260913 -0.865061 0.000000 0.00000000 0.00000000 0.84341241 0.53726669
813.073000000 -1.261710 -0.852091 0.000000 0.00000000 0.00000000 0.84317476 0.53763958
813.198000000 -1.264505 -0.848743 0.000000 0.00000000 0.00000000 0.84350335 0.53712392
813.323000000 -1.269650 -0.847874 0.000000 0.00000000 0.00000000 0.84360238 0.53696837
813.448000000 -1.274500 -0.838654 0.000000 0.00000000 0.00000000 0.84345948 0.53719280
813.573000000 -1.278841 -0.828559 0.000000 0.00000000 0.00000000 0.84339451 0.53729479
813.698000000 -1.280384 -0.825627 0.000000 0.00000000 0.00000000 0.84361689 0.53694557
813.823000000 -1.285299 -0.821755 0.000000 0.00000000 0.00000000 0.84388679 0.53652128
813.948000000 -1.284888 -0.816046 0.000000 0.00000000 0.00000000 0.84341870 0.53725682
814.073000000 -1.286511 -0.808264 0.000000 0.00000000 0.00000000 0.84336881 0.53733515
814.198000000 -1.291354 -0.789791 0.000000 0.00000000 0.00000000 0.84365747 0.53688181
814.323000000 -1.291449 -0.786117 0.000000 0.00000000 0.00000000 0.84351568 0.53710455
814.448000000 -1.294349 -0.783532 0.000000 0.00000000 0.00000000 0.84289735 0.53807440
814.573000000 -1.295949 -0.781614 0.000000 0.00000000 0.00000000 0.84288064 0.53810058
814.698000000 -1.300655 -0.771627 0.000000 0.00000000 0.00000000 0.84297321 0.53795555
814.823000000 -1.306335 -0.764018 0.000000 0.00000000 0.00000000 0.84338235 0.53731389
814.948000000 -1.310555 -0.756716 0.000000 0.00000000 0.00000000 0.84307527 0.53779558
815.073000000 -1.313285 -0.749252 0.000000 0.00000000 0.00000000 0.84300437 0.53790671
815.198000000 -1.321178 -0.743321 0.000000 0.00000000 0.00000000 0.84337381 0.53732730
815.323000000 -1.320003 -0.739326 0.000000 0.00000000 0.00000000 0.84288939 0.53808687
815.448000000 -1.323276 -0.735265 0.000000 0.00000000 0.00000000 0.84269226 0.53839554
815.573000000 -1.322323 -0.725258 0.000000 0.00000000 0.00000000 0.84331246 0.53742357
815.698000000 -1.326041 -0.718092 0.000000 0.00000000 0.00000000 0.84318523 0.53762316
815.823000000 -1.327218 -0.710985 0.000000 0.00000000 0.00000000 0.84310223 0.53775331
815.948000000 -1.333251 -0.705147 0.000000 0.00000000 0.00000000 0.84292232 0.53803528
816.073000000 -1.333832 -0.699246 0.000000 0.00000000 0.00000000 0.84284637 0.53815424
816.198000000 -1.338775 -0.689928 0.000000 0.00000000 0.00000000 0.84313001 0.53770977
816.323000000 -1.343944 -0.684072 0.000000 0.00000000 0.00000000 0.84309083 0.53777120
816.448000000 -1.347838 -0.676163 0.000000 0.00000000 0.00000000 0.84316431 0.53765597
816.573000000 -1.347374 -0.671311 0.000000 0.00000000 0.00000000 0.84302362 0.53787655
816.698000000 -1.350199 -0.668677 0.000000 0.00000000 0.00000000 0.84267142 0.53842815
816.823000000 -1.352140 -0.659952 0.000000 0.00000000 0.00000000 0.84283754 0.53816808
816.948000000 -1.358419 -0.651763 0.000000 0.00000000 0.00000000 0.84292803 0.53802634
817.073000000 -1.358760 -0.648355 0.000000 0.00000000 0.00000000 0.84272819 0.53833930
817.198000000 -1.362830 -0.640560 0.000000 0.00000000 0.00000000 0.84283005 0.53817980
817.323000000 -1.365094 -0.631516 0.000000 0.00000000 0.00000000 0.84290506 0.53806232
817.448000000 -1.367661 -0.624870 0.000000 0.00000000 0.00000000 0.84297511 0.53795257
817.573000000 -1.368759 -0.611982 0.000000 0.00000000 0.00000000 0.84326567 0.53749699
817.698000000 -1.374658 -0.607814 0.000000 0.00000000 0.00000000 0.84315628 0.53766857
817.823000000 -1.379192 -0.599219 0.000000 0.00000000 0.00000000 0.84318094 0.53762989
817.948000000 -1.382663 -0.588572 0.000000 0.00000000 0.00000000 0.84376451 0.53671357
818.073000000 -1.387616 -0.584137 0.000000 0.00000000 0.00000000 0.84356726 0.53702353
818.198000000 -1.390528 -0.580876 0.000000 0.00000000 0.00000000 0.84335885 0.53735077
818.323000000 -1.393574 -0.575919 0.000000 0.00000000 0.00000000 0.84281294 0.53820660
818.448000000 -1.397498 -0.573106 0.000000 0.00000000 0.00000000 0.84254834 0.53862073
818.573000000 -1.395738 -0.563537 0.000000 0.00000000 0.00000000 0.84279483 0.53823495
818.698000000 -1.395551 -0.557600 0.000000 0.00000000 0.00000000 0.84269430 0.53839234
818.823000000 -1.400545 -0.548759 0.000000 0.00000000 0.00000000 0.84252431 0.53865832
818.948000000 -1.403660 -0.544070 0.000000 0.00000000 0.00000000 0.84262254 0.53850465
819.073000000 -1.408408 -0.535412 0.000000 0.00000000 0.00000000 0.84306094 0.53781805
819.198000000 -1.409972 -0.530312 0.000000 0.00000000 0.00000000 0.84257125 0.53858489
819.323000000 -1.414123 -0.524357 0.000000 0.00000000 0.00000000 0.84262395 0.53850245
819.448000000 -1.416190 -0.508878 0.000000 0.00000000 0.00000000 0.84327332 0.53748498
819.573000000 -1.420115 -0.506046 0.000000 0.00000000 0.00000000 0.84277208 0.53827058
819.698000000 -1.421935 -0.505252 0.000000 0.00000000 0.00000000 0.84269786 0.53838677
819.823000000 -1.426879 -0.494583 0.000000 0.00000000 0.00000000 0.84267961 0.53841534
819.948000000 -1.429003 -0.491348 0.000000 0.00000000 0.00000000 0.84251076 0.53867952
820.073000000 -1.431919 -0.482254 0.000000 0.00000000 0.00000000 0.84254523 0.53862559
820.198000000 -1.437082 -0.470678 0.000000 0.00000000 0.00000000 0.84265978 0.53844637
820.323000000 -1.440150 -0.465798 0.000000 0.00000000 0.00000000 0.84256023 0.53860213
820.448000000 -1.442207 -0.460070 0.000000 0.00000000 0.00000000 0.84261733 0.53851281
820.573000000 -1.447148 -0.455446 0.000000 0.00000000 0.00000000 0.84229152 0.53902226
820.698000000 -1.449143 -0.449346 0.000000 0.00000000 0.00000000 0.84252291 0.53866051
820.823000000 -1.452019 -0.447698 0.000000 0.00000000 0.00000000 0.84189058 0.53964827
820.948000000 -1.456878 -0.438009 0.000000 0.00000000 0.00000000 0.84219105 0.53917923
821.073000000 -1.461135 -0.428546 0.000000 0.00000000 0.00000000 0.84253000 0.53864942
821.198000000 -1.462802 -0.424806 0.000000 0.00000000 0.00000000 0.84234738 0.53893496
821.323000000 -1.462538 -0.416615 0.000000 0.00000000 0.00000000 0.84245158 0.53877206
821.448000000 -1.465364 -0.412989 0.000000 0.00000000 0.00000000 0.84235720 0.53891961
821.573000000 -1.467662 -0.407658 0.000000 0.00000000 0.00000000 0.84221921 0.53913524
821.698000000 -1.469992 -0.395716 0.000000 0.00000000 0.00000000 0.84256927 0.53858799
821.823000000 -1.475746 -0.390889 0.000000 0.00000000 0.00000000 0.84222715 0.53912283
821.948000000 -1.478740 -0.385358 0.000000 0.00000000 0.00000000 0.84228710 0.53902917
822.073000000 -1.480157 -0.374716 0.000000 0.00000000 0.00000000 0.84255704 0.53860713
822.198000000 -1.484899 -0.372044 0.000000 0.00000000 0.00000000 0.84218988 0.53918104
822.323000000 -1.490219 -0.359082 0.000000 0.00000000 0.00000000 0.84254711 0.53862266
822.448000000 -1.494147 -0.353523 0.000000 0.00000000 0.00000000 0.84266148 0.53844371
822.573000000 -1.497315 -0.347260 0.000000 0.00000000 0.00000000 0.84241303 0.53883234
822.698000000 -1.498819 -0.338671 0.000000 0.00000000 0.00000000 0.84255555 0.53860945
822.823000000 -1.503242 -0.334157 0.000000 0.00000000 0.00000000 0.84234886 0.53893265
822.948000000 -1.502955 -0.322477 0.000000 0.00000000 0.00000000 0.84257369 0.53858108
823.073000000 -1.507669 -0.319564 0.000000 0.00000000 0.00000000 0.84205642 0.53938945
823.198000000 -1.509481 -0.314768 0.000000 0.00000000 0.00000000 0.84235338 0.53892559
823.323000000 -1.512669 -0.304279 0.000000 0.00000000 0.00000000 0.84241816 0.53882431
823.448000000 -1.515495 -0.304046 0.000000 0.00000000 0.00000000 0.84193817 0.53957402
823.573000000 -1.517988 -0.298485 0.000000 0.00000000 0.00000000 0.84167791 0.53997990
823.698000000 -1.523054 -0.288714 0.000000 0.00000000 0.00000000 0.84200509 0.53946959
823.823000000 -1.524038 -0.278808 0.000000 0.00000000 0.00000000 0.84233172 0.53895944
823.948000000 -1.526609 -0.269493 0.000000 0.00000000 0.00000000 0.84276554 0.53828083
824.073000000 -1.534622 -0.268272 0.000000 0.00000000 0.00000000 0.84202525 0.53943812
824.198000000 -1.533479 -0.259546 0.000000 0.00000000 0.00000000 0.84223591 0.53910915
824.323000000 -1.539458 -0.251275 0.000000 0.00000000 0.00000000 0.84179685 0.53979446
824.448000000 -1.540967 -0.243217 0.000000 0.00000000 0.00000000 0.84249214 0.53870863
824.573000000 -1.548461 -0.244116 0.000000 0.00000000 0.00000000 0.84193567 0.53957792
824.698000000 -1.550043 -0.233154 0.000000 0.00000000 0.00000000 0.84263249 0.53848908
824.823000000 -1.552938 -0.227843 0.000000 0.00000000 0.00000000 0.84247940 0.53872856
824.948000000 -1.558059 -0.218024 0.000000 0.00000000 0.00000000 0.84259173 0.53855285
825.073000000 -1.558070 -0.213769 0.000000 0.00000000 0.00000000 0.84244291 0.53878562
825.198000000 -1.563295 -0.204009 0.000000 0.00000000 0.00000000 0.84260581 0.53853082
825.323000000 -1.567113 -0.192584 0.000000 0.00000000 0.00000000 0.84270421 0.53837683
825.448000000 -1.569445 -0.190701 0.000000 0.00000000 0.00000000 0.84242751 0.53880970
825.573000000 -1.571222 -0.182327 0.000000 0.00000000 0.00000000 0.84272485 0.53834453
825.698000000 -1.574932 -0.173736 0.000000 0.00000000 0.00000000 0.84289226 0.53808237
825.823000000 -1.579212 -0.169835 0.000000 0.00000000 0.00000000 0.84265021 0.53846135
825.948000000 -1.581832 -0.166134 0.000000 0.00000000 0.00000000 0.84218288 0.53919199
826.073000000 -1.588198 -0.161493 0.000000 0.00000000 0.00000000 0.84220893 0.53915129
826.198000000 -1.589117 -0.151575 0.000000 0.00000000 0.00000000 0.84217388 0.53920604
826.323000000 -1.592815 -0.143456 0.000000 0.00000000 0.00000000 0.84240957 0.53883775
826.448000000 -1.594793 -0.140019 0.000000 0.00000000 0.00000000 0.84218324 0.53919143
826.573000000 -1.596518 -0.123767 0.000000 0.00000000 0.00000000 0.84294279 0.53800322
826.698000000 -1.601677 -0.120883 0.000000 0.00000000 0.00000000 0.84271702 0.53835678
826.823000000 -1.604161 -0.107559 0.000000 0.00000000 0.00000000 0.84351132 0.53711140
826.948000000 -1.608184 -0.101369 0.000000 0.00000000 0.00000000 0.84332585 0.53740257
827.073000000 -1.612438 -0.096583 0.000000 0.00000000 0.00000000 0.84299585 0.53792006
827.198000000 -1.616455 -0.093737 0.000000 0.00000000 0.00000000 0.84284440 0.53815733
827.448000000 -1.619043 -0.083837 0.000000 0.00000000 0.00000000 0.84261557 0.53851556
827.573000000 -1.620927 -0.070188 0.000000 0.00000000 0.00000000 0.84274728 0.53830941
827.698000000 -1.625316 -0.063265 0.000000 0.00000000 0.00000000 0.84304401 0.53784459
827.823000000 -1.631492 -0.055496 0.000000 0.00000000 0.00000000 0.84312361 0.53771979
827.948000000 -1.632137 -0.045166 0.000000 0.00000000 0.00000000 0.84313884 0.53769591
828.073000000 -1.635536 -0.041553 0.000000 0.00000000 0.00000000 0.84302099 0.53788066
828.198000000 -1.638130 -0.036272 0.000000 0.00000000 0.00000000 0.84283539 0.53817144
828.323000000 -1.643049 -0.029844 0.000000 0.00000000 0.00000000 0.84270377 0.53837753
828.448000000 -1.646078 -0.025344 0.000000 0.00000000 0.00000000 0.84260864 0.53852640
828.573000000 -1.648711 -0.019069 0.000000 0.00000000 0.00000000 0.84234798 0.53893402
828.698000000 -1.653901 -0.011381 0.000000 0.00000000 0.00000000 0.84256214 0.53859914
828.823000000 -1.652378 -0.000896 0.000000 0.00000000 0.00000000 0.84296503 0.53796837
828.948000000 -1.656457 0.005385 0.000000 0.00000000 0.00000000 0.84289983 0.53807052
829.073000000 -1.661818 0.011853 0.000000 0.00000000 0.00000000 0.84293727 0.53801186
829.198000000 -1.662701 0.016708 0.000000 0.00000000 0.00000000 0.84275521 0.53829700
829.323000000 -1.670921 0.025253 0.000000 0.00000000 0.00000000 0.84272469 0.53834477
829.448000000 -1.670149 0.031351 0.000000 0.00000000 0.00000000 0.84276551 0.53828087
829.573000000 -1.673884 0.036912 0.000000 0.00000000 0.00000000 0.84275830 0.53829215
829.698000000 -1.675295 0.042841 0.000000 0.00000000 0.00000000 0.84258796 0.53855875
829.948000000 -1.683164 0.061046 0.000000 0.00000000 0.00000000 0.84306579 0.53781045
830.073000000 -1.685379 0.067008 0.000000 0.00000000 0.00000000 0.84335618 0.53735496
830.198000000 -1.689845 0.074184 0.000000 0.00000000 0.00000000 0.84333687 0.53738526
830.323000000 -1.688941 0.081329 0.000000 0.00000000 0.00000000 0.84306781 0.53780727
830.448000000 -1.694590 0.088033 0.000000 0.00000000 0.00000000 0.84286137 0.53813075
830.573000000 -1.696139 0.095004 0.000000 0.00000000 0.00000000 0.84287009 0.53811710
830.698000000 -1.703671 0.100353 0.000000 0.00000000 0.00000000 0.84259524 0.53854735
830.823000000 -1.702453 0.104190 0.000000 0.00000000 0.00000000 0.84269234 0.53839541
830.948000000 -1.706997 0.113552 0.000000 0.00000000 0.00000000 0.84273347 0.53833103
831.073000000 -1.710041 0.122910 0.000000 0.00000000 0.00000000 0.84295528 0.53798363
831.198000000 -1.712519 0.129320 0.000000 0.00000000 0.00000000 0.84292072 0.53803779
831.323000000 -1.718527 0.136725 0.000000 0.00000000 0.00000000 0.84286775 0.53812077
831.448000000 -1.721672 0.140196 0.000000 0.00000000 0.00000000 0.84244630 0.53878032
831.573000000 -1.720425 0.148932 0.000000 0.00000000 0.00000000 0.84296724 0.53796490
831.698000000 -1.728124 0.151515 0.000000 0.00000000 0.00000000 0.84397443 0.53638341
831.823000000 -1.725794 0.158281 0.000000 0.00000000 0.00000000 0.84743782 0.53089466
831.948000000 -1.732483 0.167341 0.000000 0.00000000 0.00000000 0.85070163 0.52564888
832.073000000 -1.734433 0.177620 0.000000 0.00000000 0.00000000 0.85399602 0.52027953
832.198000000 -1.735910 0.176462 0.000000 0.00000000 0.00000000 0.85689410 0.51549248
832.323000000 -1.738830 0.185662 0.000000 0.00000000 0.00000000 0.86004575 0.51021693
832.448000000 -1.745848 0.191532 0.000000 0.00000000 0.00000000 0.86325973 0.50475998
832.573000000 -1.750178 0.199723 0.000000 0.00000000 0.00000000 0.86663980 0.49893433
832.698000000 -1.755879 0.203391 0.000000 0.00000000 0.00000000 0.86938400 0.49413709
832.823000000 -1.757417 0.216864 0.000000 0.00000000 0.00000000 0.87287471 0.48794440
832.948000000 -1.761268 0.219066 0.000000 0.00000000 0.00000000 0.87586492 0.48255637
833.073000000 -1.765495 0.223521 0.000000 0.00000000 0.00000000 0.87848813 0.47776418
833.198000000 -1.770431 0.228773 0.000000 0.00000000 0.00000000 0.88121114 0.47272288
833.323000000 -1.774289 0.238837 0.000000 0.00000000 0.00000000 0.88448456 0.46656947
833.448000000 -1.778430 0.241273 0.000000 0.00000000 0.00000000 0.88708543 0.46160528
833.573000000 -1.788788 0.251419 0.000000 0.00000000 0.00000000 0.89036004 0.45525708
833.698000000 -1.785655 0.257268 0.000000 0.00000000 0.00000000 0.89323409 0.44959188
833.823000000 -1.789802 0.262453 0.000000 0.00000000 0.00000000 0.89594821 0.44415854
833.948000000 -1.794907 0.267927 0.000000 0.00000000 0.00000000 0.89854754 0.43887621
834.073000000 -1.805664 0.272553 0.000000 0.00000000 0.00000000 0.90112098 0.43356774
834.198000000 -1.809101 0.281111 0.000000 0.00000000 0.00000000 0.90410046 0.42731998
834.323000000 -1.812914 0.285888 0.000000 0.00000000 0.00000000 0.90649246 0.42222199
834.448000000 -1.815882 0.290156 0.000000 0.00000000 0.00000000 0.90903708 0.41671523
834.573000000 -1.823362 0.296272 0.000000 0.00000000 0.00000000 0.91173038 0.41078914
834.698000000 -1.828114 0.301316 0.000000 0.00000000 0.00000000 0.91442805 0.40474848
834.823000000 -1.832901 0.308000 0.000000 0.00000000 0.00000000 0.91687981 0.39916340
834.948000000 -1.834268 0.310979 0.000000 0.00000000 0.00000000 0.91916288 0.39387765
835.073000000 -1.840385 0.316338 0.000000 0.00000000 0.00000000 0.92172445 0.38784538
835.198000000 -1.844596 0.324402 0.000000 0.00000000 0.00000000 0.92426391 0.38175415
835.323000000 -1.853277 0.328177 0.000000 0.00000000 0.00000000 0.92655408 0.37616158
835.448000000 -1.857999 0.336237 0.000000 0.00000000 0.00000000 0.92896970 0.37015577
835.573000000 -1.866916 0.335201 0.000000 0.00000000 0.00000000 0.93099953 0.36502037
835.698000000 -1.867377 0.342404 0.000000 0.00000000 0.00000000 0.93352549 0.35851102
835.823000000 -1.871621 0.350220 0.000000 0.00000000 0.00000000 0.93587544 0.35233105
835.948000000 -1.882773 0.353615 0.000000 0.00000000 0.00000000 0.93795940 0.34674511
836.073000000 -1.888864 0.355570 0.000000 0.00000000 0.00000000 0.93989048 0.34147605
836.198000000 -1.891475 0.363915 0.000000 0.00000000 0.00000000 0.94229210 0.33479186
836.323000000 -1.898943 0.368528 0.000000 0.00000000 0.00000000 0.94425391 0.32921809
836.448000000 -1.905187 0.370999 0.000000 0.00000000 0.00000000 0.94622745 0.32350212
836.573000000 -1.913659 0.376627 0.000000 0.00000000 0.00000000 0.94824296 0.31754574
836.698000000 -1.917416 0.381162 0.000000 0.00000000 0.00000000 0.95035583 0.31116522
836.823000000 -1.920894 0.385339 0.000000 0.00000000 0.00000000 0.95218504 0.30552193
836.948000000 -1.930299 0.390046 0.000000 0.00000000 0.00000000 0.95397977 0.29987098
837.073000000 -1.934513 0.393273 0.000000 0.00000000 0.00000000 0.95587309 0.29377990
837.198000000 -1.942651 0.398214 0.000000 0.00000000 0.00000000 0.95769463 0.28778636
837.323000000 -1.947107 0.400190 0.000000 0.00000000 0.00000000 0.95942672 0.28195810
837.448000000 -1.953453 0.406432 0.000000 0.00000000 0.00000000 0.96119513 0.27586940
837.573000000 -1.958184 0.409284 0.000000 0.00000000 0.00000000 0.96293500 0.26973355
837.698000000 -1.964266 0.412044 0.000000 0.00000000 0.00000000 0.96452176 0.26400335
837.823000000 -1.970583 0.415643 0.000000 0.00000000 0.00000000 0.96614639 0.25799450
837.948000000 -1.977024 0.420912 0.000000 0.00000000 0.00000000 0.96781664 0.25165640
838.073000000 -1.982347 0.426343 0.000000 0.00000000 0.00000000 0.96943426 0.24535121
838.198000000 -1.992129 0.425947 0.000000 0.00000000 0.00000000 0.97073314 0.24016072
838.323000000 -1.997914 0.430256 0.000000 0.00000000 0.00000000 0.97222941 0.23402986
838.448000000 -2.003881 0.432953 0.000000 0.00000000 0.00000000 0.97372416 0.22773069
838.573000000 -2.012012 0.438009 0.000000 0.00000000 0.00000000 0.97510290 0.22175287
838.698000000 -2.017770 0.442409 0.000000 0.00000000 0.00000000 0.97655921 0.21524895
838.823000000 -2.028495 0.443783 0.000000 0.00000000 0.00000000 0.97774233 0.20980927
838.948000000 -2.032733 0.446914 0.000000 0.00000000 0.00000000 0.97906022 0.20357085
839.073000000 -2.036909 0.447702 0.000000 0.00000000 0.00000000 0.98030078 0.19751045
839.198000000 -2.048197 0.453426 0.000000 0.00000000 0.00000000 0.98153150 0.19130057
839.323000000 -2.054612 0.455772 0.000000 0.00000000 0.00000000 0.98268579 0.18527990
839.448000000 -2.057184 0.457979 0.000000 0.00000000 0.00000000 0.98383362 0.17908491
839.573000000 -2.064654 0.460562 0.000000 0.00000000 0.00000000 0.98494862 0.17284738
839.698000000 -2.075334 0.465886 0.000000 0.00000000 0.00000000 0.98599742 0.16676060
839.823000000 -2.082609 0.466691 0.000000 0.00000000 0.00000000 0.98702371 0.16057461
839.948000000 -2.091530 0.469131 0.000000 0.00000000 0.00000000 0.98797831 0.15459255
840.073000000 -2.098555 0.471659 0.000000 0.00000000 0.00000000 0.98890314 0.14856169
840.198000000 -2.105712 0.471703 0.000000 0.00000000 0.00000000 0.98979628 0.14248972
840.323000000 -2.111265 0.475549 0.000000 0.00000000 0.00000000 0.99025608 0.13925836
840.448000000 -2.115160 0.480622 0.000000 0.00000000 0.00000000 0.99004909 0.14072239
840.573000000 -2.122328 0.476912 0.000000 0.00000000 0.00000000 0.98892653 0.14840593
840.698000000 -2.131798 0.483424 0.000000 0.00000000 0.00000000 0.98712578 0.15994590
840.823000000 -2.136759 0.484046 0.000000 0.00000000 0.00000000 0.98511744 0.17188261
840.948000000 -2.145011 0.487102 0.000000 0.00000000 0.00000000 0.98286701 0.18431615
841.073000000 -2.152480 0.488420 0.000000 0.00000000 0.00000000 0.98045724 0.19673233
841.198000000 -2.157056 0.493830 0.000000 0.00000000 0.00000000 0.97803040 0.20846233
841.323000000 -2.162770 0.494579 0.000000 0.00000000 0.00000000 0.97531675 0.22081042
841.448000000 -2.173464 0.498295 0.000000 0.00000000 0.00000000 0.97246230 0.23306025
841.573000000 -2.179144 0.501695 0.000000 0.00000000 0.00000000 0.97026643 0.24203935
841.698000000 -2.186291 0.507908 0.000000 0.00000000 0.00000000 0.96895540 0.24723557
841.823000000 -2.187989 0.513039 0.000000 0.00000000 0.00000000 0.96874897 0.24804320
841.948000000 -2.196964 0.515530 0.000000 0.00000000 0.00000000 0.96864143 0.24846282
842.073000000 -2.197627 0.515483 0.000000 0.00000000 0.00000000 0.96869033 0.24827213
842.198000000 -2.200397 0.512962 0.000000 0.00000000 0.00000000 0.96850751 0.24898436
842.323000000 -2.197522 0.514576 0.000000 0.00000000 0.00000000 0.96865652 0.24840399
842.448000000 -2.202453 0.512065 0.000000 0.00000000 0.00000000 0.96842217 0.24931605
842.573000000 -2.196535 0.517287 0.000000 0.00000000 0.00000000 0.96868799 0.24828123
842.698000000 -2.200469 0.514341 0.000000 0.00000000 0.00000000 0.96860636 0.24859953
842.823000000 -2.200836 0.514692 0.000000 0.00000000 0.00000000 0.96849845 0.24901957
842.948000000 -2.205834 0.515455 0.000000 0.00000000 0.00000000 0.96857643 0.24871609
843.073000000 -2.204160 0.518815 0.000000 0.00000000 0.00000000 0.96861537 0.24856439
843.198000000 -2.204480 0.518948 0.000000 0.00000000 0.00000000 0.96867908 0.24831602
843.323000000 -2.205499 0.523447 0.000000 0.00000000 0.00000000 0.96941235 0.24543777
843.448000000 -2.211638 0.520267 0.000000 0.00000000 0.00000000 0.97082475 0.23979013
843.573000000 -2.215500 0.519382 0.000000 0.00000000 0.00000000 0.97201345 0.23492519
843.698000000 -2.214702 0.523916 0.000000 0.00000000 0.00000000 0.97363510 0.22811115
843.823000000 -2.217302 0.525576 0.000000 0.00000000 0.00000000 0.97450549 0.22436367
843.948000000 -2.219215 0.527198 0.000000 0.00000000 0.00000000 0.97461562 0.22388477
844.073000000 -2.227528 0.526002 0.000000 0.00000000 0.00000000 0.97452032 0.22429925
844.198000000 -2.225079 0.528289 0.000000 0.00000000 0.00000000 0.97455784 0.22413617
844.323000000 -2.226244 0.530424 0.000000 0.00000000 0.00000000 0.97464386 0.22376180
844.448000000 -2.233999 0.532987 0.000000 0.00000000 0.00000000 0.97469747 0.22352818
844.573000000 -2.240954 0.534178 0.000000 0.00000000 0.00000000 0.97456719 0.22409552
844.698000000 -2.240891 0.538888 0.000000 0.00000000 0.00000000 0.97467892 0.22360904
844.823000000 -2.247468 0.541393 0.000000 0.00000000 0.00000000 0.97469834 0.22352437
844.948000000 -2.254203 0.541161 0.000000 0.00000000 0.00000000 0.97451094 0.22433996
845.073000000 -2.256768 0.543826 0.000000 0.00000000 0.00000000 0.97465973 0.22369266
845.198000000 -2.265364 0.543616 0.000000 0.00000000 0.00000000 0.97450308 0.22437412
845.323000000 -2.268557 0.546246 0.000000 0.00000000 0.00000000 0.97453632 0.22422969
845.448000000 -2.269869 0.552105 0.000000 0.00000000 0.00000000 0.97467441 0.22362870
845.573000000 -2.281442 0.553689 0.000000 0.00000000 0.00000000 0.97441658 0.22474949
845.698000000 -2.284711 0.558075 0.000000 0.00000000 0.00000000 0.97452025 0.22429952
845.823000000 -2.292277 0.562007 0.000000 0.00000000 0.00000000 0.97453421 0.22423887
845.948000000 -2.298252 0.565479 0.000000 0.00000000 0.00000000 0.97463377 0.22380576
846.073000000 -2.308701 0.567379 0.000000 0.00000000 0.00000000 0.97445042 0.22460270
846.198000000 -2.308672 0.571400 0.000000 0.00000000 0.00000000 0.97484025 0.22290466
846.323000000 -2.319376 0.576133 0.000000 0.00000000 0.00000000 0.97612085 0.21722819
846.448000000 -2.324815 0.579221 0.000000 0.00000000 0.00000000 0.97755813 0.21066584
846.573000000 -2.330605 0.580019 0.000000 0.00000000 0.00000000 0.97881006 0.20477029
846.698000000 -2.338543 0.584288 0.000000 0.00000000 0.00000000 0.97999311 0.19903143
846.823000000 -2.348885 0.584584 0.000000 0.00000000 0.00000000 0.98080950 0.19496855
846.948000000 -2.356841 0.589050 0.000000 0.00000000 0.00000000 0.98105457 0.19373159
847.073000000 -2.361834 0.592533 0.000000 0.00000000 0.00000000 0.98111079 0.19344667
847.198000000 -2.364679 0.594215 0.000000 0.00000000 0.00000000 0.98117794 0.19310579
847.323000000 -2.370294 0.601378 0.000000 0.00000000 0.00000000 0.98130485 0.19245985
847.448000000 -2.377177 0.600496 0.000000 0.00000000 0.00000000 0.98115813 0.19320645
847.573000000 -2.387845 0.603626 0.000000 0.00000000 0.00000000 0.98116502 0.19317142
847.698000000 -2.394307 0.602694 0.000000 0.00000000 0.00000000 0.98106984 0.19365426
847.823000000 -2.395007 0.607883 0.000000 0.00000000 0.00000000 0.98121706 0.19290693
847.948000000 -2.400217 0.609644 0.000000 0.00000000 0.00000000 0.98119188 0.19303494
848.073000000 -2.407732 0.611138 0.000000 0.00000000 0.00000000 0.98111146 0.19344326
848.198000000 -2.410947 0.614642 0.000000 0.00000000 0.00000000 0.98120690 0.19295859
848.323000000 -2.416637 0.613020 0.000000 0.00000000 0.00000000 0.98111974 0.19340126
848.448000000 -2.425123 0.613632 0.000000 0.00000000 0.00000000 0.98099585 0.19402870
848.573000000 -2.430044 0.616619 0.000000 0.00000000 0.00000000 0.98101095 0.19395235
848.698000000 -2.429793 0.619951 0.000000 0.00000000 0.00000000 0.98109914 0.19350577
848.823000000 -2.433295 0.621901 0.000000 0.00000000 0.00000000 0.98115429 0.19322594
848.948000000 -2.439353 0.623624 0.000000 0.00000000 0.00000000 0.98120394 0.19297367
849.073000000 -2.445167 0.623849 0.000000 0.00000000 0.00000000 0.98104605 0.19377476
849.198000000 -2.449883 0.628656 0.000000 0.00000000 0.00000000 0.98120112 0.19298797
849.323000000 -2.452784 0.629520 0.000000 0.00000000 0.00000000 0.98122501 0.19286647
849.448000000 -2.458156 0.629810 0.000000 0.00000000 0.00000000 0.98115605 0.19321699
849.573000000 -2.462097 0.632929 0.000000 0.00000000 0.00000000 0.98115139 0.19324065
849.698000000 -2.465381 0.635515 0.000000 0.00000000 0.00000000 0.98122438 0.19286971
849.823000000 -2.472560 0.636029 0.000000 0.00000000 0.00000000 0.98114937 0.19325089
849.948000000 -2.476726 0.638927 0.000000 0.00000000 0.00000000 0.98117261 0.19313286
850.073000000 -2.480108 0.638497 0.000000 0.00000000 0.00000000 0.98114834 0.19325612
850.198000000 -2.485222 0.642584 0.000000 0.00000000 0.00000000 0.98112419 0.19337873
850.323000000 -2.489108 0.642188 0.000000 0.00000000 0.00000000 0.98114973 0.19324910
850.448000000 -2.489651 0.646329 0.000000 0.00000000 0.00000000 0.98129192 0.19252573
850.573000000 -2.501767 0.646649 0.000000 0.00000000 0.00000000 0.98106299 0.19368893
850.698000000 -2.512575 0.648104 0.000000 0.00000000 0.00000000 0.98090599 0.19448251
850.823000000 -2.510967 0.653033 0.000000 0.00000000 0.00000000 0.98114484 0.19327391
850.948000000 -2.514303 0.652932 0.000000 0.00000000 0.00000000 0.98110739 0.19346394
851.073000000 -2.519285 0.656831 0.000000 0.00000000 0.00000000 0.98117632 0.19311405
851.198000000 -2.526477 0.655993 0.000000 0.00000000 0.00000000 0.98103455 0.19383296
851.323000000 -2.530784 0.658239 0.000000 0.00000000 0.00000000 0.98106336 0.19368706
851.448000000 -2.533190 0.661962 0.000000 0.00000000 0.00000000 0.98110287 0.19348685
851.573000000 -2.538576 0.663154 0.000000 0.00000000 0.00000000 0.98111476 0.19342652
851.698000000 -2.543706 0.663701 0.000000 0.00000000 0.00000000 0.98100292 0.19399296
851.823000000 -2.551078 0.665848 0.000000 0.00000000 0.00000000 0.98097942 0.19411175
851.948000000 -2.550436 0.668254 0.000000 0.00000000 0.00000000 0.98112861 0.19335626
852.073000000 -2.554472 0.670282 0.000000 0.00000000 0.00000000 0.98115439 0.19322540
852.198000000 -2.563144 0.672554 0.000000 0.00000000 0.00000000 0.98102136 0.19389972
852.323000000 -2.561735 0.674314 0.000000 0.00000000 0.00000000 0.98113092 0.19334456
852.448000000 -2.570457 0.676230 0.000000 0.00000000 0.00000000 0.98109941 0.19350440
852.573000000 -2.576706 0.679424 0.000000 0.00000000 0.00000000 0.98109193 0.19354231
852.698000000 -2.578279 0.680297 0.000000 0.00000000 0.00000000 0.98121231 0.19293106
852.823000000 -2.586266 0.681553 0.000000 0.00000000 0.00000000 0.98105898 0.19370927
852.948000000 -2.587794 0.684367 0.000000 0.00000000 0.00000000 0.98111673 0.19341656
853.073000000 -2.593641 0.685824 0.000000 0.00000000 0.00000000 0.98104704 0.19376971
853.198000000 -2.597311 0.689103 0.000000 0.00000000 0.00000000 0.98114792 0.19325825
853.323000000 -2.607109 0.687515 0.000000 0.00000000 0.00000000 0.98090700 0.19447738
853.448000000 -2.604950 0.690391 0.000000 0.00000000 0.00000000 0.98108781 0.19356319
853.573000000 -2.607729 0.693292 0.000000 0.00000000 0.00000000 0.98117075 0.19314234
853.698000000 -2.615994 0.695058 0.000000 0.00000000 0.00000000 0.98105646 0.19372200
853.823000000 -2.622355 0.698095 0.000000 0.00000000 0.00000000 0.98109976 0.19350262
853.948000000 -2.625456 0.698721 0.000000 0.00000000 0.00000000 0.98104020 0.19380433
854.073000000 -2.629340 0.701799 0.000000 0.00000000 0.00000000 0.98106109 0.19369858
854.198000000 -2.633169 0.702289 0.000000 0.00000000 0.00000000 0.98104278 0.19379128
854.324000000 -2.640716 0.705153 0.000000 0.00000000 0.00000000 0.98105679 0.19372036
854.448000000 -2.644189 0.705417 0.000000 0.00000000 0.00000000 0.98102379 0.19388738
854.573000000 -2.645366 0.709001 0.000000 0.00000000 0.00000000 0.98114552 0.19327046
854.698000000 -2.653209 0.711131 0.000000 0.00000000 0.00000000 0.98106422 0.19368272
854.823000000 -2.658669 0.711085 0.000000 0.00000000 0.00000000 0.98097960 0.19411085
854.948000000 -2.663755 0.713817 0.000000 0.00000000 0.00000000 0.98100447 0.19398515
855.073000000 -2.668400 0.715604 0.000000 0.00000000 0.00000000 0.98100169 0.19399917
855.198000000 -2.669871 0.718790 0.000000 0.00000000 0.00000000 0.98109594 0.19352196
855.323000000 -2.675184 0.719889 0.000000 0.00000000 0.00000000 0.98107851 0.19361034
855.448000000 -2.679726 0.722264 0.000000 0.00000000 0.00000000 0.98102386 0.19388704
855.573000000 -2.683682 0.722923 0.000000 0.00000000 0.00000000 0.98100002 0.19400765
855.698000000 -2.691917 0.727005 0.000000 0.00000000 0.00000000 0.98100600 0.19397739
855.823000000 -2.693772 0.727458 0.000000 0.00000000 0.00000000 0.98106684 0.19366947
855.948000000 -2.694870 0.729693 0.000000 0.00000000 0.00000000 0.98113508 0.19332346
856.073000000 -2.701527 0.731721 0.000000 0.00000000 0.00000000 0.98114325 0.19328196
856.198000000 -2.708037 0.733937 0.000000 0.00000000 0.00000000 0.98109335 0.19353512
856.323000000 -2.709913 0.737000 0.000000 0.00000000 0.00000000 0.98118977 0.19304571
856.448000000 -2.715271 0.737758 0.000000 0.00000000 0.00000000 0.98108717 0.19356644
856.573000000 -2.718883 0.739964 0.000000 0.00000000 0.00000000 0.98137545 0.19209950
856.698000000 -2.721658 0.740987 0.000000 0.00000000 0.00000000 0.98270101 0.18519915
856.823000000 -2.728675 0.743206 0.000000 0.00000000 0.00000000 0.98452330 0.17525374
856.948000000 -2.733411 0.744797 0.000000 0.00000000 0.00000000 0.98670709 0.16250885
857.073000000 -2.741089 0.746404 0.000000 0.00000000 0.00000000 0.98862154 0.15042421
857.198000000 -2.742153 0.748633 0.000000 0.00000000 0.00000000 0.99047790 0.13767182
857.323000000 -2.751581 0.747971 0.000000 0.00000000 0.00000000 0.99201859 0.12609168
857.448000000 -2.753710 0.752848 0.000000 0.00000000 0.00000000 0.99361996 0.11278017
857.573000000 -2.757035 0.751819 0.000000 0.00000000 0.00000000 0.99498148 0.10005930
857.698000000 -2.766819 0.751317 0.000000 0.00000000 0.00000000 0.99608036 0.08845285
857.823000000 -2.769363 0.751525 0.000000 0.00000000 0.00000000 0.99714491 0.07551183
857.948000000 -2.773449 0.750301 0.000000 0.00000000 0.00000000 0.99798352 0.06347353
858.073000000 -2.778817 0.751586 0.000000 0.00000000 0.00000000 0.99870628 0.05085044
858.198000000 -2.782370 0.752055 0.000000 0.00000000 0.00000000 0.99926970 0.03821075
858.323000000 -2.789259 0.754186 0.000000 0.00000000 0.00000000 0.99966457 0.02589861
858.448000000 -2.793486 0.754632 0.000000 0.00000000 0.00000000 0.99990819 0.01355021
858.573000000 -2.801158 0.753091 0.000000 0.00000000 0.00000000 0.99999956 0.00093311
858.698000000 -2.806316 0.752498 0.000000 0.00000000 0.00000000 0.99994256 -0.01071768
858.823000000 -2.812970 0.754600 0.000000 0.00000000 0.00000000 0.99973015 -0.02322967
858.948000000 -2.816729 0.754023 0.000000 0.00000000 0.00000000 0.99935158 -0.03600578
859.073000000 -2.821143 0.753221 0.000000 0.00000000 0.00000000 0.99880092 -0.04895643
859.198000000 -2.826719 0.751870 0.000000 0.00000000 0.00000000 0.99815095 -0.06078385
859.323000000 -2.830959 0.751615 0.000000 0.00000000 0.00000000 0.99729564 -0.07349427
859.448000000 -2.833211 0.751737 0.000000 0.00000000 0.00000000 0.99627307 -0.08625528
859.573000000 -2.841506 0.749829 0.000000 0.00000000 0.00000000 0.99518810 -0.09798287
859.698000000 -2.845199 0.749167 0.000000 0.00000000 0.00000000 0.99390785 -0.11021429
859.823000000 -2.848556 0.748412 0.000000 0.00000000 0.00000000 0.99244224 -0.12271270
859.948000000 -2.857645 0.745218 0.000000 0.00000000 0.00000000 0.99093039 -0.13437619
860.073000000 -2.864347 0.744054 0.000000 0.00000000 0.00000000 0.98916845 -0.14678478
860.198000000 -2.864404 0.743453 0.000000 0.00000000 0.00000000 0.98722109 -0.15935658
860.323000000 -2.869590 0.741002 0.000000 0.00000000 0.00000000 0.98507802 -0.17210837
860.448000000 -2.873313 0.741312 0.000000 0.00000000 0.00000000 0.98287040 -0.18429807
860.573000000 -2.880460 0.737909 0.000000 0.00000000 0.00000000 0.98046092 -0.19671396
860.698000000 -2.882978 0.736697 0.000000 0.00000000 0.00000000 0.97793456 -0.20891144
860.823000000 -2.891322 0.734059 0.000000 0.00000000 0.00000000 0.97528411 -0.22095452
860.948000000 -2.891950 0.733615 0.000000 0.00000000 0.00000000 0.97238104 -0.23339906
861.073000000 -2.899960 0.727803 0.000000 0.00000000 0.00000000 0.96960288 -0.24468399
861.198000000 -2.902470 0.726281 0.000000 0.00000000 0.00000000 0.96638506 -0.25709903
861.323000000 -2.905390 0.723954 0.000000 0.00000000 0.00000000 0.96297610 -0.26958680
861.448000000 -2.911125 0.721320 0.000000 0.00000000 0.00000000 0.96063713 -0.27780622
861.573000000 -2.914316 0.719658 0.000000 0.00000000 0.00000000 0.95879020 -0.28411502
861.698000000 -2.921660 0.714959 0.000000 0.00000000 0.00000000 0.95715072 -0.28959024
861.823000000 -2.926531 0.712149 0.000000 0.00000000 0.00000000 0.95531935 -0.29557562
861.948000000 -2.925918 0.710438 0.000000 0.00000000 0.00000000 0.95338563 -0.30175459
862.073000000 -2.930376 0.706376 0.000000 0.00000000 0.00000000 0.95138627 -0.30800028
862.198000000 -2.935199 0.704981 0.000000 0.00000000 0.00000000 0.94942930 -0.31398089
862.323000000 -2.941902 0.699208 0.000000 0.00000000 0.00000000 0.94755451 -0.31959419
862.448000000 -2.941623 0.699858 0.000000 0.00000000 0.00000000 0.94537823 -0.32597546
862.573000000 -2.947132 0.695470 0.000000 0.00000000 0.00000000 0.94340892 -0.33163172
862.698000000 -2.950970 0.690948 0.000000 0.00000000 0.00000000 0.94150580 -0.33699679
862.823000000 -2.957860 0.690394 0.000000 0.00000000 0.00000000 0.93930612 -0.34308020
862.948000000 -2.957751 0.685874 0.000000 0.00000000 0.00000000 0.93684027 -0.34975751
863.073000000 -2.959784 0.682957 0.000000 0.00000000 0.00000000 0.93467849 -0.35549419
863.198000000 -2.970646 0.679054 0.000000 0.00000000 0.00000000 0.93380301 -0.35778757
863.323000000 -2.971666 0.675358 0.000000 0.00000000 0.00000000 0.93394260 -0.35742303
863.448000000 -2.973735 0.672071 0.000000 0.00000000 0.00000000 0.93383552 -0.35770270
863.573000000 -2.978003 0.670367 0.000000 0.00000000 0.00000000 0.93387960 -0.35758759
863.698000000 -2.980084 0.665808 0.000000 0.00000000 0.00000000 0.93381344 -0.35776033
863.823000000 -2.987219 0.662884 0.000000 0.00000000 0.00000000 0.93500509 -0.35463428
863.948000000 -2.989469 0.659038 0.000000 0.00000000 0.00000000 0.93709814 -0.34906599
864.073000000 -2.992996 0.657569 0.000000 0.00000000 0.00000000 0.94050389 -0.33978292
864.198000000 -2.995353 0.654700 0.000000 0.00000000 0.00000000 0.94458286 -0.32827309
864.323000000 -2.999546 0.650402 0.000000 0.00000000 0.00000000 0.94872207 -0.31611142
864.448000000 -3.003889 0.648440 0.000000 0.00000000 0.00000000 0.95250224 -0.30453159
864.573000000 -3.011604 0.643467 0.000000 0.00000000 0.00000000 0.95628762 -0.29242776
864.698000000 -3.013607 0.641090 0.000000 0.00000000 0.00000000 0.96041953 -0.27855758
864.823000000 -3.017346 0.638875 0.000000 0.00000000 0.00000000 0.96560081 -0.26002898
864.948000000 -3.020093 0.636255 0.000000 0.00000000 0.00000000 0.97124097 -0.23809867
865.073000000 -3.024672 0.633285 0.000000 0.00000000 0.00000000 0.97693114 -0.21355455
865.198000000 -3.029502 0.631900 0.000000 0.00000000 0.00000000 0.98194933 -0.18914419
865.323000000 -3.033688 0.632880 0.000000 0.00000000 0.00000000 0.98634343 -0.16470164
865.448000000 -3.036107 0.628946 0.000000 0.00000000 0.00000000 0.99019014 -0.13972647
865.573000000 -3.048566 0.627135 0.000000 0.00000000 0.00000000 0.99340274 -0.11467783
865.698000000 -3.048487 0.628010 0.000000 0.00000000 0.00000000 0.99589691 -0.09049503
865.823000000 -3.055507 0.625532 0.000000 0.00000000 0.00000000 0.99788242 -0.06504358
865.948000000 -3.059218 0.626496 0.000000 0.00000000 0.00000000 0.99917386 -0.04063996
866.073000000 -3.064140 0.625311 0.000000 0.00000000 0.00000000 0.99987442 -0.01584774
866.198000000 -3.067790 0.625695 0.000000 0.00000000 0.00000000 0.99995966 0.00898170
866.323000000 -3.068927 0.628562 0.000000 0.00000000 0.00000000 0.99943961 0.03347348
866.448000000 -3.073326 0.629331 0.000000 0.00000000 0.00000000 0.99822136 0.05961638
866.573000000 -3.086266 0.626898 0.000000 0.00000000 0.00000000 0.99634745 0.08539175
866.698000000 -3.089128 0.628302 0.000000 0.00000000 0.00000000 0.99400118 0.10936937
866.823000000 -3.093847 0.629079 0.000000 0.00000000 0.00000000 0.99093848 0.13431654
866.948000000 -3.099056 0.630032 0.000000 0.00000000 0.00000000 0.98728972 0.15893082
867.073000000 -3.105465 0.632573 0.000000 0.00000000 0.00000000 0.98294126 0.18391978
867.198000000 -3.108054 0.634042 0.000000 0.00000000 0.00000000 0.97815596 0.20787235
867.323000000 -3.112323 0.635968 0.000000 0.00000000 0.00000000 0.97292721 0.23111176
867.448000000 -3.117658 0.638885 0.000000 0.00000000 0.00000000 0.96822123 0.25009529
867.573000000 -3.121807 0.639898 0.000000 0.00000000 0.00000000 0.96323408 0.26866357
867.698000000 -3.122209 0.642589 0.000000 0.00000000 0.00000000 0.95907031 0.28316803
867.823000000 -3.130331 0.645212 0.000000 0.00000000 0.00000000 0.95625636 0.29252995
867.948000000 -3.131269 0.648516 0.000000 0.00000000 0.00000000 0.95520358 0.29594953
868.073000000 -3.135508 0.652609 0.000000 0.00000000 0.00000000 0.95505843 0.29641759
868.198000000 -3.136198 0.656124 0.000000 0.00000000 0.00000000 0.95514274 0.29614581
868.323000000 -3.145188 0.658385 0.000000 0.00000000 0.00000000 0.95487314 0.29701395
868.448000000 -3.148449 0.660795 0.000000 0.00000000 0.00000000 0.95495598 0.29674750
868.573000000 -3.151560 0.662030 0.000000 0.00000000 0.00000000 0.95476798 0.29735182
868.698000000 -3.152508 0.666534 0.000000 0.00000000 0.00000000 0.95520626 0.29594087
868.823000000 -3.160032 0.669110 0.000000 0.00000000 0.00000000 0.95486159 0.29705109
868.948000000 -3.167586 0.673852 0.000000 0.00000000 0.00000000 0.95508164 0.29634280
869.073000000 -3.164799 0.676282 0.000000 0.00000000 0.00000000 0.95631447 0.29233992
869.198000000 -3.176285 0.676790 0.000000 0.00000000 0.00000000 0.95893591 0.28362284
869.323000000 -3.175765 0.679765 0.000000 0.00000000 0.00000000 0.96262813 0.27082667
869.448000000 -3.179119 0.684186 0.000000 0.00000000 0.00000000 0.96601779 0.25847559
869.573000000 -3.189045 0.683963 0.000000 0.00000000 0.00000000 0.96897559 0.24715644
869.698000000 -3.188942 0.688706 0.000000 0.00000000 0.00000000 0.97211646 0.23449861
869.823000000 -3.196507 0.690234 0.000000 0.00000000 0.00000000 0.97497531 0.22231317
869.948000000 -3.199995 0.692316 0.000000 0.00000000 0.00000000 0.97762342 0.21036264
870.073000000 -3.207581 0.693209 0.000000 0.00000000 0.00000000 0.97998832 0.19905501
870.198000000 -3.209112 0.695155 0.000000 0.00000000 0.00000000 0.98264325 0.18550538
870.323000000 -3.212538 0.696652 0.000000 0.00000000 0.00000000 0.98482819 0.17353222
870.448000000 -3.219026 0.700891 0.000000 0.00000000 0.00000000 0.98693271 0.16113295
870.573000000 -3.224657 0.702345 0.000000 0.00000000 0.00000000 0.98881504 0.14914693
870.698000000 -3.230206 0.702797 0.000000 0.00000000 0.00000000 0.99059007 0.13686239
870.823000000 -3.232170 0.703013 0.000000 0.00000000 0.00000000 0.99216815 0.12490944
870.948000000 -3.238634 0.704389 0.000000 0.00000000 0.00000000 0.99369336 0.11213162
871.073000000 -3.246217 0.704008 0.000000 0.00000000 0.00000000 0.99492647 0.10060474
871.198000000 -3.245448 0.707406 0.000000 0.00000000 0.00000000 0.99620699 0.08701511
871.323000000 -3.255219 0.707440 0.000000 0.00000000 0.00000000 0.99714347 0.07553074
871.448000000 -3.255440 0.709134 0.000000 0.00000000 0.00000000 0.99802165 0.06287120
871.573000000 -3.264248 0.707688 0.000000 0.00000000 0.00000000 0.99866986 0.05156083
871.698000000 -3.271236 0.710912 0.000000 0.00000000 0.00000000 0.99908447 0.04278099
871.823000000 -3.275505 0.707974 0.000000 0.00000000 0.00000000 0.99933034 0.03659062
871.948000000 -3.272414 0.711268 0.000000 0.00000000 0.00000000 0.99955849 0.02971237
872.073000000 -3.279320 0.710331 0.000000 0.00000000 0.00000000 0.99971038 0.02406558
872.198000000 -3.283648 0.711021 0.000000 0.00000000 0.00000000 0.99983526 0.01815062
872.323000000 -3.294339 0.710536 0.000000 0.00000000 0.00000000 0.99993244 0.01162381
872.448000000 -3.299256 0.712713 0.000000 0.00000000 0.00000000 0.99998592 0.00530566
872.573000000 -3.297595 0.709475 0.000000 0.00000000 0.00000000 0.99999569 0.00293679
872.698000000 -3.308090 0.710980 0.000000 0.00000000 0.00000000 0.99999662 0.00259948
872.823000000 -3.309809 0.710865 0.000000 0.00000000 0.00000000 0.99999763 0.00217557
872.948000000 -3.315038 0.709643 0.000000 0.00000000 0.00000000 0.99999629 0.00272395
873.073000000 -3.319496 0.709619 0.000000 0.00000000 0.00000000 0.99999678 0.00253952
873.198000000 -3.323470 0.709795 0.000000 0.00000000 0.00000000 0.99999741 0.00227660
873.323000000 -3.327840 0.711255 0.000000 0.00000000 0.00000000 0.99999808 0.00196177
873.448000000 -3.331992 0.711609 0.000000 0.00000000 0.00000000 0.99999842 0.00177593
873.573000000 -3.337278 0.710975 0.000000 0.00000000 0.00000000 0.99999654 0.00262964
873.698000000 -3.346750 0.712275 0.000000 0.00000000 0.00000000 0.99999708 0.00241561
873.823000000 -3.351341 0.710121 0.000000 0.00000000 0.00000000 0.99999792 0.00203878
873.948000000 -3.358488 0.711713 0.000000 0.00000000 0.00000000 0.99999623 0.00274758
874.073000000 -3.360167 0.711701 0.000000 0.00000000 0.00000000 0.99999815 0.00192329
874.198000000 -3.366214 0.709659 0.000000 0.00000000 0.00000000 0.99999713 0.00239662
874.323000000 -3.375640 0.708261 0.000000 0.00000000 0.00000000 0.99999679 0.00253267
874.448000000 -3.377371 0.709765 0.000000 0.00000000 0.00000000 0.99999749 0.00224128
874.573000000 -3.380781 0.712501 0.000000 0.00000000 0.00000000 0.99999813 0.00193566
874.698000000 -3.380531 0.711360 0.000000 0.00000000 0.00000000 0.99999861 0.00166954
874.823000000 -3.386442 0.709456 0.000000 0.00000000 0.00000000 0.99999743 0.00226620
874.948000000 -3.390076 0.711136 0.000000 0.00000000 0.00000000 0.99999825 0.00186857
875.073000000 -3.403958 0.710756 0.000000 0.00000000 0.00000000 0.99999773 0.00212963
875.198000000 -3.403917 0.712000 0.000000 0.00000000 0.00000000 0.99999740 0.00227987
875.323000000 -3.407076 0.710928 0.000000 0.00000000 0.00000000 0.99999792 0.00204164
875.448000000 -3.416456 0.710837 0.000000 0.00000000 0.00000000 0.99999744 0.00226237
875.573000000 -3.418542 0.710480 0.000000 0.00000000 0.00000000 0.99999806 0.00197225
875.698000000 -3.424787 0.711883 0.000000 0.00000000 0.00000000 0.99999844 0.00176625
875.823000000 -3.426046 0.711413 0.000000 0.00000000 0.00000000 0.99999832 0.00183569
875.948000000 -3.436493 0.710704 0.000000 0.00000000 0.00000000 0.99999745 0.00225682
876.073000000 -3.439324 0.710279 0.000000 0.00000000 0.00000000 0.99999891 0.00147459
876.198000000 -3.447706 0.711065 0.000000 0.00000000 0.00000000 0.99999728 0.00233311
876.323000000 -3.449154 0.710886 0.000000 0.00000000 0.00000000 0.99999861 0.00166634
876.448000000 -3.447948 0.709977 0.000000 0.00000000 0.00000000 0.99999932 0.00116729
876.573000000 -3.460673 0.710766 0.000000 0.00000000 0.00000000 0.99999775 0.00211939
876.698000000 -3.464723 0.710690 0.000000 0.00000000 0.00000000 0.99999945 0.00105120
876.823000000 -3.475634 0.714098 0.000000 0.00000000 0.00000000 0.99999854 0.00170817
876.948000000 -3.478915 0.711522 0.000000 0.00000000 0.00000000 0.99999762 0.00218194
877.073000000 -3.477744 0.712935 0.000000 0.00000000 0.00000000 0.99999883 0.00152651
877.198000000 -3.483478 0.712432 0.000000 0.00000000 0.00000000 0.99999796 0.00202159
877.323000000 -3.491275 0.711160 0.000000 0.00000000 0.00000000 0.99999789 0.00205645
877.448000000 -3.493704 0.713066 0.000000 0.00000000 0.00000000 0.99999766 0.00216338
877.573000000 -3.500149 0.713260 0.000000 0.00000000 0.00000000 0.99999769 0.00214780
877.698000000 -3.508325 0.712375 0.000000 0.00000000 0.00000000 0.99999875 0.00158349
877.823000000 -3.511639 0.712542 0.000000 0.00000000 0.00000000 0.99999793 0.00203471
877.948000000 -3.518356 0.713135 0.000000 0.00000000 0.00000000 0.99999789 0.00205261
878.073000000 -3.524334 0.712625 0.000000 0.00000000 0.00000000 0.99999628 0.00272862
878.198000000 -3.523904 0.712686 0.000000 0.00000000 0.00000000 0.99999837 0.00180601
878.323000000 -3.531757 0.713313 0.000000 0.00000000 0.00000000 0.99999749 0.00224163
878.448000000 -3.532403 0.711755 0.000000 0.00000000 0.00000000 0.99999837 0.00180516
878.573000000 -3.543626 0.712187 0.000000 0.00000000 0.00000000 0.99999815 0.00192236
878.698000000 -3.544692 0.711880 0.000000 0.00000000 0.00000000 0.99999902 0.00139770
878.823000000 -3.553749 0.712096 0.000000 0.00000000 0.00000000 0.99999752 0.00222860
878.948000000 -3.554547 0.713970 0.000000 0.00000000 0.00000000 0.99999855 0.00170130
879.073000000 -3.561551 0.712470 0.000000 0.00000000 0.00000000 0.99999880 0.00154603
879.198000000 -3.564708 0.712643 0.000000 0.00000000 0.00000000 0.99999811 0.00194515
879.323000000 -3.571783 0.712602 0.000000 0.00000000 0.00000000 0.99999705 0.00242800
879.448000000 -3.575593 0.710579 0.000000 0.00000000 0.00000000 0.99999784 0.00208033
879.573000000 -3.577405 0.712243 0.000000 0.00000000 0.00000000 0.99999849 0.00173663
879.698000000 -3.585202 0.712054 0.000000 0.00000000 0.00000000 0.99999796 0.00201813
879.823000000 -3.590623 0.712595 0.000000 0.00000000 0.00000000 0.99999831 0.00183867
879.948000000 -3.589079 0.711363 0.000000 0.00000000 0.00000000 0.99999865 0.00164131
880.073000000 -3.599143 0.710590 0.000000 0.00000000 0.00000000 0.99999816 0.00192044
880.198000000 -3.610337 0.711261 0.000000 0.00000000 0.00000000 0.99999871 0.00160459
880.323000000 -3.609170 0.712375 0.000000 0.00000000 0.00000000 0.99999906 0.00137173
880.448000000 -3.620206 0.712261 0.000000 0.00000000 0.00000000 0.99999868 0.00162365
880.573000000 -3.621839 0.712205 0.000000 0.00000000 0.00000000 0.99999903 0.00139458
880.698000000 -3.623925 0.712884 0.000000 0.00000000 0.00000000 0.99999868 0.00162402
880.823000000 -3.633381 0.711644 0.000000 0.00000000 0.00000000 0.99999801 0.00199738
880.948000000 -3.634656 0.712183 0.000000 0.00000000 0.00000000 0.99999745 0.00225748
881.073000000 -3.641969 0.713122 0.000000 0.00000000 0.00000000 0.99999799 0.00200651
881.198000000 -3.647318 0.712816 0.000000 0.00000000 0.00000000 0.99999862 0.00166400
881.323000000 -3.652356 0.712929 0.000000 0.00000000 0.00000000 0.99999887 0.00150009
881.448000000 -3.653216 0.713274 0.000000 0.00000000 0.00000000 0.99999915 0.00130114
881.573000000 -3.665189 0.713122 0.000000 0.00000000 0.00000000 0.99999869 0.00162059
881.698000000 -3.662361 0.709839 0.000000 0.00000000 0.00000000 0.99999858 0.00168228
881.823000000 -3.669870 0.711433 0.000000 0.00000000 0.00000000 0.99999911 0.00133779
881.948000000 -3.672354 0.712193 0.000000 0.00000000 0.00000000 0.99999877 0.00156873
882.073000000 -3.672332 0.712618 0.000000 0.00000000 0.00000000 0.99999924 0.00123556
882.198000000 -3.685073 0.711376 0.000000 0.00000000 0.00000000 0.99999850 0.00173309
882.323000000 -3.697335 0.710085 0.000000 0.00000000 0.00000000 0.99999781 0.00209161
882.448000000 -3.691637 0.712085 0.000000 0.00000000 0.00000000 0.99999901 0.00140992
882.573000000 -3.696947 0.712135 0.000000 0.00000000 0.00000000 0.99999848 0.00174230
882.698000000 -3.703847 0.713185 0.000000 0.00000000 0.00000000 0.99999919 0.00127279
882.823000000 -3.711857 0.711760 0.000000 0.00000000 0.00000000 0.99999885 0.00151877
882.948000000 -3.710021 0.711767 0.000000 0.00000000 0.00000000 0.99999919 0.00127660
883.073000000 -3.716437 0.712335 0.000000 0.00000000 0.00000000 0.99999904 0.00138467
883.198000000 -3.720504 0.711584 0.000000 0.00000000 0.00000000 0.99999918 0.00127766
883.323000000 -3.727798 0.711672 0.000000 0.00000000 0.00000000 0.99999878 0.00156081
883.448000000 -3.738116 0.711273 0.000000 0.00000000 0.00000000 0.99999773 0.00213023
883.573000000 -3.738686 0.711711 0.000000 0.00000000 0.00000000 0.99999846 0.00175353
883.698000000 -3.743852 0.711907 0.000000 0.00000000 0.00000000 0.99999862 0.00166154
883.823000000 -3.751271 0.713408 0.000000 0.00000000 0.00000000 0.99999859 0.00167770
883.948000000 -3.757168 0.713116 0.000000 0.00000000 0.00000000 0.99999824 0.00187442
884.073000000 -3.763938 0.713523 0.000000 0.00000000 0.00000000 0.99999832 0.00183536
884.198000000 -3.771932 0.714252 0.000000 0.00000000 0.00000000 0.99999804 0.00198146
884.323000000 -3.776570 0.713564 0.000000 0.00000000 0.00000000 0.99999844 0.00176693
884.448000000 -3.787031 0.713339 0.000000 0.00000000 0.00000000 0.99999815 0.00192123
884.573000000 -3.788131 0.710811 0.000000 0.00000000 0.00000000 0.99999898 0.00142795
884.698000000 -3.787366 0.711937 0.000000 0.00000000 0.00000000 0.99999927 0.00120722
884.823000000 -3.792915 0.711790 0.000000 0.00000000 0.00000000 0.99999944 0.00105451
884.948000000 -3.798898 0.713226 0.000000 0.00000000 0.00000000 0.99999920 0.00126534
885.073000000 -3.798075 0.710981 0.000000 0.00000000 0.00000000 1.00000000 -0.00002518
885.198000000 -3.803257 0.712168 0.000000 0.00000000 0.00000000 0.99999973 0.00073562
885.323000000 -3.804238 0.712895 0.000000 0.00000000 0.00000000 1.00000000 0.00001321
885.448000000 -3.814442 0.713983 0.000000 0.00000000 0.00000000 0.99999988 0.00048981
885.573000000 -3.821265 0.712891 0.000000 0.00000000 0.00000000 0.99999988 0.00048387
885.698000000 -3.826190 0.714027 0.000000 0.00000000 0.00000000 0.99999957 0.00092768
885.823000000 -3.825762 0.710794 0.000000 0.00000000 0.00000000 1.00000000 0.00009512
885.948000000 -3.832983 0.713979 0.000000 0.00000000 0.00000000 0.99999998 -0.00020592
886.073000000 -3.844871 0.712623 0.000000 0.00000000 0.00000000 0.99999994 -0.00034384
886.198000000 -3.849690 0.711845 0.000000 0.00000000 0.00000000 0.99999960 0.00089496
886.323000000 -3.856327 0.712876 0.000000 0.00000000 0.00000000 0.99999995 0.00030908
886.448000000 -3.861913 0.712393 0.000000 0.00000000 0.00000000 0.99999952 0.00098176
886.573000000 -3.867734 0.713323 0.000000 0.00000000 0.00000000 1.00000000 -0.00004969
886.698000000 -3.871271 0.712262 0.000000 0.00000000 0.00000000 0.99999999 0.00011547
886.823000000 -3.881348 0.713107 0.000000 0.00000000 0.00000000 0.99999989 0.00047088
886.948000000 -3.885612 0.712341 0.000000 0.00000000 0.00000000 0.99999977 0.00067630
887.073000000 -3.893521 0.711511 0.000000 0.00000000 0.00000000 0.99999972 0.00074795
887.198000000 -3.901067 0.713656 0.000000 0.00000000 0.00000000 0.99999970 0.00077459
887.323000000 -3.907731 0.713216 0.000000 0.00000000 0.00000000 0.99999990 0.00045365
887.448000000 -3.914232 0.713255 0.000000 0.00000000 0.00000000 0.99999999 0.00012393
887.573000000 -3.919734 0.711093 0.000000 0.00000000 0.00000000 0.99999946 0.00104359
887.698000000 -3.930608 0.713599 0.000000 0.00000000 0.00000000 0.99999985 0.00055653
887.823000000 -3.937114 0.712978 0.000000 0.00000000 0.00000000 0.99999995 0.00031858
887.948000000 -3.941178 0.711195 0.000000 0.00000000 0.00000000 0.99999917 0.00128748
888.073000000 -3.950965 0.711453 0.000000 0.00000000 0.00000000 0.99999930 0.00118161
888.198000000 -3.964425 0.713092 0.000000 0.00000000 0.00000000 0.99999933 0.00115662
888.323000000 -3.959793 0.711627 0.000000 0.00000000 0.00000000 0.99999942 0.00107566
888.448000000 -3.973164 0.710812 0.000000 0.00000000 0.00000000 0.99999925 0.00122503
888.573000000 -3.982309 0.713801 0.000000 0.00000000 0.00000000 0.99999870 0.00161436
888.698000000 -3.993582 0.715162 0.000000 0.00000000 0.00000000 0.99999931 0.00117800
888.823000000 -3.997417 0.713729 0.000000 0.00000000 0.00000000 0.99999870 0.00161038
888.948000000 -4.000344 0.714242 0.000000 0.00000000 0.00000000 0.99999916 0.00129541
889.073000000 -4.006309 0.712273 0.000000 0.00000000 0.00000000 0.99999957 0.00092958
889.198000000 -4.015977 0.711940 0.000000 0.00000000 0.00000000 0.99999994 0.00034772
889.323000000 -4.023516 0.714022 0.000000 0.00000000 0.00000000 0.99999981 0.00061901
889.448000000 -4.032829 0.712716 0.000000 0.00000000 0.00000000 0.99999980 0.00062904
889.573000000 -4.025218 0.713195 0.000000 0.00000000 0.00000000 0.99999963 0.00086471
889.698000000 -4.034563 0.712605 0.000000 0.00000000 0.00000000 0.99999855 0.00170102
889.823000000 -4.040864 0.714514 0.000000 0.00000000 0.00000000 0.99999961 0.00088266
889.948000000 -4.049379 0.715427 0.000000 0.00000000 0.00000000 0.99999802 0.00198792
890.073000000 -4.055954 0.713850 0.000000 0.00000000 0.00000000 0.99999932 0.00116579
890.198000000 -4.068289 0.714421 0.000000 0.00000000 0.00000000 0.99999946 0.00103675
890.323000000 -4.092604 0.713903 0.000000 0.00000000 0.00000000 0.99999696 0.00246691
890.448000000 -4.099898 0.712121 0.000000 0.00000000 0.00000000 0.99999726 0.00234104
890.573000000 -4.104683 0.712669 0.000000 0.00000000 0.00000000 0.99999817 0.00191375
890.698000000 -4.115344 0.711295 0.000000 0.00000000 0.00000000 0.99999826 0.00186356
890.823000000 -4.122874 0.711494 0.000000 0.00000000 0.00000000 0.99999822 0.00188441
890.948000000 -4.124480 0.710344 0.000000 0.00000000 0.00000000 0.99999811 0.00194215
891.073000000 -4.133342 0.712209 0.000000 0.00000000 0.00000000 0.99999846 0.00175317
891.198000000 -4.141029 0.711551 0.000000 0.00000000 0.00000000 0.99999829 0.00184773
891.323000000 -4.144969 0.712821 0.000000 0.00000000 0.00000000 0.99999921 0.00126009
891.448000000 -4.153339 0.712576 0.000000 0.00000000 0.00000000 0.99999707 0.00241946
891.573000000 -4.164528 0.712701 0.000000 0.00000000 0.00000000 0.99999928 0.00120355
891.698000000 -4.173871 0.711166 0.000000 0.00000000 0.00000000 0.99999928 0.00120367
891.823000000 -4.180116 0.711588 0.000000 0.00000000 0.00000000 0.99999994 0.00035872
891.948000000 -4.189269 0.711076 0.000000 0.00000000 0.00000000 0.99999974 0.00072221
892.073000000 -4.194603 0.712617 0.000000 0.00000000 0.00000000 0.99999902 0.00139981
892.198000000 -4.201824 0.712515 0.000000 0.00000000 0.00000000 0.99999859 0.00167968
892.323000000 -4.216150 0.712875 0.000000 0.00000000 0.00000000 0.99999894 0.00145322
892.448000000 -4.223944 0.712605 0.000000 0.00000000 0.00000000 0.99999877 0.00156853
892.573000000 -4.230988 0.712581 0.000000 0.00000000 0.00000000 0.99999892 0.00146648
892.698000000 -4.232022 0.711008 0.000000 0.00000000 0.00000000 0.99999937 0.00112314
892.823000000 -4.244825 0.715115 0.000000 0.00000000 0.00000000 0.99999880 0.00154658
892.948000000 -4.254528 0.712230 0.000000 0.00000000 0.00000000 0.99999943 0.00107128
893.073000000 -4.256557 0.713769 0.000000 0.00000000 0.00000000 0.99999941 0.00108397
893.198000000 -4.266339 0.712106 0.000000 0.00000000 0.00000000 0.99999957 0.00092994
893.323000000 -4.273408 0.713334 0.000000 0.00000000 0.00000000 0.99999906 0.00137328
893.448000000 -4.278634 0.713336 0.000000 0.00000000 0.00000000 0.99999939 0.00110794
893.573000000 -4.279877 0.713291 0.000000 0.00000000 0.00000000 0.99999855 0.00170231
893.698000000 -4.293054 0.712541 0.000000 0.00000000 0.00000000 0.99999806 0.00196923
893.823000000 -4.299131 0.713644 0.000000 0.00000000 0.00000000 0.99999776 0.00211594
893.948000000 -4.305829 0.711456 0.000000 0.00000000 0.00000000 0.99999896 0.00144477
894.073000000 -4.317291 0.712807 0.000000 0.00000000 0.00000000 0.99999888 0.00149474
894.198000000 -4.319411 0.712078 0.000000 0.00000000 0.00000000 0.99999909 0.00134607
894.323000000 -4.325175 0.709745 0.000000 0.00000000 0.00000000 0.99999880 0.00154734
894.448000000 -4.334823 0.711872 0.000000 0.00000000 0.00000000 0.99999820 0.00189754
894.573000000 -4.341331 0.712652 0.000000 0.00000000 0.00000000 0.99999935 0.00114407
894.698000000 -4.355546 0.712121 0.000000 0.00000000 0.00000000 0.99999899 0.00142402
894.823000000 -4.359757 0.711911 0.000000 0.00000000 0.00000000 0.99999969 0.00079079
894.948000000 -4.363019 0.711279 0.000000 0.00000000 0.00000000 0.99999951 0.00098584
895.073000000 -4.371240 0.711277 0.000000 0.00000000 0.00000000 0.99999938 0.00111395
895.198000000 -4.383846 0.712160 0.000000 0.00000000 0.00000000 0.99999980 0.00062647
895.323000000 -4.392338 0.713402 0.000000 0.00000000 0.00000000 0.99999944 0.00105866
895.448000000 -4.392309 0.715000 0.000000 0.00000000 0.00000000 0.99999901 0.00140449
895.573000000 -4.402170 0.713844 0.000000 0.00000000 0.00000000 0.99999943 0.00107150
895.698000000 -4.414853 0.712005 0.000000 0.00000000 0.00000000 0.99999838 0.00180181
895.823000000 -4.429780 0.713109 0.000000 0.00000000 0.00000000 0.99999765 0.00216823
895.948000000 -4.427174 0.711052 0.000000 0.00000000 0.00000000 0.99999928 0.00119725
896.073000000 -4.438007 0.711289 0.000000 0.00000000 0.00000000 0.99999857 0.00169335
896.198000000 -4.443406 0.712453 0.000000 0.00000000 0.00000000 0.99999827 0.00186034
896.323000000 -4.448940 0.715450 0.000000 0.00000000 0.00000000 0.99999840 0.00178637
896.448000000 -4.456227 0.712675 0.000000 0.00000000 0.00000000 0.99999924 0.00123581
896.573000000 -4.469110 0.712271 0.000000 0.00000000 0.00000000 0.99999878 0.00155995
896.698000000 -4.473213 0.713287 0.000000 0.00000000 0.00000000 0.99999864 0.00164728
896.823000000 -4.479094 0.712448 0.000000 0.00000000 0.00000000 0.99999934 0.00115187
896.948000000 -4.492533 0.715109 0.000000 0.00000000 0.00000000 0.99999809 0.00195544
897.073000000 -4.496534 0.712574 0.000000 0.00000000 0.00000000 0.99999901 0.00140408
897.198000000 -4.498649 0.714314 0.000000 0.00000000 0.00000000 0.99999921 0.00126009
897.323000000 -4.512441 0.713425 0.000000 0.00000000 0.00000000 0.99999846 0.00175259
897.448000000 -4.514793 0.713953 0.000000 0.00000000 0.00000000 0.99999887 0.00150385
897.573000000 -4.526475 0.712770 0.000000 0.00000000 0.00000000 0.99999810 0.00194955
897.698000000 -4.532981 0.714427 0.000000 0.00000000 0.00000000 0.99999930 0.00117996
897.823000000 -4.545371 0.713872 0.000000 0.00000000 0.00000000 0.99999900 0.00141438
897.948000000 -4.551642 0.712877 0.000000 0.00000000 0.00000000 0.99999875 0.00158238
898.073000000 -4.556275 0.713496 0.000000 0.00000000 0.00000000 0.99999927 0.00120812
898.198000000 -4.559813 0.715986 0.000000 0.00000000 0.00000000 0.99999772 0.00213700
898.323000000 -4.565501 0.715609 0.000000 0.00000000 0.00000000 0.99999895 0.00145033
898.448000000 -4.578506 0.714485 0.000000 0.00000000 0.00000000 0.99999854 0.00170872
898.573000000 -4.584998 0.714937 0.000000 0.00000000 0.00000000 0.99999853 0.00171231
898.698000000 -4.588165 0.713851 0.000000 0.00000000 0.00000000 0.99999905 0.00138002
898.823000000 -4.600166 0.713247 0.000000 0.00000000 0.00000000 0.99999930 0.00118452
898.948000000 -4.608144 0.712039 0.000000 0.00000000 0.00000000 0.99999945 0.00105016
899.073000000 -4.617116 0.713318 0.000000 0.00000000 0.00000000 0.99999925 0.00122294
899.198000000 -4.626490 0.714714 0.000000 0.00000000 0.00000000 0.99999920 0.00126702
899.323000000 -4.633467 0.715355 0.000000 0.00000000 0.00000000 0.99999907 0.00136580
899.448000000 -4.642470 0.716107 0.000000 0.00000000 0.00000000 0.99999903 0.00138973
899.573000000 -4.645783 0.715160 0.000000 0.00000000 0.00000000 0.99999453 0.00330681
899.698000000 -4.652916 0.713245 0.000000 0.00000000 0.00000000 0.99995892 0.00906382
899.823000000 -4.663405 0.715098 0.000000 0.00000000 0.00000000 0.99987919 0.01554339
899.948000000 -4.667473 0.714904 0.000000 0.00000000 0.00000000 0.99977307 0.02130268
900.073000000 -4.672373 0.714204 0.000000 0.00000000 0.00000000 0.99962106 0.02752702
900.198000000 -4.680326 0.715235 0.000000 0.00000000 0.00000000 0.99946201 0.03279762
900.323000000 -4.692845 0.716391 0.000000 0.00000000 0.00000000 0.99941703 0.03414095
900.448000000 -4.698306 0.716005 0.000000 0.00000000 0.00000000 0.99943334 0.03366012
900.573000000 -4.701356 0.715662 0.000000 0.00000000 0.00000000 0.99942931 0.03377946
900.698000000 -4.713804 0.716629 0.000000 0.00000000 0.00000000 0.99944700 0.03325211
900.823000000 -4.717838 0.719011 0.000000 0.00000000 0.00000000 0.99943144 0.03371632
900.948000000 -4.724989 0.718591 0.000000 0.00000000 0.00000000 0.99944176 0.03340916
901.073000000 -4.732309 0.718663 0.000000 0.00000000 0.00000000 0.99943279 0.03367626
901.198000000 -4.741673 0.720307 0.000000 0.00000000 0.00000000 0.99942010 0.03405083
901.323000000 -4.745122 0.719859 0.000000 0.00000000 0.00000000 0.99941157 0.03430033
901.448000000 -4.752430 0.719631 0.000000 0.00000000 0.00000000 0.99942802 0.03381774
901.573000000 -4.760663 0.720917 0.000000 0.00000000 0.00000000 0.99942843 0.03380558
901.698000000 -4.767408 0.721209 0.000000 0.00000000 0.00000000 0.99944936 0.03318086
901.823000000 -4.779143 0.722435 0.000000 0.00000000 0.00000000 0.99941564 0.03418161
901.948000000 -4.788910 0.721323 0.000000 0.00000000 0.00000000 0.99945913 0.03288534
902.073000000 -4.796297 0.722174 0.000000 0.00000000 0.00000000 0.99943368 0.03365004
902.198000000 -4.806791 0.724857 0.000000 0.00000000 0.00000000 0.99941941 0.03407100
902.323000000 -4.811919 0.722548 0.000000 0.00000000 0.00000000 0.99944266 0.03338211
902.448000000 -4.820206 0.725809 0.000000 0.00000000 0.00000000 0.99943982 0.03346700
902.573000000 -4.828318 0.725330 0.000000 0.00000000 0.00000000 0.99943595 0.03358235
902.698000000 -4.834836 0.724799 0.000000 0.00000000 0.00000000 0.99943600 0.03358101
902.823000000 -4.842149 0.727156 0.000000 0.00000000 0.00000000 0.99943852 0.03350578
902.948000000 -4.846483 0.727124 0.000000 0.00000000 0.00000000 0.99942596 0.03387859
903.073000000 -4.849996 0.726774 0.000000 0.00000000 0.00000000 0.99943884 0.03349620
903.198000000 -4.860596 0.727185 0.000000 0.00000000 0.00000000 0.99944072 0.03344025
903.323000000 -4.865779 0.727663 0.000000 0.00000000 0.00000000 0.99944157 0.03341481
903.448000000 -4.874782 0.728107 0.000000 0.00000000 0.00000000 0.99945019 0.03315610
903.573000000 -4.887792 0.730669 0.000000 0.00000000 0.00000000 0.99945238 0.03308994
903.698000000 -4.894252 0.728247 0.000000 0.00000000 0.00000000 0.99946265 0.03277827
903.823000000 -4.901735 0.730265 0.000000 0.00000000 0.00000000 0.99943838 0.03351008
903.948000000 -4.908149 0.731326 0.000000 0.00000000 0.00000000 0.99945236 0.03309062
904.073000000 -4.916038 0.731994 0.000000 0.00000000 0.00000000 0.99944638 0.03327073
904.198000000 -4.920797 0.732411 0.000000 0.00000000 0.00000000 0.99946307 0.03276553
904.323000000 -4.927999 0.731336 0.000000 0.00000000 0.00000000 0.99945362 0.03305247
904.448000000 -4.942804 0.734054 0.000000 0.00000000 0.00000000 0.99945458 0.03302333
904.573000000 -4.946217 0.734514 0.000000 0.00000000 0.00000000 0.99944407 0.03334007
904.698000000 -4.952340 0.734436 0.000000 0.00000000 0.00000000 0.99944818 0.03321641
904.823000000 -4.959680 0.734383 0.000000 0.00000000 0.00000000 0.99944230 0.03339302
904.948000000 -4.967825 0.734371 0.000000 0.00000000 0.00000000 0.99945391 0.03304369
905.073000000 -4.975263 0.735002 0.000000 0.00000000 0.00000000 0.99944914 0.03318774
905.198000000 -4.982005 0.735817 0.000000 0.00000000 0.00000000 0.99945043 0.03314864
905.323000000 -4.987428 0.734859 0.000000 0.00000000 0.00000000 0.99944330 0.03336310
905.448000000 -4.992621 0.735991 0.000000 0.00000000 0.00000000 0.99945002 0.03316101
905.573000000 -5.006839 0.737065 0.000000 0.00000000 0.00000000 0.99944782 0.03322724
905.698000000 -5.014978 0.737335 0.000000 0.00000000 0.00000000 0.99943955 0.03347528
905.823000000 -5.025818 0.736170 0.000000 0.00000000 0.00000000 0.99946425 0.03272943
905.948000000 -5.029834 0.736696 0.000000 0.00000000 0.00000000 0.99947647 0.03235417
906.073000000 -5.039737 0.738137 0.000000 0.00000000 0.00000000 0.99946639 0.03266395
906.198000000 -5.046316 0.739706 0.000000 0.00000000 0.00000000 0.99946598 0.03267645
906.323000000 -5.054778 0.740089 0.000000 0.00000000 0.00000000 0.99945124 0.03312433
906.448000000 -5.062244 0.740487 0.000000 0.00000000 0.00000000 0.99944764 0.03323267
906.573000000 -5.069535 0.741497 0.000000 0.00000000 0.00000000 0.99944822 0.03321525
906.698000000 -5.076153 0.740163 0.000000 0.00000000 0.00000000 0.99946064 0.03283957
906.823000000 -5.081629 0.742177 0.000000 0.00000000 0.00000000 0.99943956 0.03347491
906.948000000 -5.088102 0.742332 0.000000 0.00000000 0.00000000 0.99943371 0.03364920
907.073000000 -5.097948 0.741612 0.000000 0.00000000 0.00000000 0.99946063 0.03283965
907.198000000 -5.102824 0.742290 0.000000 0.00000000 0.00000000 0.99944777 0.03322893
907.323000000 -5.111051 0.742773 0.000000 0.00000000 0.00000000 0.99945814 0.03291537
907.448000000 -5.119357 0.743399 0.000000 0.00000000 0.00000000 0.99944933 0.03318191
907.573000000 -5.130268 0.744319 0.000000 0.00000000 0.00000000 0.99946503 0.03270553
907.698000000 -5.138728 0.746316 0.000000 0.00000000 0.00000000 0.99945930 0.03288017
907.823000000 -5.149470 0.746556 0.000000 0.00000000 0.00000000 0.99945684 0.03295483
907.948000000 -5.149916 0.745151 0.000000 0.00000000 0.00000000 0.99946527 0.03269812
908.073000000 -5.155992 0.745444 0.000000 0.00000000 0.00000000 0.99945618 0.03297494
908.198000000 -5.166484 0.748272 0.000000 0.00000000 0.00000000 0.99943483 0.03361568
908.323000000 -5.178180 0.749788 0.000000 0.00000000 0.00000000 0.99945556 0.03299377
908.448000000 -5.177365 0.748967 0.000000 0.00000000 0.00000000 0.99943922 0.03348506
908.573000000 -5.184130 0.748718 0.000000 0.00000000 0.00000000 0.99944348 0.03335752
908.698000000 -5.188458 0.749396 0.000000 0.00000000 0.00000000 0.99943447 0.03362660
908.823000000 -5.201314 0.749686 0.000000 0.00000000 0.00000000 0.99946684 0.03265017
908.948000000 -5.210318 0.753082 0.000000 0.00000000 0.00000000 0.99943488 0.03361420
909.073000000 -5.219896 0.753133 0.000000 0.00000000 0.00000000 0.99945422 0.03303421
909.198000000 -5.225564 0.751829 0.000000 0.00000000 0.00000000 0.99945348 0.03305666
909.323000000 -5.228602 0.750481 0.000000 0.00000000 0.00000000 0.99944612 0.03327854
909.448000000 -5.236754 0.751853 0.000000 0.00000000 0.00000000 0.99944406 0.03334031
909.573000000 -5.246014 0.752119 0.000000 0.00000000 0.00000000 0.99946337 0.03275630
909.698000000 -5.248975 0.754988 0.000000 0.00000000 0.00000000 0.99943828 0.03351297
909.823000000 -5.262177 0.754951 0.000000 0.00000000 0.00000000 0.99943484 0.03361552
909.948000000 -5.267263 0.755189 0.000000 0.00000000 0.00000000 0.99944343 0.03335905
910.073000000 -5.274641 0.755208 0.000000 0.00000000 0.00000000 0.99944194 0.03340384
910.198000000 -5.280996 0.757042 0.000000 0.00000000 0.00000000 0.99943504 0.03360944
910.323000000 -5.291112 0.758223 0.000000 0.00000000 0.00000000 0.99944006 0.03346005
910.448000000 -5.297246 0.758273 0.000000 0.00000000 0.00000000 0.99942645 0.03386397
910.573000000 -5.304612 0.756431 0.000000 0.00000000 0.00000000 0.99944382 0.03334740
910.698000000 -5.312930 0.759424 0.000000 0.00000000 0.00000000 0.99944785 0.03322656
910.823000000 -5.317891 0.758755 0.000000 0.00000000 0.00000000 0.99943275 0.03367752
910.948000000 -5.327628 0.759668 0.000000 0.00000000 0.00000000 0.99944008 0.03345931
911.073000000 -5.335499 0.759013 0.000000 0.00000000 0.00000000 0.99944114 0.03342753
911.198000000 -5.340197 0.762419 0.000000 0.00000000 0.00000000 0.99942894 0.03379035
911.323000000 -5.350705 0.758365 0.000000 0.00000000 0.00000000 0.99944838 0.03321052
911.448000000 -5.360539 0.761698 0.000000 0.00000000 0.00000000 0.99943431 0.03363113
911.573000000 -5.364644 0.763063 0.000000 0.00000000 0.00000000 0.99944601 0.03328178
911.698000000 -5.372706 0.761763 0.000000 0.00000000 0.00000000 0.99944624 0.03327467
911.823000000 -5.379633 0.761955 0.000000 0.00000000 0.00000000 0.99943112 0.03372580
911.948000000 -5.386057 0.762723 0.000000 0.00000000 0.00000000 0.99944149 0.03341721
912.073000000 -5.394455 0.763685 0.000000 0.00000000 0.00000000 0.99943848 0.03350722
912.198000000 -5.401229 0.764145 0.000000 0.00000000 0.00000000 0.99943696 0.03355235
912.323000000 -5.408810 0.764510 0.000000 0.00000000 0.00000000 0.99945114 0.03312731
912.448000000 -5.413642 0.764593 0.000000 0.00000000 0.00000000 0.99944247 0.03338778
912.573000000 -5.422055 0.763182 0.000000 0.00000000 0.00000000 0.99946711 0.03264205
912.698000000 -5.431080 0.764396 0.000000 0.00000000 0.00000000 0.99946128 0.03281987
912.823000000 -5.435231 0.767511 0.000000 0.00000000 0.00000000 0.99943752 0.03353576
912.948000000 -5.446683 0.766714 0.000000 0.00000000 0.00000000 0.99944228 0.03339340
913.073000000 -5.456053 0.769638 0.000000 0.00000000 0.00000000 0.99943390 0.03364332
913.198000000 -5.462056 0.767805 0.000000 0.00000000 0.00000000 0.99944689 0.03325518
913.323000000 -5.468515 0.767387 0.000000 0.00000000 0.00000000 0.99946257 0.03278074
913.448000000 -5.478527 0.767002 0.000000 0.00000000 0.00000000 0.99946162 0.03280946
913.574000000 -5.481381 0.769029 0.000000 0.00000000 0.00000000 0.99944436 0.03333125
913.698000000 -5.492062 0.771128 0.000000 0.00000000 0.00000000 0.99944149 0.03341729
913.823000000 -5.496597 0.772127 0.000000 0.00000000 0.00000000 0.99943361 0.03365212
913.948000000 -5.503134 0.771567 0.000000 0.00000000 0.00000000 0.99944133 0.03342208
914.073000000 -5.514737 0.772249 0.000000 0.00000000 0.00000000 0.99944579 0.03328820
914.198000000 -5.521571 0.772977 0.000000 0.00000000 0.00000000 0.99943870 0.03350059
914.323000000 -5.525854 0.773277 0.000000 0.00000000 0.00000000 0.99943948 0.03347729
914.448000000 -5.536793 0.769913 0.000000 0.00000000 0.00000000 0.99946654 0.03265931
914.573000000 -5.542799 0.771705 0.000000 0.00000000 0.00000000 0.99945365 0.03305158
914.698000000 -5.550925 0.773673 0.000000 0.00000000 0.00000000 0.99945878 0.03289613
914.823000000 -5.560711 0.774801 0.000000 0.00000000 0.00000000 0.99945290 0.03307416
914.948000000 -5.566500 0.776260 0.000000 0.00000000 0.00000000 0.99945086 0.03313567
915.073000000 -5.574119 0.777014 0.000000 0.00000000 0.00000000 0.99943074 0.03373713
915.198000000 -5.581180 0.775316 0.000000 0.00000000 0.00000000 0.99945010 0.03315868
915.323000000 -5.589711 0.777290 0.000000 0.00000000 0.00000000 0.99944310 0.03336905
915.448000000 -5.594832 0.775175 0.000000 0.00000000 0.00000000 0.99946565 0.03268663
915.573000000 -5.603761 0.778542 0.000000 0.00000000 0.00000000 0.99944312 0.03336827
915.698000000 -5.613757 0.780190 0.000000 0.00000000 0.00000000 0.99943215 0.03369532
915.823000000 -5.621142 0.781238 0.000000 0.00000000 0.00000000 0.99942739 0.03383617
915.948000000 -5.624446 0.780624 0.000000 0.00000000 0.00000000 0.99942181 0.03400070
916.073000000 -5.635786 0.781415 0.000000 0.00000000 0.00000000 0.99941875 0.03409064
916.198000000 -5.644809 0.782204 0.000000 0.00000000 0.00000000 0.99943074 0.03373730
916.323000000 -5.651441 0.783926 0.000000 0.00000000 0.00000000 0.99941611 0.03416777
916.448000000 -5.656096 0.783479 0.000000 0.00000000 0.00000000 0.99942107 0.03402239
916.573000000 -5.665597 0.785381 0.000000 0.00000000 0.00000000 0.99941182 0.03429317
916.698000000 -5.673743 0.783775 0.000000 0.00000000 0.00000000 0.99942451 0.03392116
916.823000000 -5.681835 0.783144 0.000000 0.00000000 0.00000000 0.99943452 0.03362511
916.948000000 -5.688196 0.784601 0.000000 0.00000000 0.00000000 0.99942649 0.03386285
917.073000000 -5.695612 0.787790 0.000000 0.00000000 0.00000000 0.99942126 0.03401680
917.198000000 -5.703243 0.787818 0.000000 0.00000000 0.00000000 0.99942506 0.03390508
917.323000000 -5.711099 0.788623 0.000000 0.00000000 0.00000000 0.99941874 0.03409071
917.448000000 -5.717407 0.787737 0.000000 0.00000000 0.00000000 0.99942835 0.03380797
917.573000000 -5.724692 0.789048 0.000000 0.00000000 0.00000000 0.99941384 0.03423415
917.698000000 -5.733336 0.788836 0.000000 0.00000000 0.00000000 0.99942457 0.03391934
917.823000000 -5.739063 0.791136 0.000000 0.00000000 0.00000000 0.99942186 0.03399917
917.948000000 -5.749284 0.788715 0.000000 0.00000000 0.00000000 0.99943380 0.03364643
918.073000000 -5.754467 0.790973 0.000000 0.00000000 0.00000000 0.99943405 0.03363909
918.198000000 -5.762050 0.791967 0.000000 0.00000000 0.00000000 0.99941801 0.03411212
918.323000000 -5.765396 0.790575 0.000000 0.00000000 0.00000000 0.99943144 0.03371646
918.448000000 -5.775222 0.792267 0.000000 0.00000000 0.00000000 0.99942601 0.03387699
918.573000000 -5.782737 0.792449 0.000000 0.00000000 0.00000000 0.99942430 0.03392747
918.698000000 -5.790732 0.793570 0.000000 0.00000000 0.00000000 0.99942394 0.03393789
918.823000000 -5.798173 0.792580 0.000000 0.00000000 0.00000000 0.99943576 0.03358820
918.948000000 -5.805551 0.793136 0.000000 0.00000000 0.00000000 0.99944954 0.03317555
919.073000000 -5.814775 0.791308 0.000000 0.00000000 0.00000000 0.99961002 0.02792496
919.198000000 -5.820927 0.794703 0.000000 0.00000000 0.00000000 0.99975108 0.02231104
919.323000000 -5.831214 0.794944 0.000000 0.00000000 0.00000000 0.99987306 0.01593313
919.448000000 -5.838189 0.794272 0.000000 0.00000000 0.00000000 0.99995282 0.00971385
919.573000000 -5.844933 0.793126 0.000000 0.00000000 0.00000000 0.99999647 0.00265635
919.698000000 -5.852072 0.794921 0.000000 0.00000000 0.00000000 0.99999445 -0.00333092
919.823000000 -5.858320 0.794029 0.000000 0.00000000 0.00000000 0.99995414 -0.00957670
919.948000000 -5.866596 0.795513 0.000000 0.00000000 0.00000000 0.99988320 -0.01528379
920.073000000 -5.872658 0.792359 0.000000 0.00000000 0.00000000 0.99975861 -0.02197077
920.198000000 -5.880734 0.794591 0.000000 0.00000000 0.00000000 0.99960809 -0.02799402
920.323000000 -5.886976 0.792715 0.000000 0.00000000 0.00000000 0.99940759 -0.03441607
920.448000000 -5.896367 0.791040 0.000000 0.00000000 0.00000000 0.99915884 -0.04100739
920.573000000 -5.901879 0.790602 0.000000 0.00000000 0.00000000 0.99892468 -0.04636252
920.698000000 -5.908364 0.789871 0.000000 0.00000000 0.00000000 0.99861379 -0.05263556
920.823000000 -5.916488 0.790016 0.000000 0.00000000 0.00000000 0.99826659 -0.05885419
920.948000000 -5.924896 0.787467 0.000000 0.00000000 0.00000000 0.99788970 -0.06493191
921.073000000 -5.933124 0.788001 0.000000 0.00000000 0.00000000 0.99746708 -0.07112968
921.198000000 -5.941831 0.786698 0.000000 0.00000000 0.00000000 0.99695813 -0.07793903
921.323000000 -5.947753 0.783180 0.000000 0.00000000 0.00000000 0.99644992 -0.08418763
921.448000000 -5.955725 0.785863 0.000000 0.00000000 0.00000000 0.99596885 -0.08969975
921.573000000 -5.961584 0.783453 0.000000 0.00000000 0.00000000 0.99540062 -0.09579978
921.698000000 -5.970165 0.781849 0.000000 0.00000000 0.00000000 0.99475477 -0.10228858
921.823000000 -5.978358 0.780221 0.000000 0.00000000 0.00000000 0.99407267 -0.10871769
921.948000000 -5.985594 0.777434 0.000000 0.00000000 0.00000000 0.99339266 -0.11476505
922.073000000 -5.989161 0.775992 0.000000 0.00000000 0.00000000 0.99268667 -0.12071941
922.198000000 -5.999618 0.775420 0.000000 0.00000000 0.00000000 0.99187659 -0.12720389
922.323000000 -6.005063 0.771391 0.000000 0.00000000 0.00000000 0.99106475 -0.13338167
922.448000000 -6.014327 0.770314 0.000000 0.00000000 0.00000000 0.99026106 -0.13922297
922.573000000 -6.022502 0.766828 0.000000 0.00000000 0.00000000 0.98909150 -0.14730241
922.698000000 -6.027816 0.764190 0.000000 0.00000000 0.00000000 0.98732102 -0.15873626
922.823000000 -6.038023 0.762040 0.000000 0.00000000 0.00000000 0.98524257 -0.17116389
922.948000000 -6.046739 0.759578 0.000000 0.00000000 0.00000000 0.98308472 -0.18315138
923.073000000 -6.050895 0.755795 0.000000 0.00000000 0.00000000 0.98067313 -0.19565329
923.198000000 -6.059085 0.749735 0.000000 0.00000000 0.00000000 0.97801792 -0.20852085
923.323000000 -6.065479 0.749094 0.000000 0.00000000 0.00000000 0.97544614 -0.22023812
923.448000000 -6.072956 0.744807 0.000000 0.00000000 0.00000000 0.97257843 -0.23257515
923.573000000 -6.077782 0.745118 0.000000 0.00000000 0.00000000 0.96986176 -0.24365583
923.698000000 -6.085617 0.737743 0.000000 0.00000000 0.00000000 0.96664764 -0.25611002
923.823000000 -6.091101 0.739212 0.000000 0.00000000 0.00000000 0.96355897 -0.26749599
923.948000000 -6.097278 0.729435 0.000000 0.00000000 0.00000000 0.95997542 -0.28008428
924.073000000 -6.104774 0.726594 0.000000 0.00000000 0.00000000 0.95641291 -0.29201770
924.198000000 -6.110348 0.723246 0.000000 0.00000000 0.00000000 0.95267680 -0.30398505
924.323000000 -6.116802 0.716469 0.000000 0.00000000 0.00000000 0.94882059 -0.31581560
924.448000000 -6.122105 0.713571 0.000000 0.00000000 0.00000000 0.94484571 -0.32751577
924.573000000 -6.122384 0.710994 0.000000 0.00000000 0.00000000 0.94090870 -0.33866032
924.698000000 -6.135279 0.702847 0.000000 0.00000000 0.00000000 0.93627969 -0.35125538
924.823000000 -6.137814 0.699182 0.000000 0.00000000 0.00000000 0.93194642 -0.36259601
924.948000000 -6.146344 0.694418 0.000000 0.00000000 0.00000000 0.92746194 -0.37391757
925.073000000 -6.149277 0.689478 0.000000 0.00000000 0.00000000 0.92426244 -0.38175770
925.198000000 -6.151628 0.681925 0.000000 0.00000000 0.00000000 0.92305850 -0.38465960
925.323000000 -6.163384 0.678837 0.000000 0.00000000 0.00000000 0.92295362 -0.38491117
925.448000000 -6.167507 0.673315 0.000000 0.00000000 0.00000000 0.92292853 -0.38497133
925.573000000 -6.172177 0.664971 0.000000 0.00000000 0.00000000 0.92269726 -0.38552532
925.698000000 -6.172841 0.663861 0.000000 0.00000000 0.00000000 0.92297248 -0.38486596
925.823000000 -6.179961 0.657424 0.000000 0.00000000 0.00000000 0.92294565 -0.38493029
925.948000000 -6.187695 0.649744 0.000000 0.00000000 0.00000000 0.92282884 -0.38521023
926.073000000 -6.191945 0.643323 0.000000 0.00000000 0.00000000 0.92271963 -0.38547178
926.198000000 -6.190935 0.641158 0.000000 0.00000000 0.00000000 0.92298953 -0.38482507
926.323000000 -6.200219 0.634315 0.000000 0.00000000 0.00000000 0.92290376 -0.38503072
926.448000000 -6.205548 0.629273 0.000000 0.00000000 0.00000000 0.92293463 -0.38495671
926.573000000 -6.213199 0.622824 0.000000 0.00000000 0.00000000 0.92257453 -0.38581892
926.698000000 -6.214480 0.619688 0.000000 0.00000000 0.00000000 0.92304672 -0.38468787
926.823000000 -6.219589 0.614440 0.000000 0.00000000 0.00000000 0.92310711 -0.38454293
926.948000000 -6.226258 0.609250 0.000000 0.00000000 0.00000000 0.92337152 -0.38390759
927.073000000 -6.230859 0.602776 0.000000 0.00000000 0.00000000 0.92513768 -0.37963177
927.198000000 -6.238013 0.595070 0.000000 0.00000000 0.00000000 0.92870443 -0.37082081
927.323000000 -6.241547 0.595008 0.000000 0.00000000 0.00000000 0.93365953 -0.35816181
927.448000000 -6.246175 0.585866 0.000000 0.00000000 0.00000000 0.93783730 -0.34707521
927.573000000 -6.255002 0.584334 0.000000 0.00000000 0.00000000 0.94213003 -0.33524768
927.698000000 -6.261940 0.578064 0.000000 0.00000000 0.00000000 0.94622648 -0.32350493
927.823000000 -6.267336 0.576441 0.000000 0.00000000 0.00000000 0.95024062 -0.31151686
927.948000000 -6.274036 0.570223 0.000000 0.00000000 0.00000000 0.95400052 -0.29980496
928.073000000 -6.279320 0.567189 0.000000 0.00000000 0.00000000 0.95760073 -0.28809868
928.198000000 -6.283579 0.563926 0.000000 0.00000000 0.00000000 0.96122596 -0.27576195
928.323000000 -6.289385 0.559934 0.000000 0.00000000 0.00000000 0.96463398 -0.26359301
928.448000000 -6.297899 0.556014 0.000000 0.00000000 0.00000000 0.96782305 -0.25163176
928.573000000 -6.304420 0.548210 0.000000 0.00000000 0.00000000 0.97064577 -0.24051359
928.698000000 -6.310096 0.545569 0.000000 0.00000000 0.00000000 0.97363264 -0.22812162
928.823000000 -6.314454 0.547763 0.000000 0.00000000 0.00000000 0.97654032 -0.21533461
928.948000000 -6.323220 0.543527 0.000000 0.00000000 0.00000000 0.97906269 -0.20355896
929.073000000 -6.331505 0.538574 0.000000 0.00000000 0.00000000 0.98145493 -0.19169304
929.198000000 -6.338297 0.536990 0.000000 0.00000000 0.00000000 0.98290523 -0.18411222
929.323000000 -6.347412 0.531619 0.000000 0.00000000 0.00000000 0.98345340 -0.18116126
929.448000000 -6.352073 0.526777 0.000000 0.00000000 0.00000000 0.98337201 -0.18160256
929.573000000 -6.359072 0.528550 0.000000 0.00000000 0.00000000 0.98346896 -0.18107681
929.698000000 -6.366113 0.525618 0.000000 0.00000000 0.00000000 0.98354773 -0.18064845
929.823000000 -6.374378 0.521447 0.000000 0.00000000 0.00000000 0.98350674 -0.18087149
929.948000000 -6.380179 0.520237 0.000000 0.00000000 0.00000000 0.98359126 -0.18041128
930.073000000 -6.389531 0.515807 0.000000 0.00000000 0.00000000 0.98347605 -0.18103826
930.198000000 -6.393173 0.516474 0.000000 0.00000000 0.00000000 0.98360934 -0.18031267
930.323000000 -6.399567 0.514593 0.000000 0.00000000 0.00000000 0.98361701 -0.18027086
930.448000000 -6.408709 0.508460 0.000000 0.00000000 0.00000000 0.98350210 -0.18089671
930.573000000 -6.414275 0.508041 0.000000 0.00000000 0.00000000 0.98356434 -0.18055802
930.698000000 -6.421280 0.503145 0.000000 0.00000000 0.00000000 0.98351953 -0.18080192
930.823000000 -6.428593 0.504174 0.000000 0.00000000 0.00000000 0.98365178 -0.18008103
930.948000000 -6.433794 0.498104 0.000000 0.00000000 0.00000000 0.98350155 -0.18089969
931.073000000 -6.442300 0.498119 0.000000 0.00000000 0.00000000 0.98360784 -0.18032088
931.198000000 -6.449973 0.495335 0.000000 0.00000000 0.00000000 0.98356732 -0.18054175
931.323000000 -6.455362 0.495432 0.000000 0.00000000 0.00000000 0.98366382 -0.18001525
931.448000000 -6.463954 0.492427 0.000000 0.00000000 0.00000000 0.98360970 -0.18031072
931.573000000 -6.472552 0.486494 0.000000 0.00000000 0.00000000 0.98356863 -0.18053462
931.698000000 -6.481552 0.482347 0.000000 0.00000000 0.00000000 0.98345585 -0.18114796
931.823000000 -6.485756 0.478980 0.000000 0.00000000 0.00000000 0.98348415 -0.18099425
931.948000000 -6.492605 0.482214 0.000000 0.00000000 0.00000000 0.98362240 -0.18024143
932.073000000 -6.500331 0.475230 0.000000 0.00000000 0.00000000 0.98352104 -0.18079370
932.198000000 -6.505911 0.475360 0.000000 0.00000000 0.00000000 0.98355274 -0.18062116
932.323000000 -6.514505 0.470097 0.000000 0.00000000 0.00000000 0.98352810 -0.18075530
932.448000000 -6.520675 0.468244 0.000000 0.00000000 0.00000000 0.98353678 -0.18070804
932.573000000 -6.527096 0.464952 0.000000 0.00000000 0.00000000 0.98360752 -0.18032264
932.698000000 -6.532835 0.466415 0.000000 0.00000000 0.00000000 0.98363742 -0.18015947
932.823000000 -6.540765 0.460840 0.000000 0.00000000 0.00000000 0.98358370 -0.18045247
932.948000000 -6.547458 0.459811 0.000000 0.00000000 0.00000000 0.98357753 -0.18048611
933.073000000 -6.556178 0.456920 0.000000 0.00000000 0.00000000 0.98360679 -0.18032659
933.198000000 -6.562854 0.451192 0.000000 0.00000000 0.00000000 0.98352856 -0.18075281
933.323000000 -6.567774 0.450840 0.000000 0.00000000 0.00000000 0.98357983 -0.18047357
933.448000000 -6.577573 0.445995 0.000000 0.00000000 0.00000000 0.98350851 -0.18086184
933.573000000 -6.583582 0.447668 0.000000 0.00000000 0.00000000 0.98360124 -0.18035686
933.698000000 -6.588033 0.444419 0.000000 0.00000000 0.00000000 0.98362445 -0.18023022
933.823000000 -6.596083 0.439950 0.000000 0.00000000 0.00000000 0.98363493 -0.18017303
933.948000000 -6.602345 0.440929 0.000000 0.00000000 0.00000000 0.98370370 -0.17979721
934.073000000 -6.610020 0.436658 0.000000 0.00000000 0.00000000 0.98370445 -0.17979310
934.198000000 -6.620952 0.431633 0.000000 0.00000000 0.00000000 0.98315454 -0.18277625
934.323000000 -6.624143 0.426826 0.000000 0.00000000 0.00000000 0.98199288 -0.18891794
934.448000000 -6.631608 0.431299 0.000000 0.00000000 0.00000000 0.98101712 -0.19392114
934.573000000 -6.639933 0.423068 0.000000 0.00000000 0.00000000 0.97963665 -0.20077857
934.698000000 -6.647570 0.416033 0.000000 0.00000000 0.00000000 0.97812125 -0.20803563
934.823000000 -6.651105 0.415684 0.000000 0.00000000 0.00000000 0.97585939 -0.21839974
934.948000000 -6.661717 0.411029 0.000000 0.00000000 0.00000000 0.97292566 -0.23111830
935.073000000 -6.666921 0.408887 0.000000 0.00000000 0.00000000 0.97007038 -0.24282393
935.198000000 -6.671658 0.408540 0.000000 0.00000000 0.00000000 0.96706218 -0.25454025
935.323000000 -6.680912 0.401510 0.000000 0.00000000 0.00000000 0.96363890 -0.26720793
935.448000000 -6.685176 0.396517 0.000000 0.00000000 0.00000000 0.96023359 -0.27919788
935.573000000 -6.693600 0.395578 0.000000 0.00000000 0.00000000 0.95681827 -0.29068676
935.698000000 -6.697108 0.392580 0.000000 0.00000000 0.00000000 0.95325553 -0.30216533
935.823000000 -6.707423 0.383747 0.000000 0.00000000 0.00000000 0.94914550 -0.31483777
935.948000000 -6.712206 0.380392 0.000000 0.00000000 0.00000000 0.94527622 -0.32627117
936.073000000 -6.717500 0.377487 0.000000 0.00000000 0.00000000 0.94109447 -0.33814377
936.198000000 -6.723980 0.371674 0.000000 0.00000000 0.00000000 0.93677967 -0.34991977
936.323000000 -6.729227 0.366584 0.000000 0.00000000 0.00000000 0.93228689 -0.36171972
936.448000000 -6.732218 0.361245 0.000000 0.00000000 0.00000000 0.92787652 -0.37288761
936.573000000 -6.739244 0.355174 0.000000 0.00000000 0.00000000 0.92302115 -0.38474921
936.698000000 -6.743199 0.350698 0.000000 0.00000000 0.00000000 0.91823814 -0.39602868
936.823000000 -6.750029 0.345545 0.000000 0.00000000 0.00000000 0.91314878 -0.40762643
936.948000000 -6.756825 0.339954 0.000000 0.00000000 0.00000000 0.90790143 -0.41918372
937.073000000 -6.763373 0.333368 0.000000 0.00000000 0.00000000 0.90272662 -0.43021465
937.198000000 -6.763961 0.330633 0.000000 0.00000000 0.00000000 0.89747853 -0.44105815
937.323000000 -6.768580 0.323917 0.000000 0.00000000 0.00000000 0.89180569 -0.45241862
937.448000000 -6.772509 0.312446 0.000000 0.00000000 0.00000000 0.88592620 -0.46382623
937.573000000 -6.775141 0.309515 0.000000 0.00000000 0.00000000 0.88048555 -0.47407299
937.698000000 -6.782841 0.306303 0.000000 0.00000000 0.00000000 0.87447303 -0.48507414
937.823000000 -6.783267 0.297814 0.000000 0.00000000 0.00000000 0.86840009 -0.49586417
937.948000000 -6.789502 0.293480 0.000000 0.00000000 0.00000000 -0.86214076 0.50666884
938.073000000 -6.790574 0.287138 0.000000 0.00000000 0.00000000 -0.85590506 0.51713298
938.198000000 -6.796463 0.277888 0.000000 0.00000000 0.00000000 -0.84914410 0.52816124
938.323000000 -6.797417 0.268652 0.000000 0.00000000 0.00000000 -0.84264559 0.53846858
938.448000000 -6.801405 0.261470 0.000000 0.00000000 0.00000000 -0.83837735 0.54509029
938.573000000 -6.804111 0.258165 0.000000 0.00000000 0.00000000 -0.83519455 0.54995460
938.698000000 -6.812273 0.252116 0.000000 0.00000000 0.00000000 -0.83181347 0.55505527
938.823000000 -6.810874 0.242193 0.000000 0.00000000 0.00000000 -0.82825975 0.56034434
938.948000000 -6.812401 0.240364 0.000000 0.00000000 0.00000000 -0.82505551 0.56505169
939.073000000 -6.816155 0.227450 0.000000 0.00000000 0.00000000 -0.82196984 0.56953102
939.198000000 -6.815520 0.221632 0.000000 0.00000000 0.00000000 -0.82169214 0.56993160
939.323000000 -6.822366 0.218511 0.000000 0.00000000 0.00000000 -0.82174290 0.56985840
939.448000000 -6.823907 0.208950 0.000000 0.00000000 0.00000000 -0.82154350 0.57014583
939.573000000 -6.827094 0.200717 0.000000 0.00000000 0.00000000 -0.82160773 0.57005328
939.698000000 -6.828352 0.192947 0.000000 0.00000000 0.00000000 -0.82149160 0.57022062
939.823000000 -6.830677 0.180764 0.000000 0.00000000 0.00000000 -0.82123440 0.57059097
939.948000000 -6.834676 0.179579 0.000000 0.00000000 0.00000000 -0.82163686 0.57001129
940.073000000 -6.837171 0.170543 0.000000 0.00000000 0.00000000 -0.82142416 0.57031777
940.198000000 -6.840086 0.166991 0.000000 0.00000000 0.00000000 -0.82015597 0.57214000
940.323000000 -6.844983 0.157706 0.000000 0.00000000 0.00000000 -0.81620534 0.57776192
940.448000000 -6.846584 0.151812 0.000000 0.00000000 0.00000000 -0.81271044 0.58266778
940.573000000 -6.845635 0.148862 0.000000 0.00000000 0.00000000 -0.80977882 0.58673526
940.698000000 -6.848944 0.140425 0.000000 0.00000000 0.00000000 -0.80598804 0.59193182
940.823000000 -6.851489 0.137285 0.000000 0.00000000 0.00000000 -0.80258416 0.59653890
940.948000000 -6.855521 0.124253 0.000000 0.00000000 0.00000000 -0.79820122 0.60239091
941.073000000 -6.856434 0.112107 0.000000 0.00000000 0.00000000 -0.79424523 0.60759734
941.198000000 -6.857046 0.110764 0.000000 0.00000000 0.00000000 -0.79296492 0.60926729
941.323000000 -6.861879 0.103206 0.000000 0.00000000 0.00000000 -0.79285969 0.60940423
941.448000000 -6.863969 0.098096 0.000000 0.00000000 0.00000000 -0.79297085 0.60925958
941.573000000 -6.864532 0.088876 0.000000 0.00000000 0.00000000 -0.79289142 0.60936294
941.698000000 -6.866024 0.080830 0.000000 0.00000000 0.00000000 -0.79289801 0.60935437
941.948000000 -6.870730 0.061494 0.000000 0.00000000 0.00000000 -0.79246557 0.60991665
942.073000000 -6.869158 0.060790 0.000000 0.00000000 0.00000000 -0.79322909 0.60892333
942.198000000 -6.874671 0.055655 0.000000 0.00000000 0.00000000 -0.79283492 0.60943645
942.323000000 -6.873713 0.046633 0.000000 0.00000000 0.00000000 -0.79304658 0.60916099
942.448000000 -6.879607 0.041020 0.000000 0.00000000 0.00000000 -0.79151923 0.61114426
942.573000000 -6.883831 0.025511 0.000000 0.00000000 0.00000000 -0.78733476 0.61652574
942.698000000 -6.882051 0.016778 0.000000 0.00000000 0.00000000 -0.78375281 0.62107289
942.823000000 -6.884227 0.015641 0.000000 0.00000000 0.00000000 -0.78013621 0.62560970
942.948000000 -6.887502 0.014528 0.000000 0.00000000 0.00000000 -0.77661777 0.62997209
943.073000000 -6.889029 0.001691 0.000000 0.00000000 0.00000000 -0.77223201 0.63534064
943.198000000 -6.890840 -0.005790 0.000000 0.00000000 0.00000000 -0.76812295 0.64030237
943.323000000 -6.886051 -0.010148 0.000000 0.00000000 0.00000000 -0.76504744 0.64397392
943.448000000 -6.890104 -0.022974 0.000000 0.00000000 0.00000000 -0.76030464 0.64956667
943.573000000 -6.889167 -0.018265 0.000000 0.00000000 0.00000000 -0.75706783 0.65333629
943.698000000 -6.890641 -0.037691 0.000000 0.00000000 0.00000000 -0.75247459 0.65862128
943.823000000 -6.888874 -0.035424 0.000000 0.00000000 0.00000000 -0.74939214 0.66212644
943.948000000 -6.902680 -0.047548 0.000000 0.00000000 0.00000000 -0.74505295 0.66700532
944.073000000 -6.899901 -0.055635 0.000000 0.00000000 0.00000000 -0.74506636 0.66699035
944.198000000 -6.899971 -0.058161 0.000000 0.00000000 0.00000000 -0.74540905 0.66660734
944.323000000 -6.894961 -0.064732 0.000000 0.00000000 0.00000000 -0.74564067 0.66634825
944.448000000 -6.904355 -0.083949 0.000000 0.00000000 0.00000000 -0.74428043 0.66786724
944.573000000 -6.893956 -0.076678 0.000000 0.00000000 0.00000000 -0.74647133 0.66541758
944.698000000 -6.895900 -0.095509 0.000000 0.00000000 0.00000000 -0.74538727 0.66663169
944.823000000 -6.902971 -0.103799 0.000000 0.00000000 0.00000000 -0.74503448 0.66702595
944.948000000 -6.899855 -0.112802 0.000000 0.00000000 0.00000000 -0.74526224 0.66677147
945.073000000 -6.901658 -0.118329 0.000000 0.00000000 0.00000000 -0.74488807 0.66718945
945.198000000 -6.901120 -0.124736 0.000000 0.00000000 0.00000000 -0.74540551 0.66661130
945.323000000 -6.904789 -0.134188 0.000000 0.00000000 0.00000000 -0.74519683 0.66684458
945.448000000 -6.905372 -0.144694 0.000000 0.00000000 0.00000000 -0.74474014 0.66735457
945.573000000 -6.905153 -0.142262 0.000000 0.00000000 0.00000000 -0.74585262 0.66611100
945.698000000 -6.906115 -0.148351 0.000000 0.00000000 0.00000000 -0.74594480 0.66600777
945.823000000 -6.908408 -0.160860 0.000000 0.00000000 0.00000000 -0.74549257 0.66651393
945.948000000 -6.913336 -0.176147 0.000000 0.00000000 0.00000000 -0.74409483 0.66807402
946.073000000 -6.913504 -0.182216 0.000000 0.00000000 0.00000000 -0.74441592 0.66771621
946.198000000 -6.911617 -0.179707 0.000000 0.00000000 0.00000000 -0.74231919 0.67004643
946.323000000 -6.917924 -0.192115 0.000000 0.00000000 0.00000000 -0.73728715 0.67557950
946.448000000 -6.916074 -0.201805 0.000000 0.00000000 0.00000000 -0.73294735 0.68028537
946.573000000 -6.909931 -0.208604 0.000000 0.00000000 0.00000000 -0.72892046 0.68459840
946.698000000 -6.913191 -0.214096 0.000000 0.00000000 0.00000000 -0.72509866 0.68864500
946.823000000 -6.918391 -0.235164 0.000000 0.00000000 0.00000000 -0.71902455 0.69498467
946.948000000 -6.920880 -0.242257 0.000000 0.00000000 0.00000000 -0.71427686 0.69986325
947.073000000 -6.913757 -0.243185 0.000000 0.00000000 0.00000000 -0.71217893 0.70199799
947.198000000 -6.908039 -0.247042 0.000000 0.00000000 0.00000000 -0.71200318 0.70217624
947.323000000 -6.913590 -0.254826 0.000000 0.00000000 0.00000000 -0.71121380 0.70297577
947.448000000 -6.914135 -0.259885 0.000000 0.00000000 0.00000000 -0.71177051 0.70241208
947.573000000 -6.912443 -0.273201 0.000000 0.00000000 0.00000000 -0.71120483 0.70298484
947.698000000 -6.913370 -0.277155 0.000000 0.00000000 0.00000000 -0.71141330 0.70277387
947.823000000 -6.912074 -0.284440 0.000000 0.00000000 0.00000000 -0.71159438 0.70259052
947.948000000 -6.916717 -0.290527 0.000000 0.00000000 0.00000000 -0.71159722 0.70258765
948.073000000 -6.912982 -0.293557 0.000000 0.00000000 0.00000000 -0.71198519 0.70219448
948.198000000 -6.922044 -0.306960 0.000000 0.00000000 0.00000000 -0.71034647 0.70385218
948.323000000 -6.914313 -0.311989 0.000000 0.00000000 0.00000000 -0.71162998 0.70255446
948.448000000 -6.913829 -0.318289 0.000000 0.00000000 0.00000000 -0.71207101 0.70210746
948.573000000 -6.912643 -0.331965 0.000000 0.00000000 0.00000000 -0.71131235 0.70287604
948.698000000 -6.911075 -0.335847 0.000000 0.00000000 0.00000000 -0.71152561 0.70266016
948.823000000 -6.913852 -0.349857 0.000000 0.00000000 0.00000000 -0.71082862 0.70336525
948.948000000 -6.914166 -0.360238 0.000000 0.00000000 0.00000000 -0.71062709 0.70356886
949.073000000 -6.913379 -0.360728 0.000000 0.00000000 0.00000000 -0.71096740 0.70322496
949.198000000 -6.922423 -0.380021 0.000000 0.00000000 0.00000000 -0.70728323 0.70693029
949.323000000 -6.913160 -0.380278 0.000000 0.00000000 0.00000000 -0.70505157 0.70915604
949.448000000 -6.915297 -0.391494 0.000000 0.00000000 0.00000000 -0.70017474 0.71397153
949.573000000 -6.917640 -0.399482 0.000000 0.00000000 0.00000000 -0.69543365 0.71859031
949.698000000 -6.917726 -0.409667 0.000000 0.00000000 0.00000000 -0.69430599 0.71967992
949.823000000 -6.921873 -0.415720 0.000000 0.00000000 0.00000000 -0.69384782 0.72012165
949.948000000 -6.916671 -0.425558 0.000000 0.00000000 0.00000000 -0.69427008 0.71971457
950.073000000 -6.917309 -0.435765 0.000000 0.00000000 0.00000000 -0.69415126 0.71982917
950.198000000 -6.917997 -0.440439 0.000000 0.00000000 0.00000000 -0.69395599 0.72001742
950.323000000 -6.917567 -0.451187 0.000000 0.00000000 0.00000000 -0.69381744 0.72015092
950.448000000 -6.919313 -0.462064 0.000000 0.00000000 0.00000000 -0.69362731 0.72033406
950.573000000 -6.917847 -0.452526 0.000000 0.00000000 0.00000000 -0.69522604 0.71879118
950.698000000 -6.914387 -0.465587 0.000000 0.00000000 0.00000000 -0.69535931 0.71866225
950.823000000 -6.908902 -0.465885 0.000000 0.00000000 0.00000000 -0.69661852 0.71744173
950.948000000 -6.906392 -0.471673 0.000000 0.00000000 0.00000000 -0.69696470 0.71710544
951.073000000 -6.908158 -0.481513 0.000000 0.00000000 0.00000000 -0.69642667 0.71762797
951.198000000 -6.904647 -0.488608 0.000000 0.00000000 0.00000000 -0.69710474 0.71696931
951.323000000 -6.906463 -0.496816 0.000000 0.00000000 0.00000000 -0.69678499 0.71728006
951.448000000 -6.903434 -0.499849 0.000000 0.00000000 0.00000000 -0.69745384 0.71662971
951.573000000 -6.904746 -0.509211 0.000000 0.00000000 0.00000000 -0.69692738 0.71714170
951.698000000 -6.905555 -0.517021 0.000000 0.00000000 0.00000000 -0.69692493 0.71714408
951.823000000 -6.905966 -0.523292 0.000000 0.00000000 0.00000000 -0.69718351 0.71689270
951.948000000 -6.904985 -0.533331 0.000000 0.00000000 0.00000000 -0.69671084 0.71735208
952.073000000 -6.905403 -0.538701 0.000000 0.00000000 0.00000000 -0.69698995 0.71708090
952.198000000 -6.906915 -0.544379 0.000000 0.00000000 0.00000000 -0.69697610 0.71709435
952.323000000 -6.907295 -0.554040 0.000000 0.00000000 0.00000000 -0.69665642 0.71740493
952.448000000 -6.905743 -0.560373 0.000000 0.00000000 0.00000000 -0.69700807 0.71706328
952.573000000 -6.906303 -0.570786 0.000000 0.00000000 0.00000000 -0.69615518 0.71789133
952.698000000 -6.903967 -0.576577 0.000000 0.00000000 0.00000000 -0.69618559 0.71786184
952.823000000 -6.905213 -0.586224 0.000000 0.00000000 0.00000000 -0.69577710 0.71825777
952.948000000 -6.903938 -0.592956 0.000000 0.00000000 0.00000000 -0.69594984 0.71809040
953.073000000 -6.903547 -0.596076 0.000000 0.00000000 0.00000000 -0.69631248 0.71773876
953.198000000 -6.904607 -0.608597 0.000000 0.00000000 0.00000000 -0.69592341 0.71811601
953.323000000 -6.902629 -0.611459 0.000000 0.00000000 0.00000000 -0.69612867 0.71791704
953.448000000 -6.904970 -0.621268 0.000000 0.00000000 0.00000000 -0.69588148 0.71815665
953.573000000 -6.903812 -0.631260 0.000000 0.00000000 0.00000000 -0.69571996 0.71831312
953.698000000 -6.902487 -0.634616 0.000000 0.00000000 0.00000000 -0.69613501 0.71791089
953.823000000 -6.902300 -0.646922 0.000000 0.00000000 0.00000000 -0.69587851 0.71815952
953.948000000 -6.901404 -0.654945 0.000000 0.00000000 0.00000000 -0.69586298 0.71817457
954.073000000 -6.905137 -0.660086 0.000000 0.00000000 0.00000000 -0.69585219 0.71818503
954.198000000 -6.898785 -0.667070 0.000000 0.00000000 0.00000000 -0.69645288 0.71760253
954.323000000 -6.898880 -0.672327 0.000000 0.00000000 0.00000000 -0.69640723 0.71764683
954.448000000 -6.898736 -0.681530 0.000000 0.00000000 0.00000000 -0.69638652 0.71766693
954.573000000 -6.900530 -0.689417 0.000000 0.00000000 0.00000000 -0.69576982 0.71826483
954.698000000 -6.900523 -0.693635 0.000000 0.00000000 0.00000000 -0.69620035 0.71784752
954.823000000 -6.899586 -0.701578 0.000000 0.00000000 0.00000000 -0.69634063 0.71771145
954.948000000 -6.903183 -0.710256 0.000000 0.00000000 0.00000000 -0.69587114 0.71816667
955.073000000 -6.902943 -0.718840 0.000000 0.00000000 0.00000000 -0.69551990 0.71850684
955.198000000 -6.900726 -0.723342 0.000000 0.00000000 0.00000000 -0.69630262 0.71774833
955.323000000 -6.900913 -0.735131 0.000000 0.00000000 0.00000000 -0.69588012 0.71815796
955.448000000 -6.900452 -0.740617 0.000000 0.00000000 0.00000000 -0.69582300 0.71821331
955.573000000 -6.901179 -0.747396 0.000000 0.00000000 0.00000000 -0.69581119 0.71822475
955.698000000 -6.901862 -0.753137 0.000000 0.00000000 0.00000000 -0.69580288 0.71823280
955.823000000 -6.905685 -0.763642 0.000000 0.00000000 0.00000000 -0.69542295 0.71860067
955.948000000 -6.907551 -0.771655 0.000000 0.00000000 0.00000000 -0.69520092 0.71881547
956.073000000 -6.902540 -0.777658 0.000000 0.00000000 0.00000000 -0.69564862 0.71838221
956.198000000 -6.903732 -0.791719 0.000000 0.00000000 0.00000000 -0.69483852 0.71916579
956.323000000 -6.900387 -0.798124 0.000000 0.00000000 0.00000000 -0.69532263 0.71869774
956.448000000 -6.902747 -0.805188 0.000000 0.00000000 0.00000000 -0.69509447 0.71891840
956.573000000 -6.901208 -0.812305 0.000000 0.00000000 0.00000000 -0.69548822 0.71853750
956.698000000 -6.898978 -0.814669 0.000000 0.00000000 0.00000000 -0.69603618 0.71800671
956.823000000 -6.903716 -0.826566 0.000000 0.00000000 0.00000000 -0.69520886 0.71880779
956.948000000 -6.902313 -0.834110 0.000000 0.00000000 0.00000000 -0.69547278 0.71855244
957.073000000 -6.900054 -0.839209 0.000000 0.00000000 0.00000000 -0.69598215 0.71805908
957.198000000 -6.904154 -0.850662 0.000000 0.00000000 0.00000000 -0.69520659 0.71880998
957.323000000 -6.902507 -0.853175 0.000000 0.00000000 0.00000000 -0.69564192 0.71838869
957.448000000 -6.900802 -0.861884 0.000000 0.00000000 0.00000000 -0.69559908 0.71843018
957.573000000 -6.896385 -0.865550 0.000000 0.00000000 0.00000000 -0.69603917 0.71800381
957.698000000 -6.900134 -0.875122 0.000000 0.00000000 0.00000000 -0.69553163 0.71849548
957.823000000 -6.895840 -0.886858 0.000000 0.00000000 0.00000000 -0.69619259 0.71785506
957.948000000 -6.900638 -0.895389 0.000000 0.00000000 0.00000000 -0.69543402 0.71858996
958.073000000 -6.903060 -0.902753 0.000000 0.00000000 0.00000000 -0.69505900 0.71895271
958.198000000 -6.903251 -0.909880 0.000000 0.00000000 0.00000000 -0.69467608 0.71932269
958.323000000 -6.903345 -0.916711 0.000000 0.00000000 0.00000000 -0.69549332 0.71853256
958.448000000 -6.899825 -0.920245 0.000000 0.00000000 0.00000000 -0.69953056 0.71460269
958.573000000 -6.896476 -0.930288 0.000000 0.00000000 0.00000000 -0.70400344 0.71019656
958.698000000 -6.896152 -0.942444 0.000000 0.00000000 0.00000000 -0.70799239 0.70622006
958.823000000 -6.892772 -0.943638 0.000000 0.00000000 0.00000000 -0.71324590 0.70091389
958.948000000 -6.897116 -0.957050 0.000000 0.00000000 0.00000000 -0.71663352 0.69744993
959.073000000 -6.900124 -0.968476 0.000000 0.00000000 0.00000000 -0.72068815 0.69325939
959.198000000 -6.898964 -0.975184 0.000000 0.00000000 0.00000000 -0.72556616 0.68815241
959.323000000 -6.896906 -0.987623 0.000000 0.00000000 0.00000000 -0.72986212 0.68359438
959.448000000 -6.895643 -0.999580 0.000000 0.00000000 0.00000000 -0.73384808 0.67931362
959.573000000 -6.897570 -1.001133 0.000000 0.00000000 0.00000000 -0.73827258 0.67450248
959.698000000 -6.901918 -1.014979 0.000000 0.00000000 0.00000000 -0.74212248 0.67026429
959.823000000 -6.900798 -1.017445 0.000000 0.00000000 0.00000000 -0.74658996 0.66528447
959.948000000 -6.905187 -1.021410 0.000000 0.00000000 0.00000000 -0.75068329 0.66066224
960.073000000 -6.902952 -1.033050 0.000000 0.00000000 0.00000000 -0.75506283 0.65565244
960.198000000 -6.904300 -1.052445 0.000000 0.00000000 0.00000000 -0.75903915 0.65104499
960.323000000 -6.915202 -1.052249 0.000000 0.00000000 0.00000000 -0.76233422 0.64718355
960.448000000 -6.911181 -1.072874 0.000000 0.00000000 0.00000000 -0.76650926 0.64223326
960.573000000 -6.906180 -1.074561 0.000000 0.00000000 0.00000000 -0.77190525 0.63573759
960.698000000 -6.912132 -1.084707 0.000000 0.00000000 0.00000000 -0.77559308 0.63123322
960.823000000 -6.913005 -1.100669 0.000000 0.00000000 0.00000000 -0.77944342 0.62647262
960.948000000 -6.912376 -1.104982 0.000000 0.00000000 0.00000000 -0.78381262 0.62099740
961.073000000 -6.919262 -1.107544 0.000000 0.00000000 0.00000000 -0.78702072 0.61692657
961.198000000 -6.921932 -1.132188 0.000000 0.00000000 0.00000000 -0.78983878 0.61331452
961.323000000 -6.923274 -1.140328 0.000000 0.00000000 0.00000000 -0.79044762 0.61252963
961.448000000 -6.927189 -1.147322 0.000000 0.00000000 0.00000000 -0.79037203 0.61262717
961.573000000 -6.927493 -1.154228 0.000000 0.00000000 0.00000000 -0.79044040 0.61253895
961.698000000 -6.934689 -1.161352 0.000000 0.00000000 0.00000000 -0.78729142 0.61658107
961.823000000 -6.938102 -1.172087 0.000000 0.00000000 0.00000000 -0.78361858 0.62124224
961.948000000 -6.937527 -1.181817 0.000000 0.00000000 0.00000000 -0.77962055 0.62625218
962.073000000 -6.935851 -1.186873 0.000000 0.00000000 0.00000000 -0.77640616 0.63023288
962.198000000 -6.932002 -1.199623 0.000000 0.00000000 0.00000000 -0.77299787 0.63440862
962.323000000 -6.947473 -1.212237 0.000000 0.00000000 0.00000000 -0.76719877 0.64140943
962.448000000 -6.944778 -1.215206 0.000000 0.00000000 0.00000000 -0.76413267 0.64505912
962.573000000 -6.942714 -1.234333 0.000000 0.00000000 0.00000000 -0.75990834 0.65003024
962.698000000 -6.940747 -1.240076 0.000000 0.00000000 0.00000000 -0.75670314 0.65375864
962.823000000 -6.942632 -1.247188 0.000000 0.00000000 0.00000000 -0.75230895 0.65881048
962.948000000 -6.951217 -1.260718 0.000000 0.00000000 0.00000000 -0.74746070 0.66430603
963.073000000 -6.951014 -1.272750 0.000000 0.00000000 0.00000000 -0.74305344 0.66923208
963.198000000 -6.950734 -1.272630 0.000000 0.00000000 0.00000000 -0.73997820 0.67263085
963.323000000 -6.946673 -1.286362 0.000000 0.00000000 0.00000000 -0.73623790 0.67672281
963.448000000 -6.946482 -1.301890 0.000000 0.00000000 0.00000000 -0.73152274 0.68181705
963.573000000 -6.952042 -1.310024 0.000000 0.00000000 0.00000000 -0.72684781 0.68679855
963.698000000 -6.954406 -1.303176 0.000000 0.00000000 0.00000000 -0.72376133 0.69005039
963.823000000 -6.951574 -1.328992 0.000000 0.00000000 0.00000000 -0.71801682 0.69602575
963.948000000 -6.946918 -1.337334 0.000000 0.00000000 0.00000000 -0.71472804 0.69940248
964.073000000 -6.955066 -1.348674 0.000000 0.00000000 0.00000000 -0.70918004 0.70502743
964.198000000 -6.949834 -1.349840 0.000000 0.00000000 0.00000000 -0.70611888 0.70809330
964.323000000 -6.945351 -1.354140 0.000000 0.00000000 0.00000000 -0.70240565 0.71177687
964.448000000 -6.948750 -1.377894 0.000000 0.00000000 0.00000000 -0.69645930 0.71759630
964.573000000 -6.953020 -1.400177 0.000000 0.00000000 0.00000000 -0.69019829 0.72362029
964.698000000 -6.947083 -1.393606 0.000000 0.00000000 0.00000000 -0.68761000 0.72608022
964.823000000 -6.943140 -1.394425 0.000000 0.00000000 0.00000000 -0.68443418 0.72907465
964.948000000 -6.950747 -1.421043 0.000000 0.00000000 0.00000000 -0.67739381 0.73562057
965.073000000 -6.946497 -1.424786 0.000000 0.00000000 0.00000000 -0.67355666 0.73913560
965.198000000 -6.942080 -1.433003 0.000000 0.00000000 0.00000000 -0.66953287 0.74278243
965.323000000 -6.941168 -1.449290 0.000000 0.00000000 0.00000000 -0.66466195 0.74714422
965.448000000 -6.946770 -1.464233 0.000000 0.00000000 0.00000000 -0.65879694 0.75232081
965.573000000 -6.937384 -1.464668 0.000000 0.00000000 0.00000000 -0.65617244 0.75461098
965.698000000 -6.933784 -1.473147 0.000000 0.00000000 0.00000000 -0.65215214 0.75808811
965.823000000 -6.943130 -1.497123 0.000000 0.00000000 0.00000000 -0.64505592 0.76413536
965.948000000 -6.939607 -1.496743 0.000000 0.00000000 0.00000000 -0.64152748 0.76710005
966.073000000 -6.933212 -1.506437 0.000000 0.00000000 0.00000000 -0.63712179 0.77076315
966.198000000 -6.931910 -1.515461 0.000000 0.00000000 0.00000000 -0.63232620 0.77470225
966.323000000 -6.934013 -1.531794 0.000000 0.00000000 0.00000000 -0.62653092 0.77939657
966.448000000 -6.930068 -1.535144 0.000000 0.00000000 0.00000000 -0.62206097 0.78296881
966.573000000 -6.923555 -1.543718 0.000000 0.00000000 0.00000000 -0.61813093 0.78607516
966.698000000 -6.926739 -1.558308 0.000000 0.00000000 0.00000000 -0.61214101 0.79074863
966.823000000 -6.921187 -1.567072 0.000000 0.00000000 0.00000000 -0.60763867 0.79421360
966.948000000 -6.917370 -1.569517 0.000000 0.00000000 0.00000000 -0.60333650 0.79748672
967.073000000 -6.914474 -1.580601 0.000000 0.00000000 0.00000000 -0.59792417 0.80155267
967.198000000 -6.913179 -1.590401 0.000000 0.00000000 0.00000000 -0.59312986 0.80510681
967.323000000 -6.907739 -1.595227 0.000000 0.00000000 0.00000000 -0.58869823 0.80835289
967.448000000 -6.902956 -1.605748 0.000000 0.00000000 0.00000000 -0.58361840 0.81202806
967.573000000 -6.902352 -1.617927 0.000000 0.00000000 0.00000000 -0.57741403 0.81645149
967.698000000 -6.898617 -1.630115 0.000000 0.00000000 0.00000000 -0.57182046 0.82037879
967.823000000 -6.898079 -1.640633 0.000000 0.00000000 0.00000000 -0.56642277 0.82411482
967.948000000 -6.893998 -1.648743 0.000000 0.00000000 0.00000000 -0.56162568 0.82739144
968.073000000 -6.887929 -1.654381 0.000000 0.00000000 0.00000000 -0.55671990 0.83070028
968.198000000 -6.883271 -1.668446 0.000000 0.00000000 0.00000000 -0.55125195 0.83433883
968.323000000 -6.879954 -1.678118 0.000000 0.00000000 0.00000000 -0.54615842 0.83768191
968.448000000 -6.876218 -1.682374 0.000000 0.00000000 0.00000000 -0.54117787 0.84090815
968.573000000 -6.870855 -1.695041 0.000000 0.00000000 0.00000000 -0.53543615 0.84457571
968.698000000 -6.867077 -1.703807 0.000000 0.00000000 0.00000000 -0.53024196 0.84784637
968.823000000 -6.863734 -1.711855 0.000000 0.00000000 0.00000000 -0.52485549 0.85119135
968.948000000 -6.861184 -1.722586 0.000000 0.00000000 0.00000000 -0.51939388 0.85453496
969.073000000 -6.855074 -1.731483 0.000000 0.00000000 0.00000000 -0.51438906 0.85755693
969.198000000 -6.846646 -1.732494 0.000000 0.00000000 0.00000000 -0.51030819 0.85999160
969.323000000 -6.842164 -1.745518 0.000000 0.00000000 0.00000000 -0.50396606 0.86372346
969.448000000 -6.838127 -1.757638 0.000000 0.00000000 0.00000000 -0.49818064 0.86707327
969.573000000 -6.835465 -1.766812 0.000000 0.00000000 0.00000000 -0.49344314 0.86977805
969.698000000 -6.831479 -1.781829 0.000000 0.00000000 0.00000000 -0.48693077 0.87344057
969.823000000 -6.824006 -1.783411 0.000000 0.00000000 0.00000000 -0.48445393 0.87481678
969.948000000 -6.818329 -1.790349 0.000000 0.00000000 0.00000000 -0.48444711 0.87482055
970.073000000 -6.812628 -1.799890 0.000000 0.00000000 0.00000000 -0.48423583 0.87493752
970.198000000 -6.812007 -1.813107 0.000000 0.00000000 0.00000000 -0.48297008 0.87563686
970.323000000 -6.805807 -1.819947 0.000000 0.00000000 0.00000000 -0.48332955 0.87543849
970.448000000 -6.801211 -1.831248 0.000000 0.00000000 0.00000000 -0.48248937 0.87590183
970.573000000 -6.793038 -1.841142 0.000000 0.00000000 0.00000000 -0.48273381 0.87576713
970.698000000 -6.788534 -1.849923 0.000000 0.00000000 0.00000000 -0.48330897 0.87544985
970.823000000 -6.779560 -1.857148 0.000000 0.00000000 0.00000000 -0.48343856 0.87537829
970.948000000 -6.777979 -1.865028 0.000000 0.00000000 0.00000000 -0.48324356 0.87548596
971.073000000 -6.774398 -1.872476 0.000000 0.00000000 0.00000000 -0.48320163 0.87550910
971.198000000 -6.766416 -1.878180 0.000000 0.00000000 0.00000000 -0.48395041 0.87509542
971.323000000 -6.760398 -1.890011 0.000000 0.00000000 0.00000000 -0.48361591 0.87528033
971.448000000 -6.756081 -1.896970 0.000000 0.00000000 0.00000000 -0.48322979 0.87549356
971.573000000 -6.748638 -1.901911 0.000000 0.00000000 0.00000000 -0.48349797 0.87534548
971.698000000 -6.744823 -1.911749 0.000000 0.00000000 0.00000000 -0.48288555 0.87568348
971.823000000 -6.741124 -1.918769 0.000000 0.00000000 0.00000000 -0.48266480 0.87580517
971.948000000 -6.737550 -1.928345 0.000000 0.00000000 0.00000000 -0.48226231 0.87602687
972.073000000 -6.730502 -1.938228 0.000000 0.00000000 0.00000000 -0.48236849 0.87596840
972.198000000 -6.725735 -1.949268 0.000000 0.00000000 0.00000000 -0.48240832 0.87594647
972.323000000 -6.718986 -1.955894 0.000000 0.00000000 0.00000000 -0.48303214 0.87560262
972.448000000 -6.712228 -1.964349 0.000000 0.00000000 0.00000000 -0.48325134 0.87548167
972.573000000 -6.707507 -1.971568 0.000000 0.00000000 0.00000000 -0.48324023 0.87548779
972.698000000 -6.701397 -1.979376 0.000000 0.00000000 0.00000000 -0.48339720 0.87540114
972.823000000 -6.695495 -1.986951 0.000000 0.00000000 0.00000000 -0.48344751 0.87537335
972.948000000 -6.690189 -1.991441 0.000000 0.00000000 0.00000000 -0.48367223 0.87524921
973.073000000 -6.685049 -2.005546 0.000000 0.00000000 0.00000000 -0.48311469 0.87555708
973.198000000 -6.680328 -2.012409 0.000000 0.00000000 0.00000000 -0.48357189 0.87530465
973.323000000 -6.675862 -2.021749 0.000000 0.00000000 0.00000000 -0.48294260 0.87565201
973.448000000 -6.671553 -2.030927 0.000000 0.00000000 0.00000000 -0.48301324 0.87561305
973.573000000 -6.668190 -2.040727 0.000000 0.00000000 0.00000000 -0.48185596 0.87625044
973.698000000 -6.660862 -2.048660 0.000000 0.00000000 0.00000000 -0.48228130 0.87601641
973.823000000 -6.656065 -2.055111 0.000000 0.00000000 0.00000000 -0.48258548 0.87584887
973.948000000 -6.650649 -2.064429 0.000000 0.00000000 0.00000000 -0.48256067 0.87586254
974.073000000 -6.645856 -2.073116 0.000000 0.00000000 0.00000000 -0.48279566 0.87573304
974.198000000 -6.639997 -2.081243 0.000000 0.00000000 0.00000000 -0.48316387 0.87552994
974.323000000 -6.635545 -2.089977 0.000000 0.00000000 0.00000000 -0.48274145 0.87576292
974.448000000 -6.627719 -2.095752 0.000000 0.00000000 0.00000000 -0.48350233 0.87534307
974.573000000 -6.621136 -2.105347 0.000000 0.00000000 0.00000000 -0.48336933 0.87541652
974.698000000 -6.617492 -2.112101 0.000000 0.00000000 0.00000000 -0.48346258 0.87536503
974.823000000 -6.612372 -2.119978 0.000000 0.00000000 0.00000000 -0.48353475 0.87532517
974.948000000 -6.606191 -2.129165 0.000000 0.00000000 0.00000000 -0.48375136 0.87520548
975.073000000 -6.601504 -2.135729 0.000000 0.00000000 0.00000000 -0.48400959 0.87506269
975.198000000 -6.595795 -2.144050 0.000000 0.00000000 0.00000000 -0.48369347 0.87523747
975.323000000 -6.588429 -2.154083 0.000000 0.00000000 0.00000000 -0.48343501 0.87538026
975.448000000 -6.586912 -2.164288 0.000000 0.00000000 0.00000000 -0.48314124 0.87554243
975.573000000 -6.582854 -2.174704 0.000000 0.00000000 0.00000000 -0.48312329 0.87555233
975.698000000 -6.578301 -2.185880 0.000000 0.00000000 0.00000000 -0.48251604 0.87588713
975.823000000 -6.573052 -2.196040 0.000000 0.00000000 0.00000000 -0.48231891 0.87599570
975.948000000 -6.564525 -2.204455 0.000000 0.00000000 0.00000000 -0.48284698 0.87570474
976.073000000 -6.555271 -2.210822 0.000000 0.00000000 0.00000000 -0.48338718 0.87540667
976.198000000 -6.552694 -2.220663 0.000000 0.00000000 0.00000000 -0.48291592 0.87566672
976.323000000 -6.546285 -2.228664 0.000000 0.00000000 0.00000000 -0.48310514 0.87556235
976.448000000 -6.538166 -2.234387 0.000000 0.00000000 0.00000000 -0.48369333 0.87523755
976.573000000 -6.537149 -2.244800 0.000000 0.00000000 0.00000000 -0.48326833 0.87547229
976.698000000 -6.529680 -2.251027 0.000000 0.00000000 0.00000000 -0.48372117 0.87522216
976.823000000 -6.525404 -2.258637 0.000000 0.00000000 0.00000000 -0.48386929 0.87514028
976.948000000 -6.520442 -2.269035 0.000000 0.00000000 0.00000000 -0.48346031 0.87536628
977.073000000 -6.516576 -2.275848 0.000000 0.00000000 0.00000000 -0.48360156 0.87528825
977.198000000 -6.509375 -2.286393 0.000000 0.00000000 0.00000000 -0.48351255 0.87533743
977.323000000 -6.505007 -2.295612 0.000000 0.00000000 0.00000000 -0.48313853 0.87554392
977.448000000 -6.500791 -2.304292 0.000000 0.00000000 0.00000000 -0.48325334 0.87548056
977.573000000 -6.492496 -2.311349 0.000000 0.00000000 0.00000000 -0.48374111 0.87521114
977.698000000 -6.486283 -2.321231 0.000000 0.00000000 0.00000000 -0.48327436 0.87546896
977.823000000 -6.482699 -2.328420 0.000000 0.00000000 0.00000000 -0.48363120 0.87527188
977.948000000 -6.477307 -2.337811 0.000000 0.00000000 0.00000000 -0.48073781 0.87686439
978.073000000 -6.472608 -2.349755 0.000000 0.00000000 0.00000000 -0.47487330 0.88005418
978.198000000 -6.465512 -2.358464 0.000000 0.00000000 0.00000000 -0.46930713 0.88303500
978.323000000 -6.460829 -2.362924 0.000000 0.00000000 0.00000000 -0.46410839 0.88577842
978.448000000 -6.454668 -2.371892 0.000000 0.00000000 0.00000000 -0.45865673 0.88861353
978.573000000 -6.449775 -2.382196 0.000000 0.00000000 0.00000000 -0.45266796 0.89167915
978.698000000 -6.445413 -2.388265 0.000000 0.00000000 0.00000000 -0.44722236 0.89442281
978.823000000 -6.438141 -2.397182 0.000000 0.00000000 0.00000000 -0.44205924 0.89698586
978.948000000 -6.432953 -2.404698 0.000000 0.00000000 0.00000000 -0.43603689 0.89992879
979.073000000 -6.423971 -2.411768 0.000000 0.00000000 0.00000000 -0.43064203 0.90252282
979.198000000 -6.418112 -2.421103 0.000000 0.00000000 0.00000000 -0.42493172 0.90522540
979.323000000 -6.412815 -2.431776 0.000000 0.00000000 0.00000000 -0.41860886 0.90816663
979.448000000 -6.404717 -2.432716 0.000000 0.00000000 0.00000000 -0.41424295 0.91016635
979.573000000 -6.399827 -2.444762 0.000000 0.00000000 0.00000000 -0.40737892 0.91325923
979.698000000 -6.394710 -2.452441 0.000000 0.00000000 0.00000000 -0.40180161 0.91572674
979.823000000 -6.386193 -2.459680 0.000000 0.00000000 0.00000000 -0.39611059 0.91820281
979.948000000 -6.379882 -2.467648 0.000000 0.00000000 0.00000000 -0.39030942 0.92068375
980.073000000 -6.373570 -2.473678 0.000000 0.00000000 0.00000000 -0.38446977 0.92313758
980.198000000 -6.364157 -2.480988 0.000000 0.00000000 0.00000000 -0.37914763 0.92533620
980.323000000 -6.356952 -2.487777 0.000000 0.00000000 0.00000000 -0.37285290 0.92789047
980.448000000 -6.349938 -2.495798 0.000000 0.00000000 0.00000000 -0.36741800 0.93005592
980.573000000 -6.343821 -2.505002 0.000000 0.00000000 0.00000000 -0.36085632 0.93262142
980.698000000 -6.336846 -2.509445 0.000000 0.00000000 0.00000000 -0.35539964 0.93471445
980.823000000 -6.329090 -2.512391 0.000000 0.00000000 0.00000000 -0.34987988 0.93679457
980.948000000 -6.321096 -2.522352 0.000000 0.00000000 0.00000000 -0.34341872 0.93918240
981.073000000 -6.314504 -2.527711 0.000000 0.00000000 0.00000000 -0.33795310 0.94116295
981.198000000 -6.305379 -2.535753 0.000000 0.00000000 0.00000000 -0.33183308 0.94333812
981.323000000 -6.298984 -2.541375 0.000000 0.00000000 0.00000000 -0.32577531 0.94544722
981.448000000 -6.290091 -2.546108 0.000000 0.00000000 0.00000000 -0.32049696 0.94724954
981.573000000 -6.281942 -2.555841 0.000000 0.00000000 0.00000000 -0.31381763 0.94948328
981.698000000 -6.274524 -2.559872 0.000000 0.00000000 0.00000000 -0.30818014 0.95132802
981.823000000 -6.266680 -2.567081 0.000000 0.00000000 0.00000000 -0.30214762 0.95326115
981.948000000 -6.256981 -2.573682 0.000000 0.00000000 0.00000000 -0.29589023 0.95522195
982.073000000 -6.248514 -2.576735 0.000000 0.00000000 0.00000000 -0.29006842 0.95700591
982.198000000 -6.241534 -2.581951 0.000000 0.00000000 0.00000000 -0.28433571 0.95872478
982.323000000 -6.232360 -2.586796 0.000000 0.00000000 0.00000000 -0.27860548 0.96040564
982.448000000 -6.224163 -2.592785 0.000000 0.00000000 0.00000000 -0.27274465 0.96208646
982.573000000 -6.214530 -2.598264 0.000000 0.00000000 0.00000000 -0.26657663 0.96381373
982.698000000 -6.207463 -2.602895 0.000000 0.00000000 0.00000000 -0.26028509 0.96553181
982.823000000 -6.197330 -2.609771 0.000000 0.00000000 0.00000000 -0.25367494 0.96728953
982.948000000 -6.191514 -2.612337 0.000000 0.00000000 0.00000000 -0.24825478 0.96869477
983.073000000 -6.181354 -2.618293 0.000000 0.00000000 0.00000000 -0.24206184 0.97026082
983.198000000 -6.173688 -2.621483 0.000000 0.00000000 0.00000000 -0.23629012 0.97168255
983.323000000 -6.163893 -2.629922 0.000000 0.00000000 0.00000000 -0.22961380 0.97328182
983.448000000 -6.156795 -2.633123 0.000000 0.00000000 0.00000000 -0.22632378 0.97405213
983.573000000 -6.145478 -2.634699 0.000000 0.00000000 0.00000000 -0.22708832 0.97387417
983.698000000 -6.135160 -2.639594 0.000000 0.00000000 0.00000000 -0.23311784 0.97244849
983.823000000 -6.128384 -2.645519 0.000000 0.00000000 0.00000000 -0.23844554 0.97115587
983.948000000 -6.117325 -2.647245 0.000000 0.00000000 0.00000000 -0.24493852 0.96953861
984.073000000 -6.111177 -2.655064 0.000000 0.00000000 0.00000000 -0.25048540 0.96812038
984.198000000 -6.101176 -2.658668 0.000000 0.00000000 0.00000000 -0.25630822 0.96659510
984.323000000 -6.092901 -2.664143 0.000000 0.00000000 0.00000000 -0.26264196 0.96489336
984.448000000 -6.084604 -2.668169 0.000000 0.00000000 0.00000000 -0.26881974 0.96319050
984.573000000 -6.078906 -2.674438 0.000000 0.00000000 0.00000000 -0.27472614 0.96152252
984.698000000 -6.068749 -2.683039 0.000000 0.00000000 0.00000000 -0.28036022 0.95989486
984.823000000 -6.059010 -2.685971 0.000000 0.00000000 0.00000000 -0.28421306 0.95876115
984.948000000 -6.051897 -2.691221 0.000000 0.00000000 0.00000000 -0.28412465 0.95878735
985.073000000 -6.044660 -2.697617 0.000000 0.00000000 0.00000000 -0.27943841 0.96016362
985.198000000 -6.034303 -2.704591 0.000000 0.00000000 0.00000000 -0.27263958 0.96211624
985.323000000 -6.023581 -2.709227 0.000000 0.00000000 0.00000000 -0.26725888 0.96362477
985.448000000 -6.016385 -2.714140 0.000000 0.00000000 0.00000000 -0.26117063 0.96529265
985.573000000 -6.009586 -2.718111 0.000000 0.00000000 0.00000000 -0.25531373 0.96685826
985.698000000 -6.000101 -2.721267 0.000000 0.00000000 0.00000000 -0.24958761 0.96835222
985.823000000 -5.991840 -2.727419 0.000000 0.00000000 0.00000000 -0.24344832 0.96991387
985.948000000 -5.982438 -2.733400 0.000000 0.00000000 0.00000000 -0.23679144 0.97156051
986.073000000 -5.975125 -2.737323 0.000000 0.00000000 0.00000000 -0.23108119 0.97293447
986.198000000 -5.964359 -2.741272 0.000000 0.00000000 0.00000000 -0.22549809 0.97424361
986.323000000 -5.955625 -2.745554 0.000000 0.00000000 0.00000000 -0.21903554 0.97571688
986.448000000 -5.946386 -2.748684 0.000000 0.00000000 0.00000000 -0.21273429 0.97711009
986.573000000 -5.938476 -2.755473 0.000000 0.00000000 0.00000000 -0.20666916 0.97841088
986.698000000 -5.926773 -2.761035 0.000000 0.00000000 0.00000000 -0.20016212 0.97976279
986.823000000 -5.918874 -2.760528 0.000000 0.00000000 0.00000000 -0.19495760 0.98081167
986.948000000 -5.909573 -2.766337 0.000000 0.00000000 0.00000000 -0.18811750 0.98214653
987.073000000 -5.899431 -2.770516 0.000000 0.00000000 0.00000000 -0.18186925 0.98332272
987.198000000 -5.889155 -2.773940 0.000000 0.00000000 0.00000000 -0.17562843 0.98445653
987.323000000 -5.882420 -2.775144 0.000000 0.00000000 0.00000000 -0.17020186 0.98540922
987.448000000 -5.872675 -2.781564 0.000000 0.00000000 0.00000000 -0.16361910 0.98652359
987.573000000 -5.862499 -2.781371 0.000000 0.00000000 0.00000000 -0.15751288 0.98751693
987.698000000 -5.851821 -2.787471 0.000000 0.00000000 0.00000000 -0.15125111 0.98849537
987.823000000 -5.844048 -2.789671 0.000000 0.00000000 0.00000000 -0.14509810 0.98941727
987.948000000 -5.834879 -2.795146 0.000000 0.00000000 0.00000000 -0.13869805 0.99033472
988.073000000 -5.824970 -2.797442 0.000000 0.00000000 0.00000000 -0.13262768 0.99116593
988.198000000 -5.815658 -2.799643 0.000000 0.00000000 0.00000000 -0.12598562 0.99203207
988.323000000 -5.804248 -2.796972 0.000000 0.00000000 0.00000000 -0.12106456 0.99264464
988.448000000 -5.796795 -2.803761 0.000000 0.00000000 0.00000000 -0.11441662 0.99343285
988.573000000 -5.787701 -2.803204 0.000000 0.00000000 0.00000000 -0.10804747 0.99414574
988.698000000 -5.776733 -2.806238 0.000000 0.00000000 0.00000000 -0.10175102 0.99480990
988.823000000 -5.766157 -2.806326 0.000000 0.00000000 0.00000000 -0.09592560 0.99538851
988.948000000 -5.756230 -2.808938 0.000000 0.00000000 0.00000000 -0.08991473 0.99594947
989.073000000 -5.747092 -2.810458 0.000000 0.00000000 0.00000000 -0.08368708 0.99649208
989.198000000 -5.736572 -2.810812 0.000000 0.00000000 0.00000000 -0.08044716 0.99675888
989.323000000 -5.727151 -2.811631 0.000000 0.00000000 0.00000000 -0.07976615 0.99681360
989.448000000 -5.717668 -2.817681 0.000000 0.00000000 0.00000000 -0.07906898 0.99686915
989.573000000 -5.705578 -2.817456 0.000000 0.00000000 0.00000000 -0.07920142 0.99685863
989.698000000 -5.696742 -2.817692 0.000000 0.00000000 0.00000000 -0.07972578 0.99681683
989.823000000 -5.685303 -2.820759 0.000000 0.00000000 0.00000000 -0.07935468 0.99684644
989.948000000 -5.677174 -2.821343 0.000000 0.00000000 0.00000000 -0.07924405 0.99685525
990.073000000 -5.669580 -2.826069 0.000000 0.00000000 0.00000000 -0.07930552 0.99685036
990.198000000 -5.655837 -2.826026 0.000000 0.00000000 0.00000000 -0.07933235 0.99684822
990.323000000 -5.647362 -2.827027 0.000000 0.00000000 0.00000000 -0.07847424 0.99691614
990.448000000 -5.635002 -2.827289 0.000000 0.00000000 0.00000000 -0.07379610 0.99727335
990.573000000 -5.628342 -2.828176 0.000000 0.00000000 0.00000000 -0.06773361 0.99770344
990.698000000 -5.617755 -2.831272 0.000000 0.00000000 0.00000000 -0.06160596 0.99810055
990.823000000 -5.607739 -2.829573 0.000000 0.00000000 0.00000000 -0.05566403 0.99844956
990.948000000 -5.598989 -2.832912 0.000000 0.00000000 0.00000000 -0.04932128 0.99878297
991.073000000 -5.586024 -2.834519 0.000000 0.00000000 0.00000000 -0.04286231 0.99908099
991.198000000 -5.577861 -2.834400 0.000000 0.00000000 0.00000000 -0.03665173 0.99932810
991.323000000 -5.567328 -2.834145 0.000000 0.00000000 0.00000000 -0.03101996 0.99951877
991.448000000 -5.561908 -2.837446 0.000000 0.00000000 0.00000000 -0.02335260 0.99972729
991.573000000 -5.547917 -2.837672 0.000000 0.00000000 0.00000000 -0.01805051 0.99983708
991.698000000 -5.541119 -2.838078 0.000000 0.00000000 0.00000000 -0.01614426 0.99986967
991.823000000 -5.527188 -2.838994 0.000000 0.00000000 0.00000000 -0.01653377 0.99986331
991.948000000 -5.516865 -2.838254 0.000000 0.00000000 0.00000000 -0.01630362 0.99986709
992.073000000 -5.510957 -2.836634 0.000000 0.00000000 0.00000000 -0.01690830 0.99985704
992.198000000 -5.499583 -2.837955 0.000000 0.00000000 0.00000000 -0.01638946 0.99986568
992.323000000 -5.486051 -2.837337 0.000000 0.00000000 0.00000000 -0.01753586 0.99984624
992.448000000 -5.478180 -2.839338 0.000000 0.00000000 0.00000000 -0.01626471 0.99986772
992.573000000 -5.465933 -2.836814 0.000000 0.00000000 0.00000000 -0.01710052 0.99985378
992.698000000 -5.456982 -2.842735 0.000000 0.00000000 0.00000000 -0.01577866 0.99987551
992.823000000 -5.447770 -2.841133 0.000000 0.00000000 0.00000000 -0.01680826 0.99985873
992.948000000 -5.438976 -2.840233 0.000000 0.00000000 0.00000000 -0.01682624 0.99985843
993.073000000 -5.427745 -2.841290 0.000000 0.00000000 0.00000000 -0.01633265 0.99986661
993.198000000 -5.417391 -2.841515 0.000000 0.00000000 0.00000000 -0.01630139 0.99986712
993.323000000 -5.408301 -2.842822 0.000000 0.00000000 0.00000000 -0.01626929 0.99986765
993.448000000 -5.398870 -2.842616 0.000000 0.00000000 0.00000000 -0.01717303 0.99985253
993.573000000 -5.388352 -2.843749 0.000000 0.00000000 0.00000000 -0.01611763 0.99987010
993.698000000 -5.378551 -2.839451 0.000000 0.00000000 0.00000000 -0.01686318 0.99985781
993.823000000 -5.371324 -2.843819 0.000000 0.00000000 0.00000000 -0.01626802 0.99986767
993.948000000 -5.358919 -2.845231 0.000000 0.00000000 0.00000000 -0.01634610 0.99986639
994.073000000 -5.349600 -2.843055 0.000000 0.00000000 0.00000000 -0.01674513 0.99985979
994.198000000 -5.339083 -2.846513 0.000000 0.00000000 0.00000000 -0.01633935 0.99986650
994.323000000 -5.328366 -2.845963 0.000000 0.00000000 0.00000000 -0.01633667 0.99986655
994.448000000 -5.317309 -2.844894 0.000000 0.00000000 0.00000000 -0.01705444 0.99985456
994.573000000 -5.309743 -2.845070 0.000000 0.00000000 0.00000000 -0.01659232 0.99986234
994.698000000 -5.298835 -2.846532 0.000000 0.00000000 0.00000000 -0.01603582 0.99987142
994.823000000 -5.288395 -2.848227 0.000000 0.00000000 0.00000000 -0.01628161 0.99986745
994.948000000 -5.278253 -2.847280 0.000000 0.00000000 0.00000000 -0.01591128 0.99987341
995.073000000 -5.270572 -2.848954 0.000000 0.00000000 0.00000000 -0.01583201 0.99987467
995.198000000 -5.257961 -2.846242 0.000000 0.00000000 0.00000000 -0.01646141 0.99986450
995.323000000 -5.248666 -2.846241 0.000000 0.00000000 0.00000000 -0.01677584 0.99985928
995.448000000 -5.240043 -2.846772 0.000000 0.00000000 0.00000000 -0.01598668 0.99987220
995.573000000 -5.226720 -2.850033 0.000000 0.00000000 0.00000000 -0.01628495 0.99986739
995.698000000 -5.217605 -2.849653 0.000000 0.00000000 0.00000000 -0.01706838 0.99985432
995.823000000 -5.207647 -2.849107 0.000000 0.00000000 0.00000000 -0.01655685 0.99986293
995.948000000 -5.199498 -2.849588 0.000000 0.00000000 0.00000000 -0.01716049 0.99985275
996.073000000 -5.187088 -2.850713 0.000000 0.00000000 0.00000000 -0.01662927 0.99986172
996.198000000 -5.177721 -2.852505 0.000000 0.00000000 0.00000000 -0.01597502 0.99987239
996.323000000 -5.168637 -2.849208 0.000000 0.00000000 0.00000000 -0.01705004 0.99985464
996.448000000 -5.158448 -2.852213 0.000000 0.00000000 0.00000000 -0.01708012 0.99985412
996.573000000 -5.147504 -2.853541 0.000000 0.00000000 0.00000000 -0.01638055 0.99986583
996.698000000 -5.138135 -2.852135 0.000000 0.00000000 0.00000000 -0.01681829 0.99985856
996.823000000 -5.128790 -2.854481 0.000000 0.00000000 0.00000000 -0.01625690 0.99986785
996.948000000 -5.121397 -2.852694 0.000000 0.00000000 0.00000000 -0.01780182 0.99984154
997.073000000 -5.109029 -2.853867 0.000000 0.00000000 0.00000000 -0.01645850 0.99986455
997.198000000 -5.096913 -2.855031 0.000000 0.00000000 0.00000000 -0.01663239 0.99986167
997.323000000 -5.091507 -2.853015 0.000000 0.00000000 0.00000000 -0.01750814 0.99984672
997.448000000 -5.080517 -2.855658 0.000000 0.00000000 0.00000000 -0.01666040 0.99986121
997.573000000 -5.069046 -2.854560 0.000000 0.00000000 0.00000000 -0.01600509 0.99987191
997.698000000 -5.058144 -2.854912 0.000000 0.00000000 0.00000000 -0.01635652 0.99986622
997.823000000 -5.049647 -2.856115 0.000000 0.00000000 0.00000000 -0.01581361 0.99987496
997.948000000 -5.038571 -2.856824 0.000000 0.00000000 0.00000000 -0.01643120 0.99986500
998.073000000 -5.030809 -2.856204 0.000000 0.00000000 0.00000000 -0.01633906 0.99986651
998.198000000 -5.019518 -2.855177 0.000000 0.00000000 0.00000000 -0.01675593 0.99985961
998.323000000 -5.007335 -2.855412 0.000000 0.00000000 0.00000000 -0.01668888 0.99986073
998.448000000 -4.998862 -2.857653 0.000000 0.00000000 0.00000000 -0.01673275 0.99986000
998.573000000 -4.990004 -2.855920 0.000000 0.00000000 0.00000000 -0.01642613 0.99986508
998.698000000 -4.979145 -2.856976 0.000000 0.00000000 0.00000000 -0.01637285 0.99986596
998.823000000 -4.969043 -2.856771 0.000000 0.00000000 0.00000000 -0.01640504 0.99986543
998.948000000 -4.957710 -2.858388 0.000000 0.00000000 0.00000000 -0.01624015 0.99986812
999.073000000 -4.948237 -2.858080 0.000000 0.00000000 0.00000000 -0.01574387 0.99987606
999.198000000 -4.936614 -2.858214 0.000000 0.00000000 0.00000000 -0.01627197 0.99986760
999.323000000 -4.929061 -2.855689 0.000000 0.00000000 0.00000000 -0.01659074 0.99986236
999.448000000 -4.918658 -2.857282 0.000000 0.00000000 0.00000000 -0.01685625 0.99985792
999.573000000 -4.911107 -2.859227 0.000000 0.00000000 0.00000000 -0.01631462 0.99986691
999.698000000 -4.900179 -2.859199 0.000000 0.00000000 0.00000000 -0.01677646 0.99985927
999.823000000 -4.889245 -2.859173 0.000000 0.00000000 0.00000000 -0.01675670 0.99985960
999.948000000 -4.878340 -2.860335 0.000000 0.00000000 0.00000000 -0.01825598 0.99983335
1000.073000000 -4.869750 -2.861478 0.000000 0.00000000 0.00000000 -0.02423986 0.99970617
1000.198000000 -4.857570 -2.861809 0.000000 0.00000000 0.00000000 -0.03055515 0.99953308
1000.323000000 -4.848141 -2.862052 0.000000 0.00000000 0.00000000 -0.03666152 0.99932774
1000.448000000 -4.839818 -2.863938 0.000000 0.00000000 0.00000000 -0.04316650 0.99906789
1000.573000000 -4.830673 -2.863521 0.000000 0.00000000 0.00000000 -0.04880741 0.99880821
1000.698000000 -4.818792 -2.866284 0.000000 0.00000000 0.00000000 -0.05497542 0.99848771
1000.823000000 -4.807122 -2.866401 0.000000 0.00000000 0.00000000 -0.06109250 0.99813211
1000.948000000 -4.796626 -2.866410 0.000000 0.00000000 0.00000000 -0.06800568 0.99768493
1001.073000000 -4.787547 -2.868607 0.000000 0.00000000 0.00000000 -0.07423409 0.99724084
1001.198000000 -4.781691 -2.870307 0.000000 0.00000000 0.00000000 -0.07975312 0.99681465
1001.323000000 -4.771331 -2.870953 0.000000 0.00000000 0.00000000 -0.08656851 0.99624590
1001.448000000 -4.758607 -2.873446 0.000000 0.00000000 0.00000000 -0.09248300 0.99571426
1001.573000000 -4.751317 -2.874607 0.000000 0.00000000 0.00000000 -0.09855595 0.99513151
1001.698000000 -4.741840 -2.877928 0.000000 0.00000000 0.00000000 -0.10457765 0.99451672
1001.823000000 -4.732787 -2.878272 0.000000 0.00000000 0.00000000 -0.11116102 0.99380241
1001.948000000 -4.726316 -2.881349 0.000000 0.00000000 0.00000000 -0.11679382 0.99315618
1002.073000000 -4.708729 -2.884158 0.000000 0.00000000 0.00000000 -0.12310682 0.99239343
1002.198000000 -4.701686 -2.885352 0.000000 0.00000000 0.00000000 -0.13003604 0.99150927
1002.323000000 -4.692862 -2.887864 0.000000 0.00000000 0.00000000 -0.13604054 0.99070327
1002.448000000 -4.681413 -2.892707 0.000000 0.00000000 0.00000000 -0.14164577 0.98991741
1002.573000000 -4.673227 -2.895563 0.000000 0.00000000 0.00000000 -0.14750431 0.98906141
1002.698000000 -4.662244 -2.899520 0.000000 0.00000000 0.00000000 -0.15416187 0.98804560
1002.823000000 -4.655590 -2.900845 0.000000 0.00000000 0.00000000 -0.16033589 0.98706251
1002.948000000 -4.644365 -2.904390 0.000000 0.00000000 0.00000000 -0.16631974 0.98607188
1003.073000000 -4.635625 -2.906823 0.000000 0.00000000 0.00000000 -0.17248435 0.98501226
1003.198000000 -4.626946 -2.911191 0.000000 0.00000000 0.00000000 -0.17876918 0.98389104
1003.323000000 -4.617958 -2.913309 0.000000 0.00000000 0.00000000 -0.18461953 0.98281007
1003.448000000 -4.608226 -2.919007 0.000000 0.00000000 0.00000000 -0.19061299 0.98166526
1003.573000000 -4.595776 -2.921602 0.000000 0.00000000 0.00000000 -0.19737230 0.98032861
1003.698000000 -4.591636 -2.924852 0.000000 0.00000000 0.00000000 -0.20407260 0.97895576
1003.823000000 -4.577461 -2.930844 0.000000 0.00000000 0.00000000 -0.20996523 0.97770885
1003.948000000 -4.570841 -2.934484 0.000000 0.00000000 0.00000000 -0.21630721 0.97632535
1004.073000000 -4.561891 -2.939450 0.000000 0.00000000 0.00000000 -0.22245126 0.97494381
1004.198000000 -4.553523 -2.944833 0.000000 0.00000000 0.00000000 -0.22808392 0.97364148
1004.323000000 -4.544891 -2.945771 0.000000 0.00000000 0.00000000 -0.23501234 0.97199239
1004.448000000 -4.534258 -2.953480 0.000000 0.00000000 0.00000000 -0.24023806 0.97071400
1004.573000000 -4.526573 -2.957118 0.000000 0.00000000 0.00000000 -0.24648824 0.96914578
1004.698000000 -4.515393 -2.961762 0.000000 0.00000000 0.00000000 -0.25262760 0.96756359
1004.823000000 -4.509692 -2.965732 0.000000 0.00000000 0.00000000 -0.25876260 0.96594095
1004.948000000 -4.499056 -2.972216 0.000000 0.00000000 0.00000000 -0.26459645 0.96435923
1005.073000000 -4.491150 -2.976252 0.000000 0.00000000 0.00000000 -0.27044568 0.96273524
1005.198000000 -4.481111 -2.982451 0.000000 0.00000000 0.00000000 -0.27654277 0.96100161
1005.323000000 -4.476396 -2.985469 0.000000 0.00000000 0.00000000 -0.28297456 0.95912742
1005.448000000 -4.463484 -2.993965 0.000000 0.00000000 0.00000000 -0.28816717 0.95758012
1005.573000000 -4.458928 -2.997570 0.000000 0.00000000 0.00000000 -0.29458005 0.95562681
1005.698000000 -4.447791 -3.002774 0.000000 0.00000000 0.00000000 -0.30040316 0.95381232
1005.823000000 -4.443603 -3.009347 0.000000 0.00000000 0.00000000 -0.30659624 0.95183966
1005.948000000 -4.432542 -3.014782 0.000000 0.00000000 0.00000000 -0.31240184 0.94995005
1006.073000000 -4.426484 -3.021332 0.000000 0.00000000 0.00000000 -0.31830808 0.94798732
1006.198000000 -4.415581 -3.027352 0.000000 0.00000000 0.00000000 -0.32432302 0.94594639
1006.323000000 -4.406221 -3.034374 0.000000 0.00000000 0.00000000 -0.32821521 0.94460297
1006.448000000 -4.400539 -3.039746 0.000000 0.00000000 0.00000000 -0.32928583 0.94423029
1006.573000000 -4.391569 -3.045001 0.000000 0.00000000 0.00000000 -0.32907316 0.94430443
1006.698000000 -4.384163 -3.050278 0.000000 0.00000000 0.00000000 -0.32920416 0.94425877
1006.823000000 -4.379070 -3.057806 0.000000 0.00000000 0.00000000 -0.32907027 0.94430544
1006.948000000 -4.367541 -3.067063 0.000000 0.00000000 0.00000000 -0.32855103 0.94448622
1007.073000000 -4.364350 -3.071604 0.000000 0.00000000 0.00000000 -0.32893624 0.94435213
1007.198000000 -4.355166 -3.078161 0.000000 0.00000000 0.00000000 -0.32980071 0.94405058
1007.323000000 -4.347588 -3.083249 0.000000 0.00000000 0.00000000 -0.32902567 0.94432098
1007.448000000 -4.338109 -3.090459 0.000000 0.00000000 0.00000000 -0.32855406 0.94448517
1007.573000000 -4.332049 -3.096947 0.000000 0.00000000 0.00000000 -0.32890507 0.94436299
1007.698000000 -4.323906 -3.103458 0.000000 0.00000000 0.00000000 -0.32903947 0.94431617
1007.823000000 -4.314151 -3.108384 0.000000 0.00000000 0.00000000 -0.32867576 0.94444282
1007.948000000 -4.306682 -3.115459 0.000000 0.00000000 0.00000000 -0.32913102 0.94428427
1008.073000000 -4.301175 -3.122583 0.000000 0.00000000 0.00000000 -0.32926216 0.94423854
1008.198000000 -4.293017 -3.127197 0.000000 0.00000000 0.00000000 -0.33419506 0.94250393
1008.323000000 -4.286426 -3.134724 0.000000 0.00000000 0.00000000 -0.34347154 0.93916308
1008.448000000 -4.277316 -3.140603 0.000000 0.00000000 0.00000000 -0.35524647 0.93477267
1008.573000000 -4.271936 -3.146945 0.000000 0.00000000 0.00000000 -0.36755750 0.93000080
1008.698000000 -4.263499 -3.153343 0.000000 0.00000000 0.00000000 -0.37886600 0.92545154
1008.823000000 -4.254535 -3.161031 0.000000 0.00000000 0.00000000 -0.39009223 0.92077579
1008.948000000 -4.250201 -3.168800 0.000000 0.00000000 0.00000000 -0.40112420 0.91602368
1009.073000000 -4.240467 -3.174273 0.000000 0.00000000 0.00000000 -0.41326122 0.91061252
1009.198000000 -4.233319 -3.182769 0.000000 0.00000000 0.00000000 -0.42445301 0.90544997
1009.323000000 -4.225714 -3.190529 0.000000 0.00000000 0.00000000 -0.43537143 0.90025092
1009.448000000 -4.222987 -3.198243 0.000000 0.00000000 0.00000000 -0.44679918 0.89463428
1009.573000000 -4.215267 -3.206059 0.000000 0.00000000 0.00000000 -0.45840376 0.88874406
1009.698000000 -4.212161 -3.214375 0.000000 0.00000000 0.00000000 -0.46898700 0.88320507
1009.823000000 -4.204789 -3.220967 0.000000 0.00000000 0.00000000 -0.47998973 0.87727411
1009.948000000 -4.199104 -3.232256 0.000000 0.00000000 0.00000000 -0.49080117 0.87127161
1010.073000000 -4.196225 -3.242019 0.000000 0.00000000 0.00000000 -0.50207567 0.86482369
1010.198000000 -4.193159 -3.249149 0.000000 0.00000000 0.00000000 -0.51313775 0.85830627
1010.323000000 -4.184799 -3.257707 0.000000 0.00000000 0.00000000 -0.52330014 0.85214844
1010.448000000 -4.182962 -3.267581 0.000000 0.00000000 0.00000000 -0.53377734 0.84562506
1010.573000000 -4.176607 -3.278462 0.000000 0.00000000 0.00000000 -0.54336887 0.83949406
1010.698000000 -4.172178 -3.284578 0.000000 0.00000000 0.00000000 -0.55400253 0.83251498
1010.823000000 -4.167966 -3.295351 0.000000 0.00000000 0.00000000 -0.56406113 0.82573304
1010.948000000 -4.170264 -3.302808 0.000000 0.00000000 0.00000000 -0.57483021 0.81827271
1011.073000000 -4.157588 -3.314082 0.000000 0.00000000 0.00000000 -0.58420816 0.81160386
1011.198000000 -4.161183 -3.322087 0.000000 0.00000000 0.00000000 -0.59460184 0.80402031
1011.323000000 -4.159382 -3.332665 0.000000 0.00000000 0.00000000 -0.60449399 0.79660970
1011.448000000 -4.152712 -3.341234 0.000000 0.00000000 0.00000000 -0.61458055 0.78885407
1011.573000000 -4.151297 -3.350704 0.000000 0.00000000 0.00000000 -0.62435571 0.78114016
1011.698000000 -4.145690 -3.360985 0.000000 0.00000000 0.00000000 -0.63448178 0.77293782
1011.823000000 -4.152486 -3.370179 0.000000 0.00000000 0.00000000 -0.64389549 0.76511345
1011.948000000 -4.148153 -3.378213 0.000000 0.00000000 0.00000000 -0.65415652 0.75635921
1012.073000000 -4.143763 -3.387415 0.000000 0.00000000 0.00000000 -0.66314838 0.74848796
1012.198000000 -4.145924 -3.398281 0.000000 0.00000000 0.00000000 -0.67308586 0.73956435
1012.323000000 -4.142216 -3.408595 0.000000 0.00000000 0.00000000 -0.68200421 0.73134825
1012.448000000 -4.138201 -3.418470 0.000000 0.00000000 0.00000000 -0.69060069 0.72323625
1012.573000000 -4.149855 -3.427417 0.000000 0.00000000 0.00000000 -0.69793536 0.71616076
1012.698000000 -4.142879 -3.437607 0.000000 0.00000000 0.00000000 -0.70187225 0.71230285
1012.823000000 -4.146886 -3.447646 0.000000 0.00000000 0.00000000 -0.70689186 0.70732164
1012.948000000 -4.142345 -3.458881 0.000000 0.00000000 0.00000000 -0.71009099 0.70410992
1013.073000000 -4.144151 -3.466878 0.000000 0.00000000 0.00000000 -0.71047054 0.70372695
1013.198000000 -4.144419 -3.478016 0.000000 0.00000000 0.00000000 -0.70811012 0.70610201
1013.323000000 -4.145195 -3.487958 0.000000 0.00000000 0.00000000 -0.70338888 0.71080524
1013.448000000 -4.143600 -3.498009 0.000000 0.00000000 0.00000000 -0.69828542 0.71581944
1013.573000000 -4.143317 -3.507301 0.000000 0.00000000 0.00000000 -0.69441872 0.71957115
1013.698000000 -4.143701 -3.517984 0.000000 0.00000000 0.00000000 -0.68964983 0.72414302
1013.823000000 -4.149260 -3.528675 0.000000 0.00000000 0.00000000 -0.68519522 0.72835947
1013.948000000 -4.147939 -3.537415 0.000000 0.00000000 0.00000000 -0.68105767 0.73222978
1014.073000000 -4.139273 -3.548296 0.000000 0.00000000 0.00000000 -0.67601828 0.73688485
1014.198000000 -4.140559 -3.558022 0.000000 0.00000000 0.00000000 -0.67161119 0.74090378
1014.323000000 -4.142670 -3.567199 0.000000 0.00000000 0.00000000 -0.66686368 0.74517973
1014.448000000 -4.143572 -3.578749 0.000000 0.00000000 0.00000000 -0.66219548 0.74933113
1014.573000000 -4.128428 -3.589800 0.000000 0.00000000 0.00000000 -0.65609053 0.75468220
1014.698000000 -4.130913 -3.599243 0.000000 0.00000000 0.00000000 -0.65088387 0.75917731
1014.823000000 -4.120984 -3.608977 0.000000 0.00000000 0.00000000 -0.64632434 0.76306280
1014.948000000 -4.120776 -3.618975 0.000000 0.00000000 0.00000000 -0.64146018 0.76715633
1015.073000000 -4.115125 -3.629967 0.000000 0.00000000 0.00000000 -0.63647905 0.77129399
1015.198000000 -4.122439 -3.639150 0.000000 0.00000000 0.00000000 -0.63185952 0.77508293
1015.323000000 -4.113045 -3.648643 0.000000 0.00000000 0.00000000 -0.62707699 0.77895728
1015.448000000 -4.112540 -3.658265 0.000000 0.00000000 0.00000000 -0.62292088 0.78228484
1015.573000000 -4.111164 -3.667106 0.000000 0.00000000 0.00000000 -0.62207938 0.78295418
1015.698000000 -4.113872 -3.677517 0.000000 0.00000000 0.00000000 -0.62384821 0.78154552
1015.823000000 -4.107871 -3.687461 0.000000 0.00000000 0.00000000 -0.62802723 0.77819136
1015.948000000 -4.109351 -3.696950 0.000000 0.00000000 0.00000000 -0.63317229 0.77401089
1016.073000000 -4.108801 -3.707600 0.000000 0.00000000 0.00000000 -0.63807709 0.76997249
1016.198000000 -4.102606 -3.715328 0.000000 0.00000000 0.00000000 -0.64294014 0.76591643
1016.323000000 -4.098054 -3.726073 0.000000 0.00000000 0.00000000 -0.64783959 0.76177679
1016.448000000 -4.089572 -3.733631 0.000000 0.00000000 0.00000000 -0.65278645 0.75754198
1016.573000000 -4.090308 -3.745018 0.000000 0.00000000 0.00000000 -0.65698199 0.75390627
1016.698000000 -4.088219 -3.756888 0.000000 0.00000000 0.00000000 -0.66150892 0.74993730
1016.823000000 -4.092711 -3.766667 0.000000 0.00000000 0.00000000 -0.66616044 0.74580847
1016.948000000 -4.094533 -3.778089 0.000000 0.00000000 0.00000000 -0.67071879 0.74171174
1017.073000000 -4.091944 -3.785536 0.000000 0.00000000 0.00000000 -0.67526815 0.73757232
1017.198000000 -4.093320 -3.796609 0.000000 0.00000000 0.00000000 -0.67985269 0.73334870
1017.323000000 -4.089258 -3.806838 0.000000 0.00000000 0.00000000 -0.68461272 0.72890701
1017.448000000 -4.088560 -3.817163 0.000000 0.00000000 0.00000000 -0.68904351 0.72471997
1017.573000000 -4.092767 -3.825036 0.000000 0.00000000 0.00000000 -0.69453385 0.71946003
1017.698000000 -4.097970 -3.836024 0.000000 0.00000000 0.00000000 -0.70296954 0.71121996
1017.823000000 -4.095377 -3.845707 0.000000 0.00000000 0.00000000 -0.71169501 0.70248859
1017.948000000 -4.093726 -3.857049 0.000000 0.00000000 0.00000000 -0.72055428 0.69339854
1018.073000000 -4.089606 -3.865505 0.000000 0.00000000 0.00000000 -0.72882669 0.68469822
1018.198000000 -4.093162 -3.876753 0.000000 0.00000000 0.00000000 -0.73724726 0.67562303
1018.323000000 -4.095427 -3.886590 0.000000 0.00000000 0.00000000 -0.74575768 0.66621730
1018.448000000 -4.095760 -3.895379 0.000000 0.00000000 0.00000000 -0.75376220 0.65714727
1018.573000000 -4.103250 -3.903439 0.000000 0.00000000 0.00000000 -0.76238551 0.64712313
1018.698000000 -4.094708 -3.912412 0.000000 0.00000000 0.00000000 -0.77042494 0.63753071
1018.823000000 -4.103333 -3.923822 0.000000 0.00000000 0.00000000 -0.77834477 0.62783710
1018.948000000 -4.100000 -3.933122 0.000000 0.00000000 0.00000000 -0.78630388 0.61783996
1019.073000000 -4.102003 -3.943918 0.000000 0.00000000 0.00000000 -0.79366749 0.60835180
1019.198000000 -4.110558 -3.953021 0.000000 0.00000000 0.00000000 -0.80135929 0.59818333
1019.323000000 -4.111147 -3.963233 0.000000 0.00000000 0.00000000 -0.80864973 0.58829042
1019.448000000 -4.105666 -3.969897 0.000000 0.00000000 0.00000000 -0.81616900 0.57781327
1019.573000000 -4.125156 -3.981000 0.000000 0.00000000 0.00000000 -0.82303847 0.56798563
1019.698000000 -4.124215 -3.988984 0.000000 0.00000000 0.00000000 -0.83000582 0.55775474
1019.823000000 -4.126492 -3.997854 0.000000 0.00000000 0.00000000 -0.83683736 0.54745158
1019.948000000 -4.127210 -4.006455 0.000000 0.00000000 0.00000000 -0.84410018 0.53618550
1020.073000000 -4.131567 -4.017488 0.000000 0.00000000 0.00000000 -0.85060432 0.52580633
1020.198000000 -4.145821 -4.024950 0.000000 0.00000000 0.00000000 -0.85605633 0.51688253
1020.323000000 -4.144034 -4.034435 0.000000 0.00000000 0.00000000 -0.85934149 0.51140220
1020.448000000 -4.153248 -4.042570 0.000000 0.00000000 0.00000000 -0.86072982 0.50906205
1020.573000000 -4.154178 -4.052693 0.000000 0.00000000 0.00000000 -0.85890033 0.51214277
1020.698000000 -4.160804 -4.061275 0.000000 0.00000000 0.00000000 -0.85605726 0.51688099
1020.823000000 -4.169776 -4.068396 0.000000 0.00000000 0.00000000 -0.85288987 0.52209086
1020.948000000 -4.176532 -4.078449 0.000000 0.00000000 0.00000000 -0.84943523 0.52769290
1021.073000000 -4.170579 -4.086904 0.000000 0.00000000 0.00000000 -0.84609308 0.53303517
1021.198000000 -4.176792 -4.096381 0.000000 0.00000000 0.00000000 -0.84269821 0.53838622
1021.323000000 -4.180730 -4.105737 0.000000 0.00000000 0.00000000 -0.83958881 0.54322245
1021.448000000 -4.186298 -4.115703 0.000000 0.00000000 0.00000000 -0.83604957 0.54865392
1021.573000000 -4.190037 -4.124717 0.000000 0.00000000 0.00000000 -0.83425720 0.55137549
1021.698000000 -4.196484 -4.133361 0.000000 0.00000000 0.00000000 -0.83544578 0.54957288
1021.823000000 -4.194189 -4.141431 0.000000 0.00000000 0.00000000 -0.83945710 0.54342596
1021.948000000 -4.197830 -4.150269 0.000000 0.00000000 0.00000000 -0.84572542 0.53361832
1022.073000000 -4.211407 -4.160214 0.000000 0.00000000 0.00000000 -0.85241582 0.52286448
1022.198000000 -4.215825 -4.166692 0.000000 0.00000000 0.00000000 -0.85873550 0.51241910
1022.323000000 -4.212831 -4.176882 0.000000 0.00000000 0.00000000 -0.86469465 0.50229789
1022.448000000 -4.219148 -4.186260 0.000000 0.00000000 0.00000000 0.87093358 -0.49140075
1022.573000000 -4.220755 -4.194236 0.000000 0.00000000 0.00000000 0.87725458 -0.48002542
1022.698000000 -4.223684 -4.203220 0.000000 0.00000000 0.00000000 0.88321323 -0.46897162
1022.948000000 -4.237621 -4.219560 0.000000 0.00000000 0.00000000 0.89445078 -0.44716642
1023.073000000 -4.246686 -4.226611 0.000000 0.00000000 0.00000000 0.90003520 -0.43581721
1023.198000000 -4.250053 -4.234663 0.000000 0.00000000 0.00000000 0.90533096 -0.42470679
1023.323000000 -4.258488 -4.242933 0.000000 0.00000000 0.00000000 0.91058737 -0.41331663
1023.448000000 -4.266808 -4.249208 0.000000 0.00000000 0.00000000 0.91567163 -0.40192719
1023.573000000 -4.273890 -4.256579 0.000000 0.00000000 0.00000000 0.92083558 -0.38995107
1023.698000000 -4.282202 -4.263438 0.000000 0.00000000 0.00000000 0.92537365 -0.37905620
1023.823000000 -4.282232 -4.272082 0.000000 0.00000000 0.00000000 0.93020339 -0.36704448
1023.948000000 -4.290910 -4.277140 0.000000 0.00000000 0.00000000 0.93301758 -0.35983079
1024.073000000 -4.300782 -4.284218 0.000000 0.00000000 0.00000000 0.93534394 -0.35373962
1024.198000000 -4.308311 -4.291619 0.000000 0.00000000 0.00000000 0.93738185 -0.34830340
1024.323000000 -4.313026 -4.297670 0.000000 0.00000000 0.00000000 0.93947358 -0.34262136
1024.448000000 -4.326626 -4.302970 0.000000 0.00000000 0.00000000 0.94167018 -0.33653718
1024.573000000 -4.328725 -4.309344 0.000000 0.00000000 0.00000000 0.94359426 -0.33110401
1024.698000000 -4.335768 -4.316042 0.000000 0.00000000 0.00000000 0.94574072 -0.32492229
1024.823000000 -4.343390 -4.322783 0.000000 0.00000000 0.00000000 0.94766623 -0.31926276
1024.948000000 -4.356393 -4.327586 0.000000 0.00000000 0.00000000 0.94966552 -0.31326571
1025.073000000 -4.358099 -4.334609 0.000000 0.00000000 0.00000000 0.95165615 -0.30716539
1025.198000000 -4.368333 -4.340532 0.000000 0.00000000 0.00000000 0.95346934 -0.30149000
1025.323000000 -4.376203 -4.343524 0.000000 0.00000000 0.00000000 0.95539327 -0.29533657
1025.448000000 -4.385560 -4.351602 0.000000 0.00000000 0.00000000 0.95716190 -0.28955326
1025.573000000 -4.389740 -4.358690 0.000000 0.00000000 0.00000000 0.95888751 -0.28378644
1025.698000000 -4.403044 -4.362845 0.000000 0.00000000 0.00000000 0.96078334 -0.27730014
1025.823000000 -4.412620 -4.368330 0.000000 0.00000000 0.00000000 0.96243623 -0.27150782
1025.948000000 -4.413646 -4.372947 0.000000 0.00000000 0.00000000 0.96402439 -0.26581381
1026.073000000 -4.431831 -4.378148 0.000000 0.00000000 0.00000000 0.96567608 -0.25974933
1026.198000000 -4.439384 -4.382114 0.000000 0.00000000 0.00000000 0.96735357 -0.25343062
1026.323000000 -4.448609 -4.387698 0.000000 0.00000000 0.00000000 0.96901570 -0.24699915
1026.448000000 -4.452642 -4.391718 0.000000 0.00000000 0.00000000 0.97042381 -0.24140759
1026.573000000 -4.465272 -4.396932 0.000000 0.00000000 0.00000000 0.97184526 -0.23562000
1026.698000000 -4.470356 -4.401356 0.000000 0.00000000 0.00000000 0.97326390 -0.22968977
1026.948000000 -4.493070 -4.409821 0.000000 0.00000000 0.00000000 0.97606742 -0.21746814
1027.073000000 -4.499611 -4.414868 0.000000 0.00000000 0.00000000 0.97741267 -0.21133971
1027.198000000 -4.509519 -4.418722 0.000000 0.00000000 0.00000000 0.97874183 -0.20509617
1027.323000000 -4.523190 -4.422874 0.000000 0.00000000 0.00000000 0.97991040 -0.19943821
1027.448000000 -4.528393 -4.426593 0.000000 0.00000000 0.00000000 0.98078451 -0.19509422
1027.573000000 -4.535662 -4.430076 0.000000 0.00000000 0.00000000 0.98087803 -0.19462347
1027.698000000 -4.543326 -4.435471 0.000000 0.00000000 0.00000000 0.98090661 -0.19447936
1027.823000000 -4.554390 -4.436384 0.000000 0.00000000 0.00000000 0.98088494 -0.19458865
1027.948000000 -4.572570 -4.440882 0.000000 0.00000000 0.00000000 0.98088317 -0.19459755
1028.073000000 -4.575837 -4.443998 0.000000 0.00000000 0.00000000 0.98099734 -0.19402116
1028.198000000 -4.584176 -4.448142 0.000000 0.00000000 0.00000000 0.98095327 -0.19424386
1028.323000000 -4.590339 -4.454639 0.000000 0.00000000 0.00000000 0.98087142 -0.19465677
1028.448000000 -4.601096 -4.455403 0.000000 0.00000000 0.00000000 0.98100813 -0.19396662
1028.573000000 -4.608202 -4.459310 0.000000 0.00000000 0.00000000 0.98079005 -0.19506637
1028.698000000 -4.620519 -4.463777 0.000000 0.00000000 0.00000000 0.98075642 -0.19523536
1028.823000000 -4.624007 -4.469130 0.000000 0.00000000 0.00000000 0.98074121 -0.19531174
1028.948000000 -4.633700 -4.470459 0.000000 0.00000000 0.00000000 0.98075913 -0.19522173
1029.073000000 -4.644193 -4.474612 0.000000 0.00000000 0.00000000 0.98071390 -0.19544884
1029.198000000 -4.654343 -4.481186 0.000000 0.00000000 0.00000000 0.98069965 -0.19552033
1029.323000000 -4.664835 -4.484872 0.000000 0.00000000 0.00000000 0.98072196 -0.19540837
1029.448000000 -4.673873 -4.486625 0.000000 0.00000000 0.00000000 0.98075804 -0.19522723
1029.573000000 -4.679205 -4.489415 0.000000 0.00000000 0.00000000 0.98082903 -0.19487023
1029.698000000 -4.687903 -4.493006 0.000000 0.00000000 0.00000000 0.98082034 -0.19491399
1029.823000000 -4.699480 -4.496305 0.000000 0.00000000 0.00000000 0.98074895 -0.19527289
1029.948000000 -4.712507 -4.500190 0.000000 0.00000000 0.00000000 0.98073394 -0.19534825
1030.073000000 -4.716284 -4.506247 0.000000 0.00000000 0.00000000 0.98070314 -0.19550280
1030.198000000 -4.726739 -4.509866 0.000000 0.00000000 0.00000000 0.98072279 -0.19540423
1030.323000000 -4.738907 -4.512456 0.000000 0.00000000 0.00000000 0.98074684 -0.19528350
1030.448000000 -4.750403 -4.516626 0.000000 0.00000000 0.00000000 0.98077996 -0.19511708
1030.573000000 -4.754067 -4.521394 0.000000 0.00000000 0.00000000 0.98076507 -0.19519192
1030.698000000 -4.760592 -4.526697 0.000000 0.00000000 0.00000000 0.98078726 -0.19508037
1030.823000000 -4.772457 -4.527791 0.000000 0.00000000 0.00000000 0.98120527 -0.19296689
1030.948000000 -4.783387 -4.533259 0.000000 0.00000000 0.00000000 0.98234076 -0.18710060
1031.073000000 -4.790450 -4.537072 0.000000 0.00000000 0.00000000 0.98336672 -0.18163120
1031.198000000 -4.803204 -4.539603 0.000000 0.00000000 0.00000000 0.98458403 -0.17491224
1031.323000000 -4.813970 -4.540793 0.000000 0.00000000 0.00000000 0.98561044 -0.16903271
1031.448000000 -4.824845 -4.544745 0.000000 0.00000000 0.00000000 0.98660163 -0.16314784
1031.573000000 -4.832135 -4.549396 0.000000 0.00000000 0.00000000 0.98765939 -0.15661713
1031.698000000 -4.838755 -4.553342 0.000000 0.00000000 0.00000000 0.98860194 -0.15055301
1031.823000000 -4.848199 -4.554779 0.000000 0.00000000 0.00000000 0.98952625 -0.14435305
1031.948000000 -4.860768 -4.558844 0.000000 0.00000000 0.00000000 0.99040833 -0.13817143
1032.073000000 -4.868699 -4.561265 0.000000 0.00000000 0.00000000 0.99123681 -0.13209686
1032.198000000 -4.879062 -4.563705 0.000000 0.00000000 0.00000000 0.99207243 -0.12566738
1032.323000000 -4.881619 -4.567347 0.000000 0.00000000 0.00000000 0.99277976 -0.11995143
1032.448000000 -4.899326 -4.568970 0.000000 0.00000000 0.00000000 0.99389829 -0.11030044
1032.573000000 -4.905010 -4.569849 0.000000 0.00000000 0.00000000 0.99517933 -0.09807187
1032.698000000 -4.916124 -4.572112 0.000000 0.00000000 0.00000000 0.99635116 -0.08534853
1032.823000000 -4.923709 -4.573872 0.000000 0.00000000 0.00000000 0.99729912 -0.07344699
1032.948000000 -4.934602 -4.575814 0.000000 0.00000000 0.00000000 0.99817337 -0.06041463
1033.073000000 -4.946007 -4.575365 0.000000 0.00000000 0.00000000 0.99884005 -0.04815146
1033.198000000 -4.955690 -4.576703 0.000000 0.00000000 0.00000000 0.99935125 -0.03601507
1033.323000000 -4.967366 -4.576515 0.000000 0.00000000 0.00000000 0.99979066 -0.02046082
1033.448000000 -4.974691 -4.577947 0.000000 0.00000000 0.00000000 0.99999891 -0.00147704
1033.573000000 -4.986582 -4.577279 0.000000 0.00000000 0.00000000 0.99977346 0.02128434
1033.698000000 -4.995826 -4.577182 0.000000 0.00000000 0.00000000 0.99880172 0.04893995
1033.823000000 -5.006369 -4.574967 0.000000 0.00000000 0.00000000 0.99679456 0.08000377
1033.948000000 -5.014374 -4.573216 0.000000 0.00000000 0.00000000 0.99360340 0.11292597
1034.073000000 -5.025143 -4.569898 0.000000 0.00000000 0.00000000 0.98843042 0.15167498
1034.198000000 -5.031754 -4.566340 0.000000 0.00000000 0.00000000 0.98096119 0.19420388
1034.323000000 -5.043543 -4.563494 0.000000 0.00000000 0.00000000 0.97067048 0.24041385
1034.448000000 -5.056664 -4.556234 0.000000 0.00000000 0.00000000 0.95734667 0.28894178
1034.573000000 -5.063840 -4.550078 0.000000 0.00000000 0.00000000 0.94140018 0.33729171
1034.698000000 -5.066350 -4.545782 0.000000 0.00000000 0.00000000 0.92376319 0.38296419
1034.823000000 -5.074563 -4.538170 0.000000 0.00000000 0.00000000 0.90333077 0.42894465
1034.948000000 -5.077851 -4.530086 0.000000 0.00000000 0.00000000 0.88080060 0.47348738
1035.073000000 -5.084861 -4.520867 0.000000 0.00000000 0.00000000 0.85643899 0.51624826
1035.198000000 -5.088930 -4.511975 0.000000 0.00000000 0.00000000 0.82927542 0.55884012
1035.323000000 -5.093638 -4.502520 0.000000 0.00000000 0.00000000 0.80063031 0.59915867
1035.448000000 -5.091872 -4.491776 0.000000 0.00000000 0.00000000 0.76985368 0.63822043
1035.573000000 -5.097419 -4.483186 0.000000 0.00000000 0.00000000 0.73682832 0.67607990
1035.698000000 -5.095447 -4.474632 0.000000 0.00000000 0.00000000 0.70249515 0.71168854
1035.823000000 -5.093868 -4.464291 0.000000 0.00000000 0.00000000 0.66646707 0.74553447
1035.948000000 -5.093447 -4.455806 0.000000 0.00000000 0.00000000 0.62844554 0.77785359
1036.073000000 -5.090957 -4.446995 0.000000 0.00000000 0.00000000 0.58880511 0.80827504
1036.198000000 -5.089662 -4.436214 0.000000 0.00000000 0.00000000 0.54739532 0.83687416
1036.323000000 -5.084590 -4.427287 0.000000 0.00000000 0.00000000 0.50517312 0.86301803
1036.448000000 -5.082835 -4.418846 0.000000 0.00000000 0.00000000 0.46201326 0.88687302
1036.573000000 -5.072463 -4.410115 0.000000 0.00000000 0.00000000 0.41681668 0.90899057
1036.698000000 -5.065351 -4.405114 0.000000 0.00000000 0.00000000 0.37149507 0.92843493
1036.823000000 -5.053840 -4.402591 0.000000 0.00000000 0.00000000 0.32827080 0.94458366
1036.948000000 -5.051601 -4.391810 0.000000 0.00000000 0.00000000 0.28817111 0.95757893
1037.073000000 -5.041575 -4.387844 0.000000 0.00000000 0.00000000 0.25356231 0.96731906
1037.198000000 -5.031037 -4.381208 0.000000 0.00000000 0.00000000 0.22308810 0.97479829
1037.323000000 -5.020727 -4.379887 0.000000 0.00000000 0.00000000 0.19353497 0.98109338
1037.448000000 -5.016219 -4.378022 0.000000 0.00000000 0.00000000 0.16925957 0.98557151
1037.573000000 -5.000821 -4.373690 0.000000 0.00000000 0.00000000 0.14960023 0.98874657
1037.698000000 -4.996143 -4.368748 0.000000 0.00000000 0.00000000 0.13553722 0.99077226
1037.823000000 -4.984466 -4.368339 0.000000 0.00000000 0.00000000 0.12807011 0.99176512
1037.948000000 -4.973009 -4.364660 0.000000 0.00000000 0.00000000 0.12209278 0.99251869
1038.073000000 -4.963546 -4.362307 0.000000 0.00000000 0.00000000 0.11560430 0.99329535
1038.198000000 -4.956749 -4.358797 0.000000 0.00000000 0.00000000 0.10964676 0.99397062
1038.323000000 -4.947301 -4.358576 0.000000 0.00000000 0.00000000 0.10624867 0.99433959
1038.448000000 -4.933392 -4.355266 0.000000 0.00000000 0.00000000 0.10620814 0.99434392
1038.573000000 -4.928866 -4.352153 0.000000 0.00000000 0.00000000 0.10645311 0.99431772
1038.698000000 -4.914469 -4.352030 0.000000 0.00000000 0.00000000 0.10660140 0.99430184
1038.823000000 -4.907637 -4.350151 0.000000 0.00000000 0.00000000 0.10690847 0.99426887
1038.948000000 -4.896674 -4.347792 0.000000 0.00000000 0.00000000 0.10663614 0.99429811
1039.073000000 -4.889083 -4.345344 0.000000 0.00000000 0.00000000 0.10671465 0.99428969
1039.198000000 -4.876517 -4.342370 0.000000 0.00000000 0.00000000 0.10658426 0.99430367
1039.323000000 -4.869165 -4.341168 0.000000 0.00000000 0.00000000 0.10681516 0.99427890
1039.448000000 -4.862777 -4.338814 0.000000 0.00000000 0.00000000 0.10664664 0.99429698
1039.573000000 -4.849428 -4.336586 0.000000 0.00000000 0.00000000 0.10660090 0.99430189
1039.698000000 -4.838324 -4.334883 0.000000 0.00000000 0.00000000 0.10678955 0.99428165
1039.823000000 -4.830224 -4.331218 0.000000 0.00000000 0.00000000 0.10683336 0.99427694
1039.948000000 -4.823139 -4.328244 0.000000 0.00000000 0.00000000 0.10681241 0.99427919
1040.073000000 -4.814305 -4.324949 0.000000 0.00000000 0.00000000 0.10666225 0.99429531
1040.198000000 -4.801269 -4.328210 0.000000 0.00000000 0.00000000 0.10652288 0.99431025
1040.323000000 -4.794797 -4.324097 0.000000 0.00000000 0.00000000 0.10647591 0.99431528
1040.448000000 -4.778991 -4.321751 0.000000 0.00000000 0.00000000 0.10690222 0.99426954
1040.573000000 -4.777898 -4.318835 0.000000 0.00000000 0.00000000 0.10645364 0.99431767
1040.698000000 -4.767844 -4.316916 0.000000 0.00000000 0.00000000 0.10657173 0.99430502
1040.823000000 -4.753953 -4.315252 0.000000 0.00000000 0.00000000 0.10642639 0.99432058
1040.948000000 -4.744118 -4.312297 0.000000 0.00000000 0.00000000 0.10642902 0.99432030
1041.073000000 -4.728367 -4.310187 0.000000 0.00000000 0.00000000 0.10671650 0.99428949
1041.198000000 -4.720563 -4.309737 0.000000 0.00000000 0.00000000 0.10633811 0.99433003
1041.323000000 -4.717966 -4.305225 0.000000 0.00000000 0.00000000 0.10632088 0.99433187
1041.448000000 -4.709331 -4.302744 0.000000 0.00000000 0.00000000 0.10648113 0.99431472
1041.573000000 -4.690307 -4.301889 0.000000 0.00000000 0.00000000 0.10629699 0.99433443
1041.698000000 -4.686639 -4.298982 0.000000 0.00000000 0.00000000 0.10615048 0.99435008
1041.823000000 -4.674752 -4.298761 0.000000 0.00000000 0.00000000 0.10632958 0.99433094
1041.948000000 -4.666893 -4.297019 0.000000 0.00000000 0.00000000 0.10601268 0.99436478
1042.073000000 -4.654399 -4.294692 0.000000 0.00000000 0.00000000 0.10657491 0.99430468
1042.198000000 -4.648817 -4.291988 0.000000 0.00000000 0.00000000 0.10633989 0.99432984
1042.323000000 -4.641159 -4.288296 0.000000 0.00000000 0.00000000 0.10597779 0.99436850
1042.448000000 -4.628810 -4.287995 0.000000 0.00000000 0.00000000 0.10628907 0.99433527
1042.573000000 -4.613864 -4.284476 0.000000 0.00000000 0.00000000 0.10700280 0.99425872
1042.698000000 -4.606111 -4.282492 0.000000 0.00000000 0.00000000 0.10691991 0.99426764
1042.823000000 -4.599312 -4.280098 0.000000 0.00000000 0.00000000 0.10680692 0.99427978
1042.948000000 -4.593601 -4.279678 0.000000 0.00000000 0.00000000 0.10667416 0.99429403
1043.073000000 -4.578699 -4.277247 0.000000 0.00000000 0.00000000 0.10664215 0.99429747
1043.198000000 -4.565690 -4.272629 0.000000 0.00000000 0.00000000 0.10693621 0.99426588
1043.323000000 -4.560571 -4.272005 0.000000 0.00000000 0.00000000 0.10709135 0.99424919
1043.448000000 -4.549132 -4.269885 0.000000 0.00000000 0.00000000 0.10681083 0.99427936
1043.573000000 -4.537016 -4.267280 0.000000 0.00000000 0.00000000 0.10668510 0.99429286
1043.698000000 -4.527417 -4.266533 0.000000 0.00000000 0.00000000 0.10669717 0.99429156
1043.823000000 -4.523238 -4.261558 0.000000 0.00000000 0.00000000 0.10658304 0.99430380
1043.948000000 -4.508044 -4.262316 0.000000 0.00000000 0.00000000 0.10704556 0.99425412
1044.073000000 -4.498040 -4.259391 0.000000 0.00000000 0.00000000 0.10660450 0.99430150
1044.198000000 -4.488677 -4.258078 0.000000 0.00000000 0.00000000 0.10687463 0.99427250
1044.323000000 -4.480728 -4.256150 0.000000 0.00000000 0.00000000 0.10674091 0.99428687
1044.448000000 -4.472850 -4.253906 0.000000 0.00000000 0.00000000 0.10683384 0.99427689
1044.573000000 -4.462159 -4.252049 0.000000 0.00000000 0.00000000 0.10680131 0.99428038
1044.698000000 -4.448137 -4.250014 0.000000 0.00000000 0.00000000 0.10727414 0.99422948
1044.823000000 -4.435880 -4.246189 0.000000 0.00000000 0.00000000 0.10735527 0.99422072
1044.948000000 -4.427021 -4.246095 0.000000 0.00000000 0.00000000 0.10737365 0.99421874
1045.073000000 -4.419619 -4.245355 0.000000 0.00000000 0.00000000 0.10714232 0.99424369
1045.198000000 -4.409609 -4.242042 0.000000 0.00000000 0.00000000 0.10747731 0.99420754
1045.323000000 -4.401533 -4.239879 0.000000 0.00000000 0.00000000 0.10761385 0.99419277
1045.448000000 -4.392316 -4.237790 0.000000 0.00000000 0.00000000 0.10730503 0.99422615
1045.573000000 -4.381870 -4.234502 0.000000 0.00000000 0.00000000 0.10718062 0.99423957
1045.698000000 -4.377196 -4.233047 0.000000 0.00000000 0.00000000 0.10703124 0.99425566
1045.823000000 -4.364168 -4.229796 0.000000 0.00000000 0.00000000 0.10727805 0.99422906
1045.948000000 -4.350330 -4.229013 0.000000 0.00000000 0.00000000 0.10757391 0.99419709
1046.073000000 -4.343088 -4.225855 0.000000 0.00000000 0.00000000 0.10739176 0.99421678
1046.198000000 -4.329404 -4.224069 0.000000 0.00000000 0.00000000 0.10732469 0.99422402
1046.323000000 -4.324281 -4.222981 0.000000 0.00000000 0.00000000 0.10738370 0.99421765
1046.448000000 -4.310568 -4.221334 0.000000 0.00000000 0.00000000 0.10773444 0.99417971
1046.573000000 -4.303357 -4.217647 0.000000 0.00000000 0.00000000 0.10699333 0.99425974
1046.698000000 -4.294159 -4.213565 0.000000 0.00000000 0.00000000 0.10670534 0.99429069
1046.823000000 -4.285576 -4.212284 0.000000 0.00000000 0.00000000 0.10619711 0.99434510
1046.948000000 -4.279045 -4.210525 0.000000 0.00000000 0.00000000 0.10669268 0.99429205
1047.073000000 -4.267515 -4.210365 0.000000 0.00000000 0.00000000 0.10697428 0.99426179
1047.198000000 -4.253988 -4.208398 0.000000 0.00000000 0.00000000 0.10671612 0.99428953
1047.323000000 -4.247548 -4.204584 0.000000 0.00000000 0.00000000 0.10671216 0.99428995
1047.448000000 -4.241192 -4.201987 0.000000 0.00000000 0.00000000 0.10680758 0.99427971
1047.573000000 -4.231650 -4.200142 0.000000 0.00000000 0.00000000 0.10696723 0.99426255
1047.698000000 -4.214401 -4.197657 0.000000 0.00000000 0.00000000 0.10697532 0.99426168
1047.823000000 -4.207586 -4.196223 0.000000 0.00000000 0.00000000 0.10642372 0.99432087
1047.948000000 -4.203043 -4.194395 0.000000 0.00000000 0.00000000 0.10650498 0.99431217
1048.073000000 -4.191129 -4.192315 0.000000 0.00000000 0.00000000 0.10714045 0.99424390
1048.198000000 -4.176905 -4.190388 0.000000 0.00000000 0.00000000 0.10636667 0.99432697
1048.323000000 -4.172285 -4.188532 0.000000 0.00000000 0.00000000 0.10651654 0.99431093
1048.448000000 -4.156449 -4.185107 0.000000 0.00000000 0.00000000 0.10673611 0.99428738
1048.573000000 -4.150017 -4.184818 0.000000 0.00000000 0.00000000 0.10664643 0.99429701
1048.698000000 -4.138050 -4.182037 0.000000 0.00000000 0.00000000 0.10724552 0.99423257
1048.823000000 -4.122407 -4.179176 0.000000 0.00000000 0.00000000 0.10746244 0.99420915
1048.948000000 -4.121394 -4.176597 0.000000 0.00000000 0.00000000 0.10683367 0.99427691
1049.073000000 -4.108232 -4.176838 0.000000 0.00000000 0.00000000 0.10668849 0.99429250
1049.198000000 -4.104711 -4.172655 0.000000 0.00000000 0.00000000 0.10690957 0.99426875
1049.323000000 -4.087150 -4.169528 0.000000 0.00000000 0.00000000 0.10669165 0.99429216
1049.448000000 -4.079233 -4.167407 0.000000 0.00000000 0.00000000 0.10654666 0.99430770
1049.573000000 -4.071852 -4.165822 0.000000 0.00000000 0.00000000 0.10710569 0.99424764
1049.698000000 -4.063691 -4.163671 0.000000 0.00000000 0.00000000 0.10654032 0.99430838
1049.823000000 -4.050052 -4.162681 0.000000 0.00000000 0.00000000 0.10732427 0.99422407
1049.948000000 -4.034211 -4.160775 0.000000 0.00000000 0.00000000 0.10735469 0.99422079
1050.073000000 -4.031124 -4.158602 0.000000 0.00000000 0.00000000 0.10657163 0.99430503
1050.198000000 -4.017724 -4.156672 0.000000 0.00000000 0.00000000 0.10699248 0.99425983
1050.323000000 -4.010730 -4.155318 0.000000 0.00000000 0.00000000 0.10695372 0.99426400
1050.448000000 -4.000972 -4.153993 0.000000 0.00000000 0.00000000 0.10657206 0.99430498
1050.573000000 -4.001038 -4.148896 0.000000 0.00000000 0.00000000 0.10600449 0.99436565
1050.698000000 -3.980845 -4.145225 0.000000 0.00000000 0.00000000 0.10589329 0.99437750
1050.823000000 -3.968096 -4.144252 0.000000 0.00000000 0.00000000 0.10652213 0.99431033
1050.948000000 -3.965016 -4.141035 0.000000 0.00000000 0.00000000 0.10681782 0.99427861
1051.073000000 -3.956038 -4.140600 0.000000 0.00000000 0.00000000 0.10638558 0.99432495
1051.198000000 -3.943261 -4.136941 0.000000 0.00000000 0.00000000 0.10715731 0.99424208
1051.323000000 -3.933980 -4.136250 0.000000 0.00000000 0.00000000 0.10703967 0.99425475
1051.448000000 -3.929349 -4.132575 0.000000 0.00000000 0.00000000 0.10661720 0.99430014
1051.573000000 -3.912204 -4.131755 0.000000 0.00000000 0.00000000 0.10665984 0.99429557
1051.698000000 -3.901396 -4.129706 0.000000 0.00000000 0.00000000 0.10645309 0.99431773
1051.823000000 -3.895058 -4.127077 0.000000 0.00000000 0.00000000 0.10670430 0.99429080
1051.948000000 -3.882498 -4.125402 0.000000 0.00000000 0.00000000 0.10697919 0.99426126
1052.073000000 -3.876104 -4.122219 0.000000 0.00000000 0.00000000 0.10636173 0.99432750
1052.198000000 -3.870223 -4.119510 0.000000 0.00000000 0.00000000 0.10649099 0.99431367
1052.323000000 -3.847714 -4.120261 0.000000 0.00000000 0.00000000 0.10636709 0.99432693
1052.448000000 -3.848753 -4.114898 0.000000 0.00000000 0.00000000 0.10612287 0.99435302
1052.573000000 -3.835353 -4.114751 0.000000 0.00000000 0.00000000 0.10673981 0.99428699
1052.698000000 -3.820934 -4.114817 0.000000 0.00000000 0.00000000 0.10675153 0.99428573
1052.823000000 -3.810668 -4.110823 0.000000 0.00000000 0.00000000 0.10674133 0.99428682
1052.948000000 -3.802089 -4.107422 0.000000 0.00000000 0.00000000 0.10678180 0.99428248
1053.073000000 -3.788732 -4.106619 0.000000 0.00000000 0.00000000 0.10684446 0.99427575
1053.323000000 -3.771630 -4.101393 0.000000 0.00000000 0.00000000 0.10726567 0.99423039
1053.448000000 -3.768176 -4.100790 0.000000 0.00000000 0.00000000 0.10669126 0.99429220
1053.573000000 -3.756271 -4.096538 0.000000 0.00000000 0.00000000 0.10739958 0.99421594
1053.698000000 -3.761943 -4.095630 0.000000 0.00000000 0.00000000 0.10719587 0.99423792
1053.823000000 -3.743202 -4.093893 0.000000 0.00000000 0.00000000 0.10730244 0.99422643
1053.948000000 -3.731719 -4.092407 0.000000 0.00000000 0.00000000 0.10720959 0.99423644
1054.073000000 -3.717819 -4.089682 0.000000 0.00000000 0.00000000 0.10760289 0.99419395
1054.198000000 -3.708577 -4.087388 0.000000 0.00000000 0.00000000 0.10731771 0.99422478
1054.323000000 -3.701185 -4.085800 0.000000 0.00000000 0.00000000 0.10796068 0.99415517
1054.448000000 -3.691365 -4.082568 0.000000 0.00000000 0.00000000 0.10767254 0.99418641
1054.573000000 -3.675912 -4.081513 0.000000 0.00000000 0.00000000 0.10709191 0.99424912
1054.698000000 -3.669691 -4.079797 0.000000 0.00000000 0.00000000 0.10709135 0.99424919
1054.823000000 -3.659303 -4.075923 0.000000 0.00000000 0.00000000 0.10644640 0.99431844
1054.948000000 -3.651356 -4.074303 0.000000 0.00000000 0.00000000 0.10669378 0.99429193
1055.073000000 -3.638727 -4.073466 0.000000 0.00000000 0.00000000 0.10679677 0.99428087
1055.198000000 -3.630024 -4.071429 0.000000 0.00000000 0.00000000 0.10695174 0.99426421
1055.323000000 -3.627262 -4.068554 0.000000 0.00000000 0.00000000 0.10655248 0.99430708
1055.448000000 -3.616222 -4.065679 0.000000 0.00000000 0.00000000 0.10651888 0.99431068
1055.573000000 -3.611057 -4.063145 0.000000 0.00000000 0.00000000 0.10652897 0.99430960
1055.698000000 -3.595994 -4.062060 0.000000 0.00000000 0.00000000 0.10690145 0.99426962
1055.823000000 -3.592735 -4.058898 0.000000 0.00000000 0.00000000 0.10631167 0.99433286
1055.948000000 -3.577766 -4.056554 0.000000 0.00000000 0.00000000 0.10661802 0.99430005
1056.073000000 -3.561814 -4.054870 0.000000 0.00000000 0.00000000 0.10664801 0.99429684
1056.198000000 -3.557008 -4.052625 0.000000 0.00000000 0.00000000 0.10610042 0.99435542
1056.323000000 -3.554248 -4.050985 0.000000 0.00000000 0.00000000 0.10635565 0.99432815
1056.448000000 -3.536180 -4.048807 0.000000 0.00000000 0.00000000 0.10615952 0.99434911
1056.573000000 -3.537021 -4.047464 0.000000 0.00000000 0.00000000 0.10654982 0.99430736
1056.698000000 -3.511307 -4.045742 0.000000 0.00000000 0.00000000 0.10676296 0.99428450
1056.823000000 -3.511783 -4.042826 0.000000 0.00000000 0.00000000 0.10661108 0.99430080
1056.948000000 -3.502753 -4.040115 0.000000 0.00000000 0.00000000 0.10678602 0.99428203
1057.073000000 -3.493002 -4.037357 0.000000 0.00000000 0.00000000 0.10601823 0.99436419
1057.198000000 -3.475896 -4.036731 0.000000 0.00000000 0.00000000 0.10661965 0.99429988
1057.323000000 -3.464385 -4.035402 0.000000 0.00000000 0.00000000 0.10674107 0.99428685
1057.448000000 -3.463795 -4.031094 0.000000 0.00000000 0.00000000 0.10670703 0.99429051
1057.573000000 -3.453163 -4.030745 0.000000 0.00000000 0.00000000 0.10674450 0.99428648
1057.698000000 -3.438914 -4.027688 0.000000 0.00000000 0.00000000 0.10675368 0.99428550
1057.823000000 -3.432824 -4.025190 0.000000 0.00000000 0.00000000 0.10650426 0.99431225
1057.948000000 -3.418175 -4.022218 0.000000 0.00000000 0.00000000 0.10621530 0.99434315
1058.073000000 -3.410168 -4.020319 0.000000 0.00000000 0.00000000 0.10628077 0.99433616
1058.198000000 -3.400523 -4.017933 0.000000 0.00000000 0.00000000 0.10634342 0.99432946
1058.323000000 -3.389045 -4.017014 0.000000 0.00000000 0.00000000 0.10643327 0.99431985
1058.448000000 -3.382613 -4.015524 0.000000 0.00000000 0.00000000 0.10604072 0.99436179
1058.573000000 -3.368429 -4.012043 0.000000 0.00000000 0.00000000 0.10617605 0.99434735
1058.698000000 -3.359244 -4.010939 0.000000 0.00000000 0.00000000 0.10628351 0.99433587
1058.823000000 -3.342075 -4.008664 0.000000 0.00000000 0.00000000 0.10669185 0.99429213
1058.948000000 -3.340927 -4.006286 0.000000 0.00000000 0.00000000 0.10688858 0.99427100
1059.073000000 -3.329903 -4.004895 0.000000 0.00000000 0.00000000 0.10654992 0.99430735
1059.198000000 -3.309416 -4.002294 0.000000 0.00000000 0.00000000 0.10709272 0.99424904
1059.323000000 -3.313100 -3.998948 0.000000 0.00000000 0.00000000 0.10599454 0.99436671
1059.448000000 -3.306614 -3.997814 0.000000 0.00000000 0.00000000 0.10650160 0.99431253
1059.573000000 -3.296143 -3.996587 0.000000 0.00000000 0.00000000 0.10619615 0.99434520
1059.698000000 -3.283285 -3.992645 0.000000 0.00000000 0.00000000 0.10657534 0.99430463
1059.823000000 -3.270358 -3.992105 0.000000 0.00000000 0.00000000 0.10601397 0.99436464
1059.948000000 -3.254087 -3.989559 0.000000 0.00000000 0.00000000 0.10671676 0.99428946
1060.073000000 -3.250886 -3.988360 0.000000 0.00000000 0.00000000 0.10666443 0.99429508
1060.198000000 -3.240672 -3.985612 0.000000 0.00000000 0.00000000 0.10669087 0.99429224
1060.323000000 -3.224225 -3.984182 0.000000 0.00000000 0.00000000 0.10640016 0.99432339
1060.448000000 -3.207639 -3.981069 0.000000 0.00000000 0.00000000 0.10998171 0.99393361
1060.573000000 -3.215197 -3.978703 0.000000 0.00000000 0.00000000 0.11753191 0.99306911
1060.698000000 -3.202025 -3.977405 0.000000 0.00000000 0.00000000 0.12948073 0.99158194
1060.823000000 -3.198865 -3.974637 0.000000 0.00000000 0.00000000 0.14646531 0.98921581
1060.948000000 -3.179764 -3.969981 0.000000 0.00000000 0.00000000 0.16508956 0.98627858
1061.073000000 -3.181487 -3.968021 0.000000 0.00000000 0.00000000 0.18285416 0.98314005
1061.198000000 -3.166288 -3.964304 0.000000 0.00000000 0.00000000 0.20179972 0.97942681
1061.323000000 -3.148026 -3.960331 0.000000 0.00000000 0.00000000 0.22071204 0.97533901
1061.448000000 -3.150070 -3.956510 0.000000 0.00000000 0.00000000 0.23814273 0.97123017
1061.573000000 -3.139807 -3.950209 0.000000 0.00000000 0.00000000 0.25618356 0.96662815
1061.698000000 -3.133854 -3.945174 0.000000 0.00000000 0.00000000 0.27425278 0.96165764
1061.823000000 -3.111423 -3.941137 0.000000 0.00000000 0.00000000 0.29242055 0.95628982
1061.948000000 -3.117734 -3.934885 0.000000 0.00000000 0.00000000 0.30965048 0.95085045
1062.073000000 -3.102818 -3.928258 0.000000 0.00000000 0.00000000 0.32773991 0.94476799
1062.198000000 -3.097334 -3.920603 0.000000 0.00000000 0.00000000 0.34525071 0.93851049
1062.323000000 -3.091307 -3.913941 0.000000 0.00000000 0.00000000 0.36276919 0.93187902
1062.448000000 -3.085178 -3.908150 0.000000 0.00000000 0.00000000 0.38038776 0.92482709
1062.573000000 -3.072799 -3.899185 0.000000 0.00000000 0.00000000 0.39801315 0.91737971
1062.698000000 -3.065332 -3.890775 0.000000 0.00000000 0.00000000 0.41505473 0.90979645
1062.823000000 -3.063789 -3.884215 0.000000 0.00000000 0.00000000 0.43165621 0.90203820
1062.948000000 -3.060698 -3.875162 0.000000 0.00000000 0.00000000 0.44835073 0.89385772
1063.073000000 -3.051104 -3.868267 0.000000 0.00000000 0.00000000 0.46466585 0.88548611
1063.198000000 -3.036063 -3.857914 0.000000 0.00000000 0.00000000 0.48190090 0.87622573
1063.323000000 -3.031750 -3.851306 0.000000 0.00000000 0.00000000 0.49792885 0.86721789
1063.448000000 -3.029899 -3.841800 0.000000 0.00000000 0.00000000 0.51407515 0.85774515
1063.573000000 -3.023418 -3.833627 0.000000 0.00000000 0.00000000 0.53021014 0.84786627
1063.698000000 -3.018542 -3.824399 0.000000 0.00000000 0.00000000 0.54574592 0.83795071
1063.823000000 -3.012095 -3.816924 0.000000 0.00000000 0.00000000 0.56106313 0.82777301
1063.948000000 -3.012458 -3.804549 0.000000 0.00000000 0.00000000 0.57671437 0.81694586
1064.073000000 -3.005860 -3.794221 0.000000 0.00000000 0.00000000 0.59205524 0.80589739
1064.198000000 -2.996207 -3.785958 0.000000 0.00000000 0.00000000 0.60705106 0.79466282
1064.323000000 -2.991949 -3.776386 0.000000 0.00000000 0.00000000 0.62191389 0.78308563
1064.448000000 -3.000251 -3.765869 0.000000 0.00000000 0.00000000 0.63609964 0.77160693
1064.573000000 -2.993589 -3.757619 0.000000 0.00000000 0.00000000 0.65024941 0.75972081
1064.698000000 -3.001053 -3.746256 0.000000 0.00000000 0.00000000 0.66500720 0.74683695
1064.823000000 -2.999924 -3.736485 0.000000 0.00000000 0.00000000 0.67874670 0.73437246
1064.948000000 -2.989648 -3.725178 0.000000 0.00000000 0.00000000 0.69211230 0.72178983
1065.073000000 -2.999196 -3.716255 0.000000 0.00000000 0.00000000 0.70532955 0.70887955
1065.198000000 -2.996689 -3.705030 0.000000 0.00000000 0.00000000 0.71832398 0.69570875
1065.323000000 -3.000342 -3.695808 0.000000 0.00000000 0.00000000 0.73158780 0.68174723
1065.448000000 -3.002444 -3.685818 0.000000 0.00000000 0.00000000 0.74394960 0.66823573
1065.573000000 -3.000303 -3.675438 0.000000 0.00000000 0.00000000 0.75670292 0.65375889
1065.698000000 -3.000372 -3.666377 0.000000 0.00000000 0.00000000 0.76851706 0.63982929
1065.823000000 -2.994204 -3.656746 0.000000 0.00000000 0.00000000 0.78042088 0.62525454
1065.948000000 -3.007682 -3.646591 0.000000 0.00000000 0.00000000 0.79192970 0.61061227
1066.073000000 -3.009471 -3.635806 0.000000 0.00000000 0.00000000 0.80320579 0.59570166
1066.198000000 -3.003784 -3.626869 0.000000 0.00000000 0.00000000 0.81434334 0.58038342
1066.323000000 -3.011062 -3.620538 0.000000 0.00000000 0.00000000 0.82456264 0.56577068
1066.448000000 -3.017886 -3.608345 0.000000 0.00000000 0.00000000 0.83287891 0.55345526
1066.573000000 -3.021604 -3.599034 0.000000 0.00000000 0.00000000 0.83793414 0.54577136
1066.698000000 -3.027282 -3.589756 0.000000 0.00000000 0.00000000 0.84022475 0.54223829
1066.823000000 -3.034536 -3.580412 0.000000 0.00000000 0.00000000 0.83901613 0.54410655
1066.948000000 -3.025673 -3.572727 0.000000 0.00000000 0.00000000 0.83507599 0.55013461
1067.073000000 -3.035775 -3.563947 0.000000 0.00000000 0.00000000 0.82770012 0.56117066
1067.198000000 -3.033756 -3.552652 0.000000 0.00000000 0.00000000 0.81824583 0.57486847
1067.323000000 -3.032704 -3.543321 0.000000 0.00000000 0.00000000 0.80744060 0.58994887
1067.448000000 -3.045760 -3.533332 0.000000 0.00000000 0.00000000 0.79617762 0.60506297
1067.573000000 -3.048754 -3.527939 0.000000 0.00000000 0.00000000 0.78450727 0.62011961
1067.698000000 -3.055987 -3.516948 0.000000 0.00000000 0.00000000 0.77277962 0.63467445
1067.823000000 -3.056374 -3.506121 0.000000 0.00000000 0.00000000 0.76079727 0.64898961
1067.948000000 -3.058517 -3.496947 0.000000 0.00000000 0.00000000 0.74857241 0.66305305
1068.073000000 -3.050222 -3.487733 0.000000 0.00000000 0.00000000 0.73606705 0.67690863
1068.198000000 -3.061862 -3.477286 0.000000 0.00000000 0.00000000 0.72326552 0.69057005
1068.323000000 -3.058112 -3.467597 0.000000 0.00000000 0.00000000 0.71053273 0.70366416
1068.448000000 -3.055655 -3.457554 0.000000 0.00000000 0.00000000 0.69739969 0.71668241
1068.573000000 -3.062508 -3.447148 0.000000 0.00000000 0.00000000 0.68719740 0.72647074
1068.698000000 -3.061385 -3.435993 0.000000 0.00000000 0.00000000 0.67860498 0.73450342
1068.823000000 -3.053122 -3.426741 0.000000 0.00000000 0.00000000 0.66886609 0.74338291
1068.948000000 -3.053465 -3.417270 0.000000 0.00000000 0.00000000 0.65963687 0.75158446
1069.073000000 -3.058772 -3.407013 0.000000 0.00000000 0.00000000 0.65000787 0.75992748
1069.198000000 -3.052495 -3.398206 0.000000 0.00000000 0.00000000 0.64044731 0.76800211
1069.323000000 -3.048788 -3.387820 0.000000 0.00000000 0.00000000 0.63152478 0.77535569
1069.448000000 -3.053104 -3.379071 0.000000 0.00000000 0.00000000 0.62110752 0.78372537
1069.573000000 -3.048388 -3.368931 0.000000 0.00000000 0.00000000 0.61157609 0.79118562
1069.698000000 -3.049981 -3.359221 0.000000 0.00000000 0.00000000 0.60173935 0.79869253
1069.823000000 -3.041059 -3.349794 0.000000 0.00000000 0.00000000 0.59144420 0.80634593
1069.948000000 -3.040232 -3.339657 0.000000 0.00000000 0.00000000 0.58190428 0.81325729
1070.073000000 -3.037898 -3.329721 0.000000 0.00000000 0.00000000 0.57151759 0.82058981
1070.198000000 -3.033867 -3.321160 0.000000 0.00000000 0.00000000 0.56115209 0.82771271
1070.323000000 -3.027531 -3.312640 0.000000 0.00000000 0.00000000 0.55103214 0.83448402
1070.448000000 -3.024234 -3.303863 0.000000 0.00000000 0.00000000 0.54015451 0.84156587
1070.573000000 -3.013867 -3.294778 0.000000 0.00000000 0.00000000 0.52973033 0.84816613
1070.698000000 -3.014806 -3.285138 0.000000 0.00000000 0.00000000 0.51967234 0.85436565
1070.823000000 -3.013155 -3.275760 0.000000 0.00000000 0.00000000 0.51105707 0.85954678
1070.948000000 -2.998603 -3.268017 0.000000 0.00000000 0.00000000 0.50581452 0.86264226
1071.073000000 -3.005525 -3.260219 0.000000 0.00000000 0.00000000 0.50006389 0.86598851
1071.198000000 -2.995595 -3.250433 0.000000 0.00000000 0.00000000 0.49464632 0.86909437
1071.323000000 -2.990069 -3.241664 0.000000 0.00000000 0.00000000 0.49161775 0.87081111
1071.448000000 -2.984481 -3.232933 0.000000 0.00000000 0.00000000 0.49102043 0.87114806
1071.573000000 -2.983701 -3.223209 0.000000 0.00000000 0.00000000 0.49175063 0.87073608
1071.698000000 -2.975990 -3.215449 0.000000 0.00000000 0.00000000 0.49149920 0.87087803
1071.823000000 -2.969588 -3.208541 0.000000 0.00000000 0.00000000 0.49092054 0.87120435
1071.948000000 -2.963816 -3.198514 0.000000 0.00000000 0.00000000 0.49148294 0.87088720
1072.073000000 -2.961745 -3.190679 0.000000 0.00000000 0.00000000 0.49107523 0.87111717
1072.198000000 -2.959163 -3.181768 0.000000 0.00000000 0.00000000 0.49120588 0.87104350
1072.323000000 -2.951888 -3.173093 0.000000 0.00000000 0.00000000 0.49110392 0.87110099
1072.448000000 -2.946178 -3.165508 0.000000 0.00000000 0.00000000 0.49149879 0.87087826
1072.573000000 -2.938199 -3.157222 0.000000 0.00000000 0.00000000 0.49502845 0.86887677
1072.698000000 -2.928372 -3.150038 0.000000 0.00000000 0.00000000 0.50010138 0.86596687
1072.823000000 -2.935393 -3.138080 0.000000 0.00000000 0.00000000 0.50668285 0.86213252
1072.948000000 -2.924292 -3.130264 0.000000 0.00000000 0.00000000 0.51147557 0.85929782
1073.073000000 -2.917479 -3.123461 0.000000 0.00000000 0.00000000 0.51647475 0.85630242
1073.198000000 -2.916423 -3.113925 0.000000 0.00000000 0.00000000 0.52218365 0.85283307
1073.323000000 -2.912466 -3.103356 0.000000 0.00000000 0.00000000 0.52780848 0.84936341
1073.448000000 -2.911490 -3.093924 0.000000 0.00000000 0.00000000 0.53292207 0.84616432
1073.573000000 -2.900908 -3.086565 0.000000 0.00000000 0.00000000 0.53622997 0.84407193
1073.698000000 -2.899185 -3.077321 0.000000 0.00000000 0.00000000 0.54056070 0.84130501
1073.823000000 -2.889210 -3.068667 0.000000 0.00000000 0.00000000 0.54592215 0.83783591
1073.948000000 -2.887843 -3.057714 0.000000 0.00000000 0.00000000 0.55148757 0.83418311
1074.073000000 -2.884684 -3.047817 0.000000 0.00000000 0.00000000 0.55645705 0.83087637
1074.198000000 -2.880901 -3.038764 0.000000 0.00000000 0.00000000 0.56243124 0.82684406
1074.323000000 -2.881055 -3.029671 0.000000 0.00000000 0.00000000 0.56749040 0.82338001
1074.448000000 -2.875646 -3.020112 0.000000 0.00000000 0.00000000 0.57232765 0.82002504
1074.573000000 -2.873776 -3.009932 0.000000 0.00000000 0.00000000 0.57776731 0.81620153
1074.698000000 -2.867980 -3.001782 0.000000 0.00000000 0.00000000 0.58211876 0.81310377
1074.823000000 -2.862524 -2.993212 0.000000 0.00000000 0.00000000 0.58471953 0.81123552
1074.948000000 -2.859031 -2.984781 0.000000 0.00000000 0.00000000 0.58413918 0.81165351
1075.073000000 -2.859870 -2.972586 0.000000 0.00000000 0.00000000 0.58466802 0.81127264
1075.198000000 -2.856832 -2.964319 0.000000 0.00000000 0.00000000 0.58511292 0.81095183
1075.323000000 -2.850651 -2.954245 0.000000 0.00000000 0.00000000 0.58525566 0.81084882
1075.448000000 -2.853363 -2.944732 0.000000 0.00000000 0.00000000 0.58569595 0.81053085
1075.573000000 -2.847379 -2.934431 0.000000 0.00000000 0.00000000 0.58531210 0.81080808
1075.698000000 -2.843565 -2.925401 0.000000 0.00000000 0.00000000 0.58551732 0.81065989
1075.823000000 -2.840307 -2.915327 0.000000 0.00000000 0.00000000 0.58520969 0.81088200
1075.948000000 -2.834079 -2.906534 0.000000 0.00000000 0.00000000 0.58495213 0.81106782
1076.073000000 -2.829940 -2.897068 0.000000 0.00000000 0.00000000 0.58511507 0.81095028
1076.198000000 -2.827287 -2.887081 0.000000 0.00000000 0.00000000 0.58547136 0.81069309
1076.323000000 -2.822047 -2.877345 0.000000 0.00000000 0.00000000 0.58484900 0.81114219
1076.448000000 -2.815481 -2.869676 0.000000 0.00000000 0.00000000 0.58546128 0.81070037
1076.573000000 -2.817018 -2.860129 0.000000 0.00000000 0.00000000 0.58487902 0.81112054
1076.698000000 -2.813765 -2.849122 0.000000 0.00000000 0.00000000 0.58520119 0.81088813
1076.823000000 -2.810743 -2.842305 0.000000 0.00000000 0.00000000 0.58493615 0.81107934
1076.948000000 -2.804251 -2.831599 0.000000 0.00000000 0.00000000 0.58515246 0.81092330
1077.073000000 -2.801694 -2.820629 0.000000 0.00000000 0.00000000 0.58554398 0.81064064
1077.198000000 -2.804076 -2.812568 0.000000 0.00000000 0.00000000 0.58521539 0.81087789
1077.323000000 -2.799661 -2.803455 0.000000 0.00000000 0.00000000 0.58513231 0.81093784
1077.448000000 -2.796876 -2.791579 0.000000 0.00000000 0.00000000 0.58541446 0.81073418
1077.573000000 -2.796975 -2.784014 0.000000 0.00000000 0.00000000 0.58530035 0.81081657
1077.698000000 -2.783203 -2.776176 0.000000 0.00000000 0.00000000 0.58528757 0.81082579
1077.823000000 -2.790098 -2.766240 0.000000 0.00000000 0.00000000 0.58537488 0.81076276
1077.948000000 -2.788879 -2.756651 0.000000 0.00000000 0.00000000 0.58550554 0.81066840
1078.073000000 -2.784927 -2.747316 0.000000 0.00000000 0.00000000 0.58584993 0.81041956
1078.198000000 -2.778762 -2.735385 0.000000 0.00000000 0.00000000 0.58583643 0.81042931
1078.323000000 -2.781458 -2.727443 0.000000 0.00000000 0.00000000 0.58582639 0.81043657
1078.448000000 -2.770758 -2.717996 0.000000 0.00000000 0.00000000 0.58572299 0.81051130
1078.573000000 -2.765784 -2.710070 0.000000 0.00000000 0.00000000 0.58577202 0.81047587
1078.698000000 -2.764747 -2.700215 0.000000 0.00000000 0.00000000 0.58537093 0.81076561
1078.823000000 -2.763993 -2.688898 0.000000 0.00000000 0.00000000 0.58580747 0.81045025
1078.948000000 -2.762408 -2.677932 0.000000 0.00000000 0.00000000 0.58617949 0.81018122
1079.073000000 -2.759550 -2.671533 0.000000 0.00000000 0.00000000 0.58599473 0.81031486
1079.198000000 -2.752476 -2.663143 0.000000 0.00000000 0.00000000 0.58542380 0.81072743
1079.323000000 -2.751887 -2.651209 0.000000 0.00000000 0.00000000 0.58595908 0.81034064
1079.448000000 -2.743408 -2.643758 0.000000 0.00000000 0.00000000 0.58605741 0.81026953
1079.573000000 -2.746068 -2.628956 0.000000 0.00000000 0.00000000 0.58664863 0.80984158
1079.698000000 -2.746334 -2.624028 0.000000 0.00000000 0.00000000 0.58570114 0.81052710
1079.823000000 -2.744205 -2.611926 0.000000 0.00000000 0.00000000 0.58580830 0.81044965
1079.948000000 -2.747711 -2.601713 0.000000 0.00000000 0.00000000 0.58659480 0.80988057
1080.073000000 -2.737855 -2.592797 0.000000 0.00000000 0.00000000 0.58625395 0.81012734
1080.198000000 -2.736633 -2.583153 0.000000 0.00000000 0.00000000 0.58578991 0.81046294
1080.323000000 -2.733212 -2.573010 0.000000 0.00000000 0.00000000 0.58642573 0.81000300
1080.448000000 -2.729336 -2.565873 0.000000 0.00000000 0.00000000 0.58608715 0.81024802
1080.573000000 -2.725289 -2.554623 0.000000 0.00000000 0.00000000 0.58612042 0.81022395
1080.698000000 -2.714036 -2.548029 0.000000 0.00000000 0.00000000 0.58630154 0.81009290
1080.823000000 -2.712295 -2.537921 0.000000 0.00000000 0.00000000 0.58595996 0.81034001
1080.948000000 -2.715434 -2.527930 0.000000 0.00000000 0.00000000 0.58635441 0.81005463
1081.073000000 -2.709042 -2.519743 0.000000 0.00000000 0.00000000 0.58623457 0.81014136
1081.198000000 -2.713067 -2.506811 0.000000 0.00000000 0.00000000 0.58626047 0.81012262
1081.323000000 -2.707922 -2.498648 0.000000 0.00000000 0.00000000 0.58591570 0.81037201
1081.448000000 -2.703737 -2.489084 0.000000 0.00000000 0.00000000 0.58649573 0.80995232
1081.573000000 -2.701382 -2.480846 0.000000 0.00000000 0.00000000 0.58611324 0.81022915
1081.698000000 -2.691940 -2.472302 0.000000 0.00000000 0.00000000 0.58580421 0.81045260
1081.823000000 -2.689709 -2.461961 0.000000 0.00000000 0.00000000 0.58573614 0.81050180
1081.948000000 -2.691498 -2.451476 0.000000 0.00000000 0.00000000 0.58676255 0.80975904
1082.073000000 -2.696122 -2.440771 0.000000 0.00000000 0.00000000 0.58652167 0.80993353
1082.198000000 -2.687485 -2.432558 0.000000 0.00000000 0.00000000 0.58636485 0.81004708
1082.323000000 -2.686060 -2.423184 0.000000 0.00000000 0.00000000 0.58683066 0.80970969
1082.448000000 -2.681456 -2.413073 0.000000 0.00000000 0.00000000 0.58598148 0.81032444
1082.573000000 -2.674339 -2.405762 0.000000 0.00000000 0.00000000 0.58621434 0.81015600
1082.698000000 -2.672604 -2.396288 0.000000 0.00000000 0.00000000 0.58573495 0.81050266
1082.823000000 -2.667593 -2.385541 0.000000 0.00000000 0.00000000 0.58158925 0.81348260
1082.948000000 -2.667551 -2.376503 0.000000 0.00000000 0.00000000 0.57641196 0.81715926
1083.073000000 -2.660129 -2.365916 0.000000 0.00000000 0.00000000 0.57146460 0.82062672
1083.198000000 -2.664194 -2.354762 0.000000 0.00000000 0.00000000 0.56626141 0.82422571
1083.323000000 -2.654960 -2.345964 0.000000 0.00000000 0.00000000 0.56123048 0.82765956
1083.448000000 -2.656506 -2.337298 0.000000 0.00000000 0.00000000 0.55645966 0.83087463
1083.573000000 -2.652713 -2.328197 0.000000 0.00000000 0.00000000 0.55093298 0.83454949
1083.698000000 -2.646885 -2.320306 0.000000 0.00000000 0.00000000 0.54523098 0.83828586
1083.823000000 -2.635480 -2.312268 0.000000 0.00000000 0.00000000 0.54026264 0.84149645
1083.948000000 -2.637866 -2.302080 0.000000 0.00000000 0.00000000 0.53528431 0.84467195
1084.073000000 -2.629377 -2.293882 0.000000 0.00000000 0.00000000 0.52984548 0.84809420
1084.198000000 -2.629399 -2.284167 0.000000 0.00000000 0.00000000 0.52472832 0.85126975
1084.323000000 -2.620990 -2.276234 0.000000 0.00000000 0.00000000 0.51924189 0.85462732
1084.448000000 -2.617851 -2.269041 0.000000 0.00000000 0.00000000 0.51369641 0.85797203
1084.573000000 -2.617018 -2.255711 0.000000 0.00000000 0.00000000 0.50926917 0.86060729
1084.698000000 -2.612395 -2.251265 0.000000 0.00000000 0.00000000 0.50243395 0.86461560
1084.823000000 -2.610317 -2.238721 0.000000 0.00000000 0.00000000 0.49780956 0.86728637
1084.948000000 -2.606078 -2.231606 0.000000 0.00000000 0.00000000 0.49257048 0.87027256
1085.073000000 -2.605035 -2.220844 0.000000 0.00000000 0.00000000 0.48770343 0.87300937
1085.198000000 -2.597979 -2.214509 0.000000 0.00000000 0.00000000 0.48144576 0.87647588
1085.448000000 -2.587460 -2.197086 0.000000 0.00000000 0.00000000 0.47041666 0.88244442
1085.573000000 -2.581690 -2.189072 0.000000 0.00000000 0.00000000 0.46507900 0.88526918
1085.698000000 -2.574695 -2.181186 0.000000 0.00000000 0.00000000 0.45949504 0.88818034
1085.823000000 -2.568048 -2.173719 0.000000 0.00000000 0.00000000 0.45393590 0.89103434
1085.948000000 -2.554558 -2.165713 0.000000 0.00000000 0.00000000 0.44807012 0.89399842
1086.073000000 -2.550980 -2.158542 0.000000 0.00000000 0.00000000 0.44209546 0.89696800
1086.198000000 -2.550440 -2.149163 0.000000 0.00000000 0.00000000 0.43715689 0.89938526
1086.323000000 -2.538876 -2.144957 0.000000 0.00000000 0.00000000 0.43070652 0.90249205
1086.448000000 -2.542188 -2.132898 0.000000 0.00000000 0.00000000 0.42639558 0.90453679
1086.573000000 -2.531988 -2.126607 0.000000 0.00000000 0.00000000 0.42030358 0.90738354
1086.698000000 -2.519703 -2.119642 0.000000 0.00000000 0.00000000 0.41364351 0.91043893
1086.823000000 -2.517074 -2.110390 0.000000 0.00000000 0.00000000 0.40919998 0.91244473
1086.948000000 -2.505965 -2.102025 0.000000 0.00000000 0.00000000 0.40256138 0.91539300
1087.073000000 -2.500664 -2.098140 0.000000 0.00000000 0.00000000 0.39740241 0.91764444
1087.198000000 -2.490887 -2.091297 0.000000 0.00000000 0.00000000 0.39062638 0.92054931
1087.323000000 -2.490425 -2.082625 0.000000 0.00000000 0.00000000 0.38603764 0.92248303
1087.448000000 -2.478592 -2.078269 0.000000 0.00000000 0.00000000 0.37927168 0.92528536
1087.573000000 -2.470353 -2.068689 0.000000 0.00000000 0.00000000 0.37355037 0.92760990
1087.698000000 -2.469465 -2.060401 0.000000 0.00000000 0.00000000 0.36937281 0.92928130
1087.823000000 -2.456124 -2.054629 0.000000 0.00000000 0.00000000 0.36290379 0.93182661
1087.948000000 -2.453035 -2.046002 0.000000 0.00000000 0.00000000 0.35719888 0.93402835
1088.073000000 -2.443464 -2.043374 0.000000 0.00000000 0.00000000 0.35053348 0.93655020
1088.198000000 -2.439578 -2.035289 0.000000 0.00000000 0.00000000 0.34557396 0.93839152
1088.323000000 -2.427825 -2.030232 0.000000 0.00000000 0.00000000 0.33935128 0.94065972
1088.448000000 -2.421633 -2.021439 0.000000 0.00000000 0.00000000 0.33370331 0.94267815
1088.573000000 -2.415770 -2.017113 0.000000 0.00000000 0.00000000 0.32753071 0.94484054
1088.698000000 -2.404989 -2.009670 0.000000 0.00000000 0.00000000 0.32240686 0.94660119
1088.823000000 -2.399385 -2.005017 0.000000 0.00000000 0.00000000 0.31601327 0.94875477
1088.948000000 -2.383684 -1.999994 0.000000 0.00000000 0.00000000 0.30963787 0.95085456
1089.073000000 -2.383955 -1.992128 0.000000 0.00000000 0.00000000 0.30428022 0.95258257
1089.198000000 -2.380629 -1.986387 0.000000 0.00000000 0.00000000 0.29900882 0.95425035
1089.323000000 -2.368790 -1.982402 0.000000 0.00000000 0.00000000 0.29209108 0.95639051
1089.448000000 -2.348574 -1.978287 0.000000 0.00000000 0.00000000 0.28520846 0.95846551
1089.573000000 -2.323006 -1.971842 0.000000 0.00000000 0.00000000 0.27980257 0.96005756
1089.698000000 -2.319087 -1.967161 0.000000 0.00000000 0.00000000 0.27355654 0.96185592
1089.823000000 -2.304646 -1.963277 0.000000 0.00000000 0.00000000 0.26788001 0.96345228
1089.948000000 -2.300789 -1.957376 0.000000 0.00000000 0.00000000 0.26103969 0.96532807
1090.073000000 -2.289001 -1.951267 0.000000 0.00000000 0.00000000 0.25531050 0.96685911
1090.198000000 -2.281857 -1.946613 0.000000 0.00000000 0.00000000 0.24965567 0.96833468
1090.323000000 -2.268972 -1.942517 0.000000 0.00000000 0.00000000 0.24297400 0.97003280
1090.448000000 -2.269541 -1.937127 0.000000 0.00000000 0.00000000 0.23763891 0.97135356
1090.573000000 -2.252952 -1.934363 0.000000 0.00000000 0.00000000 0.23191931 0.97273503
1090.698000000 -2.266643 -1.926493 0.000000 0.00000000 0.00000000 0.22579686 0.97417441
1090.823000000 -2.248456 -1.923504 0.000000 0.00000000 0.00000000 0.22163228 0.97513032
1090.948000000 -2.247440 -1.919667 0.000000 0.00000000 0.00000000 0.22027893 0.97543692
1091.073000000 -2.227716 -1.915080 0.000000 0.00000000 0.00000000 0.22051065 0.97538457
1091.198000000 -2.225567 -1.910038 0.000000 0.00000000 0.00000000 0.22069092 0.97534380
1091.323000000 -2.235120 -1.902782 0.000000 0.00000000 0.00000000 0.22182593 0.97508628
1091.448000000 -2.224643 -1.898377 0.000000 0.00000000 0.00000000 0.22175686 0.97510199
1091.573000000 -2.218734 -1.891812 0.000000 0.00000000 0.00000000 0.22276089 0.97487311
1091.698000000 -2.210901 -1.883510 0.000000 0.00000000 0.00000000 0.22349879 0.97470421
1091.823000000 -2.200093 -1.885663 0.000000 0.00000000 0.00000000 0.22265373 0.97489759
1091.948000000 -2.193239 -1.877972 0.000000 0.00000000 0.00000000 0.22239655 0.97495629
1092.073000000 -2.182157 -1.877195 0.000000 0.00000000 0.00000000 0.22247988 0.97493728
1092.198000000 -2.173477 -1.871201 0.000000 0.00000000 0.00000000 0.22185857 0.97507885
1092.323000000 -2.166877 -1.865038 0.000000 0.00000000 0.00000000 0.22275288 0.97487494
1092.448000000 -2.161616 -1.863012 0.000000 0.00000000 0.00000000 0.22276010 0.97487329
1092.573000000 -2.148768 -1.858040 0.000000 0.00000000 0.00000000 0.22776668 0.97371574
1092.698000000 -2.126818 -1.854643 0.000000 0.00000000 0.00000000 0.23270529 0.97254730
1092.823000000 -2.120735 -1.851076 0.000000 0.00000000 0.00000000 0.23870836 0.97109130
1092.948000000 -2.115292 -1.844258 0.000000 0.00000000 0.00000000 0.24514032 0.96948761
1093.073000000 -2.112019 -1.841356 0.000000 0.00000000 0.00000000 0.24799782 0.96876059
1093.198000000 -2.112669 -1.840751 0.000000 0.00000000 0.00000000 0.24770810 0.96883471
1093.323000000 -2.111020 -1.844173 0.000000 0.00000000 0.00000000 0.24762572 0.96885577
1093.448000000 -2.111546 -1.842427 0.000000 0.00000000 0.00000000 0.24779948 0.96881134
1093.573000000 -2.108345 -1.843884 0.000000 0.00000000 0.00000000 0.24729820 0.96893942
1093.698000000 -2.110864 -1.844548 0.000000 0.00000000 0.00000000 0.24747757 0.96889362
1093.823000000 -2.110050 -1.842995 0.000000 0.00000000 0.00000000 0.24838246 0.96866204
1093.948000000 -2.102946 -1.840818 0.000000 0.00000000 0.00000000 0.24720794 0.96896245
1094.073000000 -2.115266 -1.843174 0.000000 0.00000000 0.00000000 0.24768400 0.96884087
1094.198000000 -2.113833 -1.839380 0.000000 0.00000000 0.00000000 0.24831195 0.96868012
1094.323000000 -2.109070 -1.842309 0.000000 0.00000000 0.00000000 0.24771755 0.96883229
1094.448000000 -2.109491 -1.842263 0.000000 0.00000000 0.00000000 0.24818076 0.96871374
1094.573000000 -2.108459 -1.842191 0.000000 0.00000000 0.00000000 0.24803779 0.96875036
1094.698000000 -2.110534 -1.843762 0.000000 0.00000000 0.00000000 0.24786590 0.96879435
1094.823000000 -2.108846 -1.840701 0.000000 0.00000000 0.00000000 0.24798196 0.96876465
1094.948000000 -2.110459 -1.844377 0.000000 0.00000000 0.00000000 0.24714519 0.96897846
1095.073000000 -2.111061 -1.843529 0.000000 0.00000000 0.00000000 0.24774617 0.96882498
1095.198000000 -2.113243 -1.838846 0.000000 0.00000000 0.00000000 0.24874854 0.96856810
1095.323000000 -2.106556 -1.837748 0.000000 0.00000000 0.00000000 0.24834139 0.96867257
1095.448000000 -2.109874 -1.845713 0.000000 0.00000000 0.00000000 0.24724341 0.96895340
1095.573000000 -2.108722 -1.843004 0.000000 0.00000000 0.00000000 0.24789615 0.96878661
1095.698000000 -2.107953 -1.841000 0.000000 0.00000000 0.00000000 0.24792670 0.96877879
1095.823000000 -2.111957 -1.842596 0.000000 0.00000000 0.00000000 0.24792481 0.96877928
1095.948000000 -2.108674 -1.843448 0.000000 0.00000000 0.00000000 0.24760402 0.96886132
1096.073000000 -2.109913 -1.841050 0.000000 0.00000000 0.00000000 0.24778861 0.96881412
1096.198000000 -2.111539 -1.840931 0.000000 0.00000000 0.00000000 0.24826825 0.96869132
1096.323000000 -2.110497 -1.840364 0.000000 0.00000000 0.00000000 0.24812671 0.96872759
1096.448000000 -2.110681 -1.843048 0.000000 0.00000000 0.00000000 0.24798698 0.96876336
1096.573000000 -2.110442 -1.842884 0.000000 0.00000000 0.00000000 0.24775110 0.96882372
1096.698000000 -2.112624 -1.843126 0.000000 0.00000000 0.00000000 0.24758331 0.96886661
1096.823000000 -2.111950 -1.840624 0.000000 0.00000000 0.00000000 0.24792505 0.96877922
1096.948000000 -2.110722 -1.844834 0.000000 0.00000000 0.00000000 0.24757290 0.96886927
1097.073000000 -2.113982 -1.843512 0.000000 0.00000000 0.00000000 0.24736003 0.96892364
1097.198000000 -2.113382 -1.844984 0.000000 0.00000000 0.00000000 0.24764291 0.96885138
1097.323000000 -2.109107 -1.843900 0.000000 0.00000000 0.00000000 0.24781834 0.96880652
1097.448000000 -2.111357 -1.841227 0.000000 0.00000000 0.00000000 0.24832215 0.96867751
1097.573000000 -2.111552 -1.841099 0.000000 0.00000000 0.00000000 0.24828134 0.96868797
1097.698000000 -2.113465 -1.840200 0.000000 0.00000000 0.00000000 0.24798805 0.96876309
1097.823000000 -2.111451 -1.843070 0.000000 0.00000000 0.00000000 0.24769700 0.96883755
1097.948000000 -2.110904 -1.846945 0.000000 0.00000000 0.00000000 0.24718162 0.96896917
1098.073000000 -2.110015 -1.844883 0.000000 0.00000000 0.00000000 0.24733756 0.96892937
1098.198000000 -2.113144 -1.841133 0.000000 0.00000000 0.00000000 0.24826815 0.96869135
1098.323000000 -2.110016 -1.845697 0.000000 0.00000000 0.00000000 0.24765985 0.96884705
1098.448000000 -2.112386 -1.841319 0.000000 0.00000000 0.00000000 0.24795635 0.96877121
1098.573000000 -2.111863 -1.843367 0.000000 0.00000000 0.00000000 0.24795385 0.96877185
1098.698000000 -2.106916 -1.843526 0.000000 0.00000000 0.00000000 0.24749794 0.96888842
1098.823000000 -2.110535 -1.844159 0.000000 0.00000000 0.00000000 0.24735053 0.96892606
1098.948000000 -2.109226 -1.845313 0.000000 0.00000000 0.00000000 0.24758021 0.96886740
1099.073000000 -2.103982 -1.838863 0.000000 0.00000000 0.00000000 0.24790843 0.96878347
1099.198000000 -2.112844 -1.843136 0.000000 0.00000000 0.00000000 0.24746714 0.96889629
1099.323000000 -2.106499 -1.838132 0.000000 0.00000000 0.00000000 0.24831223 0.96868005
1099.448000000 -2.112510 -1.842948 0.000000 0.00000000 0.00000000 0.24777697 0.96881710
1099.573000000 -2.113166 -1.843446 0.000000 0.00000000 0.00000000 0.24753460 0.96887906
1099.698000000 -2.112169 -1.842086 0.000000 0.00000000 0.00000000 0.24764672 0.96885040
1099.823000000 -2.109328 -1.841766 0.000000 0.00000000 0.00000000 0.24812428 0.96872821
1099.948000000 -2.113012 -1.839655 0.000000 0.00000000 0.00000000 0.24797094 0.96876747
1100.073000000 -2.108846 -1.845007 0.000000 0.00000000 0.00000000 0.24767408 0.96884341
1100.198000000 -2.108500 -1.845119 0.000000 0.00000000 0.00000000 0.24719508 0.96896573
1100.323000000 -2.111240 -1.843837 0.000000 0.00000000 0.00000000 0.24725709 0.96894991
1100.448000000 -2.110618 -1.842191 0.000000 0.00000000 0.00000000 0.24825554 0.96869458
1100.573000000 -2.112581 -1.841613 0.000000 0.00000000 0.00000000 0.24819792 0.96870934
1100.698000000 -2.111005 -1.841303 0.000000 0.00000000 0.00000000 0.24795764 0.96877088
1100.823000000 -2.111942 -1.841951 0.000000 0.00000000 0.00000000 0.24792779 0.96877852
1100.948000000 -2.109159 -1.841785 0.000000 0.00000000 0.00000000 0.24834613 0.96867136
1101.073000000 -2.108061 -1.841978 0.000000 0.00000000 0.00000000 0.24821163 0.96870583
