321.700000000 -0.006667 0.016465 -0.078015 -0.00000213 -0.00000085 0.00077299 0.99999970
323.447000000 -0.006850 0.016884 -0.078000 -0.00000000 0.00000000 0.00078435 0.99999969
323.500000000 -0.006854 0.016885 -0.078007 0.00000225 -0.00000116 0.00078440 0.99999969
323.600000000 -0.006861 0.016882 -0.078000 0.00000989 -0.00000024 0.00078450 0.99999969
323.700000000 -0.007418 0.016509 -0.077992 0.00000740 0.00000479 0.00078009 0.99999970
323.822000000 -0.007517 0.016206 -0.078000 0.00000000 0.00000000 0.00071779 0.99999974
323.947000000 -0.007258 0.016054 -0.078000 -0.00000000 0.00000000 0.00075416 0.99999972
324.072000000 -0.007261 0.017114 -0.078000 0.00000000 -0.00000000 0.00072387 0.99999974
324.100000000 -0.007263 0.017114 -0.077991 -0.00000221 0.00000019 0.00072390 0.99999974
324.200000000 -0.007270 0.017116 -0.077986 -0.00000776 -0.00000237 0.00072403 0.99999974
324.322000000 -0.006782 0.016253 -0.078000 -0.00000000 0.00000000 0.00072578 0.99999974
324.447000000 -0.007221 0.016605 -0.078000 0.00000000 0.00000000 0.00073933 0.99999973
324.572000000 -0.007964 0.016923 -0.078000 0.00000000 -0.00000000 0.00077765 0.99999970
324.600000000 -0.007966 0.016923 -0.077990 0.00000007 0.00000053 0.00077769 0.99999970
324.700000000 -0.007973 0.016923 -0.077987 0.00000157 0.00000083 0.00077782 0.99999970
324.822000000 -0.005735 0.015381 -0.078000 -0.00000000 0.00000000 0.00078210 0.99999969
324.947000000 -0.006863 0.016110 -0.078000 0.00000000 -0.00000000 0.00083276 0.99999965
325.000000000 -0.006867 0.016110 -0.077987 0.00000056 0.00000046 0.00083284 0.99999965
325.100000000 -0.006991 0.016265 -0.077984 0.00000067 0.00000145 0.00083442 0.99999965
325.200000000 -0.007392 0.016135 -0.078002 -0.00000027 -0.00000042 0.00080526 0.99999968
325.322000000 -0.007160 0.016001 -0.078000 0.00000000 -0.00000000 0.00073726 0.99999973
325.447000000 -0.007322 0.017017 -0.078000 0.00000000 0.00000000 0.00079234 0.99999969
325.572000000 -0.007338 0.017002 -0.078000 0.00000000 0.00000000 0.00078139 0.99999969
325.600000000 -0.007340 0.017002 -0.078008 0.00000004 -0.00000212 0.00078143 0.99999969
325.700000000 -0.007346 0.017002 -0.078008 0.00000017 -0.00000161 0.00078160 0.99999969
325.822000000 -0.007220 0.017315 -0.078000 0.00000000 0.00000000 0.00079806 0.99999968
325.947000000 -0.006276 0.016938 -0.078000 -0.00000000 0.00000000 0.00081310 0.99999967
326.072000000 -0.007196 0.016661 -0.078000 -0.00000000 0.00000000 0.00077780 0.99999970
326.100000000 -0.007198 0.016661 -0.078004 0.00000099 -0.00000020 0.00077784 0.99999970
326.200000000 -0.007204 0.016662 -0.077997 -0.00000465 -0.00000041 0.00077794 0.99999970
326.322000000 -0.007128 0.015522 -0.078000 0.00000000 -0.00000000 0.00080448 0.99999968
326.447000000 -0.007135 0.015556 -0.078000 0.00000000 0.00000000 0.00082131 0.99999966
326.572000000 -0.006849 0.015605 -0.078000 -0.00000000 -0.00000000 0.00077544 0.99999970
326.600000000 -0.006851 0.015605 -0.077985 -0.00000431 0.00000169 0.00077541 0.99999970
326.700000000 -0.007282 0.015209 -0.078000 0.00000038 -0.00000002 0.00078574 0.99999969
326.822000000 -0.006879 0.016219 -0.078000 0.00000000 0.00000000 0.00083043 0.99999966
326.947000000 -0.006759 0.016207 -0.078000 0.00000000 -0.00000000 0.00079698 0.99999968
327.072000000 -0.006298 0.017545 -0.078000 0.00000000 0.00000000 0.00083977 0.99999965
327.100000000 -0.006300 0.017544 -0.078016 0.00000433 -0.00000109 0.00083983 0.99999965
327.200000000 -0.006307 0.017542 -0.078007 0.00000485 -0.00000244 0.00084001 0.99999965
327.322000000 -0.007562 0.016440 -0.078000 -0.00000000 0.00000000 0.00085657 0.99999963
327.447000000 -0.007392 0.016487 -0.078000 0.00000000 0.00000000 0.00079680 0.99999968
327.572000000 -0.007556 0.016008 -0.078000 0.00000000 -0.00000000 0.00080817 0.99999967
327.600000000 -0.007558 0.016008 -0.077993 -0.00000098 -0.00000086 0.00080819 0.99999967
327.700000000 -0.007565 0.016009 -0.077992 -0.00000203 -0.00000438 0.00080828 0.99999967
327.822000000 -0.007032 0.015926 -0.078000 0.00000000 0.00000000 0.00081401 0.99999967
327.947000000 -0.007507 0.015778 -0.078000 0.00000000 -0.00000000 0.00077298 0.99999970
328.072000000 -0.007614 0.016119 -0.078000 0.00000000 -0.00000000 0.00077730 0.99999970
328.100000000 -0.007616 0.016119 -0.077988 0.00000082 0.00000082 0.00077732 0.99999970
328.200000000 -0.007621 0.016118 -0.077989 0.00000422 0.00000266 0.00077746 0.99999970
328.322000000 -0.007648 0.017228 -0.078000 0.00000000 0.00000000 0.00074743 0.99999972
328.447000000 -0.006904 0.016019 -0.078000 0.00000000 0.00000000 0.00076225 0.99999971
328.500000000 -0.006907 0.016019 -0.077989 0.00000289 0.00000125 0.00076232 0.99999971
328.600000000 -0.006913 0.016019 -0.078005 0.00000160 -0.00000271 0.00076244 0.99999971
328.700000000 -0.007463 0.016028 -0.078006 -0.00000396 -0.00000279 0.00074396 0.99999972
328.822000000 -0.007740 0.015462 -0.078000 -0.00000000 -0.00000000 0.00071722 0.99999974
328.947000000 -0.007063 0.016578 -0.078000 0.00000000 0.00000000 0.00077293 0.99999970
329.072000000 -0.007191 0.016612 -0.078000 -0.00000000 0.00000000 0.00081818 0.99999967
329.100000000 -0.007193 0.016612 -0.078001 -0.00000015 0.00000039 0.00081821 0.99999967
329.200000000 -0.007199 0.016612 -0.077999 0.00000079 0.00000226 0.00081830 0.99999967
329.322000000 -0.006801 0.016941 -0.078000 0.00000000 0.00000000 0.00076269 0.99999971
329.447000000 -0.006458 0.015509 -0.078000 -0.00000000 -0.00000000 0.00073442 0.99999973
329.572000000 -0.006966 0.016744 -0.078000 0.00000000 -0.00000000 0.00075900 0.99999971
329.600000000 -0.006968 0.016744 -0.077993 0.00000110 0.00000194 0.00075906 0.99999971
329.700000000 -0.006974 0.016743 -0.077996 0.00000228 0.00000290 0.00075915 0.99999971
329.822000000 -0.006742 0.016532 -0.078000 0.00000000 0.00000000 0.00081109 0.99999967
329.947000000 -0.006611 0.015637 -0.078000 0.00000000 0.00000000 0.00080648 0.99999967
330.072000000 -0.006859 0.016009 -0.078000 0.00000000 0.00000000 0.00079692 0.99999968
330.100000000 -0.006861 0.016009 -0.078002 0.00000116 0.00000256 0.00079695 0.99999968
330.200000000 -0.007455 0.016309 -0.077998 -0.00000009 0.00000017 0.00076380 0.99999971
330.322000000 -0.007100 0.016408 -0.078000 0.00000000 -0.00000000 0.00080458 0.99999968
330.447000000 -0.005910 0.016970 -0.078000 -0.00000000 -0.00000000 0.00080825 0.99999967
330.572000000 -0.006701 0.016699 -0.078000 -0.00000000 -0.00000000 0.00081273 0.99999967
330.600000000 -0.006703 0.016699 -0.077981 -0.00000039 0.00000211 0.00081276 0.99999967
330.700000000 -0.006709 0.016699 -0.077992 -0.00000369 -0.00000015 0.00081288 0.99999967
330.822000000 -0.006526 0.015773 -0.078000 0.00000000 -0.00000000 0.00083478 0.99999965
330.947000000 -0.007378 0.016271 -0.078000 0.00000000 -0.00000000 0.00081495 0.99999967
331.072000000 -0.007206 0.016904 -0.078000 0.00000000 -0.00000000 0.00088029 0.99999961
331.100000000 -0.007208 0.016904 -0.078002 -0.00000008 -0.00000136 0.00088035 0.99999961
331.200000000 -0.007215 0.016904 -0.078008 -0.00000165 -0.00000660 0.00088042 0.99999961
331.322000000 -0.007681 0.016883 -0.078000 -0.00000000 0.00000000 0.00082825 0.99999966
331.447000000 -0.007203 0.015914 -0.078000 0.00000000 -0.00000000 0.00085253 0.99999964
331.572000000 -0.007304 0.015509 -0.078000 -0.00000000 0.00000000 0.00083545 0.99999965
331.600000000 -0.007306 0.015509 -0.078008 0.00000135 -0.00000289 0.00083550 0.99999965
331.700000000 -0.007313 0.015508 -0.078014 0.00000455 -0.00000463 0.00083563 0.99999965
331.822000000 -0.006863 0.016573 -0.078000 0.00000000 0.00000000 0.00087465 0.99999962
331.947000000 -0.007374 0.016576 -0.078000 0.00000000 -0.00000000 0.00085967 0.99999963
332.000000000 -0.007377 0.016576 -0.077998 0.00000894 -0.00000146 0.00085977 0.99999963
332.100000000 -0.007384 0.016571 -0.078001 0.00001855 -0.00000103 0.00085992 0.99999963
332.200000000 -0.007289 0.014749 -0.077991 -0.00001817 0.00000051 0.00079013 0.99999969
332.322000000 -0.005847 0.015788 -0.078000 0.00000000 0.00000000 0.00082825 0.99999966
332.447000000 -0.006890 0.015351 -0.078000 0.00000000 0.00000000 0.00078507 0.99999969
332.572000000 -0.006872 0.016184 -0.078000 -0.00000000 0.00000000 0.00083933 0.99999965
332.600000000 -0.006874 0.016185 -0.078000 -0.00000092 -0.00000011 0.00083934 0.99999965
332.700000000 -0.006879 0.016184 -0.078002 0.00000478 0.00000291 0.00083942 0.99999965
332.822000000 -0.007255 0.015777 -0.078000 -0.00000000 -0.00000000 0.00081572 0.99999967
332.947000000 -0.007074 0.015742 -0.078000 0.00000000 0.00000000 0.00084590 0.99999964
333.072000000 -0.006240 0.015511 -0.078000 -0.00000000 -0.00000000 0.00082075 0.99999966
333.100000000 -0.006242 0.015510 -0.077993 0.00000078 0.00000080 0.00082080 0.99999966
333.200000000 -0.006248 0.015510 -0.078001 0.00000193 0.00000206 0.00082093 0.99999966
333.322000000 -0.007165 0.016617 -0.078000 0.00000000 0.00000000 0.00081196 0.99999967
333.447000000 -0.007461 0.015076 -0.078000 0.00000000 -0.00000000 0.00076905 0.99999970
333.500000000 -0.007464 0.015076 -0.077996 0.00000097 0.00000046 0.00076914 0.99999970
333.600000000 -0.007470 0.015076 -0.078004 -0.00000022 0.00000258 0.00076930 0.99999970
333.700000000 -0.007873 0.016354 -0.077992 0.00000065 -0.00000043 0.00077244 0.99999970
333.822000000 -0.006295 0.015854 -0.078000 -0.00000000 0.00000000 0.00074909 0.99999972
333.947000000 -0.007069 0.015968 -0.078000 0.00000000 0.00000000 0.00081503 0.99999967
334.072000000 -0.006898 0.016356 -0.078000 0.00000000 -0.00000000 0.00085353 0.99999964
334.100000000 -0.006900 0.016357 -0.077993 -0.00000137 0.00000191 0.00085353 0.99999964
334.200000000 -0.006906 0.016356 -0.077990 0.00000652 -0.00000038 0.00085364 0.99999964
334.322000000 -0.007629 0.017057 -0.078000 0.00000000 0.00000000 0.00080988 0.99999967
334.447000000 -0.006621 0.016653 -0.078000 -0.00000000 0.00000000 0.00077663 0.99999970
334.572000000 -0.005750 0.015327 -0.078000 0.00000000 0.00000000 0.00079977 0.99999968
334.600000000 -0.005752 0.015326 -0.077996 0.00000518 -0.00000047 0.00079987 0.99999968
334.700000000 -0.005759 0.015325 -0.077997 0.00000408 -0.00000288 0.00080001 0.99999968
334.822000000 -0.007394 0.016712 -0.078000 0.00000000 -0.00000000 0.00077407 0.99999970
334.947000000 -0.008552 0.017024 -0.078000 0.00000000 0.00000000 0.00072615 0.99999974
335.072000000 -0.007548 0.017132 -0.078000 0.00000000 -0.00000000 0.00077905 0.99999970
335.100000000 -0.007550 0.017132 -0.078017 -0.00000423 -0.00000303 0.00077906 0.99999970
335.200000000 -0.007312 0.017226 -0.078000 0.00000010 0.00000016 0.00082087 0.99999966
335.322000000 -0.007434 0.017466 -0.078000 -0.00000000 -0.00000000 0.00075538 0.99999971
335.447000000 -0.007260 0.015996 -0.078000 0.00000000 0.00000000 0.00080439 0.99999968
335.572000000 -0.007453 0.015547 -0.078000 -0.00000000 -0.00000000 0.00075386 0.99999972
335.600000000 -0.007455 0.015547 -0.077982 -0.00000022 -0.00000069 0.00075388 0.99999972
335.700000000 -0.007461 0.015548 -0.077994 -0.00000238 -0.00000225 0.00075400 0.99999972
335.822000000 -0.007021 0.016015 -0.078000 -0.00000000 0.00000000 0.00076617 0.99999971
335.947000000 -0.007237 0.016437 -0.078000 0.00000000 -0.00000000 0.00073148 0.99999973
336.072000000 -0.007484 0.017430 -0.078000 -0.00000000 -0.00000000 0.00084553 0.99999964
336.100000000 -0.007486 0.017430 -0.078009 0.00000098 -0.00000136 0.00084556 0.99999964
336.200000000 -0.007493 0.017430 -0.078012 -0.00000416 -0.00000249 0.00084566 0.99999964
336.322000000 -0.008104 0.016374 -0.078000 0.00000000 0.00000000 0.00078827 0.99999969
336.448000000 -0.007958 0.016034 -0.078000 -0.00000000 0.00000000 0.00081439 0.99999967
336.572000000 -0.007541 0.016540 -0.078000 -0.00000000 0.00000000 0.00076521 0.99999971
336.600000000 -0.007543 0.016540 -0.078013 -0.00000307 -0.00000142 0.00076521 0.99999971
336.700000000 -0.007549 0.016541 -0.077998 -0.00000368 0.00000381 0.00076529 0.99999971
336.822000000 -0.008531 0.017719 -0.078000 0.00000000 0.00000000 0.00079560 0.99999968
336.947000000 -0.008021 0.017327 -0.078000 -0.00000000 -0.00000000 0.00083120 0.99999965
337.000000000 -0.008024 0.017327 -0.077997 -0.00000008 0.00000168 0.00083127 0.99999965
337.100000000 -0.008030 0.017327 -0.077994 -0.00000396 0.00000540 0.00083139 0.99999965
337.200000000 -0.007859 0.017293 -0.078007 -0.00000505 0.00000405 0.00085476 0.99999963
337.322000000 -0.006785 0.016703 -0.078000 0.00000000 -0.00000000 0.00088529 0.99999961
337.447000000 -0.006960 0.016650 -0.078000 0.00000000 -0.00000000 0.00085089 0.99999964
337.572000000 -0.006610 0.016087 -0.078000 0.00000000 -0.00000000 0.00083434 0.99999965
337.600000000 -0.006612 0.016086 -0.078001 0.00000044 0.00000038 0.00083438 0.99999965
337.700000000 -0.006619 0.016086 -0.077998 -0.00000085 -0.00000325 0.00083449 0.99999965
337.822000000 -0.007055 0.015499 -0.078000 0.00000000 -0.00000000 0.00079882 0.99999968
337.947000000 -0.007186 0.015903 -0.078000 0.00000000 0.00000000 0.00076025 0.99999971
338.072000000 -0.006906 0.016182 -0.078000 -0.00000000 0.00000000 0.00083854 0.99999965
338.100000000 -0.006908 0.016182 -0.077993 -0.00000048 0.00000046 0.00083857 0.99999965
338.200000000 -0.006914 0.016183 -0.078001 -0.00000616 0.00000001 0.00083867 0.99999965
338.322000000 -0.007434 0.015602 -0.078000 0.00000000 0.00000000 0.00077739 0.99999970
338.447000000 -0.007439 0.015557 -0.078000 0.00000000 0.00000000 0.00073223 0.99999973
338.500000000 -0.007443 0.015557 -0.077986 0.00000013 0.00000257 0.00073230 0.99999973
338.600000000 -0.007380 0.016639 -0.078009 -0.00000007 -0.00000296 0.00083213 0.99999965
338.700000000 -0.007131 0.017885 -0.078002 -0.00000002 -0.00000020 0.00083665 0.99999965
338.822000000 -0.007285 0.016676 -0.078000 0.00000000 0.00000000 0.00074933 0.99999972
338.947000000 -0.007963 0.016293 -0.078000 -0.00000000 -0.00000000 0.00067457 0.99999977
339.072000000 -0.007162 0.015680 -0.078000 0.00000000 -0.00000000 0.00070736 0.99999975
339.100000000 -0.007163 0.015680 -0.078019 -0.00000174 -0.00000374 0.00070737 0.99999975
339.200000000 -0.007171 0.015680 -0.078013 0.00000219 -0.00000272 0.00070748 0.99999975
339.322000000 -0.008514 0.016017 -0.078000 0.00000000 0.00000000 0.00077355 0.99999970
339.447000000 -0.007427 0.015331 -0.078000 0.00000000 -0.00000000 0.00076054 0.99999971
339.572000000 -0.008458 0.015495 -0.078000 0.00000000 0.00000000 0.00078511 0.99999969
339.600000000 -0.008460 0.015495 -0.077992 0.00000039 0.00000151 0.00078512 0.99999969
339.700000000 -0.008465 0.015495 -0.077993 0.00000100 0.00000391 0.00078519 0.99999969
339.822000000 -0.007445 0.015993 -0.078000 0.00000000 0.00000000 0.00075397 0.99999972
339.947000000 -0.007183 0.016032 -0.078000 0.00000000 0.00000000 0.00077710 0.99999970
340.072000000 -0.007893 0.016330 -0.078000 -0.00000000 0.00000000 0.00074429 0.99999972
340.100000000 -0.007895 0.016330 -0.078016 0.00000063 -0.00000091 0.00074431 0.99999972
340.200000000 -0.007900 0.016329 -0.078013 0.00000344 0.00000264 0.00074441 0.99999972
340.322000000 -0.006548 0.015544 -0.078000 -0.00000000 -0.00000000 0.00076481 0.99999971
340.447000000 -0.006690 0.014849 -0.078000 -0.00000000 -0.00000000 0.00073452 0.99999973
340.500000000 -0.006694 0.014849 -0.078008 -0.00000098 0.00000015 0.00073458 0.99999973
340.600000000 -0.006700 0.014850 -0.077997 -0.00000340 0.00000089 0.00073467 0.99999973
340.700000000 -0.007425 0.016219 -0.077985 -0.00000552 -0.00000123 0.00070532 0.99999975
340.822000000 -0.006672 0.016674 -0.078000 0.00000000 -0.00000000 0.00079874 0.99999968
340.947000000 -0.007138 0.017473 -0.078000 -0.00000000 -0.00000000 0.00088534 0.99999961
341.072000000 -0.006694 0.016218 -0.078000 0.00000000 -0.00000000 0.00084717 0.99999964
341.100000000 -0.006696 0.016218 -0.078004 0.00000020 -0.00000020 0.00084721 0.99999964
341.200000000 -0.006703 0.016218 -0.078003 -0.00000031 -0.00000114 0.00084734 0.99999964
341.322000000 -0.007297 0.016623 -0.078000 0.00000000 -0.00000000 0.00082625 0.99999966
341.447000000 -0.006439 0.016304 -0.078000 0.00000000 -0.00000000 0.00081634 0.99999967
341.572000000 -0.008285 0.017037 -0.078000 -0.00000000 -0.00000000 0.00087059 0.99999962
341.600000000 -0.008286 0.017037 -0.077991 0.00000201 0.00000086 0.00087065 0.99999962
341.700000000 -0.008293 0.017036 -0.077986 0.00000439 0.00000048 0.00087082 0.99999962
341.822000000 -0.008296 0.015993 -0.078000 -0.00000000 0.00000000 0.00085225 0.99999964
341.947000000 -0.006958 0.015959 -0.078000 -0.00000000 -0.00000000 0.00076873 0.99999970
342.000000000 -0.006961 0.015958 -0.077984 0.00000560 0.00000200 0.00076885 0.99999970
342.100000000 -0.006967 0.015957 -0.077989 0.00000256 -0.00000035 0.00076903 0.99999970
342.200000000 -0.005763 0.016155 -0.078016 -0.00002310 -0.00000025 0.00074924 0.99999972
342.322000000 -0.008377 0.015687 -0.078000 -0.00000000 -0.00000000 0.00079753 0.99999968
342.447000000 -0.007615 0.016266 -0.078000 -0.00000000 0.00000000 0.00082195 0.99999966
342.572000000 -0.008079 0.015307 -0.078000 -0.00000000 -0.00000000 0.00074740 0.99999972
342.600000000 -0.008080 0.015308 -0.077989 0.00000333 0.00000284 0.00074743 0.99999972
342.700000000 -0.008086 0.015304 -0.077993 0.00001635 0.00000366 0.00074760 0.99999972
342.822000000 -0.007906 0.014855 -0.078000 0.00000000 0.00000000 0.00081935 0.99999966
342.947000000 -0.007981 0.015251 -0.078000 0.00000000 0.00000000 0.00082926 0.99999966
343.072000000 -0.007913 0.015885 -0.078000 -0.00000000 -0.00000000 0.00077223 0.99999970
343.100000000 -0.007915 0.015884 -0.077993 0.00000269 0.00000067 0.00077229 0.99999970
343.200000000 -0.007921 0.015883 -0.077998 0.00000824 -0.00000206 0.00077244 0.99999970
343.322000000 -0.006475 0.016045 -0.078000 -0.00000000 0.00000000 0.00080956 0.99999967
343.447000000 -0.007466 0.015204 -0.078000 0.00000000 -0.00000000 0.00081060 0.99999967
343.572000000 -0.006421 0.015894 -0.078000 0.00000000 0.00000000 0.00083430 0.99999965
343.697000000 -0.005898 0.016162 -0.078000 0.00000000 0.00000000 0.00080387 0.99999968
343.700000000 -0.005898 0.016162 -0.077999 -0.00000010 0.00000005 0.00080387 0.99999968
343.822000000 -0.006882 0.016499 -0.078000 -0.00000000 -0.00000000 0.00083498 0.99999965
343.947000000 -0.008262 0.015324 -0.078000 -0.00000000 -0.00000000 0.00086087 0.99999963
344.072000000 -0.007433 0.015936 -0.078000 0.00000000 0.00000000 0.00093123 0.99999957
344.100000000 -0.007435 0.015936 -0.077996 -0.00000011 -0.00000228 0.00093128 0.99999957
344.200000000 -0.007442 0.015935 -0.078005 0.00000330 -0.00000564 0.00093142 0.99999957
344.322000000 -0.007647 0.015738 -0.078000 0.00000000 0.00000000 0.00075285 0.99999972
344.447000000 -0.007095 0.016420 -0.078000 -0.00000000 -0.00000000 0.00073986 0.99999973
344.572000000 -0.007295 0.015346 -0.078000 0.00000000 -0.00000000 0.00071545 0.99999974
344.600000000 -0.007297 0.015346 -0.077999 0.00000169 -0.00000007 0.00071551 0.99999974
344.700000000 -0.007304 0.015346 -0.077996 0.00000024 -0.00000293 0.00071564 0.99999974
344.822000000 -0.007097 0.015986 -0.078000 0.00000000 0.00000000 0.00083330 0.99999965
344.947000000 -0.006476 0.015498 -0.078000 0.00000000 -0.00000000 0.00082259 0.99999966
345.072000000 -0.007647 0.016061 -0.078000 0.00000000 0.00000000 0.00081252 0.99999967
345.100000000 -0.007649 0.016061 -0.078001 -0.00000016 -0.00000133 0.00081255 0.99999967
345.200000000 -0.007655 0.016061 -0.078010 -0.00000333 -0.00000104 0.00081270 0.99999967
345.322000000 -0.007665 0.016200 -0.078000 -0.00000000 -0.00000000 0.00082108 0.99999966
345.447000000 -0.008055 0.016214 -0.078000 -0.00000000 -0.00000000 0.00082350 0.99999966
345.500000000 -0.008058 0.016214 -0.078006 -0.00000285 -0.00000135 0.00082356 0.99999966
345.600000000 -0.008064 0.016215 -0.078007 -0.00000579 0.00000058 0.00082364 0.99999966
345.700000000 -0.007191 0.015971 -0.078003 0.00000366 0.00000206 0.00088267 0.99999961
345.822000000 -0.007139 0.016044 -0.078000 0.00000000 0.00000000 0.00078219 0.99999969
345.947000000 -0.007512 0.015425 -0.078000 0.00000000 0.00000000 0.00074325 0.99999972
346.072000000 -0.007074 0.015693 -0.078000 0.00000000 -0.00000000 0.00075343 0.99999972
346.100000000 -0.007076 0.015693 -0.077990 0.00000143 0.00000073 0.00075346 0.99999972
346.200000000 -0.007083 0.015691 -0.077986 0.00000593 -0.00000003 0.00075360 0.99999972
346.322000000 -0.006112 0.016788 -0.078000 -0.00000000 -0.00000000 0.00075208 0.99999972
346.447000000 -0.006866 0.017118 -0.078000 0.00000000 -0.00000000 0.00078319 0.99999969
346.572000000 -0.006574 0.016255 -0.078000 0.00000000 0.00000000 0.00076538 0.99999971
346.600000000 -0.006576 0.016255 -0.077993 0.00000022 -0.00000072 0.00076540 0.99999971
346.700000000 -0.006583 0.016255 -0.078001 0.00000205 -0.00000608 0.00076555 0.99999971
346.822000000 -0.007035 0.016317 -0.078000 -0.00000000 0.00000000 0.00079888 0.99999968
346.947000000 -0.006875 0.014843 -0.078000 0.00000000 -0.00000000 0.00072272 0.99999974
347.000000000 -0.006879 0.014842 -0.078001 0.00000469 -0.00000294 0.00072280 0.99999974
347.100000000 -0.007496 0.015866 -0.078022 -0.00000080 -0.00000352 0.00070050 0.99999975
347.200000000 -0.007503 0.015869 -0.077999 -0.00001421 0.00000165 0.00070057 0.99999975
347.322000000 -0.007150 0.015653 -0.078000 -0.00000000 0.00000000 0.00072144 0.99999974
347.447000000 -0.007576 0.016064 -0.078000 -0.00000000 -0.00000000 0.00075235 0.99999972
347.572000000 -0.006803 0.014864 -0.078000 0.00000000 -0.00000000 0.00076670 0.99999971
347.600000000 -0.006805 0.014865 -0.077989 -0.00000234 -0.00000035 0.00076670 0.99999971
347.700000000 -0.006811 0.014866 -0.077994 -0.00000689 -0.00000040 0.00076675 0.99999971
347.822000000 -0.007912 0.016842 -0.078000 0.00000000 -0.00000000 0.00075551 0.99999971
347.947000000 -0.008078 0.016287 -0.078000 -0.00000000 0.00000000 0.00070729 0.99999975
348.072000000 -0.007798 0.016627 -0.078000 0.00000000 0.00000000 0.00078135 0.99999969
348.100000000 -0.007800 0.016627 -0.078000 0.00000018 -0.00000004 0.00078138 0.99999969
348.200000000 -0.007806 0.016626 -0.078007 0.00000552 -0.00000191 0.00078147 0.99999969
348.322000000 -0.007390 0.016569 -0.078000 -0.00000000 -0.00000000 0.00082485 0.99999966
348.447000000 -0.007566 0.017046 -0.078000 0.00000000 -0.00000000 0.00079130 0.99999969
348.572000000 -0.007357 0.016231 -0.078000 0.00000000 0.00000000 0.00076036 0.99999971
348.600000000 -0.007359 0.016231 -0.078013 0.00000273 -0.00000249 0.00076044 0.99999971
348.700000000 -0.007365 0.016230 -0.078012 0.00000665 -0.00000122 0.00076061 0.99999971
348.822000000 -0.007396 0.016001 -0.078000 0.00000000 0.00000000 0.00077743 0.99999970
348.947000000 -0.007485 0.016441 -0.078000 0.00000000 -0.00000000 0.00074423 0.99999972
349.000000000 -0.007489 0.016440 -0.078016 0.00000409 -0.00000224 0.00074435 0.99999972
349.100000000 -0.007495 0.016439 -0.078006 0.00000720 0.00000166 0.00074455 0.99999972
349.200000000 -0.007509 0.016777 -0.077986 -0.00001467 0.00000415 0.00077623 0.99999970
349.322000000 -0.007634 0.016056 -0.078000 0.00000000 -0.00000000 0.00080598 0.99999968
349.447000000 -0.007927 0.017035 -0.078000 -0.00000000 -0.00000000 0.00086025 0.99999963
349.572000000 -0.007397 0.016706 -0.078000 0.00000000 0.00000000 0.00083162 0.99999965
349.600000000 -0.007399 0.016706 -0.077989 -0.00000137 0.00000080 0.00083164 0.99999965
349.700000000 -0.007405 0.016707 -0.077991 -0.00000324 0.00000215 0.00083173 0.99999965
349.822000000 -0.007110 0.017174 -0.078000 -0.00000000 -0.00000000 0.00077517 0.99999970
349.947000000 -0.007586 0.016240 -0.078000 0.00000000 0.00000000 0.00075877 0.99999971
350.072000000 -0.007615 0.015715 -0.078000 -0.00000000 -0.00000000 0.00075888 0.99999971
350.100000000 -0.007617 0.015715 -0.078000 -0.00000005 0.00000047 0.00075892 0.99999971
350.200000000 -0.007622 0.015716 -0.078012 -0.00000127 0.00000241 0.00075901 0.99999971
350.322000000 -0.007829 0.014730 -0.078000 -0.00000000 0.00000000 0.00072616 0.99999974
350.447000000 -0.007602 0.015718 -0.078000 -0.00000000 -0.00000000 0.00075713 0.99999971
350.500000000 -0.007605 0.015718 -0.077987 0.00000092 0.00000268 0.00075720 0.99999971
350.600000000 -0.006685 0.015941 -0.078021 0.00000173 -0.00000290 0.00077459 0.99999970
350.700000000 -0.006693 0.015941 -0.077997 0.00000118 -0.00000361 0.00077471 0.99999970
350.822000000 -0.006931 0.015865 -0.078000 0.00000000 -0.00000000 0.00079660 0.99999968
350.947000000 -0.007949 0.016319 -0.078000 0.00000000 -0.00000000 0.00085819 0.99999963
351.072000000 -0.006782 0.016521 -0.078000 -0.00000000 -0.00000000 0.00089926 0.99999960
351.100000000 -0.006784 0.016521 -0.077986 -0.00000021 0.00000057 0.00089929 0.99999960
351.200000000 -0.006790 0.016521 -0.077991 -0.00000003 -0.00000037 0.00089947 0.99999960
351.322000000 -0.008780 0.015841 -0.078000 -0.00000000 0.00000000 0.00086224 0.99999963
351.447000000 -0.007741 0.016414 -0.078000 0.00000000 0.00000000 0.00089685 0.99999960
351.572000000 -0.007751 0.016772 -0.078000 0.00000000 -0.00000000 0.00089467 0.99999960
351.600000000 -0.007753 0.016772 -0.077995 -0.00000117 0.00000070 0.00089471 0.99999960
351.700000000 -0.007759 0.016773 -0.077995 -0.00000322 -0.00000005 0.00089482 0.99999960
351.822000000 -0.008163 0.016017 -0.078000 -0.00000000 -0.00000000 0.00081251 0.99999967
351.947000000 -0.007964 0.018028 -0.078000 0.00000000 0.00000000 0.00087069 0.99999962
352.000000000 -0.007967 0.018028 -0.077991 -0.00000084 -0.00000007 0.00087075 0.99999962
352.100000000 -0.007626 0.017030 -0.078002 0.00000023 -0.00000080 0.00086988 0.99999962
352.200000000 -0.008265 0.016911 -0.078000 0.00000005 0.00000013 0.00082424 0.99999966
352.322000000 -0.007199 0.015209 -0.078000 -0.00000000 0.00000000 0.00077990 0.99999970
352.447000000 -0.007480 0.015839 -0.078000 0.00000000 -0.00000000 0.00074078 0.99999973
352.572000000 -0.007695 0.015106 -0.078000 0.00000000 -0.00000000 0.00070042 0.99999975
352.600000000 -0.007697 0.015106 -0.077991 0.00000173 0.00000178 0.00070045 0.99999975
352.700000000 -0.007704 0.015105 -0.077987 0.00000166 -0.00000123 0.00070058 0.99999975
352.822000000 -0.006910 0.015359 -0.078000 -0.00000000 0.00000000 0.00074322 0.99999972
352.947000000 -0.007107 0.015680 -0.078000 0.00000000 -0.00000000 0.00077148 0.99999970
353.072000000 -0.007074 0.016327 -0.078000 0.00000000 0.00000000 0.00077251 0.99999970
353.100000000 -0.007076 0.016327 -0.078006 0.00000120 -0.00000210 0.00077255 0.99999970
353.200000000 -0.007083 0.016326 -0.078007 0.00000413 -0.00000395 0.00077269 0.99999970
353.322000000 -0.008152 0.015212 -0.078000 0.00000000 -0.00000000 0.00075911 0.99999971
353.447000000 -0.007824 0.015453 -0.078000 0.00000000 -0.00000000 0.00081719 0.99999967
353.572000000 -0.007972 0.015988 -0.078000 0.00000000 -0.00000000 0.00083140 0.99999965
353.600000000 -0.007974 0.015988 -0.078011 0.00000079 -0.00000083 0.00083144 0.99999965
353.700000000 -0.007980 0.015988 -0.077995 -0.00000061 -0.00000085 0.00083161 0.99999965
353.822000000 -0.007393 0.016913 -0.078000 -0.00000000 0.00000000 0.00086709 0.99999962
353.947000000 -0.008012 0.016611 -0.078000 0.00000000 -0.00000000 0.00083160 0.99999965
354.000000000 -0.008016 0.016611 -0.078012 -0.00000005 -0.00000088 0.00083169 0.99999965
354.100000000 -0.008038 0.016372 -0.077980 -0.00000057 0.00000185 0.00079275 0.99999969
354.200000000 -0.008044 0.016372 -0.077978 -0.00000058 0.00000155 0.00079286 0.99999969
354.322000000 -0.007945 0.016782 -0.078000 0.00000000 -0.00000000 0.00079524 0.99999968
354.447000000 -0.008926 0.016308 -0.078000 0.00000000 0.00000000 0.00078763 0.99999969
354.572000000 -0.008612 0.016327 -0.078000 0.00000000 0.00000000 0.00081802 0.99999967
354.600000000 -0.008613 0.016327 -0.078003 -0.00000051 -0.00000027 0.00081807 0.99999967
354.700000000 -0.008619 0.016327 -0.078010 0.00000208 0.00000126 0.00081818 0.99999967
354.822000000 -0.007812 0.016779 -0.078000 0.00000000 -0.00000000 0.00076982 0.99999970
354.947000000 -0.007480 0.016852 -0.078000 -0.00000000 -0.00000000 0.00078862 0.99999969
355.072000000 -0.007684 0.016150 -0.078000 0.00000000 -0.00000000 0.00070584 0.99999975
355.100000000 -0.007685 0.016150 -0.077999 -0.00000005 0.00000094 0.00070588 0.99999975
355.200000000 -0.007692 0.016150 -0.078013 -0.00000345 -0.00000008 0.00070600 0.99999975
355.322000000 -0.008192 0.014990 -0.078000 0.00000000 -0.00000000 0.00073672 0.99999973
355.447000000 -0.007683 0.015462 -0.078000 0.00000000 0.00000000 0.00072609 0.99999974
355.500000000 -0.007686 0.015462 -0.077985 0.00000193 0.00000332 0.00072615 0.99999974
355.600000000 -0.006738 0.015903 -0.078020 0.00000272 -0.00000275 0.00075964 0.99999971
355.700000000 -0.008150 0.015510 -0.077998 0.00000009 0.00000026 0.00072018 0.99999974
355.822000000 -0.006872 0.015763 -0.078000 0.00000000 0.00000000 0.00073433 0.99999973
355.947000000 -0.008388 0.015699 -0.078000 -0.00000000 0.00000000 0.00071206 0.99999975
356.072000000 -0.008173 0.015902 -0.078000 -0.00000000 -0.00000000 0.00077105 0.99999970
356.100000000 -0.008174 0.015902 -0.078017 0.00000113 -0.00000409 0.00077111 0.99999970
356.200000000 -0.008182 0.015902 -0.078008 -0.00000447 -0.00000472 0.00077124 0.99999970
356.322000000 -0.007742 0.016416 -0.078000 -0.00000000 0.00000000 0.00079791 0.99999968
356.447000000 -0.008286 0.015981 -0.078000 -0.00000000 0.00000000 0.00078976 0.99999969
356.572000000 -0.007836 0.016758 -0.078000 -0.00000000 -0.00000000 0.00082804 0.99999966
356.600000000 -0.007838 0.016758 -0.077995 -0.00000088 0.00000126 0.00082806 0.99999966
356.700000000 -0.007843 0.016759 -0.077997 -0.00000124 0.00000312 0.00082816 0.99999966
356.822000000 -0.006989 0.017405 -0.078000 0.00000000 0.00000000 0.00091339 0.99999958
356.947000000 -0.008305 0.016187 -0.078000 0.00000000 -0.00000000 0.00082378 0.99999966
357.072000000 -0.006840 0.015872 -0.078000 0.00000000 0.00000000 0.00086280 0.99999963
357.100000000 -0.006842 0.015873 -0.078005 -0.00000247 -0.00000177 0.00086281 0.99999963
357.200000000 -0.006849 0.015874 -0.078012 -0.00000729 -0.00000051 0.00086290 0.99999963
357.322000000 -0.007688 0.015737 -0.078000 0.00000000 -0.00000000 0.00082642 0.99999966
357.447000000 -0.007251 0.016140 -0.078000 -0.00000000 -0.00000000 0.00079947 0.99999968
357.500000000 -0.007255 0.016140 -0.078006 0.00000084 -0.00000130 0.00079956 0.99999968
357.600000000 -0.007262 0.016140 -0.077997 -0.00000181 0.00000159 0.00079969 0.99999968
357.700000000 -0.007806 0.015388 -0.077987 -0.00000490 0.00000322 0.00077407 0.99999970
357.822000000 -0.007706 0.015305 -0.078000 0.00000000 -0.00000000 0.00070353 0.99999975
357.947000000 -0.006339 0.015399 -0.078000 0.00000000 -0.00000000 0.00068983 0.99999976
358.072000000 -0.007789 0.015752 -0.078000 0.00000000 -0.00000000 0.00067914 0.99999977
358.100000000 -0.007790 0.015753 -0.078003 -0.00000174 -0.00000151 0.00067917 0.99999977
358.200000000 -0.007798 0.015753 -0.078006 -0.00000166 -0.00000472 0.00067924 0.99999977
358.322000000 -0.008026 0.016137 -0.078000 0.00000000 -0.00000000 0.00069523 0.99999976
358.447000000 -0.007440 0.015977 -0.078000 -0.00000000 0.00000000 0.00072360 0.99999974
358.572000000 -0.007839 0.016306 -0.078000 0.00000000 0.00000000 0.00072858 0.99999973
358.600000000 -0.007841 0.016306 -0.077996 0.00000056 0.00000087 0.00072861 0.99999973
358.700000000 -0.007847 0.016306 -0.077991 -0.00000178 0.00000066 0.00072873 0.99999973
358.822000000 -0.008347 0.016348 -0.078000 -0.00000000 0.00000000 0.00073869 0.99999973
358.947000000 -0.007076 0.017400 -0.078000 0.00000000 -0.00000000 0.00079945 0.99999968
359.000000000 -0.007079 0.017400 -0.077989 0.00000353 0.00000154 0.00079952 0.99999968
359.100000000 -0.007947 0.016369 -0.078013 -0.00000090 -0.00000432 0.00079535 0.99999968
359.200000000 -0.007955 0.016370 -0.078011 -0.00000279 -0.00000328 0.00079548 0.99999968
359.322000000 -0.007976 0.016592 -0.078000 0.00000000 -0.00000000 0.00078077 0.99999970
359.447000000 -0.007810 0.015713 -0.078000 -0.00000000 -0.00000000 0.00073777 0.99999973
359.572000000 -0.008137 0.016628 -0.078000 0.00000000 -0.00000000 0.00077497 0.99999970
359.600000000 -0.008140 0.016628 -0.077990 -0.00000040 0.00000282 0.00077501 0.99999970
359.700000000 -0.008145 0.016629 -0.077985 -0.00000326 0.00000663 0.00077508 0.99999970
359.822000000 -0.008266 0.017174 -0.078000 0.00000000 -0.00000000 0.00081955 0.99999966
359.947000000 -0.007489 0.017322 -0.078000 -0.00000000 0.00000000 0.00082903 0.99999966
360.072000000 -0.008230 0.016853 -0.078000 0.00000000 -0.00000000 0.00080702 0.99999967
360.100000000 -0.008232 0.016853 -0.077993 0.00000061 0.00000200 0.00080706 0.99999967
360.200000000 -0.008237 0.016852 -0.077994 0.00000292 0.00000700 0.00080720 0.99999967
360.322000000 -0.007928 0.016123 -0.078000 0.00000000 -0.00000000 0.00078156 0.99999969
360.447000000 -0.008052 0.016521 -0.078000 0.00000000 0.00000000 0.00077891 0.99999970
360.500000000 -0.008055 0.016521 -0.077994 -0.00000214 0.00000223 0.00077898 0.99999970
360.600000000 -0.007912 0.015589 -0.077990 0.00000129 -0.00000066 0.00080077 0.99999968
360.700000000 -0.006793 0.015826 -0.078001 0.00000013 -0.00000012 0.00082635 0.99999966
360.822000000 -0.006592 0.015196 -0.078000 0.00000000 -0.00000000 0.00083387 0.99999965
360.947000000 -0.007246 0.016317 -0.078000 0.00000000 -0.00000000 0.00077954 0.99999970
361.072000000 -0.007010 0.016887 -0.078000 0.00000000 0.00000000 0.00082002 0.99999966
361.100000000 -0.007011 0.016886 -0.078017 -0.00000151 -0.00000178 0.00082007 0.99999966
361.200000000 -0.007019 0.016889 -0.078002 -0.00001531 -0.00000076 0.00082017 0.99999966
361.322000000 -0.007378 0.015548 -0.078000 0.00000000 -0.00000000 0.00086567 0.99999963
361.447000000 -0.007331 0.016601 -0.078000 -0.00000000 -0.00000000 0.00084372 0.99999964
361.572000000 -0.007383 0.016004 -0.078000 0.00000000 -0.00000000 0.00084206 0.99999965
361.600000000 -0.007385 0.016005 -0.077995 -0.00000187 0.00000100 0.00084205 0.99999965
361.700000000 -0.007390 0.016005 -0.077998 -0.00000040 0.00000236 0.00084214 0.99999965
361.822000000 -0.008577 0.016264 -0.078000 0.00000000 -0.00000000 0.00084641 0.99999964
361.947000000 -0.008136 0.016027 -0.078000 0.00000000 -0.00000000 0.00083999 0.99999965
362.072000000 -0.008280 0.015612 -0.078000 0.00000000 0.00000000 0.00084551 0.99999964
362.100000000 -0.008282 0.015612 -0.077990 0.00000034 0.00000154 0.00084551 0.99999964
362.200000000 -0.008289 0.015611 -0.078000 0.00000430 -0.00000192 0.00084566 0.99999964
362.322000000 -0.009055 0.016216 -0.078000 -0.00000000 -0.00000000 0.00087743 0.99999962
362.447000000 -0.008430 0.017835 -0.078000 0.00000000 -0.00000000 0.00089478 0.99999960
362.500000000 -0.008433 0.017835 -0.077994 -0.00000068 0.00000152 0.00089484 0.99999960
362.600000000 -0.007996 0.016692 -0.078015 0.00000007 -0.00000059 0.00090621 0.99999959
362.700000000 -0.008004 0.016692 -0.077995 0.00000424 -0.00000381 0.00090634 0.99999959
362.822000000 -0.008668 0.016528 -0.078000 -0.00000000 -0.00000000 0.00082050 0.99999966
362.947000000 -0.008036 0.016677 -0.078000 0.00000000 -0.00000000 0.00076868 0.99999970
363.072000000 -0.008459 0.017351 -0.078000 -0.00000000 -0.00000000 0.00073802 0.99999973
363.100000000 -0.008461 0.017350 -0.078001 0.00000236 -0.00000076 0.00073810 0.99999973
363.200000000 -0.008466 0.017350 -0.078005 0.00000248 0.00000070 0.00073827 0.99999973
363.322000000 -0.007702 0.015893 -0.078000 0.00000000 -0.00000000 0.00079536 0.99999968
363.447000000 -0.008070 0.015929 -0.078000 0.00000000 -0.00000000 0.00080854 0.99999967
363.572000000 -0.008878 0.014266 -0.078000 0.00000000 0.00000000 0.00081043 0.99999967
363.600000000 -0.008880 0.014266 -0.078001 0.00000050 0.00000019 0.00081048 0.99999967
363.700000000 -0.008886 0.014266 -0.078012 0.00000021 0.00000252 0.00081059 0.99999967
363.822000000 -0.008322 0.016383 -0.078000 0.00000000 0.00000000 0.00077934 0.99999970
363.947000000 -0.008839 0.016284 -0.078000 0.00000000 0.00000000 0.00079376 0.99999968
364.000000000 -0.008843 0.016284 -0.077997 0.00000040 -0.00000028 0.00079382 0.99999968
364.100000000 -0.008248 0.017045 -0.078010 -0.00000241 0.00000025 0.00086646 0.99999962
364.200000000 -0.009258 0.017585 -0.077998 0.00000007 0.00000033 0.00084381 0.99999964
364.322000000 -0.008195 0.017034 -0.078000 0.00000000 -0.00000000 0.00085387 0.99999964
364.447000000 -0.008526 0.016716 -0.078000 -0.00000000 0.00000000 0.00084894 0.99999964
364.572000000 -0.008041 0.015660 -0.078000 0.00000000 0.00000000 0.00082938 0.99999966
364.600000000 -0.008043 0.015660 -0.077982 0.00000064 0.00000256 0.00082940 0.99999966
364.700000000 -0.008049 0.015659 -0.077988 0.00000616 -0.00000006 0.00082955 0.99999966
364.822000000 -0.007632 0.017592 -0.078000 0.00000000 -0.00000000 0.00082729 0.99999966
364.947000000 -0.007405 0.017586 -0.078000 0.00000000 0.00000000 0.00088286 0.99999961
365.072000000 -0.008889 0.017631 -0.078000 0.00000000 -0.00000000 0.00086065 0.99999963
365.100000000 -0.008891 0.017631 -0.078001 0.00000190 -0.00000133 0.00086072 0.99999963
365.200000000 -0.008898 0.017630 -0.078007 0.00000160 -0.00000526 0.00086085 0.99999963
365.322000000 -0.008370 0.017017 -0.078000 0.00000000 0.00000000 0.00084795 0.99999964
365.447000000 -0.008576 0.016312 -0.078000 0.00000000 0.00000000 0.00083399 0.99999965
365.572000000 -0.008634 0.016038 -0.078000 0.00000000 -0.00000000 0.00085322 0.99999964
365.600000000 -0.008635 0.016038 -0.077999 0.00000126 -0.00000012 0.00085328 0.99999964
365.700000000 -0.008642 0.016037 -0.077982 0.00000406 0.00000200 0.00085343 0.99999964
365.822000000 -0.009655 0.016833 -0.078000 0.00000000 -0.00000000 0.00080955 0.99999967
365.947000000 -0.007897 0.016331 -0.078000 0.00000000 -0.00000000 0.00081974 0.99999966
366.000000000 -0.007901 0.016330 -0.077985 0.00000268 0.00000101 0.00081984 0.99999966
366.100000000 -0.007907 0.016330 -0.078003 0.00000504 -0.00000300 0.00082003 0.99999966
366.200000000 -0.008028 0.016920 -0.078011 -0.00000158 -0.00000304 0.00078156 0.99999969
366.322000000 -0.008466 0.017584 -0.078000 0.00000000 -0.00000000 0.00078399 0.99999969
366.447000000 -0.008844 0.016271 -0.078000 0.00000000 -0.00000000 0.00075427 0.99999972
366.572000000 -0.008515 0.016732 -0.078000 0.00000000 0.00000000 0.00075967 0.99999971
366.600000000 -0.008517 0.016731 -0.078003 0.00000078 0.00000026 0.00075970 0.99999971
366.700000000 -0.008523 0.016731 -0.077999 0.00000342 0.00000253 0.00075985 0.99999971
366.822000000 -0.007687 0.016014 -0.078000 -0.00000000 0.00000000 0.00077054 0.99999970
366.947000000 -0.008065 0.016641 -0.078000 0.00000000 -0.00000000 0.00070256 0.99999975
367.072000000 -0.008219 0.016915 -0.078000 0.00000000 -0.00000000 0.00075041 0.99999972
367.100000000 -0.008221 0.016915 -0.078006 0.00000086 0.00000055 0.00075044 0.99999972
367.200000000 -0.008227 0.016915 -0.077992 0.00000091 0.00000277 0.00075057 0.99999972
367.322000000 -0.008439 0.016961 -0.078000 -0.00000000 0.00000000 0.00081800 0.99999967
367.447000000 -0.008203 0.017271 -0.078000 -0.00000000 0.00000000 0.00081530 0.99999967
367.500000000 -0.008206 0.017270 -0.078001 0.00000105 0.00000321 0.00081538 0.99999967
367.600000000 -0.008664 0.015784 -0.077994 -0.00000029 -0.00000031 0.00071754 0.99999974
367.700000000 -0.008671 0.015784 -0.078007 0.00000152 -0.00000273 0.00071767 0.99999974
367.822000000 -0.008767 0.016252 -0.078000 0.00000000 0.00000000 0.00070891 0.99999975
367.947000000 -0.008654 0.015633 -0.078000 -0.00000000 0.00000000 0.00069342 0.99999976
368.072000000 -0.008673 0.016540 -0.078000 0.00000000 -0.00000000 0.00071114 0.99999975
368.100000000 -0.008675 0.016540 -0.077983 -0.00000037 0.00000325 0.00071116 0.99999975
368.200000000 -0.008681 0.016540 -0.077990 -0.00000075 0.00000087 0.00071132 0.99999975
368.322000000 -0.008082 0.016455 -0.078000 0.00000000 -0.00000000 0.00083483 0.99999965
368.447000000 -0.006803 0.016728 -0.078000 0.00000000 0.00000000 0.00084460 0.99999964
368.572000000 -0.007423 0.015937 -0.078000 -0.00000000 0.00000000 0.00082308 0.99999966
368.600000000 -0.007424 0.015937 -0.077997 0.00000079 -0.00000067 0.00082312 0.99999966
368.700000000 -0.007432 0.015937 -0.077995 0.00000252 -0.00000649 0.00082325 0.99999966
368.822000000 -0.007669 0.015936 -0.078000 -0.00000000 -0.00000000 0.00081722 0.99999967
368.947000000 -0.007585 0.015912 -0.078000 0.00000000 -0.00000000 0.00081434 0.99999967
369.000000000 -0.007589 0.015913 -0.078001 -0.00000292 0.00000119 0.00081437 0.99999967
369.100000000 -0.007295 0.015941 -0.077981 0.00000126 0.00000120 0.00080100 0.99999968
369.200000000 -0.007950 0.016440 -0.078001 0.00000012 -0.00000011 0.00080902 0.99999967
369.322000000 -0.008849 0.017698 -0.078000 0.00000000 0.00000000 0.00079372 0.99999969
369.447000000 -0.008414 0.016524 -0.078000 -0.00000000 -0.00000000 0.00078742 0.99999969
369.572000000 -0.007575 0.016088 -0.078000 0.00000000 -0.00000000 0.00082228 0.99999966
369.600000000 -0.007577 0.016088 -0.078019 -0.00000061 -0.00000153 0.00082231 0.99999966
369.700000000 -0.007583 0.016088 -0.078009 0.00000086 0.00000323 0.00082239 0.99999966
369.822000000 -0.008694 0.016635 -0.078000 -0.00000000 0.00000000 0.00082320 0.99999966
369.947000000 -0.008644 0.016205 -0.078000 0.00000000 -0.00000000 0.00077862 0.99999970
370.072000000 -0.007864 0.016228 -0.078000 0.00000000 -0.00000000 0.00082474 0.99999966
370.100000000 -0.007866 0.016228 -0.077995 0.00000151 0.00000023 0.00082477 0.99999966
370.200000000 -0.007872 0.016227 -0.077994 0.00000404 -0.00000353 0.00082490 0.99999966
370.322000000 -0.005890 0.015542 -0.078000 -0.00000000 0.00000000 0.00089508 0.99999960
370.447000000 -0.007926 0.014780 -0.078000 0.00000000 -0.00000000 0.00084888 0.99999964
370.572000000 -0.007675 0.014914 -0.078000 -0.00000000 0.00000000 0.00080398 0.99999968
370.600000000 -0.007677 0.014914 -0.078005 -0.00000083 -0.00000302 0.00080399 0.99999968
370.700000000 -0.007685 0.014915 -0.078009 -0.00000150 -0.00000751 0.00080411 0.99999968
370.822000000 -0.007592 0.015919 -0.078000 -0.00000000 0.00000000 0.00079460 0.99999968
370.947000000 -0.008317 0.015684 -0.078000 0.00000000 0.00000000 0.00076339 0.99999971
371.000000000 -0.008321 0.015684 -0.077984 -0.00000239 -0.00000002 0.00076343 0.99999971
371.100000000 -0.007794 0.016718 -0.078018 -0.00000003 -0.00000425 0.00076222 0.99999971
371.200000000 -0.007801 0.016718 -0.078019 0.00000314 -0.00000301 0.00076232 0.99999971
371.322000000 -0.008021 0.017682 -0.078000 -0.00000000 -0.00000000 0.00085870 0.99999963
371.447000000 -0.008577 0.016830 -0.078000 0.00000000 -0.00000000 0.00083166 0.99999965
371.572000000 -0.008164 0.017245 -0.078000 -0.00000000 0.00000000 0.00089186 0.99999960
371.600000000 -0.008166 0.017245 -0.077995 0.00000105 0.00000223 0.00089190 0.99999960
371.700000000 -0.008172 0.017244 -0.077991 0.00000248 0.00000372 0.00089205 0.99999960
371.822000000 -0.007506 0.017255 -0.078000 -0.00000000 -0.00000000 0.00082027 0.99999966
371.947000000 -0.008735 0.017268 -0.078000 0.00000000 -0.00000000 0.00080675 0.99999967
372.072000000 -0.008263 0.015669 -0.078000 0.00000000 0.00000000 0.00074482 0.99999972
372.100000000 -0.008264 0.015669 -0.077993 0.00000025 0.00000108 0.00074485 0.99999972
372.200000000 -0.008271 0.015668 -0.078007 0.00000490 -0.00000245 0.00074499 0.99999972
372.322000000 -0.007446 0.015105 -0.078000 0.00000000 0.00000000 0.00076686 0.99999971
372.447000000 -0.007546 0.016333 -0.078000 -0.00000000 0.00000000 0.00077231 0.99999970
372.500000000 -0.007549 0.016334 -0.078009 -0.00000148 -0.00000078 0.00077235 0.99999970
372.600000000 -0.007545 0.015947 -0.077997 0.00000095 0.00000153 0.00077964 0.99999970
372.700000000 -0.007003 0.015754 -0.077998 0.00000018 0.00000025 0.00080656 0.99999967
372.822000000 -0.007182 0.015992 -0.078000 0.00000000 -0.00000000 0.00081765 0.99999967
372.947000000 -0.007779 0.017049 -0.078000 0.00000000 -0.00000000 0.00088332 0.99999961
373.072000000 -0.008182 0.016430 -0.078000 0.00000000 -0.00000000 0.00081909 0.99999966
373.100000000 -0.008184 0.016430 -0.077986 0.00000175 0.00000094 0.00081914 0.99999966
373.200000000 -0.008190 0.016429 -0.078000 0.00000238 -0.00000012 0.00081930 0.99999966
373.322000000 -0.008297 0.015485 -0.078000 0.00000000 0.00000000 0.00084502 0.99999964
373.447000000 -0.008673 0.015684 -0.078000 -0.00000000 -0.00000000 0.00080313 0.99999968
373.572000000 -0.008541 0.016915 -0.078000 0.00000000 -0.00000000 0.00080097 0.99999968
373.600000000 -0.008543 0.016915 -0.078003 -0.00000046 -0.00000116 0.00080101 0.99999968
373.700000000 -0.008550 0.016916 -0.078005 -0.00000309 -0.00000236 0.00080112 0.99999968
373.822000000 -0.007756 0.016250 -0.078000 0.00000000 -0.00000000 0.00082177 0.99999966
373.947000000 -0.008119 0.016763 -0.078000 -0.00000000 0.00000000 0.00082305 0.99999966
374.072000000 -0.008568 0.016655 -0.078000 0.00000000 -0.00000000 0.00080452 0.99999968
374.100000000 -0.008569 0.016655 -0.078014 0.00000012 -0.00000183 0.00080455 0.99999968
374.200000000 -0.008575 0.016654 -0.078019 0.00000214 0.00000129 0.00080467 0.99999968
374.322000000 -0.008592 0.016271 -0.078000 0.00000000 -0.00000000 0.00076928 0.99999970
374.447000000 -0.008159 0.015971 -0.078000 0.00000000 0.00000000 0.00077318 0.99999970
374.500000000 -0.008162 0.015971 -0.078006 -0.00000201 0.00000200 0.00077322 0.99999970
374.600000000 -0.008168 0.015971 -0.077996 0.00000088 0.00000424 0.00077331 0.99999970
374.700000000 -0.008061 0.016247 -0.077990 0.00000384 -0.00000481 0.00080057 0.99999968
374.822000000 -0.008163 0.016631 -0.078000 0.00000000 -0.00000000 0.00079324 0.99999969
374.947000000 -0.006882 0.016536 -0.078000 -0.00000000 -0.00000000 0.00081562 0.99999967
375.072000000 -0.007087 0.016589 -0.078000 0.00000000 0.00000000 0.00078326 0.99999969
375.100000000 -0.007088 0.016589 -0.078005 -0.00000352 -0.00000095 0.00078325 0.99999969
375.200000000 -0.007096 0.016591 -0.078003 -0.00000677 -0.00000045 0.00078335 0.99999969
375.322000000 -0.007754 0.016145 -0.078000 -0.00000000 -0.00000000 0.00083750 0.99999965
375.447000000 -0.007877 0.016327 -0.078000 0.00000000 -0.00000000 0.00082687 0.99999966
375.572000000 -0.007719 0.015856 -0.078000 -0.00000000 -0.00000000 0.00081728 0.99999967
375.600000000 -0.007721 0.015856 -0.078006 0.00000093 -0.00000020 0.00081730 0.99999967
375.700000000 -0.007726 0.015856 -0.078002 0.00000448 0.00000349 0.00081744 0.99999967
375.822000000 -0.008212 0.015652 -0.078000 0.00000000 0.00000000 0.00082192 0.99999966
375.947000000 -0.008784 0.015884 -0.078000 -0.00000000 0.00000000 0.00080796 0.99999967
376.000000000 -0.008787 0.015884 -0.078013 -0.00000106 0.00000017 0.00080800 0.99999967
376.100000000 -0.008992 0.016649 -0.077986 0.00000123 0.00000400 0.00076028 0.99999971
376.200000000 -0.008998 0.016648 -0.077982 0.00000373 0.00000239 0.00076041 0.99999971
376.322000000 -0.007906 0.016253 -0.078000 -0.00000000 0.00000000 0.00080690 0.99999967
376.447000000 -0.007974 0.015916 -0.078000 0.00000000 0.00000000 0.00085429 0.99999964
376.572000000 -0.008271 0.016332 -0.078000 0.00000000 0.00000000 0.00073277 0.99999973
376.600000000 -0.008273 0.016332 -0.078004 -0.00000042 -0.00000133 0.00073280 0.99999973
376.700000000 -0.008279 0.016332 -0.078003 -0.00000096 -0.00000121 0.00073294 0.99999973
376.822000000 -0.007354 0.016813 -0.078000 0.00000000 -0.00000000 0.00072335 0.99999974
376.947000000 -0.007825 0.017292 -0.078000 -0.00000000 -0.00000000 0.00073179 0.99999973
377.072000000 -0.007710 0.016572 -0.078000 0.00000000 -0.00000000 0.00073289 0.99999973
377.100000000 -0.007712 0.016572 -0.078003 0.00000002 -0.00000065 0.00073293 0.99999973
377.200000000 -0.007719 0.016572 -0.078010 -0.00000140 -0.00000494 0.00073304 0.99999973
377.322000000 -0.009126 0.016834 -0.078000 0.00000000 -0.00000000 0.00079944 0.99999968
377.447000000 -0.009293 0.016617 -0.078000 0.00000000 0.00000000 0.00085027 0.99999964
377.500000000 -0.009297 0.016617 -0.077995 0.00000086 -0.00000247 0.00085035 0.99999964
377.600000000 -0.008396 0.016067 -0.078013 -0.00000099 -0.00000026 0.00084887 0.99999964
377.700000000 -0.008145 0.015608 -0.077999 -0.00000007 0.00000019 0.00082583 0.99999966
377.822000000 -0.007337 0.016330 -0.078000 0.00000000 -0.00000000 0.00086207 0.99999963
377.947000000 -0.008243 0.016708 -0.078000 0.00000000 0.00000000 0.00078101 0.99999970
378.072000000 -0.008234 0.017828 -0.078000 0.00000000 -0.00000000 0.00084775 0.99999964
378.100000000 -0.008236 0.017828 -0.077994 -0.00000079 0.00000007 0.00084776 0.99999964
378.200000000 -0.008241 0.017828 -0.078009 0.00000066 0.00000205 0.00084788 0.99999964
378.322000000 -0.008955 0.016509 -0.078000 -0.00000000 0.00000000 0.00082779 0.99999966
378.447000000 -0.007737 0.016678 -0.078000 0.00000000 -0.00000000 0.00083089 0.99999965
378.572000000 -0.007996 0.016436 -0.078000 0.00000000 -0.00000000 0.00077021 0.99999970
378.600000000 -0.007998 0.016436 -0.078001 0.00000061 0.00000058 0.00077025 0.99999970
378.700000000 -0.008004 0.016436 -0.078008 -0.00000151 0.00000256 0.00077037 0.99999970
378.822000000 -0.007926 0.016547 -0.078000 -0.00000000 0.00000000 0.00079958 0.99999968
378.947000000 -0.008425 0.016310 -0.078000 -0.00000000 -0.00000000 0.00076976 0.99999970
379.072000000 -0.009019 0.015943 -0.078000 0.00000000 0.00000000 0.00078514 0.99999969
379.100000000 -0.009021 0.015943 -0.078012 0.00000075 -0.00000113 0.00078519 0.99999969
379.200000000 -0.009028 0.015943 -0.078002 0.00000284 -0.00000356 0.00078532 0.99999969
379.322000000 -0.008714 0.015519 -0.078000 0.00000000 0.00000000 0.00079430 0.99999968
379.447000000 -0.008962 0.015945 -0.078000 -0.00000000 -0.00000000 0.00082634 0.99999966
379.500000000 -0.008966 0.015946 -0.078007 -0.00000371 -0.00000289 0.00082637 0.99999966
379.600000000 -0.008436 0.015624 -0.078012 0.00000204 0.00000097 0.00085609 0.99999963
379.700000000 -0.008443 0.015622 -0.077997 0.00000994 0.00000127 0.00085626 0.99999963
379.822000000 -0.008228 0.017306 -0.078000 0.00000000 0.00000000 0.00088850 0.99999961
379.947000000 -0.008459 0.017155 -0.078000 0.00000000 0.00000000 0.00085228 0.99999964
380.072000000 -0.009036 0.016916 -0.078000 0.00000000 -0.00000000 0.00081420 0.99999967
380.100000000 -0.009038 0.016915 -0.077988 0.00000198 0.00000156 0.00081425 0.99999967
380.200000000 -0.009044 0.016914 -0.077986 0.00000434 0.00000235 0.00081443 0.99999967
380.322000000 -0.007771 0.016604 -0.078000 -0.00000000 0.00000000 0.00088859 0.99999961
380.447000000 -0.007508 0.016761 -0.078000 -0.00000000 0.00000000 0.00087093 0.99999962
380.572000000 -0.008206 0.016519 -0.078000 -0.00000000 -0.00000000 0.00081467 0.99999967
380.600000000 -0.008208 0.016518 -0.077995 -0.00000046 0.00000080 0.00081472 0.99999967
380.700000000 -0.008215 0.016520 -0.077993 -0.00000717 -0.00000112 0.00081483 0.99999967
380.822000000 -0.009035 0.017977 -0.078000 0.00000000 0.00000000 0.00080475 0.99999968
380.947000000 -0.007535 0.016479 -0.078000 0.00000000 -0.00000000 0.00083615 0.99999965
381.000000000 -0.007539 0.016479 -0.077990 0.00000038 -0.00000078 0.00083621 0.99999965
381.100000000 -0.008381 0.016936 -0.078007 -0.00000037 -0.00000146 0.00079952 0.99999968
381.200000000 -0.008742 0.015802 -0.078002 -0.00000007 -0.00000010 0.00081454 0.99999967
381.322000000 -0.007815 0.015360 -0.078000 0.00000000 0.00000000 0.00079803 0.99999968
381.447000000 -0.007057 0.015338 -0.078000 0.00000000 0.00000000 0.00080197 0.99999968
381.572000000 -0.007436 0.015128 -0.078000 -0.00000000 0.00000000 0.00078991 0.99999969
381.600000000 -0.007438 0.015128 -0.078017 0.00000065 -0.00000090 0.00078995 0.99999969
381.700000000 -0.007444 0.015127 -0.078014 0.00000275 0.00000568 0.00079007 0.99999969
381.822000000 -0.008754 0.015676 -0.078000 -0.00000000 0.00000000 0.00083145 0.99999965
381.947000000 -0.008838 0.016331 -0.078000 -0.00000000 -0.00000000 0.00079585 0.99999968
382.072000000 -0.008082 0.015709 -0.078000 0.00000000 0.00000000 0.00082714 0.99999966
382.100000000 -0.008083 0.015709 -0.078000 0.00000140 0.00000021 0.00082717 0.99999966
382.200000000 -0.008090 0.015708 -0.077994 0.00000635 0.00000009 0.00082732 0.99999966
382.322000000 -0.008548 0.017039 -0.078000 0.00000000 0.00000000 0.00084760 0.99999964
382.447000000 -0.008221 0.016999 -0.078000 0.00000000 0.00000000 0.00090271 0.99999959
382.572000000 -0.008302 0.017692 -0.078000 0.00000000 0.00000000 0.00086924 0.99999962
382.600000000 -0.008304 0.017691 -0.077985 -0.00000096 0.00000111 0.00086929 0.99999962
382.700000000 -0.008311 0.017694 -0.078000 -0.00001089 -0.00000295 0.00086939 0.99999962
382.822000000 -0.006752 0.016464 -0.078000 0.00000000 0.00000000 0.00088724 0.99999961
382.947000000 -0.006984 0.017060 -0.078000 0.00000000 0.00000000 0.00089698 0.99999960
383.000000000 -0.006988 0.017060 -0.077985 0.00000302 0.00000228 0.00089705 0.99999960
383.100000000 -0.006994 0.017061 -0.078001 -0.00000824 -0.00000079 0.00089715 0.99999960
383.200000000 -0.007812 0.016907 -0.078024 -0.00000820 -0.00000247 0.00091071 0.99999959
383.322000000 -0.008272 0.015794 -0.078000 -0.00000000 -0.00000000 0.00079847 0.99999968
383.447000000 -0.008107 0.014483 -0.078000 0.00000000 -0.00000000 0.00082136 0.99999966
383.572000000 -0.008888 0.015460 -0.078000 -0.00000000 0.00000000 0.00082189 0.99999966
383.600000000 -0.008889 0.015460 -0.077996 0.00000303 0.00000109 0.00082193 0.99999966
383.700000000 -0.008896 0.015458 -0.077995 0.00000937 0.00000127 0.00082207 0.99999966
383.822000000 -0.007856 0.015442 -0.078000 0.00000000 0.00000000 0.00086046 0.99999963
383.947000000 -0.008213 0.016606 -0.078000 -0.00000000 0.00000000 0.00082981 0.99999966
384.072000000 -0.008153 0.015903 -0.078000 0.00000000 -0.00000000 0.00077623 0.99999970
384.100000000 -0.008155 0.015903 -0.077992 -0.00000079 0.00000045 0.00077627 0.99999970
384.200000000 -0.008161 0.015903 -0.078002 0.00000057 -0.00000003 0.00077639 0.99999970
384.322000000 -0.008224 0.015742 -0.078000 0.00000000 -0.00000000 0.00074787 0.99999972
384.447000000 -0.007969 0.014957 -0.078000 -0.00000000 0.00000000 0.00073950 0.99999973
384.500000000 -0.007972 0.014957 -0.077995 -0.00000047 0.00000170 0.00073953 0.99999973
384.600000000 -0.008421 0.016006 -0.078025 0.00000262 -0.00000245 0.00073258 0.99999973
384.700000000 -0.008986 0.016746 -0.077998 0.00000005 0.00000023 0.00074953 0.99999972
384.822000000 -0.008520 0.016718 -0.078000 0.00000000 0.00000000 0.00078714 0.99999969
384.947000000 -0.009128 0.016815 -0.078000 0.00000000 0.00000000 0.00074737 0.99999972
385.072000000 -0.009091 0.015619 -0.078000 -0.00000000 -0.00000000 0.00082051 0.99999966
385.100000000 -0.009093 0.015619 -0.078000 -0.00000012 -0.00000270 0.00082053 0.99999966
385.200000000 -0.009100 0.015620 -0.078007 -0.00000492 -0.00000178 0.00082064 0.99999966
385.322000000 -0.007801 0.015967 -0.078000 0.00000000 -0.00000000 0.00079995 0.99999968
385.447000000 -0.008193 0.016439 -0.078000 -0.00000000 -0.00000000 0.00084834 0.99999964
385.572000000 -0.008187 0.015647 -0.078000 0.00000000 -0.00000000 0.00085030 0.99999964
385.600000000 -0.008189 0.015647 -0.078002 -0.00000025 0.00000132 0.00085031 0.99999964
385.700000000 -0.008194 0.015647 -0.077995 0.00000440 0.00000581 0.00085043 0.99999964
385.822000000 -0.008374 0.016395 -0.078000 -0.00000000 -0.00000000 0.00078050 0.99999970
385.947000000 -0.008363 0.016852 -0.078000 0.00000000 -0.00000000 0.00077442 0.99999970
386.000000000 -0.008366 0.016853 -0.078006 -0.00000330 0.00000160 0.00077443 0.99999970
386.100000000 -0.008541 0.015838 -0.077980 0.00000349 0.00000253 0.00072449 0.99999974
386.200000000 -0.007504 0.016373 -0.078001 -0.00000003 -0.00000018 0.00074482 0.99999972
386.322000000 -0.008559 0.016034 -0.078000 -0.00000000 0.00000000 0.00069198 0.99999976
386.447000000 -0.009172 0.016075 -0.078000 0.00000000 -0.00000000 0.00066131 0.99999978
386.572000000 -0.008831 0.016030 -0.078000 0.00000000 0.00000000 0.00076774 0.99999971
386.600000000 -0.008833 0.016030 -0.078015 0.00000107 -0.00000299 0.00076778 0.99999971
386.700000000 -0.008840 0.016031 -0.078014 -0.00000994 -0.00000258 0.00076792 0.99999971
386.822000000 -0.008658 0.017465 -0.078000 0.00000000 0.00000000 0.00078946 0.99999969
386.947000000 -0.007964 0.017126 -0.078000 -0.00000000 -0.00000000 0.00081032 0.99999967
387.072000000 -0.008116 0.016925 -0.078000 0.00000000 -0.00000000 0.00080815 0.99999967
387.100000000 -0.008117 0.016925 -0.077997 -0.00000014 0.00000118 0.00080819 0.99999967
387.200000000 -0.008123 0.016925 -0.077996 -0.00000017 0.00000226 0.00080822 0.99999967
387.322000000 -0.007488 0.016225 -0.078000 0.00000000 0.00000000 0.00084027 0.99999965
387.447000000 -0.008260 0.015266 -0.078000 0.00000000 0.00000000 0.00081323 0.99999967
387.572000000 -0.008768 0.015425 -0.078000 0.00000000 -0.00000000 0.00083539 0.99999965
387.600000000 -0.008770 0.015425 -0.077990 0.00000022 0.00000196 0.00083541 0.99999965
387.700000000 -0.008776 0.015424 -0.077999 0.00000596 -0.00000160 0.00083556 0.99999965
387.822000000 -0.008420 0.016515 -0.078000 0.00000000 -0.00000000 0.00083017 0.99999966
387.947000000 -0.009143 0.016039 -0.078000 0.00000000 -0.00000000 0.00084033 0.99999965
388.000000000 -0.009147 0.016038 -0.078006 0.00000311 -0.00000095 0.00084038 0.99999965
388.100000000 -0.007796 0.015628 -0.078008 -0.00000103 0.00000040 0.00085098 0.99999964
388.200000000 -0.007803 0.015629 -0.077997 -0.00000239 -0.00000059 0.00085111 0.99999964
388.322000000 -0.008999 0.014977 -0.078000 0.00000000 -0.00000000 0.00081097 0.99999967
388.447000000 -0.007820 0.015063 -0.078000 -0.00000000 -0.00000000 0.00083174 0.99999965
388.572000000 -0.008277 0.015289 -0.078000 0.00000000 -0.00000000 0.00076424 0.99999971
388.600000000 -0.008279 0.015289 -0.077990 0.00000007 -0.00000025 0.00076425 0.99999971
388.700000000 -0.008285 0.015289 -0.077993 0.00000152 -0.00000024 0.00076437 0.99999971
388.822000000 -0.008538 0.016329 -0.078000 -0.00000000 0.00000000 0.00073538 0.99999973
388.947000000 -0.008955 0.015909 -0.078000 0.00000000 -0.00000000 0.00074918 0.99999972
389.072000000 -0.008764 0.015984 -0.078000 0.00000000 -0.00000000 0.00076351 0.99999971
389.100000000 -0.008766 0.015984 -0.077992 -0.00000003 0.00000118 0.00076353 0.99999971
389.200000000 -0.008772 0.015984 -0.077991 0.00000257 0.00000388 0.00076364 0.99999971
389.322000000 -0.008179 0.016275 -0.078000 -0.00000000 0.00000000 0.00086061 0.99999963
389.447000000 -0.008584 0.016822 -0.078000 0.00000000 -0.00000000 0.00083050 0.99999966
389.500000000 -0.008587 0.016822 -0.077987 -0.00000080 0.00000248 0.00083052 0.99999966
389.600000000 -0.009758 0.016489 -0.077986 0.00000104 0.00000135 0.00083318 0.99999965
389.700000000 -0.008996 0.016330 -0.078002 0.00000029 -0.00000033 0.00081864 0.99999966
389.822000000 -0.009215 0.016335 -0.078000 0.00000000 0.00000000 0.00079417 0.99999968
389.947000000 -0.008597 0.017183 -0.078000 0.00000000 -0.00000000 0.00080842 0.99999967
390.072000000 -0.009396 0.016182 -0.078000 0.00000000 -0.00000000 0.00077481 0.99999970
390.100000000 -0.009398 0.016182 -0.077991 -0.00000103 0.00000171 0.00077482 0.99999970
390.200000000 -0.009405 0.016183 -0.077989 -0.00000271 -0.00000362 0.00077497 0.99999970
390.322000000 -0.008094 0.015351 -0.078000 0.00000000 0.00000000 0.00076887 0.99999970
390.448000000 -0.007678 0.015759 -0.078000 0.00000000 -0.00000000 0.00082240 0.99999966
390.572000000 -0.009451 0.015791 -0.078000 0.00000000 -0.00000000 0.00079030 0.99999969
390.600000000 -0.009453 0.015791 -0.077997 0.00000110 0.00000037 0.00079033 0.99999969
390.700000000 -0.009459 0.015791 -0.077999 0.00000177 0.00000333 0.00079043 0.99999969
390.822000000 -0.007628 0.015894 -0.078000 -0.00000000 0.00000000 0.00083648 0.99999965
390.947000000 -0.007805 0.014635 -0.078000 -0.00000000 0.00000000 0.00082484 0.99999966
391.072000000 -0.009222 0.014763 -0.078000 0.00000000 0.00000000 0.00075785 0.99999971
391.100000000 -0.009223 0.014763 -0.078016 -0.00000319 -0.00000148 0.00075785 0.99999971
391.200000000 -0.009229 0.014765 -0.078003 -0.00000988 0.00000217 0.00075791 0.99999971
391.322000000 -0.009067 0.014968 -0.078000 0.00000000 0.00000000 0.00083098 0.99999965
391.447000000 -0.008088 0.016101 -0.078000 -0.00000000 -0.00000000 0.00088534 0.99999961
391.500000000 -0.008092 0.016101 -0.078013 -0.00000707 -0.00000125 0.00088539 0.99999961
391.600000000 -0.008098 0.016104 -0.077998 -0.00001241 0.00000181 0.00088550 0.99999961
391.700000000 -0.008839 0.015213 -0.077988 0.00000752 0.00000054 0.00084704 0.99999964
391.822000000 -0.007015 0.015971 -0.078000 -0.00000000 -0.00000000 0.00083240 0.99999965
391.947000000 -0.008465 0.016000 -0.078000 -0.00000000 -0.00000000 0.00082788 0.99999966
392.072000000 -0.006358 0.015391 -0.078000 -0.00000000 0.00000000 0.00080330 0.99999968
392.100000000 -0.006359 0.015391 -0.078007 0.00000316 -0.00000085 0.00080337 0.99999968
392.200000000 -0.006366 0.015390 -0.078006 0.00000182 -0.00000381 0.00080352 0.99999968
392.322000000 -0.008266 0.016067 -0.078000 0.00000000 -0.00000000 0.00079159 0.99999969
392.447000000 -0.008142 0.015530 -0.078000 0.00000000 -0.00000000 0.00076990 0.99999970
392.572000000 -0.008396 0.014593 -0.078000 0.00000000 0.00000000 0.00078534 0.99999969
392.600000000 -0.008398 0.014593 -0.078002 -0.00000083 -0.00000043 0.00078534 0.99999969
392.700000000 -0.008405 0.014593 -0.077994 -0.00000327 -0.00000285 0.00078544 0.99999969
392.822000000 -0.009908 0.015588 -0.078000 0.00000000 -0.00000000 0.00083201 0.99999965
392.947000000 -0.009135 0.016427 -0.078000 0.00000000 0.00000000 0.00083093 0.99999965
393.000000000 -0.009139 0.016427 -0.078010 0.00000077 -0.00000348 0.00083102 0.99999965
393.100000000 -0.008165 0.015992 -0.077976 -0.00000142 0.00000331 0.00082200 0.99999966
393.200000000 -0.008682 0.015990 -0.077999 -0.00000013 0.00000002 0.00083103 0.99999965
393.322000000 -0.008312 0.016638 -0.078000 -0.00000000 -0.00000000 0.00086262 0.99999963
393.447000000 -0.008805 0.017113 -0.078000 0.00000000 0.00000000 0.00085519 0.99999963
393.572000000 -0.010104 0.017245 -0.078000 -0.00000000 0.00000000 0.00080649 0.99999967
393.600000000 -0.010106 0.017246 -0.078015 -0.00000109 -0.00000222 0.00080650 0.99999967
393.700000000 -0.010112 0.017247 -0.078013 -0.00000654 -0.00000229 0.00080658 0.99999967
393.822000000 -0.008198 0.016127 -0.078000 0.00000000 -0.00000000 0.00081028 0.99999967
393.947000000 -0.008751 0.015350 -0.078000 -0.00000000 0.00000000 0.00069882 0.99999976
394.072000000 -0.007209 0.015013 -0.078000 0.00000000 -0.00000000 0.00074044 0.99999973
394.100000000 -0.007211 0.015013 -0.078001 0.00000108 0.00000010 0.00074049 0.99999973
394.200000000 -0.007218 0.015011 -0.077994 0.00000834 -0.00000443 0.00074064 0.99999973
394.322000000 -0.007707 0.016012 -0.078000 -0.00000000 0.00000000 0.00084897 0.99999964
394.447000000 -0.007875 0.016350 -0.078000 -0.00000000 0.00000000 0.00082171 0.99999966
394.572000000 -0.008115 0.016408 -0.078000 -0.00000000 -0.00000000 0.00075072 0.99999972
394.600000000 -0.008117 0.016407 -0.078018 0.00000121 -0.00000317 0.00075079 0.99999972
394.700000000 -0.008233 0.015880 -0.077999 -0.00000024 0.00000012 0.00077742 0.99999970
394.822000000 -0.008215 0.015659 -0.078000 0.00000000 -0.00000000 0.00074860 0.99999972
394.947000000 -0.008574 0.015202 -0.078000 0.00000000 0.00000000 0.00079313 0.99999969
395.072000000 -0.008978 0.014958 -0.078000 0.00000000 0.00000000 0.00077462 0.99999970
395.100000000 -0.008980 0.014959 -0.077980 -0.00000060 0.00000272 0.00077467 0.99999970
395.200000000 -0.008987 0.014959 -0.077977 -0.00000085 0.00000203 0.00077475 0.99999970
395.322000000 -0.009458 0.015905 -0.078000 0.00000000 -0.00000000 0.00085171 0.99999964
395.447000000 -0.009018 0.016196 -0.078000 0.00000000 -0.00000000 0.00088052 0.99999961
395.572000000 -0.009503 0.016884 -0.078000 -0.00000000 0.00000000 0.00089384 0.99999960
395.600000000 -0.009504 0.016884 -0.078006 -0.00000310 -0.00000098 0.00089385 0.99999960
395.700000000 -0.009511 0.016886 -0.078008 -0.00001287 -0.00000010 0.00089391 0.99999960
395.822000000 -0.007835 0.015363 -0.078000 -0.00000000 0.00000000 0.00083758 0.99999965
395.947000000 -0.007581 0.016290 -0.078000 -0.00000000 -0.00000000 0.00081207 0.99999967
396.072000000 -0.008943 0.015958 -0.078000 0.00000000 0.00000000 0.00080098 0.99999968
396.100000000 -0.008945 0.015958 -0.077991 -0.00000078 0.00000197 0.00080101 0.99999968
396.200000000 -0.008951 0.015959 -0.077984 -0.00000358 0.00000344 0.00080108 0.99999968
396.322000000 -0.009817 0.017522 -0.078000 -0.00000000 -0.00000000 0.00087294 0.99999962
396.447000000 -0.009892 0.017354 -0.078000 0.00000000 -0.00000000 0.00088490 0.99999961
396.500000000 -0.009895 0.017354 -0.077983 -0.00000148 0.00000276 0.00088498 0.99999961
396.600000000 -0.008379 0.016590 -0.078004 -0.00000117 -0.00000230 0.00091836 0.99999958
396.700000000 -0.008386 0.016590 -0.077999 0.00000099 0.00000097 0.00091850 0.99999958
396.822000000 -0.008679 0.015477 -0.078000 -0.00000000 -0.00000000 0.00083107 0.99999965
396.947000000 -0.008514 0.015909 -0.078000 0.00000000 -0.00000000 0.00086020 0.99999963
397.072000000 -0.008430 0.015731 -0.078000 0.00000000 -0.00000000 0.00086873 0.99999962
397.100000000 -0.008432 0.015731 -0.077989 0.00000204 0.00000081 0.00086876 0.99999962
397.200000000 -0.008439 0.015729 -0.077984 0.00000886 -0.00000051 0.00086893 0.99999962
397.322000000 -0.009157 0.016498 -0.078000 -0.00000000 -0.00000000 0.00091433 0.99999958
397.447000000 -0.008481 0.016310 -0.078000 0.00000000 -0.00000000 0.00086979 0.99999962
397.572000000 -0.009131 0.017325 -0.078000 0.00000000 -0.00000000 0.00087102 0.99999962
397.600000000 -0.009131 0.017325 -0.077995 -0.00000398 0.00000024 0.00153920 0.99999882
397.700000000 -0.009115 0.017327 -0.078006 -0.00002749 -0.00000107 0.00534378 0.99998572
397.822000000 -0.010002 0.011890 -0.078000 -0.00000000 0.00000000 0.01747250 0.99984734
397.947000000 -0.010043 0.014771 -0.078000 -0.00000000 -0.00000000 0.02762680 0.99961831
398.000000000 -0.009484 0.014808 -0.077988 -0.00002748 -0.00000551 0.03801250 0.99927726
398.100000000 -0.006502 0.012577 -0.078012 -0.00001773 -0.00000775 0.04589221 0.99894640
398.200000000 -0.005089 0.012993 -0.078000 -0.00000222 0.00000015 0.05336528 0.99857506
398.322000000 -0.003154 0.015071 -0.078000 -0.00000000 -0.00000000 0.06526232 0.99786814
398.447000000 -0.002582 0.011616 -0.078000 0.00000000 0.00000000 0.07769481 0.99697719
398.572000000 0.000260 0.013312 -0.078000 0.00000000 0.00000000 0.09004085 0.99593807
398.600000000 0.001380 0.013514 -0.077980 -0.00001714 0.00000070 0.09559453 0.99542036
398.700000000 0.006110 0.014529 -0.077970 -0.00008621 -0.00001316 0.11540835 0.99331813
398.822000000 0.005886 0.012160 -0.078000 -0.00000000 0.00000000 0.11470989 0.99339903
398.947000000 0.012263 0.013724 -0.078000 -0.00000000 0.00000000 0.12711853 0.99188753
399.072000000 0.015780 0.018675 -0.078000 -0.00000000 0.00000000 0.13947803 0.99022517
399.100000000 0.017951 0.019293 -0.077995 -0.00001780 -0.00000455 0.14500125 0.98943147
399.200000000 0.025624 0.021765 -0.077966 -0.00007819 -0.00002170 0.16468886 0.98634557
399.322000000 0.024403 0.019597 -0.078000 0.00000000 0.00000000 0.16406081 0.98645023
399.447000000 0.030582 0.022136 -0.078000 -0.00000000 0.00000000 0.17641433 0.98431600
399.572000000 0.033437 0.025197 -0.078000 0.00000000 0.00000000 0.18859985 0.98205402
399.600000000 0.035536 0.026030 -0.077978 -0.00001738 -0.00000201 0.19407657 0.98098638
399.700000000 0.042923 0.029263 -0.077960 -0.00008796 -0.00002004 0.21358590 0.97692428
399.822000000 0.044746 0.028779 -0.078000 0.00000000 -0.00000000 0.21305705 0.97703976
399.947000000 0.051004 0.029167 -0.078000 0.00000000 -0.00000000 0.22535716 0.97427622
400.000000000 0.054840 0.031050 -0.077981 -0.00003057 -0.00001060 0.23563486 0.97184166
400.100000000 0.061926 0.034901 -0.077961 -0.00008898 -0.00002248 0.25495418 0.96695313
400.200000000 0.063673 0.039148 -0.077963 -0.00008678 -0.00001351 0.26215406 0.96502603
400.322000000 0.061319 0.037103 -0.078000 -0.00000000 0.00000000 0.26132442 0.96525103
400.447000000 0.065381 0.039826 -0.078000 -0.00000000 0.00000000 0.27329137 0.96193130
400.572000000 0.071200 0.043112 -0.078000 0.00000000 -0.00000000 0.28536148 0.95841996
400.600000000 0.073091 0.044345 -0.078001 -0.00001985 -0.00000602 0.29070492 0.95681276
400.700000000 0.079702 0.048964 -0.077975 -0.00008139 -0.00002509 0.30971366 0.95082987
400.822000000 0.078607 0.049182 -0.078000 -0.00000000 -0.00000000 0.30915692 0.95101104
400.947000000 0.082515 0.052340 -0.078000 0.00000000 -0.00000000 0.32092590 0.94710431
401.072000000 0.085802 0.056638 -0.078000 0.00000000 0.00000000 0.33172407 0.94337646
401.100000000 0.087561 0.058045 -0.077992 -0.00001290 -0.00000406 0.33538794 0.94208011
401.200000000 0.093701 0.063213 -0.077957 -0.00004265 -0.00001232 0.34700686 0.93786259
401.322000000 0.094412 0.060217 -0.078000 0.00000000 -0.00000000 0.34080879 0.94013263
401.447000000 0.098007 0.062294 -0.078000 0.00000000 -0.00000000 0.34683282 0.93792697
401.500000000 0.101225 0.065079 -0.077976 -0.00001854 -0.00000567 0.35184504 0.93605826
401.600000000 0.103868 0.066882 -0.078008 -0.00000724 -0.00000488 0.35541580 0.93470830
401.700000000 0.105238 0.069670 -0.078001 -0.00000091 -0.00000042 0.35886838 0.93338818
401.822000000 0.109646 0.073584 -0.078000 -0.00000000 0.00000000 0.36441825 0.93123538
401.947000000 0.114226 0.077334 -0.078000 0.00000000 -0.00000000 0.37033845 0.92889689
402.072000000 0.116761 0.078859 -0.078000 -0.00000000 -0.00000000 0.37618468 0.92654470
402.100000000 0.118374 0.080425 -0.077996 -0.00001161 -0.00000333 0.37876805 0.92549163
402.200000000 0.124042 0.086111 -0.077969 -0.00004701 -0.00001742 0.38797103 0.92167157
402.322000000 0.124155 0.086600 -0.078000 0.00000000 -0.00000000 0.38754028 0.92185277
402.447000000 0.127966 0.089890 -0.078000 -0.00000000 -0.00000000 0.38681167 0.92215874
402.572000000 0.130829 0.094523 -0.078000 0.00000000 0.00000000 0.38807536 0.92162764
402.600000000 0.132391 0.096119 -0.077989 0.00000585 0.00000453 0.38670979 0.92220146
402.700000000 0.137987 0.101775 -0.077958 0.00003607 0.00002133 0.38030375 0.92486164
402.822000000 0.137061 0.101403 -0.078000 -0.00000000 0.00000000 0.37481522 0.92709953
402.947000000 0.139765 0.104387 -0.078000 0.00000000 -0.00000000 0.36926334 0.92932480
403.000000000 0.142847 0.107265 -0.077988 0.00002094 0.00000597 0.36433915 0.93126633
403.100000000 0.146010 0.109622 -0.078007 0.00000630 0.00000208 0.36095615 0.93258279
403.200000000 0.148133 0.112060 -0.077999 0.00000082 0.00000050 0.35743722 0.93393717
403.322000000 0.151767 0.115538 -0.078000 0.00000000 -0.00000000 0.35199301 0.93600263
403.447000000 0.156928 0.117565 -0.078000 -0.00000000 0.00000000 0.34708174 0.93783488
403.572000000 0.159946 0.120438 -0.078000 0.00000000 -0.00000000 0.35080853 0.93644721
403.600000000 0.161643 0.121900 -0.077990 -0.00000489 0.00000198 0.35189546 0.93603931
403.777000000 0.167865 0.129476 -0.077963 -0.00003000 -0.00001149 0.36546324 0.93082577
403.822000000 0.164465 0.129036 -0.078000 -0.00000000 -0.00000000 0.36351176 0.93158961
403.947000000 0.169596 0.131629 -0.078000 -0.00000000 0.00000000 0.36892759 0.92945814
404.072000000 0.174308 0.133630 -0.078000 0.00000000 -0.00000000 0.37452183 0.92721810
404.100000000 0.175926 0.135191 -0.077986 -0.00001069 -0.00000383 0.37710142 0.92617197
404.200000000 0.181615 0.140857 -0.077956 -0.00004433 -0.00001697 0.38628393 0.92237992
404.322000000 0.181068 0.140431 -0.078000 0.00000000 -0.00000000 0.38592124 0.92253173
404.447000000 0.185219 0.144808 -0.078000 0.00000000 -0.00000000 0.39168669 0.92009866
404.572000000 0.188014 0.148365 -0.078000 0.00000000 0.00000000 0.39742904 0.91763291
404.600000000 0.189553 0.150003 -0.077985 -0.00000329 -0.00000199 0.39946558 0.91674820
404.700000000 0.194950 0.155915 -0.077970 -0.00000255 -0.00000582 0.40527881 0.91419313
404.822000000 0.195730 0.153613 -0.078000 0.00000000 0.00000000 0.39454700 0.91887576
404.947000000 0.197465 0.157914 -0.078000 -0.00000000 -0.00000000 0.39191265 0.92000243
405.000000000 0.200405 0.160943 -0.077982 0.00002104 0.00000788 0.38762273 0.92181811
405.100000000 0.202440 0.163257 -0.078015 0.00000978 0.00000109 0.38395606 0.92335137
405.200000000 0.208106 0.168845 -0.077975 0.00002492 0.00000875 0.37486732 0.92707847
405.322000000 0.206366 0.171136 -0.078000 -0.00000000 -0.00000000 0.37470125 0.92714560
405.447000000 0.211751 0.173111 -0.078000 0.00000000 -0.00000000 0.36972958 0.92913941
405.572000000 0.215856 0.176305 -0.078000 -0.00000000 -0.00000000 0.37304752 0.92781224
405.600000000 0.217482 0.177847 -0.077993 -0.00000309 -0.00000102 0.37415188 0.92736744
405.700000000 0.223240 0.183449 -0.077972 -0.00003233 -0.00001045 0.38088851 0.92462097
405.822000000 0.222658 0.184563 -0.078000 0.00000000 0.00000000 0.38538970 0.92275391
405.947000000 0.226442 0.188134 -0.078000 -0.00000000 0.00000000 0.39074417 0.92049932
406.072000000 0.229865 0.191444 -0.078000 -0.00000000 -0.00000000 0.39614976 0.91818591
406.100000000 0.231410 0.193079 -0.077997 -0.00000652 -0.00000285 0.39872039 0.91707255
406.200000000 0.236823 0.199007 -0.077978 -0.00003609 -0.00001952 0.40784606 0.91305070
406.322000000 0.235788 0.196300 -0.078000 -0.00000000 0.00000000 0.40740393 0.91324807
406.447000000 0.239336 0.200721 -0.078000 0.00000000 -0.00000000 0.41307897 0.91069521
406.500000000 0.242124 0.203937 -0.078002 -0.00001389 -0.00000816 0.41788482 0.90850001
406.600000000 0.244800 0.205858 -0.077989 -0.00000671 -0.00000061 0.42086485 0.90712335
406.700000000 0.246928 0.206665 -0.077998 -0.00000038 -0.00000019 0.41903235 0.90797130
406.822000000 0.248784 0.210580 -0.078000 0.00000000 -0.00000000 0.41602786 0.90935187
406.947000000 0.251936 0.215621 -0.078000 -0.00000000 0.00000000 0.41322198 0.91063033
407.072000000 0.255036 0.219591 -0.078000 -0.00000000 0.00000000 0.40729859 0.91329506
407.100000000 0.256523 0.221252 -0.077974 0.00001158 0.00000702 0.40484545 0.91438513
407.200000000 0.261932 0.227090 -0.077959 0.00005536 0.00002369 0.39570561 0.91837741
407.322000000 0.261963 0.226741 -0.078000 0.00000000 0.00000000 0.39536023 0.91852615
407.447000000 0.265049 0.230990 -0.078000 0.00000000 -0.00000000 0.38948306 0.92103363
407.572000000 0.269439 0.234738 -0.078000 -0.00000000 -0.00000000 0.38437688 0.92317626
407.600000000 0.270589 0.235900 -0.078005 -0.00000943 0.00001830 0.38333752 0.92360833
407.700000000 0.274562 0.239840 -0.077981 -0.00003713 -0.00002458 0.38485688 0.92297626
407.822000000 0.274062 0.241004 -0.078000 0.00000000 -0.00000000 0.39698835 0.91782365
407.947000000 0.277805 0.244906 -0.078000 0.00000000 -0.00000000 0.40139936 0.91590314
408.072000000 0.280020 0.248410 -0.078000 -0.00000000 0.00000000 0.40677079 0.91353025
408.100000000 0.281525 0.250079 -0.077994 -0.00000599 -0.00000557 0.40930811 0.91239622
408.200000000 0.286800 0.256133 -0.077957 -0.00003672 -0.00001256 0.41833605 0.90829232
408.322000000 0.286891 0.255180 -0.078000 0.00000000 0.00000000 0.41789019 0.90849755
408.447000000 0.290713 0.259214 -0.078000 0.00000000 -0.00000000 0.42354689 0.90587418
408.500000000 0.293438 0.262481 -0.077979 -0.00000722 -0.00000323 0.42833091 0.90362195
408.600000000 0.298452 0.268749 -0.077966 -0.00002900 -0.00001089 0.43600445 0.89994451
408.700000000 0.301287 0.270410 -0.077981 -0.00001707 -0.00000630 0.43483002 0.90051255
408.822000000 0.301208 0.269861 -0.078000 0.00000000 -0.00000000 0.42483147 0.90527246
408.947000000 0.303130 0.273897 -0.078000 0.00000000 -0.00000000 0.42105617 0.90703456
409.072000000 0.306353 0.276828 -0.078000 0.00000000 -0.00000000 0.41482217 0.90990251
409.100000000 0.307813 0.278511 -0.077992 0.00000778 0.00000530 0.41225381 0.91106904
409.200000000 0.313126 0.284436 -0.077968 0.00003705 0.00001757 0.40303671 0.91518381
409.322000000 0.312569 0.283979 -0.078000 -0.00000000 0.00000000 0.40303747 0.91518348
409.447000000 0.316058 0.287606 -0.078000 0.00000000 0.00000000 0.39732657 0.91767728
409.572000000 0.320300 0.291398 -0.078000 0.00000000 -0.00000000 0.39168545 0.92009919
409.600000000 0.321843 0.293006 -0.077988 0.00000858 0.00000376 0.38911938 0.92118733
409.700000000 0.327450 0.298651 -0.077963 0.00003584 0.00000947 0.37992413 0.92501765
409.822000000 0.326827 0.298402 -0.078000 0.00000000 -0.00000000 0.38009019 0.92494943
409.947000000 0.330123 0.302663 -0.078000 0.00000000 -0.00000000 0.38022799 0.92489279
410.000000000 0.333153 0.305647 -0.077969 -0.00001387 -0.00000269 0.38140778 0.92440689
410.100000000 0.334988 0.308265 -0.078015 -0.00000888 -0.00000719 0.38603424 0.92248445
410.200000000 0.338535 0.310097 -0.078001 -0.00000057 -0.00000024 0.38766119 0.92180193
410.322000000 0.341947 0.312469 -0.078000 0.00000000 -0.00000000 0.39402415 0.91910009
410.447000000 0.345378 0.316591 -0.078000 0.00000000 -0.00000000 0.39984581 0.91658242
410.572000000 0.348312 0.319950 -0.078000 -0.00000000 -0.00000000 0.40550201 0.91409415
410.600000000 0.349822 0.321615 -0.078007 -0.00000710 -0.00000538 0.40803972 0.91296418
410.700000000 0.355118 0.327648 -0.077977 -0.00003570 -0.00002015 0.41711962 0.90885160
410.822000000 0.354971 0.326281 -0.078000 0.00000000 0.00000000 0.41699713 0.90890780
410.947000000 0.357692 0.329775 -0.078000 0.00000000 -0.00000000 0.41726467 0.90878501
411.072000000 0.360676 0.333189 -0.078000 0.00000000 -0.00000000 0.41463321 0.90998863
411.100000000 0.362135 0.334882 -0.077994 0.00000488 0.00000174 0.41355373 0.91047972
411.200000000 0.367391 0.340852 -0.077961 0.00003265 0.00001617 0.40750928 0.91320107
411.322000000 0.367634 0.342240 -0.078000 0.00000000 -0.00000000 0.40713046 0.91337002
411.447000000 0.370101 0.345924 -0.078000 0.00000000 -0.00000000 0.40135121 0.91592424
411.500000000 0.372975 0.349011 -0.077973 0.00001552 0.00000649 0.39651707 0.91802735
411.600000000 0.376822 0.350964 -0.077981 0.00000788 0.00000428 0.39271960 0.91965826
411.700000000 0.378031 0.353209 -0.078000 0.00000086 0.00000040 0.38915691 0.92117148
411.822000000 0.381574 0.356458 -0.078000 0.00000000 -0.00000000 0.38357716 0.92350883
411.947000000 0.383712 0.359747 -0.078000 -0.00000000 0.00000000 0.37777373 0.92589795
412.072000000 0.388343 0.362659 -0.078000 -0.00000000 0.00000000 0.37188734 0.92827787
412.100000000 0.389953 0.364199 -0.077998 0.00000849 0.00000229 0.36929570 0.92931194
412.200000000 0.395793 0.369606 -0.077984 0.00003992 0.00001298 0.36001771 0.93294547
412.322000000 0.395461 0.369232 -0.078000 0.00000000 -0.00000000 0.36027082 0.93284775
412.447000000 0.400999 0.375329 -0.078000 0.00000000 -0.00000000 0.35464425 0.93500131
412.572000000 0.406321 0.376586 -0.078000 -0.00000000 -0.00000000 0.34942110 0.93696579
412.600000000 0.408010 0.378048 -0.077992 0.00000192 0.00000097 0.34801589 0.93748864
412.700000000 0.414105 0.383217 -0.077965 -0.00000238 -0.00000215 0.34484543 0.93865949
412.822000000 0.414185 0.385183 -0.078000 -0.00000000 0.00000000 0.35612528 0.93443822
412.947000000 0.417757 0.388858 -0.078000 -0.00000000 -0.00000000 0.36082376 0.93263402
413.072000000 0.421360 0.393132 -0.078000 0.00000000 -0.00000000 0.36658654 0.93038396
413.100000000 0.423005 0.394665 -0.077991 -0.00000907 -0.00000157 0.36925713 0.92932727
413.200000000 0.428785 0.400239 -0.077953 -0.00003785 -0.00000929 0.37858309 0.92556731
413.322000000 0.429609 0.399728 -0.078000 -0.00000000 -0.00000000 0.37847938 0.92560972
413.447000000 0.433162 0.403366 -0.078000 -0.00000000 0.00000000 0.38427156 0.92322011
413.500000000 0.436145 0.406401 -0.077973 -0.00001845 -0.00000438 0.38914104 0.92117819
413.600000000 0.437532 0.408525 -0.077999 -0.00000689 -0.00000616 0.39255899 0.91972683
413.700000000 0.443028 0.414378 -0.077981 -0.00003327 -0.00001706 0.40170356 0.91576976
413.822000000 0.442483 0.414977 -0.078000 0.00000000 -0.00000000 0.40142928 0.91589002
413.947000000 0.445755 0.418284 -0.078000 -0.00000000 -0.00000000 0.40713032 0.91337008
414.072000000 0.449169 0.421771 -0.078000 -0.00000000 0.00000000 0.41282109 0.91081214
414.100000000 0.450652 0.423460 -0.077998 -0.00000844 -0.00000280 0.41536048 0.90965690
414.200000000 0.455851 0.429579 -0.077966 -0.00003713 -0.00001484 0.42440325 0.90547329
414.322000000 0.455456 0.430908 -0.078000 -0.00000000 0.00000000 0.42414185 0.90559576
414.447000000 0.458800 0.435088 -0.078000 -0.00000000 0.00000000 0.42977594 0.90293557
414.572000000 0.462455 0.439732 -0.078000 -0.00000000 0.00000000 0.43534974 0.90026141
414.600000000 0.463853 0.441493 -0.077986 -0.00000660 -0.00000320 0.43785971 0.89904331
414.700000000 0.468736 0.447865 -0.077964 -0.00003612 -0.00002254 0.44679579 0.89463597
414.822000000 0.468855 0.445265 -0.078000 0.00000000 0.00000000 0.44657375 0.89474683
414.947000000 0.471561 0.449201 -0.078000 0.00000000 0.00000000 0.45222382 0.89190449
415.000000000 0.474058 0.452645 -0.077987 -0.00001408 -0.00001083 0.45692763 0.88950387
415.100000000 0.475414 0.455898 -0.078008 -0.00000834 -0.00000416 0.46020675 0.88781178
415.200000000 0.477186 0.458680 -0.077997 -0.00000094 -0.00000003 0.46346699 0.88611419
415.322000000 0.479754 0.463255 -0.078000 0.00000000 -0.00000000 0.46873963 0.88333638
415.447000000 0.482654 0.466962 -0.078000 -0.00000000 0.00000000 0.47418360 0.88042598
415.572000000 0.484660 0.472951 -0.078000 -0.00000000 0.00000000 0.47925355 0.87767650
415.600000000 0.485872 0.474838 -0.077976 -0.00000207 0.00000224 0.48059697 0.87694159
415.700000000 0.490130 0.481608 -0.077955 0.00000050 0.00000366 0.48394836 0.87509656
415.822000000 0.490260 0.478419 -0.078000 -0.00000000 0.00000000 0.47386147 0.88059940
415.947000000 0.493017 0.482967 -0.078000 0.00000000 -0.00000000 0.47039417 0.88245641
416.072000000 0.496231 0.486559 -0.078000 -0.00000000 0.00000000 0.46429855 0.88567875
416.100000000 0.497496 0.488394 -0.077997 0.00000890 0.00000357 0.46183840 0.88696409
416.200000000 0.502126 0.494865 -0.077972 0.00003777 0.00001328 0.45300337 0.89150880
416.322000000 0.501550 0.495150 -0.078000 -0.00000000 0.00000000 0.45307344 0.89147319
416.447000000 0.506121 0.499433 -0.078000 -0.00000000 0.00000000 0.44754188 0.89426297
416.572000000 0.509015 0.502969 -0.078000 0.00000000 0.00000000 0.44188558 0.89707142
416.600000000 0.510371 0.504736 -0.077983 0.00000867 0.00000533 0.43938328 0.89829969
416.700000000 0.515325 0.510965 -0.077948 0.00003889 0.00001984 0.43041329 0.90263193
416.823000000 0.513973 0.510527 -0.078000 -0.00000000 0.00000000 0.43058088 0.90255200
416.947000000 0.518202 0.514141 -0.078000 0.00000000 0.00000000 0.42498854 0.90519873
417.000000000 0.520899 0.517383 -0.077972 0.00001758 0.00000799 0.42020266 0.90743029
417.100000000 0.526114 0.523394 -0.077953 0.00004977 0.00002062 0.41114072 0.91157189
417.200000000 0.529252 0.525336 -0.077983 0.00003732 0.00001726 0.40778724 0.91307698
417.322000000 0.527990 0.525798 -0.078000 0.00000000 -0.00000000 0.40804894 0.91296005
417.447000000 0.530787 0.528729 -0.078000 -0.00000000 0.00000000 0.40276191 0.91530478
417.572000000 0.534176 0.532967 -0.078000 0.00000000 -0.00000000 0.40446794 0.91455218
417.600000000 0.535693 0.534616 -0.077982 -0.00000492 -0.00000010 0.40517300 0.91424003
417.700000000 0.541067 0.540567 -0.077957 -0.00002415 -0.00000529 0.40821176 0.91288726
417.822000000 0.540980 0.542050 -0.078000 0.00000000 0.00000000 0.41249342 0.91096058
417.947000000 0.544428 0.545208 -0.078000 0.00000000 0.00000000 0.41855365 0.90819207
418.072000000 0.547954 0.548968 -0.078000 -0.00000000 0.00000000 0.42436587 0.90549081
418.100000000 0.549394 0.550694 -0.078004 -0.00000729 -0.00000411 0.42688139 0.90430762
418.200000000 0.554431 0.556947 -0.077974 -0.00003431 -0.00001137 0.43586850 0.90001036
418.322000000 0.553898 0.556182 -0.078000 -0.00000000 0.00000000 0.43576070 0.90006256
418.447000000 0.557798 0.560516 -0.078000 0.00000000 -0.00000000 0.44134236 0.89733880
418.500000000 0.560379 0.563899 -0.078001 -0.00001360 -0.00000835 0.44607213 0.89499702
418.600000000 0.562097 0.566861 -0.077980 -0.00000330 0.00000206 0.44812990 0.89396845
418.700000000 0.561985 0.567039 -0.077999 0.00000023 -0.00000005 0.44639284 0.89483710
418.822000000 0.565475 0.571065 -0.078000 0.00000000 0.00000000 0.44748293 0.89429247
418.947000000 0.568585 0.574995 -0.078000 0.00000000 -0.00000000 0.43969861 0.89814539
419.072000000 0.571647 0.579342 -0.078000 0.00000000 -0.00000000 0.43466614 0.90059167
419.100000000 0.573032 0.581088 -0.077990 0.00000847 0.00000372 0.43218986 0.90178264
419.200000000 0.578077 0.587243 -0.077969 0.00003924 0.00001835 0.42328753 0.90599540
419.322000000 0.577913 0.586708 -0.078000 0.00000000 0.00000000 0.42364270 0.90582938
419.447000000 0.581798 0.590369 -0.078000 -0.00000000 -0.00000000 0.41794108 0.90847413
419.572000000 0.586719 0.593878 -0.078000 0.00000000 -0.00000000 0.41224648 0.91107236
419.600000000 0.588188 0.595553 -0.077995 0.00000943 0.00000196 0.40970100 0.91221987
419.700000000 0.593534 0.601446 -0.077977 0.00003423 0.00000740 0.40058957 0.91625760
419.822000000 0.591872 0.601003 -0.078000 -0.00000000 -0.00000000 0.40088508 0.91612835
419.947000000 0.594990 0.604438 -0.078000 0.00000000 -0.00000000 0.39518438 0.91860182
420.072000000 0.598556 0.607185 -0.078000 0.00000000 -0.00000000 0.39024411 0.92071143
420.100000000 0.600107 0.608790 -0.077991 0.00000136 0.00000393 0.38911467 0.92118933
420.200000000 0.602594 0.610639 -0.077999 -0.00000001 -0.00000004 0.39380160 0.91919546
420.322000000 0.605756 0.614965 -0.078000 0.00000000 0.00000000 0.40146766 0.91587320
420.447000000 0.609009 0.618236 -0.078000 0.00000000 0.00000000 0.40623799 0.91376731
420.572000000 0.611814 0.622130 -0.078000 -0.00000000 0.00000000 0.41163811 0.91134739
420.600000000 0.613302 0.623815 -0.077996 -0.00000620 -0.00000527 0.41413870 0.91021379
420.700000000 0.618519 0.629918 -0.077975 -0.00003397 -0.00002114 0.42312949 0.90606922
420.822000000 0.618782 0.629951 -0.078000 -0.00000000 0.00000000 0.42276176 0.90624086
420.947000000 0.621563 0.634774 -0.078000 -0.00000000 0.00000000 0.42840694 0.90358591
421.072000000 0.624686 0.637633 -0.078000 0.00000000 0.00000000 0.43400775 0.90090914
421.100000000 0.626089 0.639389 -0.077988 -0.00000894 -0.00000430 0.43633937 0.89978217
421.200000000 0.630981 0.645729 -0.077963 -0.00002454 -0.00001315 0.44260552 0.89671643
421.322000000 0.631773 0.646206 -0.078000 0.00000000 -0.00000000 0.43517969 0.90034362
421.447000000 0.632932 0.649455 -0.078000 -0.00000000 0.00000000 0.42732154 0.90409972
421.572000000 0.636877 0.653089 -0.078000 0.00000000 0.00000000 0.42212400 0.90653810
421.600000000 0.638310 0.654796 -0.077990 0.00000750 0.00000354 0.41971256 0.90765708
421.700000000 0.643527 0.660806 -0.077980 0.00003962 0.00001956 0.41078542 0.91173205
421.822000000 0.643714 0.660613 -0.078000 0.00000000 -0.00000000 0.41152659 0.91139775
421.947000000 0.647184 0.664720 -0.078000 0.00000000 0.00000000 0.40603683 0.91385671
422.000000000 0.650014 0.667848 -0.077993 0.00001219 0.00000530 0.40120367 0.91598887
422.100000000 0.655474 0.673639 -0.077958 0.00004294 0.00002467 0.39205025 0.91994380
422.200000000 0.657299 0.676034 -0.077961 0.00004319 0.00001950 0.38861836 0.92139881
422.322000000 0.657319 0.675030 -0.078000 -0.00000000 0.00000000 0.38897149 0.92124979
422.447000000 0.660833 0.678937 -0.078000 -0.00000000 -0.00000000 0.38318845 0.92367019
422.572000000 0.663664 0.682383 -0.078000 -0.00000000 0.00000000 0.37779983 0.92588730
422.600000000 0.665260 0.683944 -0.077996 0.00000352 -0.00000100 0.37639638 0.92645872
422.700000000 0.671025 0.689476 -0.077972 0.00000786 -0.00000441 0.37248888 0.92803666
422.822000000 0.670229 0.689756 -0.078000 -0.00000000 0.00000000 0.37751614 0.92600300
422.947000000 0.673854 0.693680 -0.078000 -0.00000000 0.00000000 0.37772531 0.92591770
423.072000000 0.678481 0.697643 -0.078000 0.00000000 -0.00000000 0.37775057 0.92590740
423.100000000 0.680080 0.699208 -0.077996 0.00000166 -0.00000222 0.37777135 0.92589892
423.200000000 0.685793 0.704800 -0.077976 0.00000044 -0.00000573 0.37847018 0.92561349
423.322000000 0.685487 0.703464 -0.078000 0.00000000 -0.00000000 0.38432323 0.92319860
423.447000000 0.689204 0.706391 -0.078000 0.00000000 -0.00000000 0.38833602 0.92151784
423.500000000 0.692163 0.709452 -0.077991 -0.00001330 -0.00000883 0.39346826 0.91933820
423.600000000 0.693926 0.711118 -0.078006 -0.00000879 -0.00000419 0.39701285 0.91781305
423.700000000 0.694824 0.714611 -0.077997 -0.00000104 -0.00000017 0.40062045 0.91624410
423.822000000 0.698966 0.718028 -0.078000 -0.00000000 0.00000000 0.40605743 0.91384756
423.947000000 0.702145 0.721971 -0.078000 -0.00000000 0.00000000 0.41173246 0.91130477
424.072000000 0.704944 0.725418 -0.078000 0.00000000 0.00000000 0.41741862 0.90871431
424.100000000 0.706410 0.727122 -0.077976 -0.00000955 -0.00000113 0.41995124 0.90754667
424.200000000 0.711548 0.733292 -0.077955 -0.00003669 -0.00001504 0.42897335 0.90331714
424.322000000 0.706356 0.732571 -0.078000 0.00000000 0.00000000 0.42899870 0.90330511
424.447000000 0.707719 0.735006 -0.078000 0.00000000 0.00000000 0.43485186 0.90050201
424.572000000 0.706292 0.734931 -0.078000 0.00000000 0.00000000 0.44022545 0.89788727
424.600000000 0.707672 0.736706 -0.077997 -0.00000496 -0.00000401 0.44256957 0.89673417
424.700000000 0.712476 0.743113 -0.077976 -0.00001021 -0.00000747 0.44884648 0.89360888
424.822000000 0.713498 0.741751 -0.078000 -0.00000000 0.00000000 0.44209052 0.89697044
424.947000000 0.714871 0.745424 -0.078000 0.00000000 0.00000000 0.43565126 0.90011554
425.072000000 0.717779 0.749015 -0.078000 0.00000000 -0.00000000 0.43048191 0.90259920
425.100000000 0.719181 0.750748 -0.077992 0.00000848 0.00000519 0.42803424 0.90376252
425.200000000 0.724287 0.756852 -0.077954 0.00003804 0.00001770 0.41908475 0.90794712
425.322000000 0.724304 0.757330 -0.078000 -0.00000000 0.00000000 0.41938678 0.90780765
425.447000000 0.727104 0.760265 -0.078000 0.00000000 0.00000000 0.41381359 0.91036164
425.500000000 0.729881 0.763439 -0.077988 0.00001688 0.00000756 0.40900067 0.91253408
425.600000000 0.735242 0.769320 -0.077956 0.00004642 0.00002149 0.39988560 0.91656506
425.700000000 0.737354 0.771356 -0.077961 0.00003355 0.00001427 0.39642008 0.91806924
425.822000000 0.736890 0.771330 -0.078000 0.00000000 -0.00000000 0.39665638 0.91796717
425.947000000 0.739513 0.776794 -0.078000 0.00000000 -0.00000000 0.39096644 0.92040493
426.072000000 0.744169 0.779613 -0.078000 -0.00000000 -0.00000000 0.38519504 0.92283519
426.100000000 0.745735 0.781198 -0.078000 0.00000502 0.00000036 0.38261895 0.92390624
426.200000000 0.751416 0.786770 -0.077980 0.00002874 0.00000787 0.37339461 0.92767261
426.322000000 0.751738 0.786137 -0.078000 0.00000000 -0.00000000 0.37374720 0.92753061
426.447000000 0.755555 0.788584 -0.078000 -0.00000000 -0.00000000 0.36796301 0.92984043
426.572000000 0.757980 0.792148 -0.078000 -0.00000000 0.00000000 0.36217141 0.93211151
426.600000000 0.759622 0.793654 -0.078000 0.00001306 0.00000417 0.35956963 0.93311826
426.700000000 0.765581 0.798930 -0.077958 0.00004740 0.00002114 0.35025475 0.93665447
426.822000000 0.765716 0.798982 -0.078000 -0.00000000 -0.00000000 0.35048566 0.93656810
426.947000000 0.769274 0.801391 -0.078000 0.00000000 -0.00000000 0.34459459 0.93875160
427.000000000 0.772503 0.804103 -0.077978 0.00001792 0.00000646 0.33963252 0.94055821
427.100000000 0.775615 0.806180 -0.077981 0.00000888 0.00000407 0.33653794 0.94166991
427.200000000 0.778645 0.808480 -0.078002 -0.00000076 -0.00000048 0.33883186 0.94084694
427.322000000 0.781848 0.809736 -0.078000 0.00000000 0.00000000 0.34255775 0.93949677
427.447000000 0.784718 0.813212 -0.078000 0.00000000 0.00000000 0.35314708 0.93556782
427.572000000 0.786744 0.816694 -0.078000 0.00000000 -0.00000000 0.36307723 0.93175905
427.600000000 0.788406 0.818223 -0.077991 -0.00002059 -0.00000600 0.36837804 0.92967608
427.700000000 0.794173 0.823858 -0.077963 -0.00008509 -0.00003045 0.38724459 0.92197702
427.822000000 0.796079 0.824518 -0.078000 -0.00000000 0.00000000 0.38740592 0.92190924
427.947000000 0.798129 0.828834 -0.078000 -0.00000000 -0.00000000 0.39887876 0.91700367
428.072000000 0.803305 0.832048 -0.078000 0.00000000 0.00000000 0.41033228 0.91193608
428.100000000 0.804806 0.833735 -0.077988 -0.00001575 -0.00000522 0.41540610 0.90963606
428.200000000 0.809962 0.839936 -0.077960 -0.00006102 -0.00002633 0.43332376 0.90123832
428.322000000 0.807113 0.840354 -0.078000 0.00000000 -0.00000000 0.42747936 0.90402511
428.447000000 0.812424 0.841663 -0.078000 0.00000000 0.00000000 0.43508019 0.90039171
428.572000000 0.815157 0.844461 -0.078000 -0.00000000 -0.00000000 0.43310116 0.90134532
428.600000000 0.816547 0.846217 -0.077999 -0.00000133 -0.00000327 0.43341607 0.90119394
428.700000000 0.818963 0.848595 -0.078000 -0.00000001 -0.00000006 0.43362426 0.90109378
428.822000000 0.821105 0.852642 -0.078000 0.00000000 0.00000000 0.43374970 0.90103341
428.947000000 0.824812 0.855935 -0.078000 -0.00000000 -0.00000000 0.43366621 0.90107359
429.072000000 0.827166 0.860291 -0.078000 0.00000000 -0.00000000 0.43364801 0.90108235
429.100000000 0.828562 0.862040 -0.077982 -0.00000070 0.00000304 0.43364512 0.90108374
429.200000000 0.833550 0.868286 -0.077953 0.00000555 0.00000458 0.43364913 0.90108181
429.322000000 0.835290 0.868312 -0.078000 -0.00000000 -0.00000000 0.43283189 0.90147466
429.447000000 0.838165 0.871428 -0.078000 0.00000000 0.00000000 0.42379376 0.90575872
429.572000000 0.840411 0.876519 -0.078000 0.00000000 0.00000000 0.40996005 0.91210348
429.600000000 0.841874 0.878188 -0.077985 0.00001439 0.00000674 0.40512668 0.91426056
429.700000000 0.847317 0.883946 -0.077966 0.00006942 0.00002693 0.38688039 0.92212990
429.822000000 0.845330 0.884094 -0.078000 0.00000000 -0.00000000 0.38795496 0.92167833
429.947000000 0.850047 0.886856 -0.078000 0.00000000 0.00000000 0.37666102 0.92635116
430.072000000 0.854329 0.890054 -0.078000 -0.00000000 0.00000000 0.36526201 0.93090475
430.100000000 0.855953 0.891565 -0.078004 0.00001684 0.00000319 0.36005756 0.93293009
430.200000000 0.861933 0.896762 -0.077965 0.00006803 0.00002707 0.34139523 0.93991983
430.322000000 0.860218 0.897905 -0.078000 0.00000000 -0.00000000 0.34278055 0.93941551
430.447000000 0.865149 0.900804 -0.078000 -0.00000000 0.00000000 0.33955688 0.94058552
430.500000000 0.868417 0.903480 -0.077990 0.00000823 0.00000332 0.33622433 0.94178193
430.600000000 0.874640 0.908499 -0.077954 0.00000870 0.00000148 0.33208738 0.94324863
430.700000000 0.879137 0.909952 -0.077951 0.00000071 0.00000235 0.33877691 0.94086673
430.822000000 0.877236 0.909778 -0.078000 0.00000000 -0.00000000 0.33820434 0.94107270
430.947000000 0.881218 0.913059 -0.078000 -0.00000000 0.00000000 0.33832323 0.94102996
431.072000000 0.884060 0.916441 -0.078000 0.00000000 -0.00000000 0.33841676 0.94099633
431.100000000 0.885785 0.917867 -0.078005 -0.00000248 -0.00000257 0.33842312 0.94099404
431.200000000 0.891947 0.922959 -0.077978 -0.00000762 -0.00000093 0.33843326 0.94099040
431.322000000 0.889840 0.920760 -0.078000 -0.00000000 0.00000000 0.33889562 0.94082398
431.447000000 0.895091 0.924764 -0.078000 0.00000000 -0.00000000 0.34784251 0.93755298
431.572000000 0.900045 0.926254 -0.078000 0.00000000 -0.00000000 0.36015367 0.93289299
431.600000000 0.901728 0.927760 -0.077988 -0.00001640 -0.00000451 0.36523698 0.93091457
431.700000000 0.907527 0.933364 -0.077957 -0.00006973 -0.00002421 0.38284180 0.92381391
431.822000000 0.907045 0.933872 -0.078000 -0.00000000 -0.00000000 0.38188658 0.92420920
431.947000000 0.911044 0.936992 -0.078000 -0.00000000 0.00000000 0.39337118 0.91937974
432.000000000 0.913965 0.940113 -0.077980 -0.00003304 -0.00001029 0.40309558 0.91515788
432.100000000 0.914840 0.943076 -0.077987 -0.00001252 -0.00000700 0.40991864 0.91212209
432.200000000 0.917788 0.944719 -0.078001 -0.00000178 -0.00000128 0.41681093 0.90899321
432.322000000 0.920372 0.946539 -0.078000 -0.00000000 -0.00000000 0.42747238 0.90402841
432.447000000 0.923881 0.950714 -0.078000 0.00000000 0.00000000 0.43872337 0.89862217
432.572000000 0.925590 0.955569 -0.078000 0.00000000 -0.00000000 0.44973003 0.89316454
432.600000000 0.926937 0.957380 -0.077996 -0.00001985 -0.00000841 0.45444297 0.89077583
432.700000000 0.931529 0.963985 -0.077963 -0.00007014 -0.00003060 0.46934141 0.88301678
432.822000000 0.932668 0.962487 -0.078000 -0.00000000 0.00000000 0.46344050 0.88612804
432.947000000 0.935896 0.967893 -0.078000 0.00000000 -0.00000000 0.46162874 0.88707323
433.072000000 0.938203 0.971319 -0.078000 -0.00000000 -0.00000000 0.46260481 0.88656460
433.100000000 0.939484 0.973154 -0.077993 0.00000044 0.00000047 0.46257927 0.88657793
433.200000000 0.944058 0.979710 -0.077973 0.00000586 0.00000211 0.46253246 0.88660235
433.322000000 0.943698 0.978458 -0.078000 0.00000000 0.00000000 0.46221250 0.88676919
433.447000000 0.945838 0.983755 -0.078000 -0.00000000 0.00000000 0.46223788 0.88675597
433.572000000 0.948765 0.987080 -0.078000 -0.00000000 0.00000000 0.46226187 0.88674346
433.600000000 0.950046 0.988915 -0.077988 -0.00000007 0.00000045 0.46225865 0.88674514
433.700000000 0.954623 0.995468 -0.077956 -0.00000247 -0.00000523 0.46225581 0.88674662
433.822000000 0.956339 0.995010 -0.078000 -0.00000000 -0.00000000 0.46231900 0.88671368
433.947000000 0.958522 1.000057 -0.078000 -0.00000000 0.00000000 0.46243639 0.88665246
434.000000000 0.960947 1.003530 -0.077970 -0.00000490 -0.00000361 0.46243629 0.88665251
434.100000000 0.965519 1.010087 -0.077968 -0.00000872 -0.00000791 0.46243642 0.88665244
434.200000000 0.967732 1.013291 -0.077987 0.00000464 0.00000511 0.46249415 0.88662233
434.322000000 0.967245 1.012068 -0.078000 0.00000000 -0.00000000 0.46249566 0.88662155
434.447000000 0.970518 1.016272 -0.078000 0.00000000 -0.00000000 0.46224865 0.88675035
434.572000000 0.973049 1.020541 -0.078000 0.00000000 -0.00000000 0.45483231 0.89057710
434.600000000 0.974342 1.022352 -0.077997 0.00001226 0.00000647 0.45165841 0.89219095
434.700000000 0.979115 1.028690 -0.077968 0.00005457 0.00002585 0.43976227 0.89811421
434.822000000 0.978722 1.027125 -0.078000 -0.00000000 -0.00000000 0.43569143 0.90009609
434.947000000 0.981916 1.029871 -0.078000 -0.00000000 -0.00000000 0.42400119 0.90566163
435.072000000 0.984477 1.033125 -0.078000 -0.00000000 -0.00000000 0.41239084 0.91100702
435.100000000 0.985938 1.034795 -0.078000 0.00001662 0.00000696 0.40731076 0.91328963
435.200000000 0.991357 1.040574 -0.077972 0.00007809 0.00003407 0.38903429 0.92122327
435.322000000 0.991121 1.039159 -0.078000 -0.00000000 -0.00000000 0.38954103 0.92100911
435.447000000 0.994478 1.042480 -0.078000 0.00000000 -0.00000000 0.37799784 0.92580648
435.500000000 0.997506 1.045389 -0.077988 0.00002898 0.00001451 0.36820207 0.92974579
435.600000000 0.999301 1.047873 -0.077986 0.00001391 0.00000437 0.36158030 0.93234097
435.700000000 0.999270 1.051089 -0.078001 0.00000137 0.00000017 0.35499790 0.93486710
435.822000000 1.003986 1.055548 -0.078000 0.00000000 0.00000000 0.35353619 0.93542085
435.975000000 1.011071 1.058436 -0.077976 0.00000185 0.00000136 0.35483130 0.93493035
436.072000000 1.013827 1.060475 -0.078000 -0.00000000 -0.00000000 0.35437466 0.93510353
436.100000000 1.015502 1.061958 -0.077988 0.00000024 0.00000039 0.35429640 0.93513318
436.200000000 1.021490 1.067253 -0.077959 -0.00000030 0.00000084 0.35416420 0.93518325
436.322000000 1.020493 1.066029 -0.078000 0.00000000 0.00000000 0.35411615 0.93520145
436.447000000 1.025108 1.067816 -0.078000 0.00000000 -0.00000000 0.35398649 0.93525054
436.572000000 1.029433 1.070937 -0.078000 -0.00000000 0.00000000 0.35394644 0.93526569
436.600000000 1.031110 1.072419 -0.077987 0.00000002 0.00000134 0.35394947 0.93526455
436.700000000 1.037102 1.077711 -0.077959 0.00000108 0.00000528 0.35395269 0.93526333
436.822000000 1.035590 1.077460 -0.078000 -0.00000000 0.00000000 0.35396672 0.93525802
436.947000000 1.040075 1.080685 -0.078000 0.00000000 -0.00000000 0.35399067 0.93524896
437.072000000 1.042961 1.084695 -0.078000 -0.00000000 0.00000000 0.35395929 0.93526083
437.100000000 1.044638 1.086177 -0.077981 -0.00000071 0.00000330 0.35395934 0.93526081
437.200000000 1.046404 1.089356 -0.078000 0.00000034 -0.00000002 0.35390921 0.93527978
437.322000000 1.051303 1.092235 -0.078000 -0.00000000 0.00000000 0.35381274 0.93531628
437.447000000 1.053900 1.095589 -0.078000 0.00000000 -0.00000000 0.35382253 0.93531258
437.572000000 1.057739 1.098638 -0.078000 -0.00000000 -0.00000000 0.35382124 0.93531306
437.600000000 1.059417 1.100119 -0.077996 0.00000321 -0.00000101 0.35382129 0.93531305
437.700000000 1.065411 1.105408 -0.077977 0.00000974 -0.00000086 0.35382145 0.93531299
437.822000000 1.065927 1.105462 -0.078000 0.00000000 -0.00000000 0.35390137 0.93528275
437.947000000 1.068707 1.109282 -0.078000 0.00000000 0.00000000 0.35393364 0.93527054
438.072000000 1.072867 1.111765 -0.078000 -0.00000000 -0.00000000 0.35393400 0.93527040
438.100000000 1.074544 1.113246 -0.077991 0.00000013 -0.00000074 0.35393403 0.93527039
438.200000000 1.080534 1.118539 -0.077963 -0.00000325 -0.00000091 0.35393414 0.93527035
438.322000000 1.080013 1.118494 -0.078000 0.00000000 -0.00000000 0.35392202 0.93527493
438.447000000 1.082310 1.123215 -0.078000 -0.00000000 -0.00000000 0.35450338 0.93505473
438.572000000 1.085631 1.126780 -0.078000 -0.00000000 -0.00000000 0.36462786 0.93115333
438.600000000 1.087293 1.128298 -0.077981 -0.00001288 -0.00000289 0.36856401 0.92960237
438.700000000 1.093075 1.133928 -0.077971 -0.00006462 -0.00002377 0.38472548 0.92303104
438.822000000 1.095505 1.131319 -0.078000 0.00000000 -0.00000000 0.38987145 0.92086929
438.947000000 1.099286 1.134277 -0.078000 -0.00000000 0.00000000 0.40124794 0.91596948
439.000000000 1.102151 1.137448 -0.077990 -0.00003236 -0.00001298 0.41081285 0.91171970
439.100000000 1.107391 1.143578 -0.077969 -0.00007292 -0.00003195 0.42882628 0.90338697
439.200000000 1.108236 1.146106 -0.077973 -0.00006484 -0.00003265 0.43544469 0.90021549
439.322000000 1.108273 1.146076 -0.078000 0.00000000 -0.00000000 0.43473296 0.90055941
439.447000000 1.111347 1.149116 -0.078000 -0.00000000 0.00000000 0.44584347 0.89511094
439.572000000 1.114070 1.152959 -0.078000 0.00000000 0.00000000 0.45693275 0.88950124
439.600000000 1.115387 1.154793 -0.077985 -0.00002078 -0.00001034 0.46188881 0.88693784
439.700000000 1.119877 1.161491 -0.077959 -0.00008392 -0.00004354 0.47946959 0.87755849
439.822000000 1.120505 1.159156 -0.078000 -0.00000000 -0.00000000 0.47888880 0.87787557
439.947000000 1.123477 1.163686 -0.078000 0.00000000 0.00000000 0.48973460 0.87187156
440.072000000 1.127035 1.168436 -0.078000 0.00000000 -0.00000000 0.50057389 0.86569381
440.100000000 1.128164 1.170388 -0.077996 -0.00000989 -0.00000658 0.50481893 0.86322526
440.200000000 1.131971 1.177472 -0.077981 -0.00003779 -0.00002207 0.51876180 0.85491882
440.322000000 1.127915 1.180050 -0.078000 -0.00000000 0.00000000 0.50789019 0.86142182
440.447000000 1.131198 1.182974 -0.078000 -0.00000000 0.00000000 0.51086807 0.85965913
440.500000000 1.133225 1.186699 -0.077997 0.00000175 0.00000000 0.51137173 0.85935962
440.600000000 1.136129 1.188311 -0.077978 0.00000006 0.00000448 0.51142920 0.85932542
440.700000000 1.137547 1.190300 -0.077998 -0.00000018 -0.00000033 0.51135811 0.85936772
440.822000000 1.140314 1.194111 -0.078000 0.00000000 0.00000000 0.51134620 0.85937481
440.947000000 1.143636 1.199008 -0.078000 -0.00000000 0.00000000 0.51118467 0.85947090
441.072000000 1.145496 1.203296 -0.078000 0.00000000 0.00000000 0.51119415 0.85946527
441.100000000 1.146564 1.205263 -0.077999 0.00000297 -0.00000148 0.51119329 0.85946577
441.200000000 1.150380 1.212286 -0.077978 -0.00000062 -0.00000405 0.51119487 0.85946484
441.322000000 1.148133 1.212967 -0.078000 0.00000000 0.00000000 0.51105757 0.85954649
441.447000000 1.150772 1.218205 -0.078000 0.00000000 -0.00000000 0.51097666 0.85959459
441.572000000 1.153914 1.223111 -0.078000 0.00000000 0.00000000 0.51094444 0.85961374
441.600000000 1.154983 1.225077 -0.077991 -0.00000347 -0.00000129 0.51094442 0.85961375
441.700000000 1.158791 1.232093 -0.077959 0.00000563 0.00000832 0.50916937 0.86066634
441.822000000 1.159197 1.231412 -0.078000 0.00000000 0.00000000 0.50317185 0.86418637
441.947000000 1.159956 1.237020 -0.078000 0.00000000 -0.00000000 0.49289707 0.87008763
442.072000000 1.162987 1.239743 -0.078000 -0.00000000 0.00000000 0.48417459 0.87497141
442.100000000 1.164165 1.241621 -0.078003 0.00001609 0.00000719 0.47911690 0.87775110
442.200000000 1.168594 1.248190 -0.077978 0.00007151 0.00003722 0.46135348 0.88721641
442.322000000 1.169643 1.249151 -0.078000 0.00000000 -0.00000000 0.46195374 0.88690402
442.447000000 1.172972 1.253584 -0.078000 -0.00000000 -0.00000000 0.45080316 0.89262339
442.500000000 1.181978 1.266353 -0.077992 0.00003160 0.00001418 0.44045432 0.89777502
442.600000000 1.186936 1.272533 -0.077970 0.00008444 0.00004405 0.42247849 0.90637294
442.700000000 1.189341 1.274839 -0.077968 0.00006818 0.00003196 0.41560945 0.90954317
442.822000000 1.187360 1.274008 -0.078000 -0.00000000 0.00000000 0.41622316 0.90926249
442.947000000 1.190844 1.278365 -0.078000 -0.00000000 -0.00000000 0.40489748 0.91436209
443.072000000 1.194243 1.281478 -0.078000 0.00000000 0.00000000 0.39348999 0.91932890
443.100000000 1.195772 1.283084 -0.077992 0.00002105 0.00000675 0.38835449 0.92151006
443.200000000 1.201418 1.288641 -0.077971 0.00009034 0.00003544 0.36991570 0.92906532
443.322000000 1.201027 1.289818 -0.078000 -0.00000000 0.00000000 0.37059999 0.92879258
443.447000000 1.204982 1.292978 -0.078000 0.00000000 -0.00000000 0.35924525 0.93324319
443.572000000 1.209681 1.296917 -0.078000 0.00000000 -0.00000000 0.35481793 0.93493542
443.600000000 1.211360 1.298390 -0.078001 -0.00000066 0.00000030 0.35339047 0.93547591
443.700000000 1.217397 1.303624 -0.077969 -0.00000784 0.00000361 0.34808226 0.93746399
443.822000000 1.218325 1.303435 -0.078000 0.00000000 0.00000000 0.35338428 0.93547825
443.947000000 1.221378 1.306412 -0.078000 0.00000000 -0.00000000 0.35341001 0.93546853
444.000000000 1.224557 1.309214 -0.077999 -0.00000011 -0.00000098 0.35355347 0.93541432
444.100000000 1.226249 1.310955 -0.077977 -0.00000147 0.00000167 0.35357423 0.93540647
444.200000000 1.232243 1.316244 -0.077953 -0.00000183 -0.00000017 0.35361015 0.93539289
444.322000000 1.230035 1.316314 -0.078000 0.00000000 -0.00000000 0.35372810 0.93534830
444.447000000 1.234454 1.318557 -0.078000 -0.00000000 0.00000000 0.35375454 0.93533829
444.572000000 1.238705 1.322029 -0.078000 0.00000000 0.00000000 0.35372561 0.93534923
444.600000000 1.240383 1.323510 -0.077995 0.00000062 -0.00000135 0.35372525 0.93534937
444.700000000 1.246377 1.328799 -0.077974 0.00000123 0.00000142 0.35372574 0.93534919
444.822000000 1.245413 1.329537 -0.078000 0.00000000 -0.00000000 0.35367842 0.93536708
444.947000000 1.249431 1.332735 -0.078000 -0.00000000 0.00000000 0.35364825 0.93537849
445.072000000 1.253473 1.336194 -0.078000 -0.00000000 -0.00000000 0.35361337 0.93539168
445.100000000 1.255151 1.337675 -0.077992 -0.00000203 0.00000113 0.35375713 0.93533731
445.200000000 1.261161 1.342978 -0.077974 -0.00002504 -0.00000435 0.35648386 0.93430148
445.393000000 1.262648 1.347650 -0.077966 -0.00002665 -0.00001207 0.37248810 0.92803697
445.447000000 1.263729 1.345962 -0.078000 -0.00000000 0.00000000 0.37594310 0.92664275
445.572000000 1.266646 1.348934 -0.078000 0.00000000 -0.00000000 0.38595312 0.92251840
445.600000000 1.268232 1.350543 -0.077976 -0.00001833 -0.00000411 0.39118908 0.92031033
445.700000000 1.271256 1.353042 -0.077999 -0.00000092 -0.00000055 0.39780697 0.91746913
445.822000000 1.273124 1.357561 -0.078000 -0.00000000 0.00000000 0.40235965 0.91548168
445.947000000 1.277211 1.360171 -0.078000 -0.00000000 -0.00000000 0.40430644 0.91462358
446.072000000 1.281575 1.362831 -0.078000 0.00000000 -0.00000000 0.40643597 0.91367927
446.100000000 1.283078 1.364489 -0.078014 0.00000473 -0.00000001 0.40627546 0.91375065
446.200000000 1.288431 1.370426 -0.077982 0.00000348 -0.00000010 0.40600354 0.91387151
446.322000000 1.287639 1.369534 -0.078000 0.00000000 -0.00000000 0.40568313 0.91401378
446.447000000 1.290183 1.375227 -0.078000 -0.00000000 -0.00000000 0.40558610 0.91405684
446.572000000 1.293190 1.379848 -0.078000 -0.00000000 -0.00000000 0.40550680 0.91409203
446.600000000 1.294692 1.381507 -0.077993 -0.00000230 -0.00000040 0.40551072 0.91409029
446.700000000 1.300054 1.387435 -0.077962 -0.00001458 -0.00000560 0.40550930 0.91409092
446.822000000 1.299447 1.385042 -0.078000 -0.00000000 -0.00000000 0.40543971 0.91412179
446.947000000 1.301842 1.389877 -0.078000 0.00000000 -0.00000000 0.40594877 0.91389583
447.072000000 1.305767 1.393146 -0.078000 0.00000000 0.00000000 0.41448946 0.91005411
447.100000000 1.307257 1.394834 -0.077981 -0.00001274 -0.00000417 0.41798967 0.90845178
447.200000000 1.312418 1.401032 -0.077964 -0.00005388 -0.00002820 0.43267466 0.90155013
447.322000000 1.314841 1.397971 -0.078000 -0.00000000 0.00000000 0.43751086 0.89921313
447.447000000 1.316858 1.403125 -0.078000 0.00000000 -0.00000000 0.44225756 0.89688809
447.500000000 1.319414 1.406508 -0.077972 0.00000001 0.00000416 0.44590743 0.89507908
447.600000000 1.324223 1.412915 -0.077972 -0.00000310 0.00000066 0.44859609 0.89373461
447.700000000 1.325098 1.417787 -0.077970 0.00000292 -0.00000326 0.44551355 0.89527520
447.822000000 1.324326 1.416382 -0.078000 -0.00000000 0.00000000 0.44546454 0.89529958
447.947000000 1.326952 1.420875 -0.078000 0.00000000 -0.00000000 0.44549075 0.89528654
448.072000000 1.330172 1.422858 -0.078000 0.00000000 -0.00000000 0.44548526 0.89528927
448.100000000 1.331522 1.424643 -0.077981 -0.00000049 -0.00000021 0.44549652 0.89528367
448.200000000 1.336342 1.431019 -0.077954 0.00000058 -0.00000172 0.44549400 0.89528493
448.322000000 1.336437 1.429004 -0.078000 0.00000000 -0.00000000 0.44557062 0.89524679
448.447000000 1.339158 1.431658 -0.078000 -0.00000000 -0.00000000 0.44552083 0.89527157
448.572000000 1.342298 1.435868 -0.078000 0.00000000 0.00000000 0.44553638 0.89526383
448.600000000 1.343648 1.437653 -0.077987 0.00000056 0.00000052 0.44553635 0.89526385
448.700000000 1.348467 1.444031 -0.077971 -0.00000477 -0.00000305 0.44553642 0.89526381
448.822000000 1.348012 1.445991 -0.078000 -0.00000000 0.00000000 0.44553750 0.89526328
448.947000000 1.351811 1.450185 -0.078000 0.00000000 -0.00000000 0.44547638 0.89529369
449.000000000 1.354367 1.453564 -0.077976 0.00000232 0.00000253 0.44544463 0.89530949
449.100000000 1.356803 1.454131 -0.078013 0.00000725 0.00000222 0.44403118 0.89601133
449.200000000 1.361643 1.460450 -0.077960 0.00002496 0.00001132 0.43813432 0.89890951
449.322000000 1.360515 1.462964 -0.078000 0.00000000 -0.00000000 0.43325213 0.90127276
449.447000000 1.364370 1.465440 -0.078000 0.00000000 0.00000000 0.42763437 0.90395179
449.572000000 1.367407 1.468887 -0.078000 -0.00000000 0.00000000 0.42192640 0.90663009
449.600000000 1.368840 1.470593 -0.077995 0.00000663 0.00000043 0.41938148 0.90781010
449.700000000 1.374056 1.476603 -0.077978 0.00003488 0.00001614 0.41031951 0.91194183
449.822000000 1.373899 1.476985 -0.078000 -0.00000000 0.00000000 0.41066107 0.91178807
449.947000000 1.376401 1.480778 -0.078000 -0.00000000 -0.00000000 0.40500219 0.91431571
450.072000000 1.379058 1.485696 -0.078000 0.00000000 0.00000000 0.39962302 0.91667958
450.100000000 1.380576 1.487332 -0.077998 0.00000310 0.00000262 0.39827260 0.91726710
450.200000000 1.386091 1.493140 -0.077967 -0.00000907 0.00000137 0.39726828 0.91770252
450.322000000 1.386761 1.491964 -0.078000 0.00000000 0.00000000 0.40924720 0.91242355
450.447000000 1.389414 1.494290 -0.078000 0.00000000 -0.00000000 0.41354208 0.91048501
450.572000000 1.393505 1.498587 -0.078000 -0.00000000 0.00000000 0.41932248 0.90783735
450.600000000 1.394964 1.500297 -0.077978 -0.00000908 -0.00000129 0.42190395 0.90664053
450.700000000 1.400067 1.506495 -0.077964 -0.00003463 -0.00001664 0.43093415 0.90238338
450.822000000 1.399436 1.508356 -0.078000 0.00000000 0.00000000 0.43059870 0.90254350
450.947000000 1.405320 1.510145 -0.078000 -0.00000000 0.00000000 0.43572978 0.90007753
451.000000000 1.407942 1.513477 -0.077988 0.00000456 0.00000124 0.43692966 0.89949568
451.100000000 1.412862 1.519746 -0.077963 0.00001733 0.00000713 0.43401711 0.90090463
451.200000000 1.414705 1.520818 -0.077970 0.00002713 0.00001542 0.42456098 0.90539935
451.322000000 1.411235 1.521770 -0.078000 -0.00000000 0.00000000 0.41888884 0.90803752
451.447000000 1.413877 1.525922 -0.078000 -0.00000000 -0.00000000 0.41348663 0.91051019
451.572000000 1.417218 1.530976 -0.078000 -0.00000000 -0.00000000 0.40797482 0.91299318
451.600000000 1.418703 1.532637 -0.077987 0.00000878 0.00000561 0.40543420 0.91412423
451.700000000 1.424105 1.538483 -0.077968 0.00003819 0.00002159 0.39633176 0.91810737
451.822000000 1.424680 1.537234 -0.078000 -0.00000000 0.00000000 0.39676815 0.91791886
451.947000000 1.429703 1.539194 -0.078000 -0.00000000 0.00000000 0.39710443 0.91777343
452.072000000 1.434570 1.540448 -0.078000 0.00000000 0.00000000 0.40052433 0.91628612
452.100000000 1.436100 1.542086 -0.078001 -0.00000474 -0.00000366 0.40191377 0.91567752
452.200000000 1.441500 1.548034 -0.077968 -0.00003426 -0.00001950 0.40871673 0.91266129
452.322000000 1.438545 1.553287 -0.078000 -0.00000000 0.00000000 0.40845239 0.91277963
452.447000000 1.441534 1.555772 -0.078000 -0.00000000 0.00000000 0.41434610 0.91011939
452.500000000 1.444310 1.558995 -0.078002 -0.00001958 -0.00001051 0.41906172 0.90795775
452.600000000 1.445884 1.561955 -0.077969 -0.00000724 -0.00000033 0.42259154 0.90632025
452.700000000 1.450986 1.568155 -0.077945 -0.00002437 -0.00000991 0.43157971 0.90207481
452.822000000 1.450153 1.567716 -0.078000 -0.00000000 -0.00000000 0.43154429 0.90209175
452.947000000 1.453268 1.572594 -0.078000 0.00000000 0.00000000 0.43712863 0.89939900
453.072000000 1.455261 1.577281 -0.078000 -0.00000000 0.00000000 0.43626538 0.89981805
453.100000000 1.456640 1.579043 -0.077988 0.00000559 0.00000263 0.43601586 0.89993898
453.200000000 1.461576 1.585299 -0.077969 0.00002051 0.00001072 0.43356844 0.90112064
453.322000000 1.463032 1.584123 -0.078000 0.00000000 0.00000000 0.42939479 0.90311689
453.447000000 1.466610 1.585918 -0.078000 0.00000000 0.00000000 0.42348132 0.90590484
453.572000000 1.469104 1.591852 -0.078000 0.00000000 -0.00000000 0.41767290 0.90859746
453.600000000 1.470552 1.593545 -0.077991 0.00000657 0.00000370 0.41514087 0.90975714
453.700000000 1.475829 1.599502 -0.077975 0.00003351 0.00001454 0.40606089 0.91384602
453.822000000 1.476613 1.596823 -0.078000 -0.00000000 -0.00000000 0.40622612 0.91377259
453.947000000 1.480313 1.600947 -0.078000 0.00000000 -0.00000000 0.40057650 0.91626332
454.000000000 1.483192 1.604031 -0.077972 0.00000950 0.00000823 0.39627113 0.91813354
454.100000000 1.485073 1.608198 -0.078007 0.00000365 -0.00000053 0.39417925 0.91903358
454.200000000 1.485963 1.611888 -0.077999 -0.00000018 -0.00000017 0.39883511 0.91702266
454.322000000 1.490637 1.614620 -0.078000 0.00000000 -0.00000000 0.40679727 0.91351846
454.447000000 1.493967 1.616909 -0.078000 0.00000000 0.00000000 0.41182558 0.91126269
454.572000000 1.497435 1.620768 -0.078000 -0.00000000 -0.00000000 0.41718044 0.90882368
454.600000000 1.498901 1.622472 -0.077971 -0.00000836 -0.00000075 0.41967396 0.90767492
454.700000000 1.504044 1.628636 -0.077953 -0.00002928 -0.00001949 0.42863916 0.90347577
454.822000000 1.504224 1.626941 -0.078000 -0.00000000 0.00000000 0.42823920 0.90366542
454.947000000 1.507297 1.630651 -0.078000 -0.00000000 0.00000000 0.43381106 0.90100387
455.072000000 1.510761 1.634178 -0.078000 -0.00000000 0.00000000 0.43941936 0.89828204
455.100000000 1.512142 1.635952 -0.077998 -0.00000585 -0.00000362 0.44192445 0.89705227
455.200000000 1.516971 1.642365 -0.077976 -0.00002966 -0.00001588 0.45083970 0.89260493
455.322000000 1.516388 1.641656 -0.078000 -0.00000000 -0.00000000 0.45053863 0.89275693
455.447000000 1.519382 1.645479 -0.078000 0.00000000 -0.00000000 0.45587089 0.89004591
455.572000000 1.521865 1.648801 -0.078000 0.00000000 0.00000000 0.45465104 0.89066965
455.600000000 1.523164 1.650616 -0.077990 0.00000512 0.00000360 0.45348982 0.89126146
455.700000000 1.527864 1.657043 -0.077964 0.00002021 0.00000740 0.44972356 0.89316780
455.822000000 1.527986 1.657292 -0.078000 -0.00000000 0.00000000 0.44511042 0.89547569
455.947000000 1.531656 1.661525 -0.078000 -0.00000000 -0.00000000 0.43951550 0.89823501
456.000000000 1.534260 1.664841 -0.077987 0.00001635 0.00000357 0.43462510 0.90061147
456.100000000 1.536250 1.667610 -0.078001 0.00000651 0.00000482 0.43130802 0.90220474
456.200000000 1.541310 1.673752 -0.077968 0.00003114 0.00001997 0.42226084 0.90647437
456.322000000 1.539193 1.673141 -0.078000 0.00000000 0.00000000 0.42258812 0.90632184
456.447000000 1.541907 1.678550 -0.078000 0.00000000 -0.00000000 0.42388072 0.90571802
456.572000000 1.546198 1.681265 -0.078000 -0.00000000 0.00000000 0.43116339 0.90227387
456.600000000 1.547621 1.683005 -0.077985 -0.00000815 -0.00000141 0.43352395 0.90114204
456.700000000 1.552566 1.689332 -0.077957 -0.00003318 -0.00000938 0.44191657 0.89705616
456.822000000 1.554050 1.686876 -0.078000 0.00000000 -0.00000000 0.44124570 0.89738634
456.947000000 1.556154 1.692497 -0.078000 0.00000000 0.00000000 0.44680899 0.89462938
457.072000000 1.560044 1.695849 -0.078000 -0.00000000 0.00000000 0.45226376 0.89188424
457.100000000 1.561374 1.697662 -0.077987 -0.00000829 -0.00000339 0.45475886 0.89061461
457.200000000 1.566014 1.704214 -0.077973 -0.00003134 -0.00001995 0.46361886 0.88603474
457.322000000 1.567819 1.703163 -0.078000 0.00000000 -0.00000000 0.46283620 0.88644382
457.447000000 1.575536 1.710263 -0.078000 0.00000000 -0.00000000 0.45874448 0.88856823
457.500000000 1.577983 1.713708 -0.077999 0.00000822 0.00000370 0.45720094 0.88936343
457.600000000 1.578178 1.717093 -0.077982 0.00000732 0.00000579 0.45036114 0.89284648
457.700000000 1.579545 1.719342 -0.077997 0.00000074 0.00000060 0.44843339 0.89381625
457.822000000 1.582417 1.722553 -0.078000 -0.00000000 0.00000000 0.44326286 0.89639168
457.947000000 1.586129 1.726174 -0.078000 0.00000000 -0.00000000 0.43754500 0.89919652
458.072000000 1.589551 1.730496 -0.078000 0.00000000 -0.00000000 0.43191263 0.90191545
458.100000000 1.590946 1.732233 -0.077976 0.00000459 0.00000378 0.42938719 0.90312050
458.200000000 1.596028 1.738358 -0.077954 0.00003091 0.00001912 0.42035932 0.90735772
458.322000000 1.594999 1.737564 -0.078000 0.00000000 0.00000000 0.42057281 0.90725879
458.447000000 1.598213 1.740288 -0.078000 -0.00000000 -0.00000000 0.41494726 0.90984547
458.572000000 1.600766 1.745670 -0.078000 -0.00000000 -0.00000000 0.40951673 0.91230261
458.600000000 1.602250 1.747339 -0.077994 0.00000473 0.00000243 0.40809462 0.91293964
458.700000000 1.607629 1.753247 -0.077973 0.00002365 0.00001157 0.40400302 0.91475765
458.822000000 1.610538 1.750972 -0.078000 -0.00000000 0.00000000 0.41514567 0.90975495
458.947000000 1.611903 1.755201 -0.078000 -0.00000000 0.00000000 0.41846551 0.90823269
459.072000000 1.614969 1.760333 -0.078000 -0.00000000 0.00000000 0.42415663 0.90558885
459.100000000 1.616410 1.762058 -0.077991 -0.00000900 -0.00000287 0.42663626 0.90442330
459.200000000 1.621446 1.768312 -0.077953 -0.00005261 -0.00002322 0.43562253 0.90012944
459.322000000 1.620713 1.766451 -0.078000 0.00000000 0.00000000 0.43546099 0.90020760
459.447000000 1.626570 1.769157 -0.078000 -0.00000000 0.00000000 0.44050845 0.89774846
459.500000000 1.629163 1.772511 -0.077993 -0.00000004 -0.00000014 0.44096723 0.89752320
459.600000000 1.634000 1.778841 -0.077959 -0.00000122 0.00000185 0.43998142 0.89800688
459.700000000 1.636506 1.781744 -0.077968 0.00003545 0.00001479 0.42849134 0.90354589
459.822000000 1.632738 1.783855 -0.078000 0.00000000 0.00000000 0.42298634 0.90613606
459.947000000 1.635249 1.788392 -0.078000 0.00000000 0.00000000 0.41763458 0.90861508
460.072000000 1.637561 1.792015 -0.078000 0.00000000 0.00000000 0.41225244 0.91106966
460.100000000 1.639031 1.793689 -0.077996 0.00000928 0.00000476 0.40971567 0.91221328
460.200000000 1.644376 1.799585 -0.077971 0.00004144 0.00002031 0.40062441 0.91624237
460.322000000 1.643376 1.799105 -0.078000 -0.00000000 0.00000000 0.40114668 0.91601383
460.447000000 1.649982 1.802405 -0.078000 0.00000000 -0.00000000 0.40202479 0.91562878
460.572000000 1.653792 1.806234 -0.078000 0.00000000 -0.00000000 0.40664297 0.91358716
460.600000000 1.655304 1.807898 -0.077987 -0.00000826 -0.00000146 0.40911272 0.91248385
460.700000000 1.660585 1.813947 -0.077958 -0.00003163 -0.00001207 0.41738642 0.90872910
460.822000000 1.658226 1.815049 -0.078000 0.00000000 -0.00000000 0.41703493 0.90889046
460.947000000 1.658313 1.820060 -0.078000 0.00000000 -0.00000000 0.42314071 0.90606398
461.000000000 1.661028 1.823348 -0.077969 -0.00002268 -0.00000896 0.43019011 0.90273832
461.100000000 1.665176 1.824734 -0.078015 -0.00001965 -0.00001270 0.44239310 0.89682124
461.200000000 1.669860 1.825754 -0.077999 -0.00000282 -0.00000125 0.45415041 0.89092503
461.322000000 1.671267 1.829642 -0.078000 0.00000000 -0.00000000 0.46788845 0.88378753
461.447000000 1.671748 1.834765 -0.078000 -0.00000000 0.00000000 0.47887983 0.87788046
461.572000000 1.677499 1.837857 -0.078000 0.00000000 0.00000000 0.49191596 0.87064269
461.600000000 1.678666 1.839783 -0.077985 -0.00000933 -0.00000166 0.49560774 0.86854647
461.700000000 1.682635 1.846768 -0.077956 -0.00003331 -0.00001349 0.50763621 0.86157152
461.822000000 1.681420 1.847117 -0.078000 0.00000000 -0.00000000 0.50239826 0.86463633
461.947000000 1.684924 1.850619 -0.078000 0.00000000 -0.00000000 0.50769650 0.86153599
462.072000000 1.687594 1.854406 -0.078000 0.00000000 -0.00000000 0.51314170 0.85830391
462.100000000 1.688661 1.856385 -0.077989 -0.00000603 -0.00000430 0.51551886 0.85687823
462.200000000 1.692347 1.863517 -0.077970 -0.00003725 -0.00002837 0.52390435 0.85177710
462.322000000 1.695503 1.861789 -0.078000 0.00000000 0.00000000 0.52329256 0.85215309
462.447000000 1.697895 1.865575 -0.078000 -0.00000000 0.00000000 0.51931190 0.85458478
462.572000000 1.697639 1.871228 -0.078000 -0.00000000 0.00000000 0.51148428 0.85929263
462.600000000 1.698692 1.873194 -0.078011 0.00000537 -0.00000046 0.50935997 0.86055355
462.700000000 1.698884 1.876251 -0.077999 0.00000079 0.00000065 0.50610377 0.86247260
462.822000000 1.701633 1.879368 -0.078000 0.00000000 -0.00000000 0.50114608 0.86536270
462.947000000 1.703689 1.884623 -0.078000 0.00000000 0.00000000 0.49586270 0.86840093
463.072000000 1.705881 1.888981 -0.078000 -0.00000000 0.00000000 0.49041789 0.87148740
463.100000000 1.707035 1.890887 -0.077984 0.00000398 0.00000523 0.48799050 0.87284894
463.200000000 1.711267 1.897627 -0.077956 0.00003292 0.00001943 0.47927704 0.87766367
463.322000000 1.711460 1.896613 -0.078000 0.00000000 -0.00000000 0.47960611 0.87748389
463.447000000 1.714538 1.901365 -0.078000 0.00000000 -0.00000000 0.47399868 0.88052556
463.572000000 1.717536 1.905934 -0.078000 -0.00000000 -0.00000000 0.46855234 0.88343574
463.600000000 1.718784 1.907780 -0.077986 0.00000764 0.00000509 0.46626389 0.88464568
463.700000000 1.723363 1.914314 -0.077962 0.00002937 0.00001634 0.46008128 0.88787680
463.822000000 1.720953 1.914827 -0.078000 -0.00000000 0.00000000 0.46673885 0.88439519
463.947000000 1.726598 1.916745 -0.078000 0.00000000 -0.00000000 0.47406526 0.88048971
464.072000000 1.728160 1.921403 -0.078000 0.00000000 -0.00000000 0.47945554 0.87756617
464.100000000 1.729376 1.923293 -0.077999 -0.00000814 -0.00000491 0.48183266 0.87626325
464.200000000 1.733605 1.930119 -0.077982 -0.00004586 -0.00001983 0.49046727 0.87145961
464.322000000 1.733938 1.928642 -0.078000 0.00000000 -0.00000000 0.48989927 0.87177905
464.447000000 1.738350 1.932073 -0.078000 -0.00000000 0.00000000 0.49469160 0.86906860
464.500000000 1.740517 1.935722 -0.077998 -0.00000103 -0.00000116 0.49577494 0.86845104
464.600000000 1.744519 1.942609 -0.077953 -0.00000300 0.00000202 0.49531417 0.86871392
464.700000000 1.746566 1.945241 -0.077955 0.00003474 0.00002019 0.48351805 0.87533439
464.822000000 1.743648 1.947330 -0.078000 0.00000000 -0.00000000 0.47781959 0.87845799
464.947000000 1.744580 1.952558 -0.078000 0.00000000 -0.00000000 0.47259697 0.88127868
465.072000000 1.747529 1.956481 -0.078000 0.00000000 -0.00000000 0.46741879 0.88403602
465.100000000 1.748783 1.958323 -0.078003 0.00001139 0.00000351 0.46496024 0.88533156
465.200000000 1.753364 1.964829 -0.077976 0.00004147 0.00001877 0.45614017 0.88990794
465.322000000 1.753585 1.963864 -0.078000 0.00000000 0.00000000 0.45644934 0.88974940
465.447000000 1.757069 1.968966 -0.078000 -0.00000000 0.00000000 0.45101190 0.89251793
465.572000000 1.760298 1.972926 -0.078000 0.00000000 0.00000000 0.44547214 0.89529580
465.600000000 1.761640 1.974705 -0.077998 0.00000673 0.00000262 0.44297230 0.89653530
465.700000000 1.766540 1.980976 -0.077961 0.00002765 0.00001439 0.43401761 0.90090439
465.822000000 1.766035 1.979649 -0.078000 0.00000000 0.00000000 0.43431863 0.90075931
465.947000000 1.768942 1.983461 -0.078000 -0.00000000 0.00000000 0.42874916 0.90342358
466.000000000 1.771626 1.986715 -0.077995 0.00001551 0.00000904 0.42397273 0.90567496
466.100000000 1.773291 1.988369 -0.077982 0.00000752 0.00000289 0.42061640 0.90723858
466.200000000 1.776723 1.991663 -0.078000 0.00000095 0.00000016 0.41729114 0.90877286
466.322000000 1.779090 1.995234 -0.078000 0.00000000 -0.00000000 0.41181660 0.91126675
466.447000000 1.780186 2.000143 -0.078000 0.00000000 0.00000000 0.40649994 0.91365081
466.572000000 1.785655 2.003534 -0.078000 -0.00000000 0.00000000 0.40846169 0.91277546
466.600000000 1.787158 2.005197 -0.077999 -0.00000565 -0.00000157 0.40920914 0.91244062
466.700000000 1.792488 2.011199 -0.077968 -0.00002892 -0.00001205 0.41344751 0.91052795
466.822000000 1.793454 2.010092 -0.078000 0.00000000 -0.00000000 0.41801076 0.90844208
466.947000000 1.796469 2.014005 -0.078000 0.00000000 -0.00000000 0.42377520 0.90576740
467.072000000 1.799659 2.017467 -0.078000 0.00000000 -0.00000000 0.42947168 0.90308032
467.100000000 1.801080 2.019209 -0.077988 -0.00000773 -0.00000311 0.43200448 0.90187146
467.200000000 1.806048 2.025517 -0.077965 -0.00003438 -0.00001299 0.44098451 0.89751471
467.322000000 1.804936 2.025963 -0.078000 0.00000000 -0.00000000 0.44084318 0.89758414
467.447000000 1.808365 2.028312 -0.078000 0.00000000 -0.00000000 0.44638688 0.89484007
467.572000000 1.810572 2.032007 -0.078000 -0.00000000 0.00000000 0.45204880 0.89199321
467.600000000 1.811903 2.033819 -0.077980 -0.00000799 -0.00000234 0.45453550 0.89072862
467.700000000 1.816542 2.040372 -0.077969 -0.00004667 -0.00002405 0.46338785 0.88615557
467.822000000 1.816971 2.040103 -0.078000 -0.00000000 0.00000000 0.46328322 0.88621028
467.947000000 1.820314 2.044428 -0.078000 -0.00000000 -0.00000000 0.46887423 0.88326494
468.000000000 1.822696 2.047955 -0.077979 -0.00002468 -0.00001286 0.47353182 0.88077671
468.100000000 1.827045 2.054705 -0.077963 -0.00006416 -0.00003016 0.48228380 0.87601503
468.200000000 1.828108 2.056150 -0.077972 -0.00000845 -0.00000418 0.48423415 0.87493845
468.322000000 1.826609 2.055863 -0.078000 0.00000000 -0.00000000 0.47883727 0.87790368
468.447000000 1.826890 2.059329 -0.078000 0.00000000 0.00000000 0.47412924 0.88045526
468.572000000 1.827759 2.063362 -0.078000 -0.00000000 0.00000000 0.46515649 0.88522847
468.600000000 1.829013 2.065194 -0.077984 0.00001766 0.00001048 0.46071889 0.88754612
468.700000000 1.833679 2.071593 -0.077956 0.00006854 0.00003402 0.44448944 0.89578409
468.822000000 1.836402 2.075307 -0.078000 -0.00000000 0.00000000 0.44597335 0.89504624
468.947000000 1.839909 2.078572 -0.078000 0.00000000 0.00000000 0.43483462 0.90051033
469.072000000 1.843352 2.082736 -0.078000 -0.00000000 -0.00000000 0.42359135 0.90585339
469.100000000 1.844770 2.084441 -0.077994 0.00001247 0.00000467 0.41854826 0.90819456
469.200000000 1.850043 2.090355 -0.077979 0.00006952 0.00003423 0.40038732 0.91634600
469.322000000 1.849937 2.091899 -0.078000 -0.00000000 0.00000000 0.40091572 0.91611494
469.447000000 1.853169 2.094742 -0.078000 -0.00000000 0.00000000 0.38960410 0.92098243
469.500000000 1.856122 2.097726 -0.077994 0.00002521 0.00001195 0.37985592 0.92504566
469.600000000 1.858256 2.098289 -0.077973 0.00002041 0.00000893 0.37289571 0.92787326
469.700000000 1.860981 2.099297 -0.078001 0.00000207 0.00000036 0.36601533 0.93060882
469.822000000 1.863536 2.103135 -0.078000 0.00000000 0.00000000 0.35492874 0.93489336
469.947000000 1.867140 2.105180 -0.078000 -0.00000000 0.00000000 0.34327651 0.93923439
470.072000000 1.871086 2.109345 -0.078000 -0.00000000 -0.00000000 0.33153039 0.94344454
470.100000000 1.872815 2.110735 -0.077989 0.00001583 0.00000764 0.32626131 0.94527962
470.200000000 1.879143 2.115500 -0.077958 0.00006927 0.00002376 0.30736133 0.95159288
470.322000000 1.878555 2.115436 -0.078000 -0.00000000 -0.00000000 0.30783313 0.95144036
470.447000000 1.881058 2.119240 -0.078000 -0.00000000 0.00000000 0.29643927 0.95505171
470.572000000 1.887112 2.121083 -0.078000 -0.00000000 -0.00000000 0.29311827 0.95607619
470.600000000 1.888961 2.122324 -0.077992 0.00001067 0.00000381 0.29017032 0.95697502
470.700000000 1.895624 2.126675 -0.077964 0.00004467 0.00001248 0.28024868 0.95992743
470.822000000 1.895810 2.127669 -0.078000 0.00000000 -0.00000000 0.28041938 0.95987758
470.947000000 1.899654 2.128958 -0.078000 0.00000000 0.00000000 0.27436890 0.96162451
471.072000000 1.906266 2.131357 -0.078000 0.00000000 -0.00000000 0.27476122 0.96151249
471.100000000 1.908172 2.132531 -0.077996 -0.00000171 -0.00000365 0.27498765 0.96144776
471.200000000 1.909963 2.133066 -0.078000 -0.00000054 -0.00000012 0.27879272 0.96035130
471.322000000 1.914060 2.134556 -0.078000 0.00000000 0.00000000 0.28878765 0.95739317
471.447000000 1.920202 2.136339 -0.078000 -0.00000000 0.00000000 0.30326941 0.95290486
471.572000000 1.924076 2.139978 -0.078000 -0.00000000 -0.00000000 0.32376948 0.94613600
471.600000000 1.925879 2.141354 -0.078013 -0.00002471 -0.00001147 0.33266026 0.94304674
471.700000000 1.932056 2.146671 -0.077975 -0.00016462 -0.00006135 0.36988115 0.92907906
471.822000000 1.927786 2.149308 -0.078000 0.00000000 -0.00000000 0.37400263 0.92742764
471.947000000 1.928639 2.153845 -0.078000 -0.00000000 0.00000000 0.40234346 0.91548880
472.072000000 1.931589 2.158937 -0.078000 0.00000000 -0.00000000 0.43078493 0.90245462
472.100000000 1.933032 2.160711 -0.077989 -0.00003839 -0.00001755 0.44331512 0.89636583
472.200000000 1.937661 2.167443 -0.077968 -0.00017695 -0.00008828 0.48731765 0.87322475
472.322000000 1.937302 2.166904 -0.078000 0.00000000 0.00000000 0.48632697 0.87377690
472.447000000 1.940504 2.170514 -0.078000 0.00000000 0.00000000 0.51348774 0.85809693
472.572000000 1.941849 2.174718 -0.078000 -0.00000000 0.00000000 0.54013033 0.84158138
472.600000000 1.942811 2.176792 -0.077992 -0.00003763 -0.00002461 0.55181712 0.83396515
472.700000000 1.945600 2.184472 -0.077973 -0.00015975 -0.00010880 0.59265945 0.80545312
472.822000000 1.946416 2.183968 -0.078000 -0.00000000 0.00000000 0.59164387 0.80619943
472.947000000 1.947260 2.188377 -0.078000 -0.00000000 0.00000000 0.61660924 0.78726936
473.000000000 1.948280 2.192582 -0.077977 -0.00006062 -0.00004771 0.63717646 0.77071795
473.100000000 1.949378 2.200683 -0.077962 -0.00018111 -0.00015505 0.67476175 0.73803559
473.200000000 1.950107 2.204233 -0.077981 -0.00016411 -0.00014325 0.68848371 0.72525178
473.322000000 1.950863 2.202948 -0.078000 0.00000000 0.00000000 0.68739984 0.72627919
473.447000000 1.950569 2.209238 -0.078000 0.00000000 0.00000000 0.70971429 0.70448962
473.572000000 1.951231 2.213972 -0.078000 -0.00000000 -0.00000000 0.73132013 0.68203436
473.600000000 1.951078 2.216254 -0.077983 -0.00003245 -0.00003323 0.74076155 0.67176806
473.700000000 1.949885 2.224335 -0.077956 -0.00013332 -0.00014818 0.77329206 0.63404995
473.822000000 1.950193 2.223508 -0.078000 0.00000000 0.00000000 0.77235369 0.63519271
473.947000000 1.948662 2.228822 -0.078000 -0.00000000 0.00000000 0.79178213 0.61080362
474.072000000 1.947916 2.232707 -0.078000 -0.00000000 0.00000000 0.81036871 0.58592026
474.100000000 1.947211 2.234882 -0.077993 -0.00002506 -0.00003734 0.81846163 0.57456119
474.293000000 1.942777 2.245536 -0.077975 -0.00008687 -0.00013291 0.85518013 0.51833091
474.322000000 1.944345 2.241992 -0.078000 0.00000000 0.00000000 0.84527587 0.53433015
474.447000000 1.941297 2.245992 -0.078000 0.00000000 0.00000000 0.86153910 0.50769123
474.500000000 1.939106 2.249726 -0.077985 -0.00004307 -0.00007604 0.87464046 0.48477216
474.600000000 1.938145 2.252367 -0.078009 -0.00001710 -0.00003370 0.88336213 0.46869110
474.700000000 1.934398 2.256776 -0.077998 -0.00000215 -0.00000369 0.88909294 0.45772671
474.822000000 1.934481 2.259916 -0.078000 -0.00000000 0.00000000 0.90072847 0.43438257
474.947000000 1.930901 2.263948 -0.078000 0.00000000 0.00000000 0.90781847 0.41936337
475.072000000 1.931006 2.267579 -0.078000 -0.00000000 0.00000000 0.91559548 0.40210063
475.100000000 1.929477 2.269250 -0.077974 -0.00001190 -0.00002126 0.91841264 0.39562384
475.200000000 1.923793 2.274966 -0.077957 -0.00003628 -0.00008204 0.92703895 0.37496502
475.322000000 1.917876 2.274894 -0.078000 -0.00000000 -0.00000000 0.92210084 0.38694965
475.447000000 1.916840 2.277748 -0.078000 0.00000000 -0.00000000 0.92555014 0.37862506
475.572000000 1.913723 2.280764 -0.078000 0.00000000 0.00000000 0.92770469 0.37331489
475.600000000 1.912103 2.282322 -0.077997 -0.00000331 -0.00000700 0.92875261 0.37070014
475.700000000 1.906224 2.287791 -0.077976 -0.00001610 -0.00003097 0.93241354 0.36139311
475.822000000 1.906522 2.286965 -0.078000 -0.00000000 0.00000000 0.93224647 0.36182388
475.947000000 1.900955 2.290743 -0.078000 0.00000000 -0.00000000 0.93206801 0.36228336
476.072000000 1.900232 2.294071 -0.078000 0.00000000 -0.00000000 0.93296616 0.35996408
476.100000000 1.898578 2.295577 -0.077998 -0.00000101 -0.00000002 0.93291259 0.36010291
476.200000000 1.892658 2.300948 -0.077972 0.00000214 0.00000013 0.93284639 0.36027436
476.322000000 1.893441 2.299475 -0.078000 0.00000000 -0.00000000 0.93270361 0.36064384
476.447000000 1.888961 2.303653 -0.078000 -0.00000000 0.00000000 0.93264645 0.36079163
476.500000000 1.885826 2.306504 -0.077991 -0.00000278 -0.00000406 0.93264810 0.36078737
476.600000000 1.879912 2.311881 -0.077958 -0.00000663 -0.00001395 0.93264983 0.36078289
476.700000000 1.878097 2.314066 -0.077968 0.00000846 0.00000881 0.93260733 0.36089274
476.822000000 1.877745 2.314389 -0.078000 -0.00000000 0.00000000 0.93258136 0.36095984
476.947000000 1.873510 2.317709 -0.078000 -0.00000000 0.00000000 0.93258301 0.36095558
477.072000000 1.869903 2.321332 -0.078000 0.00000000 0.00000000 0.93255016 0.36104043
477.100000000 1.868249 2.322840 -0.078003 0.00000205 0.00000251 0.93255022 0.36104028
477.200000000 1.862339 2.328223 -0.077976 -0.00000277 0.00000452 0.93255035 0.36103994
477.322000000 1.862263 2.327792 -0.078000 -0.00000000 0.00000000 0.93250851 0.36114799
477.447000000 1.858403 2.331299 -0.078000 -0.00000000 0.00000000 0.93251194 0.36113914
477.572000000 1.854619 2.334635 -0.078000 0.00000000 0.00000000 0.93249074 0.36119388
477.600000000 1.852965 2.336143 -0.077991 -0.00000213 -0.00000315 0.93249075 0.36119385
477.700000000 1.847055 2.341526 -0.077955 -0.00000687 -0.00001016 0.93249080 0.36119371
477.822000000 1.847262 2.342511 -0.078000 0.00000000 0.00000000 0.93242897 0.36135331
477.947000000 1.843427 2.345443 -0.078000 0.00000000 0.00000000 0.93242521 0.36136301
478.000000000 1.840296 2.348297 -0.077985 -0.00000370 -0.00000607 0.93242524 0.36136294
478.100000000 1.837548 2.349749 -0.077972 -0.00000239 0.00000101 0.93242962 0.36135164
478.200000000 1.831642 2.355138 -0.077973 0.00000091 0.00000922 0.93242967 0.36135150
478.322000000 1.831539 2.354383 -0.078000 0.00000000 0.00000000 0.93245536 0.36128521
478.447000000 1.828785 2.356849 -0.078000 -0.00000000 -0.00000000 0.93245047 0.36129782
478.572000000 1.824881 2.360106 -0.078000 -0.00000000 -0.00000000 0.93245254 0.36129250
478.600000000 1.823227 2.361615 -0.077999 0.00000036 0.00000261 0.93245256 0.36129244
478.700000000 1.817322 2.367001 -0.077965 0.00000441 0.00000499 0.93245262 0.36129227
478.822000000 1.817514 2.366303 -0.078000 0.00000000 0.00000000 0.93246367 0.36126375
478.947000000 1.814288 2.369621 -0.078000 -0.00000000 0.00000000 0.93246633 0.36125690
479.072000000 1.811336 2.373311 -0.078000 0.00000000 -0.00000000 0.93244769 0.36130500
479.100000000 1.809682 2.374820 -0.077993 0.00000038 0.00000004 0.93244771 0.36130496
479.200000000 1.803776 2.380205 -0.077962 0.00000085 -0.00000065 0.93244776 0.36130482
479.322000000 1.803545 2.381695 -0.078000 -0.00000000 0.00000000 0.93239030 0.36145307
479.447000000 1.799993 2.385808 -0.078000 0.00000000 -0.00000000 0.93238222 0.36147392
479.500000000 1.796864 2.388663 -0.077975 -0.00000096 0.00000062 0.93238225 0.36147385
479.600000000 1.794316 2.389639 -0.078002 0.00000129 -0.00000245 0.93237627 0.36148927
479.700000000 1.791508 2.392694 -0.078000 -0.00000004 -0.00000003 0.93235936 0.36153289
479.822000000 1.787896 2.396178 -0.078000 0.00000000 0.00000000 0.93235866 0.36153467
479.947000000 1.784019 2.399683 -0.078000 -0.00000000 -0.00000000 0.93233882 0.36158584
480.072000000 1.779672 2.403199 -0.078000 0.00000000 0.00000000 0.93233020 0.36160808
480.100000000 1.778019 2.404708 -0.078008 -0.00000067 -0.00000060 0.93233020 0.36160807
480.200000000 1.772116 2.410098 -0.077968 -0.00000047 0.00000478 0.93233026 0.36160791
480.322000000 1.772436 2.410193 -0.078000 0.00000000 -0.00000000 0.93227406 0.36175279
480.447000000 1.767721 2.413330 -0.078000 0.00000000 -0.00000000 0.93227927 0.36173936
480.572000000 1.763780 2.415974 -0.078000 -0.00000000 0.00000000 0.93228746 0.36171826
480.600000000 1.762127 2.417483 -0.077990 -0.00000011 -0.00000047 0.93228747 0.36171823
480.700000000 1.756226 2.422875 -0.077969 0.00000389 0.00000239 0.93228752 0.36171811
480.822000000 1.756558 2.421824 -0.078000 0.00000000 0.00000000 0.93227291 0.36175576
480.947000000 1.753089 2.424870 -0.078000 -0.00000000 0.00000000 0.93228147 0.36173368
481.072000000 1.749379 2.428315 -0.078000 0.00000000 0.00000000 0.93226765 0.36176930
481.100000000 1.747727 2.429825 -0.077987 -0.00000084 0.00000062 0.93226766 0.36176927
481.200000000 1.741825 2.435217 -0.077980 -0.00000173 0.00000030 0.93226770 0.36176918
481.322000000 1.741642 2.435591 -0.078000 0.00000000 -0.00000000 0.93227411 0.36175266
481.447000000 1.739006 2.438588 -0.078000 -0.00000000 0.00000000 0.93226235 0.36178296
481.500000000 1.735878 2.441445 -0.077994 -0.00000205 -0.00000456 0.93226237 0.36178292
481.600000000 1.729976 2.446836 -0.077952 -0.00000679 -0.00000341 0.93226239 0.36178285
481.700000000 1.728231 2.449468 -0.077961 0.00000295 0.00001025 0.93226680 0.36177148
481.822000000 1.728466 2.449304 -0.078000 -0.00000000 0.00000000 0.93229424 0.36170079
481.947000000 1.724905 2.454078 -0.078000 0.00000000 0.00000000 0.93231685 0.36164249
482.072000000 1.720339 2.458042 -0.078000 0.00000000 0.00000000 0.93232214 0.36162884
482.100000000 1.718686 2.459552 -0.078007 0.00000212 -0.00000119 0.93232216 0.36162881
482.200000000 1.712784 2.464940 -0.077976 0.00000460 -0.00000377 0.93232220 0.36162870
482.322000000 1.713537 2.464916 -0.078000 0.00000000 -0.00000000 0.93228252 0.36173097
482.447000000 1.710362 2.467221 -0.078000 -0.00000000 -0.00000000 0.93225927 0.36179089
482.572000000 1.707194 2.470574 -0.078000 0.00000000 0.00000000 0.93223534 0.36185254
482.600000000 1.705542 2.472084 -0.077987 -0.00000036 0.00000073 0.93223536 0.36185250
482.700000000 1.699642 2.477477 -0.077964 -0.00000125 -0.00000181 0.93223541 0.36185236
482.822000000 1.698376 2.476958 -0.078000 0.00000000 -0.00000000 0.93221851 0.36189590
482.947000000 1.695321 2.479692 -0.078000 -0.00000000 0.00000000 0.93218804 0.36197440
483.000000000 1.692195 2.482552 -0.077987 0.00000365 -0.00000019 0.93218808 0.36197430
483.100000000 1.690276 2.484666 -0.078000 -0.00000292 -0.00000331 0.93216518 0.36203324
483.200000000 1.688536 2.486956 -0.077997 -0.00000028 0.00000029 0.93215878 0.36204973
483.322000000 1.684607 2.490295 -0.078000 -0.00000000 0.00000000 0.93215912 0.36204886
483.447000000 1.679913 2.493661 -0.078000 0.00000000 0.00000000 0.93216510 0.36203347
483.572000000 1.676186 2.497821 -0.078000 0.00000000 0.00000000 0.93215872 0.36204989
483.600000000 1.674535 2.499332 -0.077997 0.00000080 0.00000059 0.93215874 0.36204985
483.700000000 1.668637 2.504728 -0.077982 0.00000359 0.00000523 0.93215879 0.36204972
483.822000000 1.669147 2.505339 -0.078000 0.00000000 -0.00000000 0.93216040 0.36204556
483.947000000 1.665249 2.508448 -0.078000 0.00000000 0.00000000 0.93216231 0.36204065
484.072000000 1.660893 2.511733 -0.078000 -0.00000000 -0.00000000 0.93213813 0.36210289
484.100000000 1.659242 2.513244 -0.077999 0.00000101 -0.00000066 0.93213814 0.36210286
484.200000000 1.653345 2.518639 -0.077975 0.00000179 -0.00000246 0.93213819 0.36210275
484.322000000 1.653090 2.518280 -0.078000 0.00000000 0.00000000 0.93213260 0.36211714
484.447000000 1.650077 2.520926 -0.078000 -0.00000000 0.00000000 0.93211109 0.36217249
484.572000000 1.647000 2.524892 -0.078000 0.00000000 0.00000000 0.93207145 0.36227451
484.600000000 1.645349 2.526403 -0.077996 -0.00000015 0.00000051 0.93207146 0.36227448
484.700000000 1.639454 2.531801 -0.077958 0.00000145 -0.00000143 0.93207150 0.36227437
484.822000000 1.638989 2.531431 -0.078000 0.00000000 0.00000000 0.93204743 0.36233629
484.947000000 1.634228 2.535495 -0.078000 0.00000000 -0.00000000 0.93206056 0.36230253
485.000000000 1.631104 2.538356 -0.077976 0.00000001 0.00000085 0.93206058 0.36230246
485.100000000 1.625209 2.543755 -0.077968 0.00000406 -0.00000236 0.93206063 0.36230235
485.200000000 1.623016 2.546221 -0.077990 -0.00000279 -0.00000397 0.93206443 0.36229256
485.322000000 1.623756 2.545374 -0.078000 0.00000000 0.00000000 0.93206116 0.36230096
485.447000000 1.620446 2.549562 -0.078000 0.00000000 -0.00000000 0.93202601 0.36239138
485.572000000 1.616603 2.553036 -0.078000 -0.00000000 -0.00000000 0.93202198 0.36240174
485.600000000 1.614952 2.554548 -0.077993 -0.00000207 -0.00000005 0.93202199 0.36240174
485.700000000 1.609058 2.559948 -0.077960 -0.00000194 0.00000332 0.93202203 0.36240161
485.822000000 1.610279 2.555378 -0.078000 -0.00000000 -0.00000000 0.93199696 0.36246609
485.947000000 1.606552 2.556339 -0.078000 -0.00000000 0.00000000 0.93196566 0.36254656
486.072000000 1.602973 2.557833 -0.078000 -0.00000000 0.00000000 0.93197705 0.36251728
486.100000000 1.601324 2.559346 -0.077982 0.00000029 0.00000178 0.93197706 0.36251724
486.200000000 1.595432 2.564747 -0.077964 0.00000381 0.00000101 0.93197710 0.36251714
486.322000000 1.595465 2.562267 -0.078000 0.00000000 -0.00000000 0.93198762 0.36249011
486.447000000 1.591270 2.565663 -0.078000 0.00000000 -0.00000000 0.93198487 0.36249716
486.500000000 1.588147 2.568526 -0.077976 0.00000059 0.00000296 0.93198490 0.36249711
486.600000000 1.585017 2.570898 -0.078013 0.00000387 -0.00000183 0.93199610 0.36246830
486.700000000 1.583227 2.573679 -0.077998 -0.00000037 0.00000009 0.93197012 0.36253509
486.822000000 1.579904 2.577726 -0.078000 -0.00000000 0.00000000 0.93200519 0.36244493
486.947000000 1.576840 2.579659 -0.078000 -0.00000000 0.00000000 0.93199196 0.36247895
487.072000000 1.573017 2.582377 -0.078000 0.00000000 0.00000000 0.93200677 0.36244086
487.100000000 1.571367 2.583889 -0.077976 -0.00000328 -0.00000007 0.93200678 0.36244085
487.200000000 1.565472 2.589290 -0.077960 -0.00000609 -0.00000141 0.93200681 0.36244077
487.322000000 1.565963 2.588708 -0.078000 -0.00000000 -0.00000000 0.93200997 0.36243263
487.447000000 1.562143 2.592173 -0.078000 0.00000000 0.00000000 0.93201679 0.36241509
487.572000000 1.558005 2.595920 -0.078000 0.00000000 0.00000000 0.93201908 0.36240921
487.600000000 1.556354 2.597432 -0.077986 -0.00000164 0.00000138 0.93201909 0.36240918
487.700000000 1.550460 2.602833 -0.077962 -0.00000440 0.00000253 0.93201913 0.36240907
487.822000000 1.550261 2.604625 -0.078000 -0.00000000 -0.00000000 0.93202059 0.36240533
487.947000000 1.547125 2.607684 -0.078000 -0.00000000 0.00000000 0.93199852 0.36246208
488.072000000 1.543240 2.610559 -0.078000 -0.00000000 0.00000000 0.93197472 0.36252328
488.100000000 1.541590 2.612072 -0.077999 0.00000331 0.00000026 0.93197474 0.36252322
488.200000000 1.539349 2.613440 -0.078000 0.00000006 -0.00000020 0.93197360 0.36252615
488.322000000 1.536348 2.616441 -0.078000 0.00000000 0.00000000 0.93197149 0.36253156
488.447000000 1.531519 2.619051 -0.078000 -0.00000000 0.00000000 0.93199944 0.36245971
488.572000000 1.528116 2.622721 -0.078000 0.00000000 -0.00000000 0.93200092 0.36245590
488.600000000 1.526466 2.624233 -0.077983 -0.00000113 -0.00000123 0.93200092 0.36245592
488.700000000 1.520573 2.629632 -0.077950 0.00000018 -0.00000440 0.93200095 0.36245583
488.822000000 1.520700 2.630608 -0.078000 -0.00000000 0.00000000 0.93203214 0.36237563
488.947000000 1.517603 2.633957 -0.078000 -0.00000000 0.00000000 0.93203782 0.36236101
489.072000000 1.513890 2.637483 -0.078000 -0.00000000 0.00000000 0.93204150 0.36235154
489.100000000 1.512240 2.638995 -0.077985 -0.00000072 0.00000064 0.93204151 0.36235151
489.200000000 1.506345 2.644395 -0.077956 -0.00000210 0.00000343 0.93204155 0.36235142
489.322000000 1.506412 2.643191 -0.078000 -0.00000000 0.00000000 0.93203970 0.36235618
489.447000000 1.502358 2.646686 -0.078000 0.00000000 0.00000000 0.93204924 0.36233163
489.572000000 1.498843 2.650845 -0.078000 0.00000000 0.00000000 0.93203039 0.36238011
489.600000000 1.497193 2.652357 -0.077983 -0.00000231 0.00000152 0.93203041 0.36238007
489.700000000 1.491298 2.657757 -0.077958 -0.00000374 0.00000196 0.93203044 0.36237998
489.822000000 1.491676 2.658753 -0.078000 -0.00000000 0.00000000 0.93200849 0.36243645
489.947000000 1.487519 2.662301 -0.078000 0.00000000 -0.00000000 0.93199894 0.36246099
490.000000000 1.484396 2.665163 -0.077971 -0.00000143 0.00000017 0.93199897 0.36246093
490.100000000 1.478502 2.670564 -0.077963 0.00000172 -0.00000410 0.93199900 0.36246084
490.200000000 1.477248 2.671644 -0.077985 0.00000015 -0.00000212 0.93201256 0.36242598
490.322000000 1.477058 2.670291 -0.078000 0.00000000 0.00000000 0.93198441 0.36249837
490.447000000 1.473548 2.673689 -0.078000 0.00000000 -0.00000000 0.93199241 0.36247780
490.572000000 1.469771 2.678606 -0.078000 0.00000000 0.00000000 0.93201105 0.36242985
490.600000000 1.468121 2.680118 -0.077987 -0.00000006 0.00000130 0.93201107 0.36242981
490.700000000 1.462227 2.685520 -0.077965 -0.00000064 0.00000679 0.93201111 0.36242970
490.822000000 1.462160 2.681243 -0.078000 0.00000000 -0.00000000 0.93201837 0.36241103
490.947000000 1.459459 2.684976 -0.078000 0.00000000 0.00000000 0.93202424 0.36239593
491.072000000 1.455410 2.686515 -0.078000 -0.00000000 0.00000000 0.93204951 0.36233095
491.100000000 1.453760 2.688027 -0.077998 0.00000050 -0.00000024 0.93204951 0.36233094
491.200000000 1.447866 2.693426 -0.077972 0.00000273 0.00000314 0.93204956 0.36233082
491.322000000 1.448637 2.691885 -0.078000 -0.00000000 0.00000000 0.93203836 0.36235962
491.447000000 1.444868 2.695147 -0.078000 0.00000000 0.00000000 0.93203740 0.36236209
491.500000000 1.441744 2.698009 -0.078005 0.00000166 0.00000080 0.93203742 0.36236205
491.600000000 1.439890 2.701461 -0.077984 -0.00000175 0.00000220 0.93201746 0.36241337
491.700000000 1.437572 2.703714 -0.077998 0.00000020 0.00000004 0.93202404 0.36239645
491.822000000 1.433617 2.706133 -0.078000 -0.00000000 0.00000000 0.93201397 0.36242234
491.947000000 1.430130 2.709758 -0.078000 0.00000000 0.00000000 0.93201411 0.36242199
492.072000000 1.425483 2.712551 -0.078000 0.00000000 0.00000000 0.93202391 0.36239678
492.100000000 1.423833 2.714063 -0.078000 0.00000328 -0.00000159 0.93202393 0.36239674
492.200000000 1.417939 2.719462 -0.077981 0.00000462 0.00000032 0.93202395 0.36239668
492.322000000 1.418511 2.721075 -0.078000 0.00000000 0.00000000 0.93200720 0.36243975
492.447000000 1.415735 2.723803 -0.078000 -0.00000000 -0.00000000 0.93200112 0.36245540
492.572000000 1.412036 2.726312 -0.078000 -0.00000000 -0.00000000 0.93201079 0.36243053
492.600000000 1.410386 2.727824 -0.077997 0.00000009 0.00000222 0.93201081 0.36243048
492.700000000 1.404493 2.733226 -0.077969 -0.00000133 0.00000667 0.93201085 0.36243037
492.822000000 1.405337 2.733087 -0.078000 -0.00000000 -0.00000000 0.93205207 0.36232437
492.947000000 1.402239 2.736132 -0.078000 0.00000000 -0.00000000 0.93205245 0.36232337
493.072000000 1.398386 2.739001 -0.078000 0.00000000 -0.00000000 0.93205197 0.36232461
493.100000000 1.396736 2.740513 -0.077982 -0.00000152 0.00000281 0.93205199 0.36232457
493.200000000 1.390842 2.745912 -0.077962 0.00000425 0.00000161 0.93205203 0.36232446
493.322000000 1.390425 2.746289 -0.078000 -0.00000000 0.00000000 0.93203684 0.36236354
493.447000000 1.386642 2.749034 -0.078000 -0.00000000 0.00000000 0.93200054 0.36245690
493.500000000 1.383518 2.751896 -0.077980 0.00000056 0.00000274 0.93200057 0.36245681
493.600000000 1.377626 2.757297 -0.077971 0.00000838 0.00000367 0.93200061 0.36245670
493.700000000 1.375859 2.759515 -0.077976 0.00000030 -0.00000407 0.93196413 0.36255049
493.822000000 1.374940 2.758762 -0.078000 0.00000000 -0.00000000 0.93195260 0.36258012
493.947000000 1.370988 2.762184 -0.078000 0.00000000 0.00000000 0.93196360 0.36255187
494.072000000 1.368139 2.764505 -0.078000 -0.00000000 0.00000000 0.93192582 0.36264895
494.100000000 1.366490 2.766018 -0.077983 -0.00000141 -0.00000024 0.93192583 0.36264892
494.200000000 1.360598 2.771421 -0.077963 -0.00000310 -0.00000212 0.93192586 0.36264886
494.322000000 1.360435 2.771622 -0.078000 0.00000000 0.00000000 0.93195280 0.36257962
494.447000000 1.357167 2.776109 -0.078000 0.00000000 -0.00000000 0.93198393 0.36249959
494.572000000 1.353752 2.778615 -0.078000 0.00000000 -0.00000000 0.93200632 0.36244201
494.600000000 1.352102 2.780127 -0.077992 -0.00000075 -0.00000152 0.93200633 0.36244201
494.700000000 1.346209 2.785527 -0.077978 0.00000177 -0.00000214 0.93200635 0.36244195
494.822000000 1.346832 2.786350 -0.078000 0.00000000 0.00000000 0.93203818 0.36236010
494.947000000 1.342498 2.788710 -0.078000 -0.00000000 0.00000000 0.93205509 0.36231658
495.000000000 1.339373 2.791571 -0.077998 0.00000003 -0.00000182 0.93205511 0.36231654
495.100000000 1.333478 2.796970 -0.077951 -0.00000489 0.00000120 0.93205515 0.36231644
495.200000000 1.331254 2.798353 -0.077960 0.00000842 -0.00000288 0.93206785 0.36228376
495.322000000 1.330623 2.798938 -0.078000 -0.00000000 0.00000000 0.93203262 0.36237438
495.447000000 1.326959 2.801592 -0.078000 -0.00000000 -0.00000000 0.93202189 0.36240199
495.572000000 1.323942 2.804759 -0.078000 0.00000000 -0.00000000 0.93200737 0.36243931
495.600000000 1.322292 2.806270 -0.077983 -0.00000117 0.00000001 0.93200738 0.36243930
495.700000000 1.316399 2.811670 -0.077954 0.00000158 -0.00000068 0.93200742 0.36243921
495.822000000 1.316562 2.811750 -0.078000 -0.00000000 0.00000000 0.93198196 0.36250465
495.947000000 1.313116 2.815073 -0.078000 0.00000000 -0.00000000 0.93197636 0.36251906
496.072000000 1.309410 2.818267 -0.078000 0.00000000 0.00000000 0.93193890 0.36261535
496.100000000 1.307760 2.819779 -0.077992 -0.00000107 0.00000020 0.93193890 0.36261534
496.200000000 1.301868 2.825183 -0.077959 -0.00000394 0.00000223 0.93193894 0.36261524
496.322000000 1.301973 2.826283 -0.078000 0.00000000 0.00000000 0.93194855 0.36259054
496.447000000 1.297916 2.828692 -0.078000 0.00000000 -0.00000000 0.93195124 0.36258364
496.572000000 1.294994 2.832113 -0.078000 -0.00000000 -0.00000000 0.93194797 0.36259203
496.600000000 1.293345 2.833625 -0.077978 -0.00000163 0.00000124 0.93194798 0.36259200
496.700000000 1.290427 2.836225 -0.078000 0.00000007 0.00000005 0.93196159 0.36255702
496.822000000 1.287028 2.839552 -0.078000 0.00000000 -0.00000000 0.93197126 0.36253218
496.947000000 1.283521 2.843193 -0.078000 0.00000000 -0.00000000 0.93193745 0.36261906
497.072000000 1.279053 2.846348 -0.078000 0.00000000 0.00000000 0.93191237 0.36268353
497.100000000 1.277403 2.847861 -0.078007 0.00000090 -0.00000013 0.93191237 0.36268352
497.200000000 1.271514 2.853264 -0.077976 -0.00000100 0.00000258 0.93191240 0.36268344
497.322000000 1.270559 2.853601 -0.078000 0.00000000 0.00000000 0.93185734 0.36282490
497.447000000 1.267046 2.855680 -0.078000 0.00000000 0.00000000 0.93181681 0.36292896
497.572000000 1.264109 2.859177 -0.078000 0.00000000 0.00000000 0.93179293 0.36299026
497.600000000 1.262461 2.860691 -0.077995 -0.00000092 0.00000112 0.93179295 0.36299022
497.700000000 1.256574 2.866099 -0.077969 -0.00000382 0.00000348 0.93179299 0.36299011
497.822000000 1.255552 2.865773 -0.078000 0.00000000 -0.00000000 0.93181029 0.36294571
497.947000000 1.251709 2.868858 -0.078000 0.00000000 0.00000000 0.93179349 0.36298882
498.072000000 1.248006 2.873804 -0.078000 -0.00000000 0.00000000 0.93177438 0.36303788
498.100000000 1.246358 2.875318 -0.077999 -0.00000110 0.00000099 0.93177439 0.36303785
498.200000000 1.240471 2.880726 -0.077957 -0.00000532 -0.00000042 0.93177443 0.36303776
498.322000000 1.241036 2.880796 -0.078000 0.00000000 -0.00000000 0.93179609 0.36298217
498.447000000 1.237109 2.883606 -0.078000 -0.00000000 -0.00000000 0.93183157 0.36289107
498.500000000 1.233989 2.886472 -0.078001 0.00000010 0.00000234 0.93183159 0.36289101
498.600000000 1.228102 2.891879 -0.077955 0.00000271 0.00001093 0.93183166 0.36289084
498.700000000 1.225838 2.892994 -0.077958 0.00000112 -0.00000748 0.93185996 0.36281817
498.822000000 1.227310 2.892717 -0.078000 0.00000000 -0.00000000 0.93188102 0.36276407
498.947000000 1.226767 2.895391 -0.078000 -0.00000000 0.00000000 0.93434944 0.35635814
499.072000000 1.225064 2.897349 -0.078000 -0.00000000 -0.00000000 0.93789340 0.34692358
499.100000000 1.223361 2.898823 -0.078004 -0.00000272 -0.00001062 0.93936616 0.34291575
499.200000000 1.217115 2.903928 -0.077976 -0.00002780 -0.00006826 0.94522938 0.32640682
499.322000000 1.213858 2.906303 -0.078000 -0.00000000 0.00000000 0.94490163 0.32735440
499.447000000 1.208756 2.909614 -0.078000 -0.00000000 0.00000000 0.94887201 0.31566105
499.572000000 1.203892 2.911456 -0.078000 0.00000000 0.00000000 0.95269482 0.30392856
499.600000000 1.202055 2.912766 -0.077986 -0.00000508 -0.00000870 0.95417692 0.29924305
499.700000000 1.195365 2.917229 -0.077957 -0.00001653 -0.00004612 0.95890827 0.28371629
499.822000000 1.199515 2.916640 -0.078000 0.00000000 0.00000000 0.95673693 0.29095437
499.947000000 1.191152 2.920809 -0.078000 0.00000000 0.00000000 0.95578678 0.29406059
500.000000000 1.187644 2.923192 -0.077971 -0.00000303 -0.00000045 0.95595941 0.29349891
500.100000000 1.183774 2.925980 -0.078002 0.00000375 -0.00000197 0.95606176 0.29316533
500.200000000 1.177153 2.930457 -0.077978 0.00000434 -0.00000388 0.95609878 0.29304458
500.322000000 1.177856 2.930653 -0.078000 0.00000000 -0.00000000 0.95612139 0.29297080
500.447000000 1.178079 2.932896 -0.078000 0.00000000 0.00000000 0.95599647 0.29337817
500.572000000 1.174095 2.934770 -0.078000 0.00000000 0.00000000 0.95280533 0.30358194
500.600000000 1.172275 2.936046 -0.077977 0.00000326 0.00001269 0.95149112 0.30767619
500.700000000 1.165923 2.940778 -0.077961 0.00002122 0.00007279 0.94594245 0.32433451
500.822000000 1.160922 2.941814 -0.078000 0.00000000 0.00000000 0.94413228 0.32956674
500.947000000 1.157073 2.944528 -0.078000 0.00000000 0.00000000 0.94003061 0.34109011
501.072000000 1.153068 2.947790 -0.078000 -0.00000000 0.00000000 0.93576902 0.35261359
501.100000000 1.151398 2.949250 -0.078000 0.00000629 0.00001574 0.93378667 0.35783021
501.200000000 1.145609 2.954678 -0.077980 0.00002165 0.00006027 0.92724454 0.37445634
501.322000000 1.146108 2.954428 -0.078000 0.00000000 0.00000000 0.93006567 0.36739333
501.447000000 1.144741 2.956879 -0.078000 0.00000000 -0.00000000 0.92988604 0.36784774
501.572000000 1.138543 2.960987 -0.078000 -0.00000000 0.00000000 0.92897089 0.37015279
501.600000000 1.136914 2.962523 -0.077981 -0.00000092 0.00000013 0.92904175 0.36997491
501.700000000 1.131110 2.968017 -0.077966 0.00000507 -0.00000287 0.92912926 0.36975507
501.822000000 1.127632 2.967667 -0.078000 -0.00000000 0.00000000 0.92927939 0.36937760
501.947000000 1.123922 2.971515 -0.078000 0.00000000 -0.00000000 0.93320210 0.35935196
502.000000000 1.120736 2.974356 -0.077970 -0.00001166 -0.00002597 0.93628552 0.35123985
502.100000000 1.114577 2.979564 -0.077968 -0.00002865 -0.00008175 0.94284260 0.33323840
502.200000000 1.114943 2.981626 -0.077980 -0.00002352 -0.00007074 0.94700462 0.32121992
502.322000000 1.119241 2.979888 -0.078000 -0.00000000 -0.00000000 0.94676269 0.32193230
502.447000000 1.114391 2.983838 -0.078000 0.00000000 -0.00000000 0.94755393 0.31959591
502.572000000 1.108300 2.988460 -0.078000 0.00000000 -0.00000000 0.94691858 0.32147347
502.600000000 1.106516 2.989812 -0.077985 -0.00000027 -0.00000167 0.94697794 0.32129859
502.700000000 1.100176 2.994680 -0.077957 -0.00000173 -0.00000653 0.94716695 0.32074098
502.822000000 1.099208 2.996816 -0.078000 -0.00000000 0.00000000 0.94732845 0.32026365
502.947000000 1.095246 3.001058 -0.078000 -0.00000000 0.00000000 0.94734437 0.32021656
503.072000000 1.091183 3.004033 -0.078000 0.00000000 0.00000000 0.94734633 0.32021077
503.100000000 1.089404 3.005391 -0.078002 0.00000084 -0.00000034 0.94734336 0.32021953
503.200000000 1.083049 3.010241 -0.077982 -0.00000314 -0.00000138 0.94734052 0.32022795
503.322000000 1.083086 3.009935 -0.078000 0.00000000 0.00000000 0.94734503 0.32021459
503.447000000 1.078989 3.012922 -0.078000 -0.00000000 -0.00000000 0.94735167 0.32019497
503.500000000 1.075621 3.015492 -0.078004 0.00000166 -0.00000096 0.94735158 0.32019524
503.600000000 1.072948 3.017978 -0.077968 -0.00000488 -0.00000450 0.94749735 0.31976363
503.700000000 1.066564 3.022830 -0.077962 -0.00001070 -0.00002682 0.94861329 0.31643770
503.822000000 1.064273 3.023236 -0.078000 0.00000000 0.00000000 0.95075086 0.30995611
503.947000000 1.062571 3.024115 -0.078000 0.00000000 0.00000000 0.95514405 0.29614158
504.000000000 1.059056 3.026541 -0.077983 -0.00001114 -0.00002721 0.95803677 0.28664532
504.100000000 1.052209 3.030808 -0.077952 -0.00003315 -0.00008774 0.96345187 0.26788149
504.200000000 1.045226 3.034839 -0.077922 -0.00004906 -0.00014528 0.96856287 0.24876886
504.322000000 1.052692 3.045184 -0.078000 0.00000000 0.00000000 0.96497061 0.26235801
504.447000000 1.049216 3.049058 -0.078000 0.00000000 -0.00000000 0.96816525 0.25031191
504.572000000 1.045110 3.051345 -0.078000 -0.00000000 0.00000000 0.97122207 0.23817577
504.600000000 1.043111 3.052395 -0.077989 -0.00000370 -0.00001723 0.97253663 0.23274985
504.700000000 1.035854 3.055883 -0.077965 -0.00001459 -0.00007086 0.97655361 0.21527433
504.822000000 1.034886 3.054305 -0.078000 -0.00000000 -0.00000000 0.97497458 0.22231638
504.947000000 1.028850 3.057041 -0.078000 0.00000000 -0.00000000 0.97512996 0.22163384
505.072000000 1.025548 3.058348 -0.078000 -0.00000000 0.00000000 0.97583243 0.21852019
505.100000000 1.023526 3.059307 -0.078013 0.00000199 -0.00000144 0.97580649 0.21863597
505.200000000 1.021163 3.061233 -0.077999 -0.00000020 0.00000027 0.97578867 0.21871549
505.322000000 1.016594 3.063923 -0.078000 0.00000000 -0.00000000 0.97576341 0.21882816
505.447000000 1.011620 3.066902 -0.078000 0.00000000 -0.00000000 0.97574278 0.21892013
505.572000000 1.006980 3.069332 -0.078000 -0.00000000 0.00000000 0.97572218 0.21901193
505.600000000 1.004957 3.070289 -0.077990 -0.00000250 0.00000171 0.97572205 0.21901251
505.700000000 0.997730 3.073705 -0.077956 -0.00000576 0.00000165 0.97578626 0.21872624
505.822000000 0.995229 3.073427 -0.078000 0.00000000 0.00000000 0.97579945 0.21866740
505.947000000 0.991182 3.075720 -0.078000 -0.00000000 -0.00000000 0.97809558 0.20815630
506.072000000 0.985016 3.078271 -0.078000 -0.00000000 0.00000000 0.98001738 0.19891186
506.100000000 0.982938 3.079150 -0.077989 -0.00000216 -0.00001291 0.98107377 0.19363434
506.200000000 0.975423 3.082071 -0.077966 -0.00000970 -0.00007231 0.98474622 0.17399680
506.322000000 0.975062 3.081230 -0.078000 -0.00000000 -0.00000000 0.98481028 0.17363385
506.447000000 0.969983 3.083013 -0.078000 0.00000000 -0.00000000 0.98694620 0.16105033
506.572000000 0.965894 3.084425 -0.078000 0.00000000 -0.00000000 0.98888795 0.14866280
506.600000000 0.963742 3.085091 -0.077998 -0.00000014 -0.00001467 0.98950958 0.14446728
506.700000000 0.956008 3.087242 -0.077982 -0.00000910 -0.00005957 0.99132858 0.13140637
506.822000000 0.957613 3.088664 -0.078000 0.00000000 -0.00000000 0.99046042 0.13779754
506.947000000 0.952004 3.090189 -0.078000 -0.00000000 -0.00000000 0.98997205 0.14126336
507.000000000 0.947935 3.091372 -0.077996 0.00000214 -0.00000549 0.98999303 0.14111629
507.100000000 0.944437 3.092189 -0.077983 -0.00000311 0.00000121 0.99004563 0.14074674
507.200000000 0.936759 3.094416 -0.077950 -0.00000418 0.00000613 0.99004872 0.14072499
507.322000000 0.938003 3.093264 -0.078000 -0.00000000 0.00000000 0.99010394 0.14033601
507.447000000 0.933195 3.093990 -0.078000 -0.00000000 0.00000000 0.99013783 0.14009670
507.572000000 0.927966 3.095646 -0.078000 0.00000000 -0.00000000 0.99017636 0.13982409
507.600000000 0.925815 3.096267 -0.077999 0.00000205 0.00000202 0.99017650 0.13982312
507.700000000 0.918135 3.098481 -0.077978 0.00000341 0.00000749 0.99017680 0.13982100
507.822000000 0.918324 3.098885 -0.078000 -0.00000000 0.00000000 0.99022735 0.13946254
507.947000000 0.911623 3.100876 -0.078000 0.00000000 0.00000000 0.98928091 0.14602495
508.072000000 0.909555 3.101589 -0.078000 -0.00000000 0.00000000 0.98875909 0.14951741
508.100000000 0.907431 3.102249 -0.077998 0.00000388 0.00001129 0.98809473 0.15384669
508.200000000 0.899925 3.104767 -0.077967 0.00001074 0.00006908 0.98527358 0.17098526
508.322000000 0.900450 3.104255 -0.078000 -0.00000000 -0.00000000 0.98423028 0.17689191
508.447000000 0.896635 3.106215 -0.078000 -0.00000000 0.00000000 0.98195124 0.18913427
508.500000000 0.892751 3.107813 -0.078003 0.00000739 0.00003117 0.97991691 0.19940625
508.600000000 0.890393 3.108832 -0.077976 0.00000137 0.00001852 0.97840272 0.20670781
508.700000000 0.887960 3.111016 -0.077997 0.00000018 0.00000186 0.97684268 0.21395881
508.822000000 0.882913 3.112947 -0.078000 -0.00000000 0.00000000 0.97425778 0.22543685
508.947000000 0.878214 3.116042 -0.078000 -0.00000000 0.00000000 0.97138634 0.23750492
509.072000000 0.873692 3.117894 -0.078000 0.00000000 0.00000000 0.96835350 0.24958264
509.100000000 0.871745 3.118965 -0.077996 0.00000409 0.00000889 0.96720804 0.25398546
509.200000000 0.864895 3.122994 -0.077978 0.00001298 0.00004519 0.96305265 0.26931317
509.322000000 0.865589 3.123222 -0.078000 0.00000000 -0.00000000 0.96462301 0.26363316
509.447000000 0.861239 3.125004 -0.078000 -0.00000000 0.00000000 0.96304494 0.26934076
509.572000000 0.857464 3.127088 -0.078000 -0.00000000 0.00000000 0.96140813 0.27512618
509.600000000 0.855572 3.128265 -0.077992 0.00000198 0.00000775 0.96063381 0.27781772
509.700000000 0.848886 3.132581 -0.077960 0.00000873 0.00003602 0.95781352 0.28739042
509.822000000 0.848102 3.132342 -0.078000 0.00000000 0.00000000 0.95792558 0.28701670
509.947000000 0.843760 3.135105 -0.078000 -0.00000000 -0.00000000 0.95611564 0.29298957
510.000000000 0.840278 3.137485 -0.077993 0.00000463 0.00001534 0.95455429 0.29803709
510.100000000 0.837727 3.138582 -0.078001 0.00000253 0.00000882 0.95346039 0.30151829
510.200000000 0.831252 3.143241 -0.077957 0.00000640 0.00002242 0.95126782 0.30836592
510.322000000 0.831604 3.144899 -0.078000 -0.00000000 0.00000000 0.95348392 0.30144387
510.447000000 0.827683 3.147590 -0.078000 0.00000000 -0.00000000 0.95346278 0.30151073
510.500000000 0.824218 3.150025 -0.077986 -0.00000005 0.00000149 0.95340627 0.30168940
510.600000000 0.817682 3.154626 -0.077956 0.00000510 -0.00000007 0.95335832 0.30184088
510.700000000 0.815482 3.156227 -0.077976 0.00000315 -0.00000357 0.95337121 0.30180015
510.822000000 0.816499 3.156761 -0.078000 -0.00000000 0.00000000 0.95331958 0.30196320
510.947000000 0.812560 3.159331 -0.078000 0.00000000 -0.00000000 0.95331827 0.30196733
511.072000000 0.808456 3.163115 -0.078000 -0.00000000 0.00000000 0.95329342 0.30204579
511.100000000 0.806626 3.164404 -0.078003 0.00000113 -0.00000037 0.95329361 0.30204518
511.200000000 0.800091 3.169007 -0.077977 -0.00000070 0.00000166 0.95329351 0.30204549
511.322000000 0.798786 3.168202 -0.078000 0.00000000 0.00000000 0.95326535 0.30213436
511.447000000 0.794919 3.169840 -0.078000 0.00000000 -0.00000000 0.95323110 0.30224242
511.572000000 0.789933 3.173226 -0.078000 0.00000000 0.00000000 0.95094207 0.30936900
511.600000000 0.788124 3.174526 -0.077995 0.00000071 0.00000802 0.95007301 0.31202767
511.700000000 0.781764 3.179311 -0.077960 0.00000705 0.00003034 0.94719306 0.32066384
511.822000000 0.783219 3.179583 -0.078000 0.00000000 0.00000000 0.94738122 0.32010753
511.947000000 0.778987 3.182270 -0.078000 0.00000000 -0.00000000 0.94533307 0.32610640
512.000000000 0.775678 3.184887 -0.077983 0.00000071 0.00001539 0.94358414 0.33113286
512.100000000 0.773479 3.187030 -0.077996 0.00000662 0.00000831 0.94230538 0.33475450
512.200000000 0.767345 3.192124 -0.077979 0.00001574 0.00001945 0.93982767 0.34164886
512.322000000 0.766970 3.191931 -0.078000 -0.00000000 0.00000000 0.94212309 0.33526719
512.447000000 0.763772 3.195373 -0.078000 0.00000000 -0.00000000 0.94192988 0.33580962
512.572000000 0.759716 3.198225 -0.078000 0.00000000 -0.00000000 0.94187928 0.33595152
512.600000000 0.757983 3.199641 -0.078005 0.00000151 -0.00000095 0.94187144 0.33597350
512.700000000 0.751796 3.204700 -0.077976 0.00000204 0.00000114 0.94177034 0.33625679
512.822000000 0.750241 3.206245 -0.078000 -0.00000000 -0.00000000 0.93949880 0.34255220
512.947000000 0.745688 3.209801 -0.078000 0.00000000 0.00000000 0.93592778 0.35219197
513.072000000 0.742757 3.212008 -0.078000 -0.00000000 -0.00000000 0.93275597 0.36050840
513.100000000 0.741113 3.213499 -0.077988 0.00000331 0.00001286 0.93085294 0.36539404
513.200000000 0.735410 3.218999 -0.077956 0.00002791 0.00007444 0.92355442 0.38346738
513.322000000 0.735297 3.219503 -0.078000 0.00000000 -0.00000000 0.92376311 0.38296438
513.447000000 0.732349 3.222991 -0.078000 0.00000000 0.00000000 0.91897656 0.39431216
513.500000000 0.729472 3.226071 -0.077993 0.00000590 0.00001480 0.91580266 0.40162855
513.600000000 0.728102 3.227423 -0.077975 0.00000272 0.00001013 0.91951713 0.39304993
513.700000000 0.726908 3.229580 -0.078000 -0.00000022 -0.00000081 0.91936532 0.39340490
513.822000000 0.721910 3.234692 -0.078000 0.00000000 -0.00000000 0.91782517 0.39698483
513.947000000 0.718269 3.238006 -0.078000 -0.00000000 -0.00000000 0.91806300 0.39643452
514.072000000 0.715214 3.241319 -0.078000 0.00000000 -0.00000000 0.91813901 0.39625844
514.100000000 0.713679 3.242948 -0.078014 0.00000261 -0.00000145 0.91816995 0.39618674
514.200000000 0.708193 3.248762 -0.077983 -0.00000205 -0.00000923 0.91817413 0.39617707
514.322000000 0.708401 3.247770 -0.078000 -0.00000000 -0.00000000 0.91815998 0.39620985
514.447000000 0.705321 3.251664 -0.078000 0.00000000 -0.00000000 0.91816798 0.39619132
514.572000000 0.702202 3.254474 -0.078000 -0.00000000 0.00000000 0.91815761 0.39621536
514.600000000 0.700666 3.256102 -0.077990 -0.00000175 -0.00000153 0.91815778 0.39621496
514.700000000 0.695182 3.261918 -0.077961 -0.00000339 0.00000119 0.91815875 0.39621270
514.822000000 0.695009 3.261486 -0.078000 0.00000000 0.00000000 0.91819429 0.39613033
514.947000000 0.691270 3.266191 -0.078000 0.00000000 0.00000000 0.91819694 0.39612419
515.072000000 0.688084 3.269631 -0.078000 0.00000000 0.00000000 0.91819672 0.39612470
515.100000000 0.686548 3.271259 -0.077981 -0.00000234 0.00000041 0.91819672 0.39612471
515.200000000 0.681062 3.277074 -0.077971 -0.00000358 -0.00000235 0.91817328 0.39617904
515.322000000 0.680443 3.277408 -0.078000 0.00000000 -0.00000000 0.91545123 0.40242892
515.447000000 0.676497 3.283543 -0.078000 0.00000000 -0.00000000 0.91136124 0.41160744
515.500000000 0.673734 3.286719 -0.077974 0.00000522 0.00002298 0.90821319 0.41850783
515.600000000 0.672093 3.288169 -0.078013 0.00000910 0.00001102 0.90602462 0.42322499
515.700000000 0.667123 3.294338 -0.077974 0.00003704 0.00006602 0.89763989 0.44072965
515.822000000 0.666710 3.292955 -0.078000 -0.00000000 0.00000000 0.89795060 0.44009626
515.947000000 0.663619 3.298167 -0.078000 0.00000000 0.00000000 0.89280992 0.45043361
516.072000000 0.661393 3.301423 -0.078000 0.00000000 0.00000000 0.89272488 0.45060213
516.100000000 0.660072 3.303227 -0.077981 -0.00000135 0.00000088 0.89250590 0.45103572
516.200000000 0.655347 3.309677 -0.077953 0.00000247 0.00000971 0.89160108 0.45282173
516.322000000 0.655854 3.309174 -0.078000 -0.00000000 -0.00000000 0.89450176 0.44706442
516.447000000 0.652798 3.312735 -0.078000 -0.00000000 -0.00000000 0.89442513 0.44721773
516.572000000 0.649680 3.317256 -0.078000 0.00000000 0.00000000 0.89439447 0.44727904
516.600000000 0.648338 3.319047 -0.077985 -0.00000032 0.00000182 0.89438767 0.44729264
516.700000000 0.643544 3.325444 -0.077958 -0.00000050 0.00000506 0.89438081 0.44730635
516.822000000 0.644160 3.323414 -0.078000 -0.00000000 0.00000000 0.89428904 0.44748979
516.947000000 0.640629 3.326459 -0.078000 0.00000000 -0.00000000 0.89423723 0.44759332
517.000000000 0.638090 3.329850 -0.077986 0.00000098 0.00000240 0.89423702 0.44759373
517.100000000 0.636927 3.333580 -0.077970 -0.00000265 0.00000036 0.89421364 0.44764044
517.200000000 0.634497 3.336552 -0.078001 0.00000024 -0.00000031 0.89416406 0.44773948
517.322000000 0.631557 3.339578 -0.078000 0.00000000 -0.00000000 0.89411644 0.44783455
517.447000000 0.628879 3.344401 -0.078000 0.00000000 -0.00000000 0.89404915 0.44796887
517.572000000 0.625435 3.348305 -0.078000 0.00000000 -0.00000000 0.89403536 0.44799640
517.600000000 0.624095 3.350098 -0.078000 0.00000164 -0.00000285 0.89403536 0.44799639
517.700000000 0.619310 3.356501 -0.077978 0.00000002 -0.00000568 0.89403539 0.44799634
517.822000000 0.619927 3.356384 -0.078000 -0.00000000 -0.00000000 0.89398131 0.44810424
517.947000000 0.616965 3.360253 -0.078000 -0.00000000 0.00000000 0.89396253 0.44814172
518.072000000 0.614037 3.364841 -0.078000 -0.00000000 0.00000000 0.89393935 0.44818796
518.100000000 0.612698 3.366634 -0.078001 -0.00000031 -0.00000178 0.89393935 0.44818794
518.200000000 0.607915 3.373039 -0.077977 -0.00000352 -0.00000764 0.89387051 0.44832523
518.322000000 0.607436 3.373431 -0.078000 0.00000000 0.00000000 0.89078626 0.45442254
518.447000000 0.603950 3.377697 -0.078000 -0.00000000 0.00000000 0.88917975 0.45755805
518.572000000 0.601858 3.381493 -0.078000 0.00000000 -0.00000000 0.88287406 0.46960983
518.600000000 0.600606 3.383324 -0.077979 0.00000813 0.00001824 0.88023996 0.47452884
518.700000000 0.596395 3.390036 -0.077950 0.00003699 0.00007175 0.87106435 0.49116891
518.822000000 0.596242 3.390176 -0.078000 -0.00000000 0.00000000 0.87149959 0.49039623
518.947000000 0.593593 3.395704 -0.078000 0.00000000 -0.00000000 0.86550810 0.50089492
519.000000000 0.591490 3.399364 -0.077982 0.00000039 0.00000259 0.86343160 0.50446592
519.100000000 0.587665 3.406379 -0.077963 0.00000164 0.00000758 0.85948335 0.51116374
519.200000000 0.585957 3.409950 -0.077986 -0.00000116 -0.00000291 0.86399520 0.50350004
519.322000000 0.586662 3.406975 -0.078000 0.00000000 0.00000000 0.86727635 0.49782701
519.447000000 0.583547 3.411139 -0.078000 0.00000000 0.00000000 0.86716068 0.49802847
519.572000000 0.581445 3.414930 -0.078000 -0.00000000 0.00000000 0.86706402 0.49819673
519.600000000 0.580318 3.416863 -0.077993 0.00000032 0.00000105 0.86705801 0.49820719
519.700000000 0.576294 3.423770 -0.077964 0.00000109 0.00000422 0.86705967 0.49820430
519.822000000 0.576869 3.423659 -0.078000 0.00000000 -0.00000000 0.86694416 0.49840528
519.947000000 0.573463 3.428323 -0.078000 0.00000000 -0.00000000 0.86689516 0.49849050
520.072000000 0.571396 3.433069 -0.078000 -0.00000000 0.00000000 0.86685352 0.49856291
520.100000000 0.570270 3.435003 -0.077987 -0.00000163 -0.00000036 0.86685357 0.49856283
520.200000000 0.566251 3.441912 -0.077968 -0.00000066 -0.00000145 0.86685360 0.49856277
520.322000000 0.566594 3.440910 -0.078000 0.00000000 0.00000000 0.86679582 0.49866321
520.447000000 0.563198 3.446727 -0.078000 -0.00000000 0.00000000 0.86696040 0.49837703
520.500000000 0.561042 3.450403 -0.077998 -0.00001251 -0.00002474 0.86941537 0.49408189
520.600000000 0.559645 3.452117 -0.077976 -0.00000556 -0.00000252 0.87359555 0.48665265
520.700000000 0.557847 3.454736 -0.078000 -0.00000010 -0.00000090 0.87541230 0.48337698
520.822000000 0.555326 3.459035 -0.078000 -0.00000000 0.00000000 0.87830359 0.47810334
520.947000000 0.553791 3.462687 -0.078000 0.00000000 0.00000000 0.88118606 0.47276964
521.072000000 0.550364 3.466895 -0.078000 -0.00000000 0.00000000 0.88406536 0.46736328
521.100000000 0.549099 3.468754 -0.078006 -0.00000243 -0.00000980 0.88536435 0.46489781
521.200000000 0.544475 3.475317 -0.077979 -0.00002549 -0.00005135 0.88995292 0.45605241
521.322000000 0.543482 3.475665 -0.078000 -0.00000000 0.00000000 0.88976396 0.45642096
521.447000000 0.540023 3.480022 -0.078000 0.00000000 -0.00000000 0.89255343 0.45094165
521.572000000 0.536879 3.484664 -0.078000 0.00000000 0.00000000 0.89533564 0.44539207
521.600000000 0.535525 3.486458 -0.077988 -0.00000597 -0.00000859 0.89657471 0.44289253
521.700000000 0.530581 3.492770 -0.077965 -0.00001377 -0.00002908 0.90007339 0.43573833
521.822000000 0.531850 3.491945 -0.078000 -0.00000000 -0.00000000 0.89688230 0.44226931
521.947000000 0.528322 3.497252 -0.078000 0.00000000 -0.00000000 0.89442654 0.44721490
522.072000000 0.525357 3.499749 -0.078000 0.00000000 0.00000000 0.89321728 0.44962528
522.100000000 0.524032 3.501541 -0.078002 0.00000549 0.00000500 0.89204590 0.45194480
522.200000000 0.522317 3.503490 -0.077999 0.00000017 0.00000056 0.89028693 0.45540003
522.322000000 0.519745 3.507509 -0.078000 -0.00000000 0.00000000 0.88756743 0.46067782
522.447000000 0.516976 3.511783 -0.078000 -0.00000000 0.00000000 0.88475019 0.46606555
522.572000000 0.514537 3.516270 -0.078000 -0.00000000 0.00000000 0.88591216 0.46385304
522.600000000 0.513271 3.518121 -0.078011 -0.00000179 -0.00000721 0.88637940 0.46295957
522.700000000 0.508660 3.524690 -0.077967 -0.00001396 -0.00003441 0.88886926 0.45816092
522.822000000 0.509676 3.523933 -0.078000 -0.00000000 0.00000000 0.89113494 0.45373839
522.947000000 0.507547 3.527918 -0.078000 -0.00000000 0.00000000 0.89400344 0.44806010
523.072000000 0.504200 3.531990 -0.078000 0.00000000 -0.00000000 0.89678628 0.44246397
523.100000000 0.502832 3.533774 -0.077990 -0.00000375 -0.00000583 0.89802647 0.43994142
523.200000000 0.505130 3.532772 -0.077961 -0.00000908 -0.00001712 0.90265820 0.43035819
523.322000000 0.504019 3.531660 -0.078000 0.00000000 -0.00000000 0.90255631 0.43057183
523.447000000 0.500669 3.535881 -0.078000 0.00000000 -0.00000000 0.90522149 0.42494006
523.572000000 0.495405 3.540084 -0.078000 0.00000000 -0.00000000 0.90495686 0.42550333
523.600000000 0.493965 3.541805 -0.077994 0.00000031 -0.00000347 0.90544610 0.42446126
523.700000000 0.488834 3.547913 -0.077981 0.00000212 -0.00000311 0.90568538 0.42395046
523.822000000 0.490118 3.547278 -0.078000 0.00000000 0.00000000 0.90284050 0.42997561
523.947000000 0.487252 3.551298 -0.078000 0.00000000 0.00000000 0.90068558 0.43447151
524.000000000 0.484633 3.554604 -0.077981 0.00000684 0.00001563 0.89836733 0.43924496
524.100000000 0.479812 3.560936 -0.077964 0.00001793 0.00004351 0.89389163 0.44828311
524.200000000 0.478012 3.563030 -0.077957 0.00001719 0.00003415 0.89223739 0.45156666
524.322000000 0.478170 3.562582 -0.078000 0.00000000 -0.00000000 0.89240047 0.45124428
524.447000000 0.475152 3.566812 -0.078000 -0.00000000 0.00000000 0.88956611 0.45680645
524.572000000 0.472345 3.570838 -0.078000 0.00000000 -0.00000000 0.88671992 0.46230702
524.600000000 0.471069 3.572664 -0.077982 0.00000312 0.00000733 0.88542632 0.46477977
524.700000000 0.466612 3.579256 -0.077956 0.00001364 0.00002394 0.88075110 0.47357945
524.822000000 0.467428 3.578540 -0.078000 -0.00000000 0.00000000 0.88088030 0.47333910
524.947000000 0.462747 3.582959 -0.078000 -0.00000000 -0.00000000 0.87455631 0.48492398
525.072000000 0.459571 3.587663 -0.078000 0.00000000 0.00000000 0.86640792 0.49933688
525.100000000 0.458448 3.589570 -0.077992 0.00001102 0.00001766 0.86280623 0.50553477
525.200000000 0.454784 3.596550 -0.077977 0.00006651 0.00010371 0.84866696 0.52892757
525.322000000 0.456539 3.596315 -0.078000 0.00000000 -0.00000000 0.84929495 0.52791864
525.447000000 0.454897 3.600577 -0.078000 0.00000000 -0.00000000 0.83926521 0.54372228
525.500000000 0.453244 3.604418 -0.077996 0.00002863 0.00004094 0.83059673 0.55687437
525.600000000 0.452742 3.606949 -0.077991 0.00001418 0.00002376 0.82427082 0.56619573
525.700000000 0.451694 3.609682 -0.077997 0.00000151 0.00000241 0.81784952 0.57543215
525.822000000 0.449432 3.613718 -0.078000 0.00000000 0.00000000 0.80749045 0.58988064
525.947000000 0.447598 3.618211 -0.078000 -0.00000000 0.00000000 0.79631015 0.60488854
526.072000000 0.446531 3.623116 -0.078000 -0.00000000 0.00000000 0.78485488 0.61967961
526.100000000 0.446014 3.625262 -0.077991 0.00001787 0.00002008 0.77964117 0.62622651
526.200000000 0.444536 3.633010 -0.077975 0.00007506 0.00009206 0.76057831 0.64924619
526.322000000 0.444752 3.633007 -0.078000 0.00000000 0.00000000 0.76110683 0.64862655
526.447000000 0.444361 3.638083 -0.078000 0.00000000 -0.00000000 0.74884126 0.66274939
526.572000000 0.443392 3.643154 -0.078000 -0.00000000 0.00000000 0.73631565 0.67663821
526.600000000 0.443198 3.645354 -0.078000 0.00002007 0.00002048 0.73062709 0.68277672
526.700000000 0.442910 3.653236 -0.077973 0.00008665 0.00009211 0.70989593 0.70430658
526.822000000 0.442757 3.652735 -0.078000 -0.00000000 -0.00000000 0.71046861 0.70372889
526.947000000 0.442624 3.657552 -0.078000 0.00000000 0.00000000 0.69716618 0.71690956
527.072000000 0.442073 3.662332 -0.078000 -0.00000000 -0.00000000 0.68365236 0.72980782
527.100000000 0.442212 3.664536 -0.078001 0.00001875 0.00001751 0.67752065 0.73550375
527.200000000 0.443111 3.672373 -0.077969 0.00008216 0.00007936 0.65523726 0.75542314
527.322000000 0.443000 3.671951 -0.078000 -0.00000000 0.00000000 0.65585356 0.75488815
527.447000000 0.444460 3.677230 -0.078000 -0.00000000 0.00000000 0.64160980 0.76703120
527.500000000 0.445210 3.681342 -0.077994 0.00003841 0.00003052 0.62937895 0.77709854
527.600000000 0.447103 3.688999 -0.077959 0.00011114 0.00008715 0.60587422 0.79556044
527.700000000 0.448852 3.691823 -0.077951 0.00009196 0.00007444 0.59688658 0.80232562
527.822000000 0.447926 3.691839 -0.078000 0.00000000 -0.00000000 0.59754814 0.80183304
527.947000000 0.449482 3.696603 -0.078000 -0.00000000 -0.00000000 0.58244177 0.81287243
528.072000000 0.450884 3.701641 -0.078000 0.00000000 0.00000000 0.56713503 0.82362483
528.100000000 0.451669 3.703705 -0.077984 0.00002059 0.00001527 0.56022209 0.82834245
528.200000000 0.454821 3.710936 -0.077966 0.00009497 0.00006595 0.53521600 0.84471523
528.322000000 0.454021 3.711050 -0.078000 0.00000000 -0.00000000 0.53593189 0.84426122
528.447000000 0.456504 3.715388 -0.078000 0.00000000 -0.00000000 0.52003350 0.85414587
528.572000000 0.458563 3.719310 -0.078000 -0.00000000 0.00000000 0.50398182 0.86371426
528.600000000 0.459791 3.721083 -0.077871 0.00096027 0.00010908 0.49669383 0.86792529
528.700000000 0.464516 3.727306 -0.077899 0.00344866 0.00013056 0.47043348 0.88242871
528.822000000 0.464826 3.726676 -0.078000 0.00000000 0.00000000 0.47119994 0.88202643
528.947000000 0.466831 3.730828 -0.078000 0.00000000 -0.00000000 0.45416993 0.89091507
529.000000000 0.469288 3.734422 -0.078022 -0.00118335 0.00037297 0.44002783 0.89798328
529.100000000 0.474195 3.740910 -0.078134 -0.00270976 0.00074270 0.41300454 0.91072463
529.200000000 0.475960 3.742898 -0.077961 -0.00070405 -0.00066194 0.40270281 0.91533028
529.322000000 0.475629 3.742624 -0.078000 0.00000000 -0.00000000 0.40350561 0.91497717
529.447000000 0.478554 3.746217 -0.078000 -0.00000000 0.00000000 0.38663076 0.92223460
529.572000000 0.482188 3.750531 -0.078000 0.00000000 -0.00000000 0.38001500 0.92498032
529.600000000 0.483821 3.752113 -0.078065 0.00004846 0.00022263 0.37700132 0.92621269
529.700000000 0.489662 3.757565 -0.078048 0.00045164 0.00022539 0.36607688 0.93058447
529.822000000 0.488470 3.756937 -0.078000 0.00000000 -0.00000000 0.36699297 0.93022371
529.947000000 0.492029 3.761313 -0.078000 0.00000000 -0.00000000 0.36148014 0.93237981
530.072000000 0.497025 3.766110 -0.078000 -0.00000000 -0.00000000 0.35605894 0.93446350
530.100000000 0.499208 3.768071 -0.077980 0.00003643 -0.00001212 0.35343195 0.93546024
530.200000000 0.508162 3.775723 -0.077913 0.00036361 -0.00002467 0.34407515 0.93894204
530.322000000 0.508037 3.775547 -0.078000 0.00000000 -0.00000000 0.34490671 0.93863697
530.447000000 0.513394 3.780312 -0.078000 0.00000000 -0.00000000 0.33925163 0.94069566
530.572000000 0.519479 3.784511 -0.078000 -0.00000000 0.00000000 0.33357729 0.94272275
530.600000000 0.522081 3.786614 -0.077990 -0.00002930 -0.00002827 0.33094558 0.94364984
530.700000000 0.525672 3.789455 -0.077998 0.00000348 0.00000060 0.32761220 0.94481228
530.822000000 0.530815 3.793812 -0.078000 -0.00000000 0.00000000 0.32216898 0.94668218
530.947000000 0.536942 3.798034 -0.078000 -0.00000000 -0.00000000 0.31640048 0.94862571
531.072000000 0.543762 3.801645 -0.078000 0.00000000 -0.00000000 0.31057760 0.95054803
531.100000000 0.546460 3.803620 -0.077998 0.00007420 0.00005464 0.30792448 0.95141080
531.200000000 0.556261 3.810528 -0.078005 0.00005943 0.00019040 0.29842867 0.95443192
531.322000000 0.555326 3.810305 -0.078000 0.00000000 0.00000000 0.29896433 0.95426429
531.447000000 0.561973 3.814344 -0.078000 -0.00000000 0.00000000 0.29307908 0.95608820
531.572000000 0.568230 3.818561 -0.078000 0.00000000 -0.00000000 0.28717119 0.95787928
531.600000000 0.571021 3.820412 -0.077989 0.00004401 0.00001868 0.28449739 0.95867681
531.700000000 0.581147 3.826783 -0.077945 0.00032686 0.00013050 0.27493059 0.96146401
531.822000000 0.580653 3.826490 -0.078000 -0.00000000 0.00000000 0.27536204 0.96134060
531.947000000 0.587091 3.830446 -0.078000 0.00000000 0.00000000 0.26940882 0.96302590
532.072000000 0.593268 3.834502 -0.078000 0.00000000 -0.00000000 0.26348220 0.96466426
532.100000000 0.596152 3.836208 -0.077997 -0.00005580 -0.00000963 0.26078914 0.96539578
532.200000000 0.606525 3.842132 -0.077947 -0.00002080 -0.00006730 0.25115653 0.96794648
532.322000000 0.606962 3.841981 -0.078000 -0.00000000 -0.00000000 0.25145841 0.96786810
532.447000000 0.613406 3.845424 -0.078000 -0.00000000 0.00000000 0.24545009 0.96940923
532.500000000 0.619009 3.848390 -0.078005 0.00014770 0.00004151 0.24032761 0.97069182
532.600000000 0.629642 3.853848 -0.077942 0.00024607 0.00002518 0.23064553 0.97303781
532.700000000 0.633140 3.855398 -0.077947 -0.00021100 -0.00003938 0.22704383 0.97388452
532.822000000 0.632436 3.855062 -0.078000 0.00000000 -0.00000000 0.22737443 0.97380741
532.947000000 0.638972 3.857952 -0.078000 0.00000000 -0.00000000 0.22134889 0.97519468
533.072000000 0.645534 3.861069 -0.078000 0.00000000 -0.00000000 0.21529036 0.97655008
533.100000000 0.648579 3.862475 -0.077991 0.00003868 0.00002894 0.21347626 0.97694825
533.200000000 0.659517 3.867385 -0.077973 -0.00008574 0.00001648 0.20782745 0.97816550
533.322000000 0.660026 3.865805 -0.078000 0.00000000 -0.00000000 0.22033300 0.97542471
533.447000000 0.666204 3.869148 -0.078000 0.00000000 -0.00000000 0.22398489 0.97459262
533.572000000 0.672654 3.871724 -0.078000 0.00000000 -0.00000000 0.23078860 0.97300392
533.600000000 0.675661 3.873233 -0.077985 0.00004682 -0.00000346 0.23278608 0.97252796
533.700000000 0.686339 3.878721 -0.077946 0.00020537 0.00005420 0.23882488 0.97106263
533.822000000 0.685246 3.879149 -0.078000 -0.00000000 -0.00000000 0.23243406 0.97261216
533.947000000 0.691200 3.883855 -0.078000 0.00000000 0.00000000 0.22425796 0.97452982
534.000000000 0.696918 3.886594 -0.077986 0.00003509 0.00003156 0.21945065 0.97562360
534.100000000 0.700426 3.889233 -0.077985 -0.00005077 -0.00001307 0.21670178 0.97623785
534.200000000 0.705162 3.891263 -0.077999 0.00000903 0.00000208 0.21304793 0.97704175
534.322000000 0.711015 3.894576 -0.078000 0.00000000 0.00000000 0.20723490 0.97829121
534.447000000 0.718018 3.897411 -0.078000 -0.00000000 -0.00000000 0.20116784 0.97955679
534.572000000 0.724523 3.899869 -0.078000 -0.00000000 -0.00000000 0.19502309 0.98079865
534.600000000 0.727616 3.901147 -0.077989 -0.00005039 -0.00001521 0.19228365 0.98133939
534.700000000 0.738714 3.905608 -0.077951 -0.00021361 -0.00000494 0.18249205 0.98320731
534.822000000 0.744018 3.910806 -0.078000 -0.00000000 -0.00000000 0.18579575 0.98258839
534.947000000 0.751596 3.912945 -0.078000 -0.00000000 0.00000000 0.17966942 0.98372705
535.072000000 0.758738 3.915425 -0.078000 0.00000000 -0.00000000 0.17348949 0.98483572
535.100000000 0.761868 3.916585 -0.077825 -0.00007686 -0.00007018 0.17073765 0.98531652
535.200000000 0.772759 3.920911 -0.077569 -0.00218977 -0.00152752 0.16075590 0.98699058
535.322000000 0.772327 3.921635 -0.078000 0.00000000 -0.00000000 0.16107569 0.98694206
535.447000000 0.778683 3.924365 -0.078000 0.00000000 0.00000000 0.15513220 0.98789372
535.572000000 0.785786 3.926341 -0.078000 0.00000000 0.00000000 0.14910199 0.98882182
535.600000000 0.789008 3.927335 -0.078030 -0.00025149 0.00008713 0.14629729 0.98924063
535.700000000 0.800453 3.930838 -0.078173 -0.00080962 0.00038676 0.13625157 0.99067386
535.822000000 0.799947 3.930876 -0.078000 -0.00000000 0.00000000 0.13648193 0.99064256
535.947000000 0.807878 3.933121 -0.078000 -0.00000000 -0.00000000 0.13017048 0.99149163
536.000000000 0.814011 3.934744 -0.078000 -0.00003983 0.00007839 0.12486938 0.99217319
536.100000000 0.825608 3.937607 -0.078025 -0.00008065 0.00017316 0.11486196 0.99338144
536.200000000 0.830106 3.938427 -0.077956 0.00004232 0.00006671 0.11112824 0.99380607
536.322000000 0.829579 3.938316 -0.078000 -0.00000000 0.00000000 0.11132821 0.99378369
536.447000000 0.836931 3.939960 -0.078000 -0.00000000 0.00000000 0.10512972 0.99445852
536.572000000 0.844032 3.941832 -0.078000 -0.00000000 -0.00000000 0.09902689 0.99508476
536.600000000 0.847271 3.942483 -0.077997 0.00000984 -0.00004783 0.09722098 0.99526282
536.700000000 0.858730 3.944646 -0.078002 0.00004055 -0.00023741 0.09245286 0.99571703
536.822000000 0.858037 3.945193 -0.078000 0.00000000 0.00000000 0.09885905 0.99510145
536.947000000 0.865545 3.945975 -0.078000 -0.00000000 0.00000000 0.10909653 0.99403116
537.072000000 0.872380 3.946682 -0.078000 0.00000000 -0.00000000 0.11534960 0.99332496
537.100000000 0.875734 3.947386 -0.078000 0.00032547 0.00043402 0.11808810 0.99300297
537.200000000 0.887716 3.950156 -0.078097 0.00136798 0.00178412 0.12796233 0.99177648
537.322000000 0.887049 3.949306 -0.078000 -0.00000000 -0.00000000 0.12738083 0.99185388
537.447000000 0.894406 3.951853 -0.078000 0.00000000 0.00000000 0.12665170 0.99194725
537.500000000 0.900506 3.953445 -0.077979 0.00005365 -0.00019357 0.12654058 0.99196141
537.600000000 0.912145 3.956429 -0.078002 0.00000261 0.00034027 0.12202680 0.99252675
537.700000000 0.916898 3.958502 -0.078182 -0.00034021 0.00100006 0.11328779 0.99356165
537.822000000 0.915089 3.957467 -0.078000 0.00000000 -0.00000000 0.11336659 0.99355323
537.947000000 0.921997 3.958676 -0.078000 0.00000000 0.00000000 0.10717716 0.99423994
538.072000000 0.929841 3.959652 -0.078000 0.00000000 0.00000000 0.10102793 0.99488359
538.100000000 0.933135 3.960321 -0.077997 0.00000916 0.00001471 0.09826521 0.99516026
538.200000000 0.944858 3.962572 -0.077919 -0.00014644 -0.00013041 0.08836262 0.99608835
538.322000000 0.944703 3.963563 -0.078000 -0.00000000 0.00000000 0.08849650 0.99607649
538.447000000 0.952485 3.964941 -0.078000 -0.00000000 0.00000000 0.08229998 0.99660760
538.572000000 0.959429 3.966574 -0.078000 0.00000000 0.00000000 0.07606504 0.99710286
538.600000000 0.962733 3.967092 -0.077976 0.00002414 -0.00002676 0.07328222 0.99731124
538.700000000 0.974578 3.968685 -0.077929 0.00017822 -0.00001582 0.06334047 0.99799196
538.822000000 0.973669 3.968583 -0.078000 0.00000000 0.00000000 0.06359938 0.99797551
538.947000000 0.980838 3.967875 -0.078000 -0.00000000 0.00000000 0.06425422 0.99793356
539.072000000 0.989231 3.971183 -0.078000 0.00000000 -0.00000000 0.06208437 0.99807090
539.100000000 0.992565 3.971612 -0.077988 0.00001327 -0.00000861 0.06375829 0.99796537
539.200000000 0.996662 3.971381 -0.077998 0.00000284 0.00000244 0.07227964 0.99738441
539.322000000 1.002966 3.972699 -0.078000 0.00000000 0.00000000 0.07833417 0.99692716
539.447000000 1.010966 3.973724 -0.078000 0.00000000 -0.00000000 0.08428444 0.99644174
539.572000000 1.018062 3.974516 -0.078000 -0.00000000 0.00000000 0.09036186 0.99590900
539.600000000 1.021375 3.975125 -0.077998 -0.00006494 0.00003235 0.09312392 0.99565452
539.700000000 1.033192 3.977483 -0.077987 0.00000258 0.00010530 0.10171778 0.99481329
539.822000000 1.032116 3.976844 -0.078000 0.00000000 0.00000000 0.09487758 0.99548895
539.947000000 1.040479 3.980311 -0.078000 0.00000000 -0.00000000 0.08941339 0.99599460
540.072000000 1.047400 3.981638 -0.078000 0.00000000 0.00000000 0.08586890 0.99630644
540.100000000 1.050700 3.982202 -0.077998 -0.00005946 -0.00000686 0.08301648 0.99654817
540.200000000 1.062505 3.984114 -0.077950 -0.00014892 0.00000545 0.07280645 0.99734608
540.322000000 1.063076 3.984856 -0.078000 0.00000000 -0.00000000 0.07281752 0.99734528
540.447000000 1.070269 3.985396 -0.078000 0.00000000 -0.00000000 0.06662987 0.99777776
540.572000000 1.077364 3.986195 -0.078000 0.00000000 0.00000000 0.06044071 0.99817179
540.600000000 1.080689 3.986593 -0.077985 0.00009756 0.00001997 0.05766236 0.99833614
540.700000000 1.092601 3.987836 -0.077977 0.00008429 0.00009374 0.04771831 0.99886082
540.822000000 1.092535 3.987825 -0.078000 -0.00000000 0.00000000 0.04802980 0.99884590
540.947000000 1.099949 3.988601 -0.078000 0.00000000 -0.00000000 0.04182926 0.99912477
541.000000000 1.106289 3.989108 -0.077995 -0.00004951 0.00006653 0.03811843 0.99927323
541.100000000 1.118241 3.989999 -0.077966 -0.00018524 0.00003227 0.03485132 0.99939249
541.200000000 1.122093 3.987752 -0.077937 0.00013902 -0.00007532 0.04467627 0.99900150
541.322000000 1.121924 3.989441 -0.078000 0.00000000 -0.00000000 0.05159745 0.99866796
541.447000000 1.129513 3.989629 -0.078000 0.00000000 -0.00000000 0.05738070 0.99835237
541.572000000 1.136495 3.990026 -0.078000 0.00000000 0.00000000 0.06342757 0.99798644
541.600000000 1.139829 3.990448 -0.077980 -0.00006149 -0.00001187 0.06524512 0.99786927
541.700000000 1.151722 3.992144 -0.077954 -0.00008842 0.00004700 0.07123756 0.99745937
541.822000000 1.152339 3.993687 -0.078000 -0.00000000 0.00000000 0.05823760 0.99830275
541.947000000 1.159332 3.993941 -0.078000 0.00000000 -0.00000000 0.05538701 0.99846496
542.072000000 1.166895 3.994394 -0.078000 -0.00000000 -0.00000000 0.04888917 0.99880421
542.100000000 1.170229 3.994723 -0.077999 -0.00003476 0.00000528 0.04621540 0.99893150
542.200000000 1.182135 3.995748 -0.077960 -0.00014627 -0.00005369 0.03637398 0.99933824
542.322000000 1.182371 3.995694 -0.078000 0.00000000 0.00000000 0.03649204 0.99933394
542.447000000 1.189615 3.995400 -0.078000 0.00000000 -0.00000000 0.03021889 0.99954331
542.500000000 1.195947 3.995734 -0.077991 0.00012302 0.00001847 0.02494308 0.99968887
542.600000000 1.199693 3.996183 -0.077993 -0.00001457 0.00000660 0.02120843 0.99977508
542.700000000 1.211641 3.996619 -0.077965 -0.00015859 -0.00002968 0.01124582 0.99993675
542.822000000 1.212187 3.996273 -0.078000 0.00000000 0.00000000 0.01148958 0.99993399
542.947000000 1.219257 3.996449 -0.078000 0.00000000 -0.00000000 0.00524558 0.99998624
543.072000000 1.226148 3.997190 -0.078000 -0.00000000 -0.00000000 -0.00093176 0.99999957
543.100000000 1.229494 3.997180 -0.077981 -0.00000617 -0.00002440 -0.00372150 0.99999307
543.200000000 1.241441 3.997003 -0.077928 -0.00009774 -0.00002108 -0.01368575 0.99990634
543.322000000 1.240119 3.997344 -0.078000 -0.00000000 -0.00000000 -0.01341583 0.99991000
543.447000000 1.248661 3.997765 -0.078000 -0.00000000 0.00000000 -0.01960544 0.99980779
543.572000000 1.256759 3.998308 -0.078000 -0.00000000 -0.00000000 -0.02553669 0.99967389
543.600000000 1.260107 3.998132 -0.077994 0.00001601 0.00001613 -0.02700895 0.99963519
543.700000000 1.272093 3.997433 -0.077972 -0.00020049 0.00003784 -0.03016671 0.99954486
543.822000000 1.270544 3.996390 -0.078000 -0.00000000 0.00000000 -0.02365224 0.99972025
543.947000000 1.277981 3.995861 -0.078000 -0.00000000 0.00000000 -0.02416106 0.99970808
544.072000000 1.284627 3.996711 -0.078000 0.00000000 0.00000000 -0.03160668 0.99950038
544.100000000 1.287968 3.996521 -0.077988 0.00007923 -0.00001296 -0.03497690 0.99938812
544.200000000 1.299850 3.995493 -0.077948 0.00029429 -0.00006793 -0.04760234 0.99886632
544.322000000 1.300794 3.996827 -0.078000 -0.00000000 -0.00000000 -0.05331530 0.99857773
544.447000000 1.308947 3.996466 -0.078000 -0.00000000 -0.00000000 -0.07393446 0.99726310
544.500000000 1.315180 3.995544 -0.077967 0.00006688 -0.00005704 -0.08949006 0.99598771
544.600000000 1.326780 3.993063 -0.077914 -0.00001754 -0.00008856 -0.11849281 0.99295491
544.700000000 1.330609 3.991492 -0.077986 0.00028098 0.00001997 -0.12906314 0.99163634
544.822000000 1.328758 3.990504 -0.078000 -0.00000000 -0.00000000 -0.12129618 0.99261636
544.947000000 1.335632 3.987635 -0.078000 -0.00000000 -0.00000000 -0.12938432 0.99159452
545.072000000 1.343548 3.986151 -0.078000 -0.00000000 0.00000000 -0.13798630 0.99043414
545.100000000 1.346769 3.985244 -0.077992 -0.00005538 -0.00000327 -0.14068186 0.99005485
545.200000000 1.358234 3.981829 -0.077951 -0.00006073 0.00005232 -0.15018629 0.98865771
545.322000000 1.357192 3.982544 -0.078000 -0.00000000 -0.00000000 -0.14961057 0.98874500
545.447000000 1.363793 3.983066 -0.078000 0.00000000 -0.00000000 -0.15586388 0.98777854
545.572000000 1.370795 3.981687 -0.078000 0.00000000 0.00000000 -0.16203357 0.98678525
545.600000000 1.373967 3.980615 -0.077993 -0.00003222 0.00000633 -0.16479319 0.98632814
545.700000000 1.385244 3.976640 -0.077950 -0.00011052 0.00000812 -0.17397277 0.98475046
545.822000000 1.384284 3.977404 -0.078000 -0.00000000 -0.00000000 -0.16689396 0.98597485
545.947000000 1.391139 3.975622 -0.078000 -0.00000000 -0.00000000 -0.16182382 0.98681967
546.000000000 1.397194 3.973601 -0.077984 0.00003435 0.00002577 -0.15685714 0.98762130
546.100000000 1.400856 3.972263 -0.077998 0.00002377 -0.00002676 -0.15432215 0.98802058
546.200000000 1.412335 3.968732 -0.077951 -0.00018252 -0.00005626 -0.14439811 0.98951966
546.322000000 1.412811 3.969073 -0.078000 -0.00000000 0.00000000 -0.14472331 0.98947216
546.447000000 1.421021 3.966518 -0.078000 0.00000000 -0.00000000 -0.13858157 0.99035102
546.572000000 1.431961 3.959016 -0.078000 0.00000000 0.00000000 -0.13159091 0.99130411
546.600000000 1.435209 3.958136 -0.077975 0.00005901 -0.00000986 -0.12882403 0.99166747
546.700000000 1.446868 3.955145 -0.077955 0.00001256 0.00005498 -0.11893506 0.99290203
546.822000000 1.446874 3.955594 -0.078000 0.00000000 0.00000000 -0.11926774 0.99286213
546.947000000 1.453586 3.954479 -0.078000 -0.00000000 0.00000000 -0.11324797 0.99356676
547.072000000 1.461735 3.952683 -0.078000 -0.00000000 -0.00000000 -0.11465277 0.99340563
547.100000000 1.465007 3.951939 -0.077995 0.00003507 -0.00000546 -0.11530949 0.99332961
547.200000000 1.476640 3.949133 -0.077962 0.00025257 -0.00005536 -0.11819962 0.99298982
547.322000000 1.476034 3.949218 -0.078000 -0.00000000 0.00000000 -0.12383500 0.99230282
547.447000000 1.482957 3.947134 -0.078000 0.00000000 -0.00000000 -0.13058149 0.99143758
547.500000000 1.489060 3.945457 -0.077957 0.00003588 -0.00005052 -0.13582433 0.99073293
547.600000000 1.493063 3.944179 -0.077982 -0.00002412 0.00000702 -0.13948375 0.99022436
547.700000000 1.499413 3.943022 -0.077997 -0.00008353 -0.00001693 -0.14273878 0.98976039
547.822000000 1.505081 3.943254 -0.078000 0.00000000 -0.00000000 -0.13954349 0.99021594
547.947000000 1.510277 3.942540 -0.078000 0.00000000 -0.00000000 -0.13264203 0.99116401
548.072000000 1.516911 3.938620 -0.078000 0.00000000 -0.00000000 -0.12856585 0.99170097
548.100000000 1.520171 3.937715 -0.078021 -0.00018448 0.00009299 -0.12582113 0.99205292
548.200000000 1.531927 3.935008 -0.078167 -0.00087096 0.00034519 -0.11590843 0.99325946
548.322000000 1.533118 3.935975 -0.078000 -0.00000000 -0.00000000 -0.11627338 0.99321725
548.447000000 1.539333 3.934891 -0.078000 0.00000000 0.00000000 -0.11003143 0.99392811
548.572000000 1.547850 3.933559 -0.078000 0.00000000 -0.00000000 -0.10376062 0.99460230
548.600000000 1.551160 3.932864 -0.078004 -0.00002452 -0.00000908 -0.10093542 0.99489298
548.700000000 1.563014 3.930562 -0.077969 -0.00006315 -0.00008200 -0.09083119 0.99586630
548.822000000 1.562843 3.929533 -0.078000 0.00000000 -0.00000000 -0.09107258 0.99584426
548.947000000 1.569467 3.927537 -0.078000 -0.00000000 0.00000000 -0.08478872 0.99639895
549.072000000 1.577001 3.926552 -0.078000 0.00000000 -0.00000000 -0.07845153 0.99691793
549.100000000 1.580317 3.925959 -0.077970 0.00044104 0.00004592 -0.07566549 0.99713316
549.197000000 1.584748 3.926217 -0.078000 0.00000000 -0.00000000 -0.07223255 0.99738782
549.322000000 1.592822 3.924331 -0.078000 0.00000000 0.00000000 -0.06598592 0.99782055
549.447000000 1.600111 3.923013 -0.078000 -0.00000000 -0.00000000 -0.05977536 0.99821185
549.500000000 1.606388 3.922270 -0.077943 0.00005523 -0.00027771 -0.05449901 0.99851378
549.600000000 1.610764 3.921348 -0.077983 -0.00007253 -0.00000393 -0.05079924 0.99870888
549.700000000 1.622820 3.920305 -0.078006 -0.00040545 0.00034497 -0.04084788 0.99916524
549.822000000 1.622160 3.921107 -0.078000 0.00000000 -0.00000000 -0.04121321 0.99915037
549.947000000 1.629281 3.920288 -0.078000 -0.00000000 -0.00000000 -0.03502893 0.99938630
550.072000000 1.636597 3.919994 -0.078000 -0.00000000 0.00000000 -0.02880724 0.99958499
550.100000000 1.639956 3.919793 -0.077985 -0.00006730 0.00002700 -0.02601814 0.99966147
550.200000000 1.652006 3.919354 -0.077966 -0.00037870 0.00016551 -0.01605621 0.99987101
550.322000000 1.651905 3.919076 -0.078000 -0.00000000 -0.00000000 -0.01633971 0.99986650
550.447000000 1.659574 3.918996 -0.078000 -0.00000000 0.00000000 -0.01010964 0.99994890
550.572000000 1.666687 3.918493 -0.078000 0.00000000 -0.00000000 -0.00386824 0.99999252
550.600000000 1.670060 3.918466 -0.078006 0.00003364 0.00001479 -0.00107767 0.99999942
550.700000000 1.682078 3.918536 -0.077936 0.00006734 -0.00004648 0.00888767 0.99996050
550.822000000 1.681560 3.918446 -0.078000 -0.00000000 -0.00000000 0.00853902 0.99996354
550.947000000 1.689417 3.919199 -0.078000 -0.00000000 -0.00000000 0.01476297 0.99989102
551.000000000 1.695792 3.919422 -0.078009 -0.00005491 0.00000856 0.02004390 0.99979910
551.100000000 1.700284 3.919994 -0.077978 -0.00003712 -0.00002497 0.02379388 0.99971688
551.200000000 1.704635 3.919955 -0.077997 0.00000664 0.00000062 0.02754882 0.99962046
551.322000000 1.712820 3.920947 -0.078000 0.00000000 -0.00000000 0.03349714 0.99943881
551.447000000 1.720541 3.921149 -0.078000 -0.00000000 0.00000000 0.03975704 0.99920938
551.572000000 1.726866 3.921109 -0.078000 -0.00000000 -0.00000000 0.04601305 0.99894084
551.600000000 1.730222 3.921413 -0.078012 -0.00008757 0.00000450 0.04879997 0.99880857
551.700000000 1.742160 3.922760 -0.077956 -0.00023859 -0.00004340 0.05636453 0.99841023
551.822000000 1.741140 3.923409 -0.078000 -0.00000000 0.00000000 0.04924019 0.99878697
551.947000000 1.750142 3.924691 -0.078000 -0.00000000 -0.00000000 0.04140303 0.99914253
552.072000000 1.757135 3.925551 -0.078000 -0.00000000 0.00000000 0.03002937 0.99954902
552.100000000 1.760464 3.925763 -0.077989 0.00006796 -0.00001284 0.02454817 0.99969865
552.200000000 1.772371 3.926126 -0.077949 -0.00002631 -0.00004386 0.00627016 0.99998034
552.322000000 1.770921 3.926175 -0.078000 0.00000000 -0.00000000 0.00720332 0.99997406
552.447000000 1.779238 3.926994 -0.078000 0.00000000 0.00000000 -0.00543099 0.99998525
552.572000000 1.786545 3.925779 -0.078000 -0.00000000 0.00000000 -0.01787971 0.99984015
552.600000000 1.789881 3.925667 -0.077992 0.00008277 0.00000788 -0.02345501 0.99972489
552.700000000 1.801781 3.924813 -0.077952 0.00026254 0.00002405 -0.04337555 0.99905880
552.822000000 1.800226 3.924822 -0.078000 0.00000000 0.00000000 -0.04293377 0.99907792
552.947000000 1.808081 3.925443 -0.078000 0.00000000 0.00000000 -0.05533452 0.99846787
553.000000000 1.814359 3.924725 -0.077985 -0.00002210 0.00000666 -0.06587603 0.99782781
553.100000000 1.826140 3.922948 -0.077949 -0.00006587 -0.00004827 -0.08574780 0.99631687
553.200000000 1.830934 3.921331 -0.077938 0.00025098 -0.00003301 -0.09317176 0.99565002
553.377000000 1.835565 3.920737 -0.077968 0.00010031 -0.00000962 -0.10341923 0.99463785
553.447000000 1.837600 3.921196 -0.078000 0.00000000 0.00000000 -0.10495595 0.99447687
553.572000000 1.845002 3.920127 -0.078000 0.00000000 -0.00000000 -0.11735250 0.99309032
553.600000000 1.848250 3.919360 -0.077985 0.00000208 -0.00001177 -0.12289273 0.99241996
553.700000000 1.859740 3.916200 -0.077951 0.00026130 -0.00005569 -0.14264564 0.98977379
553.822000000 1.859042 3.915954 -0.078000 -0.00000000 -0.00000000 -0.14189764 0.98988134
553.947000000 1.866814 3.914493 -0.078000 -0.00000000 0.00000000 -0.15410869 0.98805390
554.072000000 1.873726 3.912158 -0.078000 -0.00000000 -0.00000000 -0.16646319 0.98604767
554.100000000 1.876880 3.911067 -0.077989 -0.00004490 0.00000563 -0.17196331 0.98510335
554.200000000 1.888032 3.906834 -0.077953 -0.00011737 0.00005442 -0.19156160 0.98148058
554.322000000 1.888254 3.906802 -0.078000 0.00000000 -0.00000000 -0.19096410 0.98159702
554.447000000 1.894320 3.903358 -0.078000 0.00000000 0.00000000 -0.20317868 0.97914168
554.500000000 1.900098 3.900782 -0.077997 0.00006405 0.00002098 -0.21350952 0.97694098
554.600000000 1.904209 3.898239 -0.077993 0.00003112 0.00001676 -0.22085862 0.97530583
554.700000000 1.908167 3.897334 -0.077997 -0.00000500 -0.00000151 -0.22813262 0.97363007
554.822000000 1.914203 3.894595 -0.078000 -0.00000000 -0.00000000 -0.23964223 0.97086127
554.947000000 1.920969 3.891013 -0.078000 0.00000000 -0.00000000 -0.25173076 0.96779730
555.072000000 1.925913 3.886678 -0.078000 -0.00000000 -0.00000000 -0.25748241 0.96628299
555.100000000 1.928807 3.885003 -0.077993 0.00009646 -0.00002956 -0.26071394 0.96541609
555.200000000 1.939047 3.878799 -0.077951 0.00020933 -0.00006928 -0.26981432 0.96291235
555.247000000 1.941052 3.878049 -0.077956 0.00000060 0.00000154 -0.26942828 0.96302046
556.322000000 1.999656 3.845370 -0.078000 -0.00000000 -0.00000000 -0.26346833 0.96466805
556.447000000 2.008739 3.840582 -0.078000 -0.00000000 0.00000000 -0.26348078 0.96466464
556.572000000 2.017179 3.835652 -0.078000 0.00000000 0.00000000 -0.26352735 0.96465192
556.600000000 2.021039 3.833373 -0.077979 0.00005273 -0.00000255 -0.26352688 0.96465205
556.700000000 2.034799 3.825223 -0.077909 0.00000267 -0.00002421 -0.26352697 0.96465203
556.822000000 2.033500 3.824603 -0.078000 -0.00000000 -0.00000000 -0.26349351 0.96466117
556.947000000 2.042121 3.819485 -0.078000 0.00000000 -0.00000000 -0.26348676 0.96466301
557.072000000 2.050868 3.814402 -0.078000 0.00000000 0.00000000 -0.26349524 0.96466070
557.100000000 2.054725 3.812129 -0.077975 0.00003828 -0.00003813 -0.26349510 0.96466073
557.200000000 2.068470 3.803975 -0.077922 0.00010981 -0.00007501 -0.26349511 0.96466072
557.322000000 2.069237 3.803799 -0.078000 -0.00000000 -0.00000000 -0.26350423 0.96465824
557.447000000 2.077600 3.798449 -0.078000 -0.00000000 0.00000000 -0.26352045 0.96465381
557.572000000 2.086425 3.793796 -0.078000 0.00000000 -0.00000000 -0.26354701 0.96464655
557.600000000 2.090283 3.791523 -0.077991 0.00002261 -0.00000546 -0.26354716 0.96464651
557.700000000 2.104033 3.783349 -0.077939 0.00021166 -0.00004566 -0.26354650 0.96464667
557.822000000 2.102295 3.783795 -0.078000 -0.00000000 -0.00000000 -0.26360034 0.96463198
557.947000000 2.112268 3.778304 -0.078000 0.00000000 -0.00000000 -0.27004347 0.96284813
558.000000000 2.119501 3.773926 -0.077968 0.00007167 -0.00002755 -0.27518874 0.96139022
558.100000000 2.132954 3.765387 -0.077934 -0.00013635 0.00004492 -0.28604077 0.95821744
558.200000000 2.136427 3.762203 -0.077934 -0.00008700 0.00001819 -0.29775931 0.95464097
558.322000000 2.137515 3.763877 -0.078000 -0.00000000 -0.00000000 -0.31036039 0.95061897
558.447000000 2.145161 3.758127 -0.078000 -0.00000000 -0.00000000 -0.32728271 0.94492647
558.572000000 2.152546 3.751870 -0.078000 -0.00000000 -0.00000000 -0.34460182 0.93874895
558.600000000 2.155942 3.749000 -0.077986 0.00011248 -0.00003905 -0.35241756 0.93584286
558.700000000 2.167537 3.738125 -0.077936 0.00040636 -0.00009447 -0.38016297 0.92491942
558.822000000 2.166638 3.738285 -0.078000 -0.00000000 0.00000000 -0.37330459 0.92770883
558.947000000 2.173116 3.731022 -0.078000 -0.00000000 -0.00000000 -0.38917580 0.92116350
559.072000000 2.180506 3.724107 -0.078000 -0.00000000 -0.00000000 -0.40157003 0.91582832
559.100000000 2.183542 3.720833 -0.077977 -0.00003250 0.00001184 -0.40598313 0.91388057
559.200000000 2.193933 3.708794 -0.077700 0.00011512 -0.00025552 -0.42058460 0.90725328
559.322000000 2.193819 3.710117 -0.078000 0.00000000 -0.00000000 -0.40855428 0.91273403
559.447000000 2.199981 3.703238 -0.078000 0.00000000 0.00000000 -0.41071938 0.91176181
559.500000000 2.205589 3.696935 -0.077994 -0.00028821 0.00009834 -0.41088464 0.91168729
559.600000000 2.211365 3.693088 -0.078109 -0.00038120 0.00067221 -0.41109175 0.91159365
559.700000000 2.215031 3.689122 -0.078001 -0.00002224 0.00008623 -0.41091669 0.91167289
559.822000000 2.220353 3.681413 -0.078000 0.00000000 0.00000000 -0.41078927 0.91173032
559.947000000 2.225933 3.673789 -0.078000 -0.00000000 -0.00000000 -0.41072128 0.91176095
560.072000000 2.231821 3.665974 -0.078000 0.00000000 -0.00000000 -0.41057605 0.91182636
560.100000000 2.234739 3.662697 -0.077926 -0.00020399 -0.00051542 -0.40963792 0.91224803
560.200000000 2.245153 3.650950 -0.077807 -0.00058897 -0.00168395 -0.40594657 0.91389507
560.322000000 2.245945 3.651406 -0.078000 0.00000000 -0.00000000 -0.39491845 0.91871618
560.447000000 2.250608 3.635426 -0.078000 -0.00000000 0.00000000 -0.38796823 0.92167275
560.572000000 2.256664 3.628444 -0.078000 0.00000000 0.00000000 -0.37722171 0.92612298
560.600000000 2.259898 3.625251 -0.077980 0.00000934 -0.00006674 -0.37199632 0.92823420
560.700000000 2.271558 3.614529 -0.077849 -0.00029805 -0.00109097 -0.35335084 0.93549019
560.822000000 2.272028 3.615260 -0.078000 0.00000000 0.00000000 -0.35353467 0.93542142
560.947000000 2.278443 3.608261 -0.078000 0.00000000 0.00000000 -0.34171141 0.93980493
561.072000000 2.286210 3.602812 -0.078000 0.00000000 0.00000000 -0.32991096 0.94401205
561.100000000 2.289737 3.600000 -0.077941 -0.00007569 -0.00010784 -0.32583947 0.94542510
561.200000000 2.302462 3.590487 -0.077727 -0.00045506 -0.00051922 -0.31172315 0.95017272
561.322000000 2.301980 3.590197 -0.078000 -0.00000000 0.00000000 -0.31862231 0.94788176
561.447000000 2.309437 3.585058 -0.078000 -0.00000000 -0.00000000 -0.32095056 0.94709595
561.500000000 2.316197 3.579926 -0.077947 -0.00013187 -0.00006675 -0.32052002 0.94724173
561.600000000 2.328877 3.570280 -0.077864 -0.00029069 -0.00014392 -0.32028286 0.94732190
561.700000000 2.332665 3.567548 -0.077925 0.00024234 0.00001135 -0.32009918 0.94738401
561.822000000 2.332792 3.567704 -0.078000 0.00000000 -0.00000000 -0.31979075 0.94748819
561.947000000 2.340762 3.562052 -0.078000 0.00000000 0.00000000 -0.31971909 0.94751238
562.072000000 2.348537 3.555652 -0.078000 -0.00000000 -0.00000000 -0.31956535 0.94756424
562.100000000 2.352104 3.552936 -0.077999 -0.00005024 0.00003502 -0.31956707 0.94756366
562.200000000 2.364848 3.543274 -0.077925 -0.00007665 0.00001511 -0.31956617 0.94756396
562.322000000 2.364350 3.542893 -0.078000 0.00000000 -0.00000000 -0.31942699 0.94761089
562.447000000 2.373101 3.536858 -0.078000 0.00000000 0.00000000 -0.32037089 0.94729219
562.572000000 2.381030 3.529646 -0.078000 0.00000000 0.00000000 -0.33115558 0.94357616
562.600000000 2.384524 3.526871 -0.077990 0.00002742 -0.00001517 -0.33552909 0.94202984
562.700000000 2.396701 3.516623 -0.077943 -0.00011825 0.00003084 -0.35215495 0.93594171
562.822000000 2.394882 3.517250 -0.078000 -0.00000000 0.00000000 -0.35736231 0.93396583
562.947000000 2.402654 3.511481 -0.078000 0.00000000 0.00000000 -0.36893622 0.92945472
563.000000000 2.408754 3.505650 -0.077958 -0.00006247 0.00002913 -0.37866632 0.92553326
563.100000000 2.414183 3.501637 -0.077989 0.00009337 -0.00002291 -0.38536958 0.92276231
563.200000000 2.425130 3.490069 -0.077935 0.00015149 -0.00004051 -0.40366554 0.91490661
563.322000000 2.423913 3.489574 -0.078000 0.00000000 -0.00000000 -0.40281669 0.91528067
563.447000000 2.430395 3.482540 -0.078000 0.00000000 0.00000000 -0.41406918 0.91024542
563.572000000 2.437331 3.474791 -0.078000 -0.00000000 0.00000000 -0.41874360 0.90810451
563.600000000 2.440229 3.471384 -0.077979 0.00000471 -0.00002594 -0.42037733 0.90734938
563.700000000 2.450418 3.459089 -0.077914 0.00017206 -0.00013401 -0.42695555 0.90427258
563.822000000 2.449843 3.460799 -0.078000 -0.00000000 -0.00000000 -0.42229485 0.90645852
563.947000000 2.455837 3.452388 -0.078000 -0.00000000 -0.00000000 -0.42179978 0.90668900
564.072000000 2.463748 3.443735 -0.078000 -0.00000000 -0.00000000 -0.41528979 0.90968917
564.100000000 2.466664 3.440330 -0.077991 -0.00005104 0.00003866 -0.41280174 0.91082090
564.200000000 2.477374 3.428336 -0.077975 0.00001230 0.00012622 -0.40203656 0.91562361
564.322000000 2.476760 3.430496 -0.078000 0.00000000 -0.00000000 -0.39713151 0.91776171
564.447000000 2.483366 3.423360 -0.078000 -0.00000000 -0.00000000 -0.38513946 0.92285839
564.500000000 2.489390 3.417341 -0.077994 0.00012295 -0.00004253 -0.37537294 0.92687385
564.600000000 2.494003 3.412618 -0.077989 -0.00004584 0.00003392 -0.36831037 0.92970289
564.700000000 2.497466 3.408512 -0.077997 -0.00000571 0.00000152 -0.36119933 0.93248863
564.822000000 2.504604 3.403280 -0.078000 -0.00000000 -0.00000000 -0.34991912 0.93677991
564.947000000 2.512172 3.396764 -0.078000 0.00000000 -0.00000000 -0.33809309 0.94111267
565.072000000 2.520406 3.390744 -0.078000 -0.00000000 0.00000000 -0.32630498 0.94526454
565.100000000 2.523937 3.387964 -0.077969 0.00004273 -0.00001752 -0.32102487 0.94707076
565.200000000 2.536861 3.378416 -0.077941 -0.00005809 0.00006954 -0.30208995 0.95327942
565.322000000 2.536754 3.377991 -0.078000 0.00000000 0.00000000 -0.30244770 0.95316598
565.447000000 2.545002 3.373073 -0.078000 0.00000000 -0.00000000 -0.29048973 0.95687811
565.572000000 2.553016 3.368529 -0.078000 0.00000000 -0.00000000 -0.27850768 0.96043400
565.600000000 2.556817 3.366122 -0.077996 0.00002852 0.00001956 -0.27314429 0.96197307
565.700000000 2.570635 3.357913 -0.077946 0.00008303 0.00001687 -0.25392007 0.96722520
565.822000000 2.570751 3.356984 -0.078000 0.00000000 -0.00000000 -0.25458546 0.96705028
565.947000000 2.579586 3.352769 -0.078000 0.00000000 0.00000000 -0.24244520 0.97016510
566.072000000 2.589307 3.348262 -0.078000 0.00000000 0.00000000 -0.23030465 0.97311858
566.100000000 2.593327 3.346242 -0.077973 -0.00000744 -0.00000400 -0.22487164 0.97438840
566.200000000 2.607888 3.339468 -0.077914 0.00014407 -0.00004030 -0.20540819 0.97867638
566.322000000 2.606522 3.339860 -0.078000 -0.00000000 -0.00000000 -0.20586488 0.97858043
566.447000000 2.615313 3.335477 -0.078000 -0.00000000 0.00000000 -0.19363208 0.98107422
566.500000000 2.623219 3.332310 -0.077988 0.00000943 0.00001602 -0.18325845 0.98306477
566.600000000 2.638320 3.326804 -0.077934 -0.00025172 0.00012559 -0.16363189 0.98652143
566.700000000 2.644566 3.324762 -0.077932 -0.00002872 0.00004953 -0.15625251 0.98771714
566.822000000 2.643677 3.326354 -0.078000 -0.00000000 -0.00000000 -0.15691675 0.98761183
566.947000000 2.653234 3.323528 -0.078000 -0.00000000 -0.00000000 -0.14464171 0.98948410
567.072000000 2.662384 3.319070 -0.078000 -0.00000000 0.00000000 -0.13244703 0.99119008
567.100000000 2.666715 3.317883 -0.077986 -0.00007840 0.00000105 -0.12817901 0.99175105
567.200000000 2.682299 3.314114 -0.077935 -0.00022301 0.00004204 -0.11432849 0.99344297
567.322000000 2.680794 3.316092 -0.078000 0.00000000 -0.00000000 -0.12660126 0.99195369
567.447000000 2.691095 3.312706 -0.078000 -0.00000000 0.00000000 -0.12396375 0.99228675
567.572000000 2.700881 3.309897 -0.078000 0.00000000 -0.00000000 -0.12452043 0.99221704
567.600000000 2.705220 3.308786 -0.077977 0.00002419 -0.00002667 -0.12449165 0.99222065
567.700000000 2.720705 3.304861 -0.077894 -0.00013486 -0.00005949 -0.12447352 0.99222292
567.822000000 2.721001 3.305120 -0.078000 0.00000000 0.00000000 -0.12473871 0.99218963
567.947000000 2.730715 3.302334 -0.078000 -0.00000000 -0.00000000 -0.13373620 0.99101697
568.000000000 2.738847 3.300075 -0.077966 -0.00005921 -0.00002588 -0.14067533 0.99005578
568.100000000 2.743621 3.299195 -0.077976 0.00009325 -0.00001445 -0.15203880 0.98837452
568.200000000 2.758724 3.294090 -0.077957 0.00011713 0.00006641 -0.17066830 0.98532853
568.322000000 2.758816 3.293382 -0.078000 -0.00000000 -0.00000000 -0.16954112 0.98552311
568.447000000 2.768273 3.290076 -0.078000 -0.00000000 -0.00000000 -0.18180497 0.98333461
568.572000000 2.778107 3.287283 -0.078000 0.00000000 0.00000000 -0.19403732 0.98099415
568.600000000 2.782236 3.285602 -0.077982 0.00003878 -0.00001647 -0.19951672 0.97989442
568.700000000 2.796744 3.279054 -0.077925 0.00036726 -0.00008395 -0.21901335 0.97572179
568.822000000 2.796175 3.278792 -0.078000 0.00000000 -0.00000000 -0.21838268 0.97586321
568.947000000 2.805535 3.274874 -0.078000 -0.00000000 -0.00000000 -0.23048240 0.97307649
569.072000000 2.814284 3.270980 -0.078000 0.00000000 0.00000000 -0.24259160 0.97012850
569.100000000 2.818218 3.268889 -0.077974 -0.00003280 -0.00000739 -0.24800071 0.96875985
569.200000000 2.832046 3.260997 -0.077927 -0.00011570 0.00004140 -0.26725582 0.96362561
569.322000000 2.831978 3.260721 -0.078000 0.00000000 -0.00000000 -0.26666951 0.96378803
569.447000000 2.840266 3.254599 -0.078000 0.00000000 0.00000000 -0.27856893 0.96041624
569.595000000 2.851785 3.247094 -0.078000 0.00004194 0.00000447 -0.29556600 0.95532232
569.600000000 2.852016 3.246936 -0.078002 0.00002935 0.00001462 -0.29592711 0.95521052
569.700000000 2.864984 3.237673 -0.077969 -0.00004525 0.00008208 -0.31490366 0.94912364
569.822000000 2.864726 3.239207 -0.078000 -0.00000000 -0.00000000 -0.31435241 0.94930636
569.947000000 2.871571 3.233566 -0.078000 -0.00000000 0.00000000 -0.32584578 0.94542293
570.000000000 2.878176 3.228313 -0.077961 -0.00000958 -0.00004847 -0.33347223 0.94275992
570.100000000 2.890440 3.218100 -0.077900 0.00013251 -0.00010365 -0.34281876 0.93940155
570.200000000 2.896850 3.214562 -0.077971 -0.00011998 0.00012017 -0.33677143 0.94158641
570.322000000 2.897144 3.212689 -0.078000 -0.00000000 -0.00000000 -0.33192617 0.94330537
570.447000000 2.905016 3.207029 -0.078000 0.00000000 -0.00000000 -0.33170288 0.94338391
570.572000000 2.912736 3.201682 -0.078000 -0.00000000 -0.00000000 -0.33166574 0.94339697
570.600000000 2.916227 3.198873 -0.077984 0.00004079 -0.00001229 -0.33165084 0.94340221
570.700000000 2.928707 3.188870 -0.077931 -0.00009094 0.00003493 -0.33161926 0.94341330
570.822000000 2.927195 3.189140 -0.078000 0.00000000 0.00000000 -0.33167760 0.94339280
570.947000000 2.935225 3.184015 -0.078000 -0.00000000 0.00000000 -0.33172590 0.94337581
571.072000000 2.942967 3.177021 -0.078000 0.00000000 0.00000000 -0.33173489 0.94337265
571.100000000 2.946463 3.174219 -0.077996 0.00005790 -0.00000022 -0.33173532 0.94337250
571.200000000 2.958914 3.164182 -0.077938 0.00012572 -0.00004688 -0.33173599 0.94337226
571.322000000 2.958423 3.165750 -0.078000 0.00000000 0.00000000 -0.33173358 0.94337311
571.447000000 2.965852 3.158794 -0.078000 -0.00000000 -0.00000000 -0.33174132 0.94337039
571.500000000 2.972457 3.153474 -0.077963 0.00006060 0.00000722 -0.33174045 0.94337070
571.600000000 2.976717 3.148713 -0.078000 -0.00008079 -0.00000405 -0.33173108 0.94337399
571.700000000 2.989190 3.138733 -0.077921 -0.00007244 -0.00006438 -0.33173126 0.94337392
571.822000000 2.989601 3.140133 -0.078000 0.00000000 0.00000000 -0.33178553 0.94335484
571.947000000 2.998570 3.133749 -0.078000 0.00000000 0.00000000 -0.33184486 0.94333398
572.072000000 3.005146 3.125549 -0.078000 -0.00000000 -0.00000000 -0.33184370 0.94333438
572.100000000 3.008633 3.122739 -0.077987 -0.00002984 0.00002243 -0.33184359 0.94333442
572.200000000 3.021146 3.112757 -0.077933 -0.00022979 0.00014474 -0.33074069 0.94372163
572.322000000 3.020505 3.113408 -0.078000 -0.00000000 0.00000000 -0.32486432 0.94576063
572.447000000 3.026480 3.109672 -0.078000 -0.00000000 -0.00000000 -0.31990705 0.94744893
572.572000000 3.035390 3.101993 -0.078000 -0.00000000 -0.00000000 -0.30545836 0.95220544
572.600000000 3.039027 3.099347 -0.077973 0.00003062 -0.00000922 -0.30036367 0.95382476
572.700000000 3.052385 3.090422 -0.077938 -0.00012327 0.00004940 -0.28160911 0.95952920
572.822000000 3.051883 3.091534 -0.078000 -0.00000000 -0.00000000 -0.28222911 0.95934703
572.947000000 3.061829 3.084253 -0.078000 -0.00000000 -0.00000000 -0.27068527 0.96266790
573.000000000 3.069131 3.079904 -0.077957 -0.00015134 0.00005577 -0.26419984 0.96446795
573.100000000 3.073752 3.077212 -0.078008 0.00005493 -0.00000185 -0.26627131 0.96389812
573.200000000 3.078038 3.075223 -0.078000 -0.00000297 0.00000058 -0.26875786 0.96320777
573.322000000 3.085041 3.070307 -0.078000 -0.00000000 0.00000000 -0.27325810 0.96194075
573.447000000 3.094572 3.065069 -0.078000 0.00000000 0.00000000 -0.27632505 0.96106424
573.572000000 3.102661 3.058689 -0.078000 -0.00000000 0.00000000 -0.28257906 0.95924401
573.600000000 3.106425 3.056280 -0.077987 0.00002780 0.00001184 -0.28529443 0.95843992
573.700000000 3.119687 3.047387 -0.077947 0.00030461 -0.00006409 -0.29487541 0.95553566
573.822000000 3.120276 3.048909 -0.078000 0.00000000 0.00000000 -0.29469919 0.95559007
573.947000000 3.130554 3.043689 -0.078000 -0.00000000 0.00000000 -0.30074900 0.95370333
574.072000000 3.140657 3.036402 -0.078000 0.00000000 -0.00000000 -0.30686352 0.95175353
574.100000000 3.144286 3.033795 -0.077982 -0.00005472 0.00000590 -0.30951757 0.95089372
574.200000000 3.157104 3.024296 -0.077919 -0.00001646 -0.00001043 -0.31897734 0.94776234
574.322000000 3.157593 3.023322 -0.078000 0.00000000 -0.00000000 -0.31895276 0.94777061
574.447000000 3.166017 3.017762 -0.078000 -0.00000000 -0.00000000 -0.32490288 0.94574739
574.572000000 3.174312 3.010874 -0.078000 -0.00000000 -0.00000000 -0.33093756 0.94365265
574.600000000 3.177802 3.008080 -0.078001 0.00002046 0.00003020 -0.33356848 0.94272587
574.700000000 3.190133 2.997934 -0.077970 -0.00012872 0.00009049 -0.34239635 0.93955559
574.822000000 3.188922 2.997919 -0.078000 -0.00000000 -0.00000000 -0.33555834 0.94201943
574.947000000 3.197867 2.991877 -0.078000 -0.00000000 0.00000000 -0.33038350 0.94384678
575.000000000 3.204561 2.986620 -0.077974 -0.00011491 0.00010171 -0.32508759 0.94568390
575.100000000 3.208346 2.983799 -0.077971 0.00005167 -0.00001781 -0.32245147 0.94658599
575.200000000 3.221104 2.974130 -0.077904 0.00002733 -0.00010900 -0.31282212 0.94981172
575.322000000 3.220350 2.974771 -0.078000 0.00000000 -0.00000000 -0.31315863 0.94970083
575.447000000 3.228173 2.963550 -0.078000 -0.00000000 -0.00000000 -0.30705842 0.95169067
575.572000000 3.236064 2.957739 -0.078000 0.00000000 0.00000000 -0.30123987 0.95354840
575.600000000 3.239741 2.955169 -0.077977 -0.00003058 -0.00001915 -0.29857843 0.95438510
575.700000000 3.252968 2.946152 -0.077915 0.00010396 -0.00009991 -0.29009678 0.95699730
575.822000000 3.252519 2.947249 -0.078000 -0.00000000 -0.00000000 -0.29646537 0.95504360
575.947000000 3.261038 2.940854 -0.078000 -0.00000000 0.00000000 -0.29514498 0.95545248
576.072000000 3.269284 2.935020 -0.078000 0.00000000 -0.00000000 -0.29506618 0.95547682
576.100000000 3.272983 2.932491 -0.077989 -0.00004391 0.00002575 -0.29380703 0.95586475
576.200000000 3.286280 2.923499 -0.077965 0.00005952 0.00006333 -0.28737399 0.95781845
576.322000000 3.286886 2.923392 -0.078000 -0.00000000 -0.00000000 -0.27567634 0.96125052
576.447000000 3.294221 2.920859 -0.078000 0.00000000 -0.00000000 -0.26553923 0.96410006
576.500000000 3.301577 2.916564 -0.077969 0.00002377 -0.00004570 -0.25259527 0.96757203
576.600000000 3.307150 2.913253 -0.077987 -0.00006874 0.00002019 -0.23713303 0.97147719
576.700000000 3.312189 2.909605 -0.078000 0.00000534 0.00000014 -0.22661133 0.97398527
576.822000000 3.320168 2.905584 -0.078000 0.00000000 0.00000000 -0.20962844 0.97778112
576.947000000 3.329983 2.901908 -0.078000 0.00000000 0.00000000 -0.19144213 0.98150390
577.072000000 3.338979 2.900140 -0.078000 -0.00000000 0.00000000 -0.18012651 0.98364345
577.100000000 3.343189 2.898555 -0.077983 -0.00008378 0.00003089 -0.17464536 0.98463140
577.200000000 3.358382 2.893361 -0.077958 -0.00012615 0.00005090 -0.15605441 0.98774845
577.322000000 3.359679 2.893020 -0.078000 -0.00000000 -0.00000000 -0.16250257 0.98670812
577.447000000 3.370608 2.889625 -0.078000 0.00000000 0.00000000 -0.15587119 0.98777739
577.572000000 3.381092 2.885239 -0.078000 -0.00000000 0.00000000 -0.14978973 0.98871788
577.600000000 3.385370 2.883900 -0.077986 0.00000683 -0.00002596 -0.14835087 0.98893479
577.700000000 3.400683 2.879348 -0.077911 -0.00016938 -0.00003803 -0.14524911 0.98939510
577.822000000 3.400082 2.880320 -0.078000 -0.00000000 -0.00000000 -0.15147962 0.98846038
577.947000000 3.408802 2.876858 -0.078000 -0.00000000 -0.00000000 -0.15120500 0.98850243
578.072000000 3.418440 2.874727 -0.078000 0.00000000 0.00000000 -0.15131257 0.98848597
578.100000000 3.422712 2.873385 -0.077999 0.00006700 -0.00002482 -0.15132679 0.98848379
578.200000000 3.437951 2.868594 -0.077920 0.00003410 -0.00010410 -0.15133154 0.98848306
578.322000000 3.438342 2.868789 -0.078000 0.00000000 0.00000000 -0.15143471 0.98846726
578.447000000 3.446729 2.864493 -0.078000 0.00000000 -0.00000000 -0.15144436 0.98846578
578.500000000 3.454818 2.861954 -0.077994 -0.00010400 -0.00000992 -0.15144707 0.98846536
578.600000000 3.470062 2.857190 -0.077916 -0.00002829 -0.00009144 -0.15144723 0.98846534
578.700000000 3.474891 2.855783 -0.077951 0.00000965 0.00006379 -0.15151133 0.98845552
578.822000000 3.473225 2.857333 -0.078000 -0.00000000 -0.00000000 -0.15120330 0.98850269
578.947000000 3.482168 2.854931 -0.078000 -0.00000000 0.00000000 -0.14156153 0.98992946
579.072000000 3.491254 2.851984 -0.078000 0.00000000 0.00000000 -0.12581290 0.99205399
579.100000000 3.495604 2.850827 -0.077988 0.00003464 0.00000562 -0.11916182 0.99287485
579.200000000 3.511340 2.847385 -0.077931 -0.00014346 0.00005098 -0.09215532 0.99574463
579.322000000 3.513047 2.846214 -0.078000 -0.00000000 0.00000000 -0.08701089 0.99620736
579.447000000 3.521789 2.843507 -0.078000 0.00000000 0.00000000 -0.06870282 0.99763717
579.500000000 3.530259 2.842475 -0.077969 -0.00017163 0.00001409 -0.05296478 0.99859637
579.600000000 3.546307 2.841210 -0.077929 -0.00017311 0.00001812 -0.02303594 0.99973462
579.700000000 3.562392 2.840900 -0.077870 -0.00018534 -0.00000862 0.00686163 0.99997644
579.822000000 3.552908 2.841836 -0.078000 0.00000000 -0.00000000 -0.01309719 0.99991423
579.947000000 3.563626 2.842065 -0.078000 -0.00000000 -0.00000000 0.00555989 0.99998454
580.000000000 3.572160 2.842269 -0.077976 0.00001049 0.00002404 0.02140435 0.99977090
580.100000000 3.578542 2.842172 -0.078008 -0.00011382 -0.00000841 0.03264593 0.99946697
580.200000000 3.584393 2.842518 -0.077998 0.00000106 -0.00000292 0.04379149 0.99904069
580.322000000 3.594375 2.843041 -0.078000 0.00000000 -0.00000000 0.06161241 0.99810015
580.447000000 3.605042 2.844487 -0.078000 0.00000000 0.00000000 0.08029740 0.99677095
580.572000000 3.614599 2.846697 -0.078000 -0.00000000 0.00000000 0.09895276 0.99509213
580.600000000 3.619018 2.847567 -0.077983 -0.00007121 -0.00002753 0.10727716 0.99422915
580.700000000 3.634630 2.851491 -0.077930 -0.00027169 -0.00001845 0.13694403 0.99057875
580.822000000 3.633161 2.851583 -0.078000 -0.00000000 -0.00000000 0.13607188 0.99069897
580.947000000 3.642110 2.854705 -0.078000 0.00000000 -0.00000000 0.15459742 0.98797755
581.072000000 3.652702 2.858510 -0.078000 0.00000000 -0.00000000 0.17303788 0.98491517
581.100000000 3.656946 2.860025 -0.077983 -0.00003267 -0.00001295 0.18127431 0.98343257
581.200000000 3.671784 2.866269 -0.077932 -0.00035151 -0.00007653 0.21058430 0.97757563
581.322000000 3.672279 2.865114 -0.078000 0.00000000 -0.00000000 0.20973738 0.97775776
581.447000000 3.681774 2.869106 -0.078000 -0.00000000 0.00000000 0.22785964 0.97369399
581.572000000 3.689736 2.874719 -0.078000 0.00000000 -0.00000000 0.24601409 0.96926625
581.600000000 3.693706 2.876858 -0.077990 0.00003326 0.00002827 0.25411886 0.96717300
581.700000000 3.698841 2.881291 -0.077999 -0.00000795 -0.00000292 0.26501914 0.96424315
581.822000000 3.707956 2.885330 -0.078000 -0.00000000 -0.00000000 0.28210271 0.95938421
581.947000000 3.715198 2.890163 -0.078000 0.00000000 -0.00000000 0.30004917 0.95392374
582.072000000 3.723903 2.895689 -0.078000 -0.00000000 0.00000000 0.31779623 0.94815904
582.100000000 3.727499 2.898403 -0.077983 -0.00000718 -0.00002745 0.32571988 0.94546632
582.200000000 3.739909 2.908633 -0.077919 0.00010217 -0.00000303 0.35383224 0.93530890
582.322000000 3.739690 2.909869 -0.078000 0.00000000 0.00000000 0.35297500 0.93563275
582.447000000 3.747774 2.916554 -0.078000 0.00000000 0.00000000 0.37038032 0.92888019
582.572000000 3.754806 2.923800 -0.078000 -0.00000000 0.00000000 0.38755466 0.92184673
582.600000000 3.757960 2.927022 -0.077987 -0.00006090 -0.00001467 0.39525627 0.91857089
582.700000000 3.768689 2.939029 -0.077961 -0.00003220 0.00000533 0.42253263 0.90634771
582.822000000 3.769159 2.938226 -0.078000 -0.00000000 -0.00000000 0.42176491 0.90670522
582.947000000 3.772949 2.946674 -0.078000 0.00000000 0.00000000 0.43867951 0.89864358
583.072000000 3.779971 2.954651 -0.078000 0.00000000 0.00000000 0.45535520 0.89030986
583.100000000 3.782616 2.958300 -0.077967 -0.00004799 -0.00003624 0.46279085 0.88646750
583.200000000 3.791413 2.971779 -0.077918 0.00000755 -0.00000757 0.48907849 0.87223978
583.322000000 3.792658 2.970115 -0.078000 0.00000000 0.00000000 0.48833892 0.87265405
583.447000000 3.798185 2.979707 -0.078000 0.00000000 -0.00000000 0.50453112 0.86339351
583.500000000 3.802278 2.987194 -0.077974 0.00002249 0.00002456 0.51814697 0.85529160
583.600000000 3.809352 3.001662 -0.077927 -0.00024224 -0.00007773 0.54347865 0.83942295
583.700000000 3.811136 3.007123 -0.077948 -0.00016529 -0.00003400 0.55283585 0.83329016
583.822000000 3.811818 3.006773 -0.078000 0.00000000 -0.00000000 0.55208861 0.83378544
583.947000000 3.814908 3.015801 -0.078000 0.00000000 -0.00000000 0.56751014 0.82336641
584.072000000 3.817297 3.025378 -0.078000 0.00000000 -0.00000000 0.58276468 0.81264096
584.100000000 3.818758 3.029641 -0.077984 -0.00005743 -0.00005086 0.58954505 0.80773549
584.200000000 3.823161 3.045126 -0.077931 -0.00033078 -0.00023391 0.61342177 0.78975539
584.322000000 3.823210 3.044606 -0.078000 0.00000000 0.00000000 0.61275666 0.79027164
584.447000000 3.825930 3.054087 -0.078000 -0.00000000 -0.00000000 0.62737031 0.77872106
584.572000000 3.826722 3.063731 -0.078000 0.00000000 -0.00000000 0.64179660 0.76687490
584.600000000 3.827536 3.068167 -0.077979 0.00000402 0.00001156 0.64819287 0.76147620
584.700000000 3.829597 3.084132 -0.077912 -0.00016649 -0.00014761 0.67066047 0.74176444
584.822000000 3.829585 3.084017 -0.078000 0.00000000 -0.00000000 0.67000872 0.74235323
584.947000000 3.830366 3.094831 -0.078000 -0.00000000 0.00000000 0.68379729 0.72967203
585.000000000 3.830777 3.103357 -0.077987 -0.00010638 -0.00008489 0.69527082 0.71874785
585.100000000 3.830799 3.109366 -0.078008 0.00004595 0.00002418 0.70292086 0.71126807
585.200000000 3.832625 3.114545 -0.077999 -0.00000564 -0.00000555 0.71080755 0.70338654
585.322000000 3.831459 3.124020 -0.078000 -0.00000000 0.00000000 0.71596956 0.69813150
585.447000000 3.831203 3.135192 -0.078000 -0.00000000 0.00000000 0.71961291 0.69437545
585.572000000 3.829355 3.145021 -0.078000 -0.00000000 0.00000000 0.72494463 0.68880715
585.600000000 3.829115 3.149676 -0.077980 -0.00001671 -0.00003654 0.72678741 0.68686248
585.700000000 3.827961 3.167321 -0.077920 0.00011306 0.00005370 0.73359342 0.67958861
585.822000000 3.829103 3.167794 -0.078000 -0.00000000 0.00000000 0.73353092 0.67965609
585.947000000 3.828382 3.181031 -0.078000 0.00000000 0.00000000 0.73776931 0.67505292
586.072000000 3.826973 3.195703 -0.078000 -0.00000000 0.00000000 0.74196148 0.67044251
586.100000000 3.826364 3.201842 -0.077982 -0.00005322 -0.00003497 0.74371091 0.66850136
586.200000000 3.823745 3.223696 -0.077915 -0.00015715 -0.00018166 0.74838049 0.66326961
586.322000000 3.825229 3.223628 -0.078000 -0.00000000 0.00000000 0.74374330 0.66846534
586.447000000 3.822484 3.237818 -0.078000 0.00000000 0.00000000 0.74387044 0.66832385
586.572000000 3.820310 3.251291 -0.078000 0.00000000 -0.00000000 0.74408093 0.66808949
586.600000000 3.819655 3.257413 -0.077977 0.00003154 0.00005115 0.74410638 0.66806115
586.700000000 3.817238 3.279633 -0.077936 -0.00008873 -0.00001531 0.74413436 0.66802997
586.822000000 3.816919 3.279612 -0.078000 0.00000000 0.00000000 0.74426797 0.66788112
586.947000000 3.815408 3.295272 -0.078000 0.00000000 0.00000000 0.74432104 0.66782198
587.000000000 3.813932 3.308860 -0.077964 -0.00010660 -0.00010720 0.74432035 0.66782273
587.100000000 3.810924 3.336173 -0.077870 -0.00006607 -0.00005754 0.74431929 0.66782392
587.200000000 3.809982 3.347780 -0.077888 0.00022424 0.00024097 0.74430207 0.66784303
587.322000000 3.810675 3.347688 -0.078000 -0.00000000 0.00000000 0.74431782 0.66782556
587.447000000 3.809404 3.362959 -0.078000 -0.00000000 -0.00000000 0.74415465 0.66800738
587.572000000 3.807943 3.380841 -0.078000 -0.00000000 -0.00000000 0.73765955 0.67517286
587.600000000 3.807210 3.388636 -0.077975 -0.00002474 -0.00002786 0.73592059 0.67706785
587.700000000 3.805113 3.416515 -0.077894 -0.00022022 -0.00023488 0.72916350 0.68433945
587.822000000 3.805295 3.414389 -0.078000 0.00000000 -0.00000000 0.72924403 0.68425372
587.947000000 3.804860 3.431447 -0.078000 0.00000000 0.00000000 0.72491465 0.68883870
588.072000000 3.803342 3.449063 -0.078000 0.00000000 -0.00000000 0.72062342 0.69332668
588.100000000 3.803022 3.456883 -0.077980 0.00001744 -0.00000540 0.71868397 0.69533686
588.200000000 3.802438 3.484828 -0.077879 0.00020497 0.00015799 0.71171912 0.70246411
588.322000000 3.802792 3.483613 -0.078000 -0.00000000 -0.00000000 0.71189816 0.70228271
588.447000000 3.801532 3.501322 -0.078000 0.00000000 0.00000000 0.70744370 0.70676970
588.500000000 3.801618 3.516137 -0.077949 0.00011671 0.00009268 0.70370129 0.71049593
588.600000000 3.801926 3.526209 -0.077975 -0.00005385 -0.00005399 0.70095813 0.71320242
588.700000000 3.802616 3.554167 -0.077887 -0.00020884 -0.00012941 0.69381629 0.72015199
588.822000000 3.802161 3.552983 -0.078000 -0.00000000 0.00000000 0.69393630 0.72003639
588.947000000 3.803346 3.570552 -0.078000 -0.00000000 -0.00000000 0.68939704 0.72438368
589.072000000 3.804876 3.588524 -0.078000 0.00000000 -0.00000000 0.68484250 0.72869112
589.100000000 3.805358 3.596341 -0.077984 0.00003828 0.00004266 0.68280713 0.73059867
589.200000000 3.803187 3.625599 -0.077884 -0.00002967 -0.00001573 0.67609644 0.73681314
589.322000000 3.802949 3.624617 -0.078000 0.00000000 -0.00000000 0.67635513 0.73657569
589.447000000 3.804753 3.641118 -0.078000 -0.00000000 0.00000000 0.67887185 0.73425677
589.572000000 3.805252 3.658454 -0.078000 -0.00000000 -0.00000000 0.67876131 0.73435896
589.600000000 3.805872 3.666268 -0.077974 0.00005302 0.00004795 0.67857599 0.73453020
589.700000000 3.808103 3.694155 -0.077876 0.00003399 0.00006089 0.67635690 0.73657406
589.822000000 3.807175 3.693541 -0.078000 0.00000000 0.00000000 0.67147785 0.74102463
589.947000000 3.809066 3.710251 -0.078000 -0.00000000 0.00000000 0.66676240 0.74527035
590.000000000 3.810752 3.724978 -0.077963 -0.00009000 -0.00005220 0.66294771 0.74866569
590.100000000 3.811912 3.734936 -0.077995 0.00006003 0.00005524 0.66010743 0.75117120
590.200000000 3.813984 3.746317 -0.077998 -0.00000230 -0.00000221 0.65719183 0.75372336
590.322000000 3.815293 3.763596 -0.078000 0.00000000 -0.00000000 0.65264746 0.75766173
590.447000000 3.818889 3.782210 -0.078000 0.00000000 0.00000000 0.64788466 0.76173845
590.572000000 3.823719 3.803102 -0.078000 -0.00000000 -0.00000000 0.64300047 0.76586578
590.600000000 3.825340 3.812374 -0.077782 -0.00037785 -0.00057245 0.64092628 0.76760213
590.700000000 3.830796 3.845752 -0.078315 -0.00335870 -0.00415886 0.63305741 0.77408639
590.822000000 3.829753 3.845235 -0.078000 -0.00000000 -0.00000000 0.63308583 0.77408160
590.947000000 3.834326 3.867277 -0.078000 0.00000000 -0.00000000 0.62831991 0.77795507
591.072000000 3.839296 3.888179 -0.078000 -0.00000000 0.00000000 0.62332734 0.78196101
591.100000000 3.841471 3.897534 -0.078049 0.00010323 0.00043579 0.62114351 0.78369671
591.200000000 3.849802 3.930493 -0.077908 0.00098893 0.00122657 0.61330180 0.78984709
591.322000000 3.848933 3.929019 -0.078000 0.00000000 -0.00000000 0.61343718 0.78974352
591.447000000 3.855199 3.948466 -0.078000 0.00000000 0.00000000 0.60847239 0.79357505
591.572000000 3.860239 3.968991 -0.078000 -0.00000000 -0.00000000 0.60348064 0.79737765
591.600000000 3.862841 3.978136 -0.077984 -0.00004345 0.00025015 0.60125510 0.79905709
591.700000000 3.872723 4.010950 -0.078088 -0.00063470 0.00156245 0.59326592 0.80500479
591.822000000 3.872122 4.012213 -0.078000 -0.00000000 0.00000000 0.59350268 0.80483201
591.947000000 3.879534 4.031559 -0.078000 -0.00000000 0.00000000 0.58836222 0.80859749
592.000000000 3.885123 4.048614 -0.077892 0.00007615 -0.00023011 0.58408298 0.81169392
592.100000000 3.887985 4.060963 -0.078038 -0.00014835 0.00014239 0.58098928 0.81391118
592.200000000 3.899349 4.093084 -0.078071 -0.00034245 0.00044290 0.57072906 0.82113825
592.322000000 3.900661 4.092745 -0.078000 0.00000000 -0.00000000 0.56525113 0.82491888
592.447000000 3.909145 4.111800 -0.078000 -0.00000000 0.00000000 0.55547186 0.83153533
592.572000000 3.916969 4.130533 -0.078000 0.00000000 0.00000000 0.54517509 0.83832220
592.600000000 3.920809 4.139223 -0.077967 0.00002511 -0.00000933 0.54050450 0.84134112
592.700000000 3.935484 4.169779 -0.077832 0.00009956 -0.00005867 0.52367787 0.85191636
592.822000000 3.934786 4.169462 -0.078000 -0.00000000 0.00000000 0.52427441 0.85154938
592.947000000 3.943439 4.188436 -0.078000 -0.00000000 -0.00000000 0.51362023 0.85801763
593.072000000 3.953415 4.206452 -0.078000 -0.00000000 -0.00000000 0.50286694 0.86436384
593.100000000 3.958087 4.214720 -0.077964 0.00001065 0.00000753 0.49803472 0.86715709
593.200000000 3.975784 4.243664 -0.077859 0.00005912 0.00004791 0.48065399 0.87691034
593.322000000 3.975106 4.242127 -0.078000 0.00000000 -0.00000000 0.48111342 0.87665836
593.447000000 3.986815 4.259665 -0.078000 -0.00000000 0.00000000 0.47016440 0.88257886
593.500000000 3.996985 4.274491 -0.077946 0.00002596 0.00001533 0.46081562 0.88749589
593.600000000 4.004144 4.284506 -0.077958 0.00001760 0.00000945 0.45411632 0.89094241
593.700000000 4.011421 4.294956 -0.077999 0.00000195 0.00000062 0.44745985 0.89430402
593.822000000 4.025146 4.309939 -0.078000 0.00000000 -0.00000000 0.43707227 0.89942639
593.947000000 4.038379 4.326850 -0.078000 0.00000000 -0.00000000 0.43372353 0.90104600
594.072000000 4.050992 4.343299 -0.078000 -0.00000000 0.00000000 0.43403912 0.90089403
594.100000000 4.056957 4.350717 -0.077983 -0.00000314 -0.00000043 0.43399055 0.90091742
594.200000000 4.078151 4.377297 -0.077866 -0.00001201 0.00000200 0.43268089 0.90154714
594.322000000 4.078524 4.376770 -0.078000 0.00000000 0.00000000 0.43204142 0.90185377
594.447000000 4.091833 4.393282 -0.078000 -0.00000000 0.00000000 0.43214724 0.90180306
594.572000000 4.105372 4.411130 -0.078000 0.00000000 0.00000000 0.43213236 0.90181019
594.600000000 4.111581 4.418854 -0.077966 0.00000029 -0.00000173 0.43213229 0.90181023
594.700000000 4.134691 4.447602 -0.077852 -0.00000073 0.00000109 0.43213089 0.90181090
594.822000000 4.134884 4.446653 -0.078000 0.00000000 -0.00000000 0.43209107 0.90182997
594.947000000 4.148930 4.464815 -0.078000 0.00000000 0.00000000 0.43208575 0.90183252
595.000000000 4.161547 4.480508 -0.077947 -0.00000089 -0.00000211 0.43208499 0.90183289
595.100000000 4.172088 4.491474 -0.077968 0.00000120 0.00000088 0.43207072 0.90183973
595.200000000 4.195897 4.521081 -0.077840 0.00000880 0.00000144 0.43207063 0.90183977
595.322000000 4.193592 4.519438 -0.078000 0.00000000 -0.00000000 0.43202213 0.90186300
595.447000000 4.208029 4.538543 -0.078000 0.00000000 0.00000000 0.43201318 0.90186729
595.500000000 4.220649 4.554234 -0.077929 0.00000284 0.00000129 0.43201320 0.90186728
595.600000000 4.244461 4.583839 -0.077817 0.00000105 -0.00000129 0.43201328 0.90186724
595.700000000 4.253421 4.594867 -0.077859 -0.00000338 -0.00000249 0.43199914 0.90187402
595.822000000 4.252344 4.593588 -0.078000 -0.00000000 -0.00000000 0.43202827 0.90186006
595.947000000 4.267832 4.612439 -0.078000 -0.00000000 0.00000000 0.43205166 0.90184886
596.072000000 4.282967 4.630832 -0.078000 -0.00000000 0.00000000 0.43208218 0.90183424
596.100000000 4.289633 4.639122 -0.077961 0.00000109 0.00000143 0.43208220 0.90183423
596.200000000 4.313441 4.668730 -0.077839 0.00000705 0.00000299 0.43208228 0.90183419
596.322000000 4.312634 4.668190 -0.078000 0.00000000 0.00000000 0.43211199 0.90181995
596.447000000 4.327865 4.687366 -0.078000 0.00000000 -0.00000000 0.43214531 0.90180399
596.572000000 4.343524 4.706141 -0.078000 -0.00000000 0.00000000 0.43216487 0.90179461
596.600000000 4.350189 4.714432 -0.077958 -0.00000024 -0.00000114 0.43216489 0.90179460
596.700000000 4.373989 4.744045 -0.077847 0.00000115 -0.00000661 0.43216499 0.90179456
596.822000000 4.373643 4.743094 -0.078000 0.00000000 0.00000000 0.43223288 0.90176202
596.947000000 4.387950 4.761915 -0.078000 -0.00000000 -0.00000000 0.43224305 0.90175715
597.000000000 4.400562 4.777612 -0.077928 -0.00000005 -0.00000008 0.43224306 0.90175714
597.100000000 4.409421 4.788187 -0.077978 0.00000114 -0.00000342 0.43220974 0.90177311
597.200000000 4.433219 4.817802 -0.077865 0.00000126 -0.00000300 0.43220980 0.90177308
597.322000000 4.432795 4.816421 -0.078000 0.00000000 -0.00000000 0.43220341 0.90177614
597.447000000 4.447736 4.834062 -0.078000 0.00000000 -0.00000000 0.43219068 0.90178224
597.572000000 4.462352 4.852166 -0.078000 0.00000000 0.00000000 0.43216432 0.90179488
597.600000000 4.469016 4.860458 -0.077981 0.00000087 -0.00000031 0.43216434 0.90179487
597.700000000 4.492818 4.890071 -0.077857 -0.00000064 0.00000121 0.43216440 0.90179484
597.822000000 4.490737 4.889403 -0.078000 0.00000000 -0.00000000 0.43210151 0.90182497
597.947000000 4.506032 4.907588 -0.078000 0.00000000 0.00000000 0.43210598 0.90182283
598.072000000 4.520263 4.925280 -0.078000 0.00000000 -0.00000000 0.43210610 0.90182277
598.100000000 4.526928 4.933571 -0.077958 -0.00000079 0.00000037 0.43210610 0.90182277
598.200000000 4.550734 4.963182 -0.077839 -0.00000218 -0.00000042 0.43210620 0.90182273
598.322000000 4.549773 4.962408 -0.078000 0.00000000 0.00000000 0.43215332 0.90180015
598.447000000 4.563079 4.981541 -0.078000 -0.00000000 0.00000000 0.43173055 0.90200262
598.500000000 4.575725 4.997190 -0.077928 0.00001345 0.00000925 0.42826873 0.90365142
598.600000000 4.585049 5.007479 -0.077962 0.00000654 -0.00000045 0.42083001 0.90713952
598.700000000 4.595090 5.018172 -0.077997 0.00000079 0.00000023 0.41744654 0.90870148
598.822000000 4.609304 5.035323 -0.078000 0.00000000 -0.00000000 0.41203281 0.91116901
598.947000000 4.626001 5.052427 -0.078000 0.00000000 -0.00000000 0.40631679 0.91373227
599.072000000 4.642863 5.069502 -0.078000 -0.00000000 0.00000000 0.40064293 0.91623427
599.100000000 4.650070 5.077312 -0.077984 0.00000895 0.00000037 0.39808950 0.91734658
599.200000000 4.676253 5.104793 -0.077868 0.00003363 0.00001211 0.38893437 0.92126546
599.322000000 4.674860 5.103865 -0.078000 -0.00000000 0.00000000 0.38910141 0.92119493
599.447000000 4.690410 5.120700 -0.078000 0.00000000 0.00000000 0.38332797 0.92361229
599.572000000 4.706802 5.137667 -0.078000 0.00000000 0.00000000 0.37757204 0.92598021
599.600000000 4.714395 5.145104 -0.077968 0.00000858 0.00000255 0.37498697 0.92703008
599.700000000 4.741934 5.171223 -0.077848 0.00004233 0.00001063 0.36573121 0.93072052
599.822000000 4.740322 5.169931 -0.078000 0.00000000 -0.00000000 0.36591338 0.93064891
599.947000000 4.757978 5.185742 -0.078000 -0.00000000 0.00000000 0.36006104 0.93292875
600.072000000 4.776278 5.201083 -0.078000 0.00000000 -0.00000000 0.35419234 0.93517260
600.100000000 4.784231 5.208133 -0.077968 0.00000679 0.00000234 0.35158176 0.93615718
600.200000000 4.813066 5.232818 -0.077834 0.00003050 0.00001607 0.34223639 0.93961389
600.322000000 4.812442 5.233408 -0.078000 0.00000000 0.00000000 0.34246295 0.93953133
600.447000000 4.831135 5.249160 -0.078000 0.00000000 -0.00000000 0.32981984 0.94404389
600.500000000 4.846788 5.261764 -0.077930 0.00001783 0.00000929 0.32067275 0.94719005
600.600000000 4.877390 5.284171 -0.077809 0.00008004 0.00002974 0.30377853 0.95274267
600.700000000 4.889928 5.292305 -0.077853 0.00009714 0.00002868 0.29678183 0.95494530
600.822000000 4.889226 5.291973 -0.078000 0.00000000 -0.00000000 0.29731224 0.95478031
600.947000000 4.908693 5.305433 -0.078000 0.00000000 -0.00000000 0.28535055 0.95842322
601.072000000 4.928309 5.318595 -0.078000 -0.00000000 -0.00000000 0.27335832 0.96191228
601.100000000 4.937331 5.324193 -0.077971 0.00001438 0.00000524 0.26798716 0.96342248
601.200000000 4.970174 5.343148 -0.077847 0.00007395 0.00002244 0.24873404 0.96857182
601.322000000 4.969671 5.342448 -0.078000 0.00000000 -0.00000000 0.24931853 0.96842154
601.447000000 4.990022 5.353789 -0.078000 0.00000000 0.00000000 0.23719860 0.97146118
601.572000000 5.011346 5.364639 -0.078000 0.00000000 0.00000000 0.22506404 0.97434397
601.600000000 5.020876 5.369320 -0.077975 0.00001603 0.00000313 0.21962370 0.97558466
601.700000000 5.055468 5.384860 -0.077857 0.00007311 0.00001722 0.20013900 0.97976751
601.822000000 5.055443 5.384457 -0.078000 -0.00000000 -0.00000000 0.20074532 0.97964346
601.947000000 5.077019 5.393925 -0.078000 0.00000000 -0.00000000 0.18854242 0.98206505
602.000000000 5.095757 5.401192 -0.077944 0.00002913 0.00000122 0.17815918 0.98400168
602.100000000 5.108642 5.406804 -0.077981 0.00002137 0.00000386 0.17077405 0.98531022
602.200000000 5.122736 5.411457 -0.077994 0.00000196 0.00000073 0.16344078 0.98655315
602.322000000 5.143275 5.418774 -0.078000 -0.00000000 -0.00000000 0.15169589 0.98842721
602.447000000 5.166580 5.426207 -0.078000 0.00000000 -0.00000000 0.13941218 0.99023444
602.572000000 5.189398 5.433488 -0.078000 0.00000000 -0.00000000 0.12709445 0.99189062
602.600000000 5.199668 5.436185 -0.077975 0.00001474 0.00000061 0.12155765 0.99258437
602.700000000 5.236633 5.444644 -0.077862 0.00006768 0.00000686 0.10175358 0.99480963
602.822000000 5.236514 5.444569 -0.078000 -0.00000000 0.00000000 0.10242486 0.99474074
602.947000000 5.260252 5.448704 -0.078000 0.00000000 -0.00000000 0.09003929 0.99593821
603.072000000 5.284949 5.453238 -0.078000 0.00000000 0.00000000 0.07759702 0.99698481
603.100000000 5.295434 5.454911 -0.077965 0.00001518 0.00000085 0.07203242 0.99740229
603.200000000 5.333065 5.459598 -0.077840 0.00008406 0.00000224 0.05214191 0.99863968
603.322000000 5.332483 5.459904 -0.078000 0.00000000 -0.00000000 0.05269134 0.99861085
603.447000000 5.356718 5.462677 -0.078000 0.00000000 0.00000000 0.04022773 0.99919054
603.572000000 5.381178 5.463789 -0.078000 -0.00000000 -0.00000000 0.02779835 0.99961355
603.600000000 5.391777 5.464401 -0.077956 0.00002403 0.00000096 0.02221993 0.99975311
603.700000000 5.429690 5.465275 -0.077859 0.00010532 0.00000297 0.00229259 0.99999737
603.822000000 5.428415 5.465078 -0.078000 0.00000000 -0.00000000 0.00282826 0.99999600
603.947000000 5.452262 5.464183 -0.078000 -0.00000000 -0.00000000 -0.00965682 0.99995337
604.000000000 5.472354 5.463764 -0.077932 0.00004333 -0.00000087 -0.02021767 0.99979560
604.100000000 5.510208 5.461403 -0.077819 0.00012717 0.00000317 -0.04013690 0.99919418
604.200000000 5.523998 5.460044 -0.077844 0.00007242 0.00000232 -0.04763762 0.99886468
604.322000000 5.523417 5.460340 -0.078000 0.00000000 0.00000000 -0.04706301 0.99889192
604.447000000 5.547508 5.457593 -0.078000 -0.00000000 -0.00000000 -0.05953526 0.99822620
604.572000000 5.570575 5.454229 -0.078000 -0.00000000 -0.00000000 -0.07198788 0.99740551
604.600000000 5.581085 5.452721 -0.077959 0.00001584 -0.00000131 -0.07755236 0.99698828
604.700000000 5.613449 5.453811 -0.077839 0.00008378 -0.00001221 -0.09565812 0.99541424
604.822000000 5.613465 5.453395 -0.078000 0.00000000 0.00000000 -0.09513805 0.99546409
604.947000000 5.636477 5.449125 -0.078000 -0.00000000 0.00000000 -0.10757983 0.99419645
605.072000000 5.659771 5.443335 -0.078000 0.00000000 0.00000000 -0.11997849 0.99277649
605.100000000 5.670088 5.440831 -0.077972 0.00001918 -0.00000446 -0.12551632 0.99209155
605.200000000 5.706611 5.430622 -0.077852 0.00008094 -0.00000979 -0.14526145 0.98939330
605.322000000 5.705032 5.430375 -0.078000 0.00000000 0.00000000 -0.14474517 0.98946897
605.447000000 5.727860 5.423822 -0.078000 -0.00000000 -0.00000000 -0.15710173 0.98758243
605.500000000 5.746905 5.417400 -0.077956 0.00004489 -0.00000859 -0.16752374 0.98586804
605.600000000 5.782479 5.404275 -0.077810 0.00011632 -0.00001510 -0.18713637 0.98233394
605.700000000 5.795552 5.399045 -0.077843 0.00005455 -0.00001326 -0.19450105 0.98090231
605.822000000 5.794119 5.399229 -0.078000 -0.00000000 -0.00000000 -0.19398357 0.98100478
605.947000000 5.816346 5.389569 -0.078000 -0.00000000 0.00000000 -0.20623417 0.97850267
606.072000000 5.838289 5.379972 -0.078000 0.00000000 0.00000000 -0.21843671 0.97585112
606.100000000 5.847901 5.375463 -0.077980 0.00001318 -0.00000598 -0.22387883 0.97461699
606.200000000 5.881699 5.358270 -0.077857 0.00007528 -0.00002276 -0.24325665 0.96996196
606.322000000 5.880365 5.357762 -0.078000 0.00000000 -0.00000000 -0.24272636 0.97009480
606.447000000 5.902014 5.346406 -0.078000 -0.00000000 -0.00000000 -0.25485278 0.96697987
606.572000000 5.921997 5.334998 -0.078000 -0.00000000 -0.00000000 -0.26691013 0.96372142
606.600000000 5.931117 5.329560 -0.077963 0.00001663 -0.00000461 -0.27228373 0.96221701
606.700000000 5.963003 5.309033 -0.077841 0.00007382 -0.00001898 -0.29140471 0.95659986
606.822000000 5.960868 5.309206 -0.078000 0.00000000 0.00000000 -0.29091876 0.95674776
606.947000000 5.980521 5.296277 -0.078000 -0.00000000 -0.00000000 -0.30284060 0.95304122
607.072000000 5.999163 5.281867 -0.078000 0.00000000 0.00000000 -0.31471183 0.94918726
607.100000000 6.007689 5.275540 -0.077953 0.00001590 -0.00000493 -0.32000363 0.94741632
607.200000000 6.019949 5.266782 -0.077997 0.00000182 -0.00000079 -0.32712552 0.94498090
607.322000000 6.038039 5.252384 -0.078000 -0.00000000 -0.00000000 -0.33836338 0.94101553
607.447000000 6.056402 5.236959 -0.078000 0.00000000 0.00000000 -0.35012222 0.93670402
607.572000000 6.074411 5.221430 -0.078000 0.00000000 0.00000000 -0.36178930 0.93225989
607.600000000 6.082264 5.214284 -0.077988 0.00002001 -0.00000998 -0.36698568 0.93022659
607.700000000 6.109482 5.187881 -0.077856 0.00007627 -0.00002939 -0.38545010 0.92272868
607.822000000 6.108119 5.188209 -0.078000 -0.00000000 -0.00000000 -0.38499608 0.92291821
607.947000000 6.124583 5.171963 -0.078000 0.00000000 0.00000000 -0.39651734 0.91802723
608.072000000 6.139945 5.154241 -0.078000 -0.00000000 -0.00000000 -0.40795337 0.91300277
608.100000000 6.147040 5.146341 -0.077962 0.00001359 -0.00000557 -0.41304165 0.91071214
608.200000000 6.171457 5.117329 -0.077839 0.00007412 -0.00003659 -0.43110773 0.90230046
608.322000000 6.170762 5.118616 -0.078000 0.00000000 -0.00000000 -0.43068797 0.90250090
608.447000000 6.186003 5.100525 -0.078000 0.00000000 0.00000000 -0.44192836 0.89705035
608.572000000 6.199779 5.081649 -0.078000 0.00000000 0.00000000 -0.45315678 0.89143084
608.600000000 6.206056 5.073086 -0.077957 0.00001548 -0.00000615 -0.45812379 0.88888840
608.700000000 6.227406 5.041745 -0.077852 0.00006171 -0.00003664 -0.47574581 0.87958281
608.822000000 6.225496 5.041347 -0.078000 -0.00000000 -0.00000000 -0.47533921 0.87980261
608.947000000 6.237898 5.021171 -0.078000 -0.00000000 -0.00000000 -0.48628739 0.87379893
609.000000000 6.248324 5.003989 -0.077944 0.00002048 -0.00001351 -0.49548965 0.86861384
609.100000000 6.267068 4.971029 -0.077824 0.00006710 -0.00004594 -0.51270055 0.85856749
609.200000000 6.273793 4.958603 -0.077838 0.00008319 -0.00004755 -0.51913566 0.85469185
609.322000000 6.273764 4.959855 -0.078000 0.00000000 0.00000000 -0.51870816 0.85495137
609.447000000 6.283822 4.938411 -0.078000 -0.00000000 0.00000000 -0.52935311 0.84840161
609.572000000 6.293012 4.916729 -0.078000 0.00000000 0.00000000 -0.53993400 0.84170736
609.600000000 6.297455 4.907086 -0.077972 0.00001390 -0.00001025 -0.54462233 0.83868141
609.700000000 6.312212 4.872153 -0.077856 0.00006645 -0.00004082 -0.56122678 0.82766207
609.822000000 6.311036 4.873155 -0.078000 -0.00000000 -0.00000000 -0.56083206 0.82792959
609.947000000 6.319164 4.850752 -0.078000 -0.00000000 -0.00000000 -0.57113515 0.82085604
610.072000000 6.327685 4.828415 -0.078000 0.00000000 -0.00000000 -0.58130747 0.81368398
610.100000000 6.331152 4.818380 -0.077970 0.00001265 -0.00000833 -0.58583882 0.81042759
610.200000000 6.342299 4.782133 -0.077838 0.00006047 -0.00004372 -0.60187236 0.79859229
610.322000000 6.341796 4.783147 -0.078000 -0.00000000 0.00000000 -0.60143369 0.79892272
610.447000000 6.348296 4.760254 -0.078000 -0.00000000 0.00000000 -0.61135536 0.79135620
610.500000000 6.353188 4.740760 -0.077927 0.00002578 -0.00001753 -0.61967943 0.78485502
610.600000000 6.355804 4.726915 -0.077973 0.00001386 -0.00001508 -0.62554677 0.78018667
610.700000000 6.363322 4.689747 -0.077849 0.00006652 -0.00005519 -0.64096956 0.76756629
610.822000000 6.363676 4.690650 -0.078000 0.00000000 0.00000000 -0.64052730 0.76793540
610.947000000 6.367560 4.667658 -0.078000 0.00000000 0.00000000 -0.65005558 0.75988667
611.072000000 6.370387 4.644789 -0.078000 0.00000000 0.00000000 -0.65951167 0.75169433
611.100000000 6.371789 4.634264 -0.077949 0.00001191 -0.00000804 -0.66369581 0.74800259
611.200000000 6.375594 4.596536 -0.077826 0.00005726 -0.00005534 -0.67846955 0.73462852
611.322000000 6.375946 4.598109 -0.078000 -0.00000000 0.00000000 -0.67805833 0.73500810
611.447000000 6.377301 4.574746 -0.078000 -0.00000000 -0.00000000 -0.68718783 0.72647979
611.572000000 6.378879 4.551150 -0.078000 0.00000000 0.00000000 -0.69617966 0.71786760
611.600000000 6.379236 4.540539 -0.077969 0.00001467 -0.00001550 -0.70004789 0.71409590
611.700000000 6.379204 4.502594 -0.077856 0.00006037 -0.00005718 -0.71206868 0.70210981
611.822000000 6.379595 4.502805 -0.078000 0.00000000 0.00000000 -0.70698781 0.70722573
611.947000000 6.379956 4.480197 -0.078000 -0.00000000 0.00000000 -0.71143871 0.70274815
612.072000000 6.379718 4.456765 -0.078000 0.00000000 0.00000000 -0.71590161 0.69820117
612.100000000 6.379462 4.446140 -0.077980 0.00000884 -0.00000885 -0.71787180 0.69617532
612.200000000 6.377891 4.408214 -0.077843 0.00002095 -0.00002086 -0.72480162 0.68895763
612.322000000 6.377895 4.409968 -0.078000 -0.00000000 0.00000000 -0.72461216 0.68915689
612.447000000 6.376421 4.386669 -0.078000 -0.00000000 -0.00000000 -0.72890782 0.68461185
612.500000000 6.375060 4.366597 -0.077939 0.00001467 -0.00001156 -0.73251275 0.68075331
612.600000000 6.371952 4.328764 -0.077813 0.00001545 -0.00001520 -0.73827543 0.67449937
612.700000000 6.370425 4.315025 -0.077839 -0.00000214 -0.00000402 -0.73766908 0.67516244
612.822000000 6.371777 4.319089 -0.078000 0.00000000 -0.00000000 -0.73363444 0.67954434
612.947000000 6.370022 4.295705 -0.078000 0.00000000 0.00000000 -0.73348614 0.67970441
613.072000000 6.368696 4.272589 -0.078000 0.00000000 -0.00000000 -0.73344984 0.67974358
613.100000000 6.367890 4.261981 -0.077976 0.00000354 -0.00000457 -0.73344361 0.67975030
613.200000000 6.365003 4.224098 -0.077857 0.00001179 -0.00001401 -0.73341994 0.67977584
613.322000000 6.364830 4.225164 -0.078000 -0.00000000 -0.00000000 -0.73340024 0.67979710
613.447000000 6.362354 4.201941 -0.078000 0.00000000 0.00000000 -0.73342739 0.67976780
613.572000000 6.360021 4.178052 -0.078000 -0.00000000 0.00000000 -0.73342995 0.67976504
613.600000000 6.359213 4.167445 -0.077964 -0.00000231 0.00000347 -0.73343044 0.67976451
613.700000000 6.356335 4.129560 -0.077834 -0.00000911 0.00001317 -0.73343091 0.67976400
613.822000000 6.355466 4.130356 -0.078000 -0.00000000 0.00000000 -0.73344810 0.67974545
613.947000000 6.353895 4.106067 -0.078000 0.00000000 0.00000000 -0.73345249 0.67974072
614.000000000 6.352368 4.085989 -0.077920 -0.00000397 0.00000488 -0.73345252 0.67974068
614.100000000 6.350997 4.071792 -0.077982 -0.00000087 -0.00000226 -0.73345856 0.67973417
614.200000000 6.348111 4.033909 -0.077863 0.00000600 -0.00000560 -0.73345853 0.67973420
614.322000000 6.348190 4.035840 -0.078000 0.00000000 0.00000000 -0.73349258 0.67969746
614.447000000 6.346580 4.013202 -0.078000 0.00000000 0.00000000 -0.73349559 0.67969421
614.572000000 6.344321 3.989757 -0.078000 0.00000000 0.00000000 -0.73350281 0.67968642
614.600000000 6.343512 3.979149 -0.077958 0.00000070 0.00000151 -0.73350280 0.67968643
614.700000000 6.340623 3.941267 -0.077835 -0.00000041 0.00000265 -0.73350275 0.67968648
614.822000000 6.341299 3.943536 -0.078000 0.00000000 0.00000000 -0.73352381 0.67966375
614.947000000 6.339270 3.920545 -0.078000 -0.00000000 -0.00000000 -0.73352973 0.67965737
615.072000000 6.337652 3.897577 -0.078000 0.00000000 0.00000000 -0.73354144 0.67964473
615.100000000 6.336842 3.886969 -0.077970 0.00000002 -0.00000001 -0.73354142 0.67964475
615.200000000 6.333948 3.849087 -0.077842 -0.00000430 0.00000009 -0.73354138 0.67964479
615.322000000 6.333941 3.851406 -0.078000 -0.00000000 0.00000000 -0.73354944 0.67963609
615.447000000 6.333853 3.827787 -0.078000 0.00000000 0.00000000 -0.73355642 0.67962856
615.500000000 6.332317 3.807708 -0.077878 0.00002659 -0.00005550 -0.73356255 0.67962194
615.600000000 6.331773 3.794407 -0.078073 0.00025136 -0.00079858 -0.73353223 0.67965415
615.700000000 6.331530 3.780667 -0.078031 -0.00008973 0.00000592 -0.73363009 0.67954903
615.822000000 6.330862 3.758385 -0.078000 0.00000000 0.00000000 -0.73345808 0.67973469
615.947000000 6.329130 3.734108 -0.078000 -0.00000000 -0.00000000 -0.73343366 0.67976104
616.072000000 6.328224 3.709228 -0.078000 0.00000000 0.00000000 -0.73345850 0.67973423
616.100000000 6.327414 3.698478 -0.077994 0.00047675 0.00039557 -0.73346207 0.67973010
616.200000000 6.324463 3.660265 -0.077842 0.00155432 0.00119418 -0.73346652 0.67972275
616.322000000 6.324677 3.660899 -0.078000 -0.00000000 0.00000000 -0.73347674 0.67971455
616.447000000 6.323922 3.637054 -0.078000 0.00000000 0.00000000 -0.73347741 0.67971383
616.572000000 6.322656 3.613575 -0.078000 0.00000000 -0.00000000 -0.73348084 0.67971013
616.600000000 6.321837 3.603073 -0.077997 -0.00015534 -0.00024841 -0.73348100 0.67970989
616.700000000 6.318911 3.565241 -0.077979 -0.00018055 -0.00056514 -0.73348095 0.67970975
616.822000000 6.317831 3.565843 -0.078000 0.00000000 0.00000000 -0.73347578 0.67971558
616.947000000 6.315920 3.541648 -0.078000 0.00000000 -0.00000000 -0.73347371 0.67971783
617.072000000 6.313508 3.517153 -0.078000 -0.00000000 0.00000000 -0.73345711 0.67973573
617.100000000 6.312694 3.506525 -0.077949 -0.00010830 -0.00012459 -0.73345648 0.67973639
617.200000000 6.309825 3.468962 -0.077663 -0.00114465 -0.00114721 -0.73345369 0.67973749
617.322000000 6.309092 3.473324 -0.078000 -0.00000000 -0.00000000 -0.72740677 0.68620652
617.447000000 6.307998 3.449611 -0.078000 -0.00000000 -0.00000000 -0.72749278 0.68611534
617.500000000 6.306813 3.429374 -0.078069 0.00050312 0.00047482 -0.72749206 0.68611575
617.600000000 6.305849 3.415194 -0.077961 0.00000230 0.00000188 -0.72756930 0.68603420
617.700000000 6.303625 3.377420 -0.077664 -0.00049024 -0.00046276 -0.72756744 0.68603583
617.822000000 6.302117 3.376165 -0.078000 0.00000000 0.00000000 -0.73367353 0.67950214
617.947000000 6.301173 3.354207 -0.078000 0.00000000 -0.00000000 -0.72765046 0.68594811
618.072000000 6.298780 3.331616 -0.078000 0.00000000 -0.00000000 -0.72772702 0.68586688
618.100000000 6.297999 3.321144 -0.077987 -0.00005493 -0.00014495 -0.72781152 0.68577720
618.200000000 6.296044 3.283593 -0.077942 -0.00095862 0.00078978 -0.72939730 0.68408920
618.322000000 6.297350 3.284166 -0.078000 -0.00000000 0.00000000 -0.73487120 0.67820669
618.447000000 6.295172 3.261206 -0.078000 -0.00000000 0.00000000 -0.73914893 0.67354203
618.572000000 6.293183 3.237950 -0.078000 -0.00000000 0.00000000 -0.74347510 0.66876362
618.600000000 6.292133 3.227360 -0.077917 -0.00023768 0.00000227 -0.74531982 0.66670706
618.700000000 6.287574 3.189861 -0.077679 -0.00082572 -0.00037214 -0.75191106 0.65926393
618.822000000 6.287795 3.192174 -0.078000 -0.00000000 -0.00000000 -0.75187458 0.65930616
618.947000000 6.284785 3.169179 -0.078000 0.00000000 0.00000000 -0.75600049 0.65457105
619.000000000 6.281754 3.149255 -0.077990 0.00029580 -0.00012215 -0.75944341 0.65057328
619.100000000 6.278662 3.135189 -0.077933 -0.00004487 -0.00004279 -0.76189898 0.64769587
619.200000000 6.278945 3.109378 -0.077996 -0.00000940 0.00000543 -0.76625706 0.64253414
619.300000000 6.272049 3.072059 -0.077866 -0.00001272 0.00004460 -0.77262298 0.63486513
622.200000000 5.966242 2.524092 -0.077827 -0.00054440 0.00003063 0.93697599 -0.34939332
622.322000000 6.028888 2.601688 -0.078000 0.00000000 -0.00000000 0.91835045 -0.39576818
622.447000000 6.011705 2.585629 -0.078000 -0.00000000 0.00000000 0.92328589 -0.38411349
622.500000000 5.997417 2.571523 -0.078002 -0.00000523 0.00000409 0.92731426 -0.37428367
622.600000000 5.987657 2.561434 -0.077976 -0.00000028 0.00000665 0.93013151 -0.36722659
622.700000000 5.977325 2.552623 -0.077999 -0.00000108 0.00000002 0.93290328 -0.36012701
622.822000000 5.959690 2.538568 -0.078000 0.00000000 -0.00000000 0.93719390 -0.34880883
622.947000000 5.941310 2.523320 -0.078000 -0.00000000 0.00000000 0.94153684 -0.33691005
623.072000000 5.923263 2.508834 -0.078000 0.00000000 -0.00000000 0.94342202 -0.33159448
623.100000000 5.914893 2.502243 -0.078089 -0.00048424 0.00030081 0.94431018 -0.32905615
623.200000000 5.884430 2.478989 -0.078198 -0.00254509 0.00120147 0.94700324 -0.32121167
623.322000000 5.885601 2.482179 -0.078000 0.00000000 -0.00000000 0.94520546 -0.32647608
623.447000000 5.867777 2.467859 -0.078000 0.00000000 -0.00000000 0.94302775 -0.33271409
623.572000000 5.849262 2.453715 -0.078000 0.00000000 0.00000000 0.94231625 -0.33472390
623.600000000 5.841052 2.447054 -0.077966 0.00023064 0.00008988 0.94148898 -0.33704367
623.700000000 5.811903 2.422690 -0.077883 0.00034360 0.00012614 0.93823113 -0.34600897
623.822000000 5.811084 2.425571 -0.078000 0.00000000 0.00000000 0.93820375 -0.34608340
623.947000000 5.794466 2.409974 -0.078000 -0.00000000 -0.00000000 0.93611392 -0.35169693
624.072000000 5.776468 2.394638 -0.078000 0.00000000 0.00000000 0.93691285 -0.34956302
624.100000000 5.768509 2.387641 -0.077937 0.00013230 -0.00002153 0.93726334 -0.34862217
624.200000000 5.759515 2.377967 -0.078000 -0.00001502 -0.00000424 0.93709349 -0.34907850
624.322000000 5.741699 2.363441 -0.078000 0.00000000 0.00000000 0.94079752 -0.33896905
624.447000000 5.722124 2.347671 -0.078000 -0.00000000 -0.00000000 0.94608352 -0.32392279
624.572000000 5.702779 2.333428 -0.078000 0.00000000 0.00000000 0.94998246 -0.31230327
624.600000000 5.694242 2.327112 -0.077970 -0.00005825 0.00005924 0.95169370 -0.30704901
624.700000000 5.663036 2.305521 -0.077882 -0.00011990 0.00003662 0.95763407 -0.28798779
624.822000000 5.664164 2.306652 -0.078000 0.00000000 0.00000000 0.95740914 -0.28873470
624.947000000 5.643064 2.293729 -0.078000 -0.00000000 0.00000000 0.96092857 -0.27679647
625.072000000 5.623285 2.281275 -0.078000 -0.00000000 0.00000000 0.96430115 -0.26480802
625.100000000 5.614168 2.275832 -0.077967 -0.00001170 0.00003438 0.96576341 -0.25942443
625.200000000 5.580966 2.257517 -0.077846 -0.00005346 0.00027885 0.97074159 -0.24012641
625.322000000 5.583242 2.258873 -0.078000 0.00000000 0.00000000 0.97058862 -0.24074413
625.447000000 5.560594 2.249252 -0.078000 0.00000000 0.00000000 0.97350841 -0.22865122
625.572000000 5.539204 2.240619 -0.078000 -0.00000000 -0.00000000 0.97627892 -0.21651669
625.600000000 5.529591 2.236106 -0.077949 0.00001429 -0.00003310 0.97747242 -0.21106320
625.700000000 5.494743 2.221199 -0.077816 0.00006083 0.00012708 0.98148437 -0.19154217
625.822000000 5.497158 2.220341 -0.078000 -0.00000000 -0.00000000 0.98138750 -0.19203793
625.947000000 5.474753 2.212242 -0.078000 -0.00000000 0.00000000 0.98370631 -0.17978292
626.000000000 5.455873 2.205344 -0.077944 -0.00004026 0.00018258 0.98555059 -0.16938122
626.100000000 5.419906 2.193312 -0.077853 -0.00009243 0.00024411 0.98873040 -0.14970678
626.200000000 5.406907 2.190275 -0.077839 0.00006602 -0.00013916 0.98982416 -0.14229582
626.322000000 5.406832 2.190727 -0.078000 -0.00000000 -0.00000000 0.98975450 -0.14277962
626.447000000 5.384487 2.184350 -0.078000 -0.00000000 -0.00000000 0.99145925 -0.13041686
626.572000000 5.362344 2.179059 -0.078000 0.00000000 0.00000000 0.99300741 -0.11805207
626.600000000 5.352025 2.176547 -0.077990 -0.00002230 0.00008089 0.99365074 -0.11250868
626.700000000 5.314853 2.169075 -0.077392 0.00023078 0.00160264 0.99570237 -0.09259677
626.822000000 5.316060 2.169758 -0.078000 -0.00000000 0.00000000 0.99565530 -0.09311563
626.947000000 5.293034 2.164623 -0.078000 0.00000000 -0.00000000 0.99673570 -0.08073381
627.072000000 5.269212 2.162063 -0.078000 -0.00000000 0.00000000 0.99766937 -0.06823363
627.100000000 5.258676 2.160488 -0.078044 -0.00030040 -0.00060464 0.99803588 -0.06264118
627.200000000 5.220666 2.156113 -0.078110 -0.00186266 -0.00240946 0.99908579 -0.04264157
627.322000000 5.220241 2.157571 -0.078000 -0.00000000 0.00000000 0.99905735 -0.04340991
627.447000000 5.196944 2.155447 -0.078000 0.00000000 0.00000000 0.99919404 -0.04014069
627.500000000 5.177018 2.153929 -0.077842 0.00069784 -0.00004402 0.99935306 -0.03595803
627.600000000 5.161555 2.154030 -0.077972 0.00013961 0.00004960 0.99944608 -0.03327918
627.700000000 5.148772 2.152726 -0.077997 -0.00002058 0.00000371 0.99929003 -0.03767539
627.822000000 5.127726 2.150332 -0.078000 0.00000000 0.00000000 0.99927757 -0.03800444
627.947000000 5.104939 2.149070 -0.078000 -0.00000000 0.00000000 0.99928207 -0.03788599
628.072000000 5.080830 2.148003 -0.078000 -0.00000000 -0.00000000 0.99928366 -0.03784397
628.100000000 5.070243 2.147215 -0.077986 -0.00005570 0.00002590 0.99928392 -0.03783696
628.200000000 5.032278 2.144322 -0.077959 -0.00039319 -0.00013116 0.99928374 -0.03783950
628.322000000 5.032536 2.146428 -0.078000 0.00000000 0.00000000 0.99928585 -0.03778623
628.447000000 5.009363 2.145547 -0.078000 0.00000000 0.00000000 0.99928594 -0.03778378
628.572000000 4.985666 2.143756 -0.078000 0.00000000 0.00000000 0.99928806 -0.03772751
628.600000000 4.975056 2.142949 -0.077966 -0.00003279 -0.00004232 0.99928808 -0.03772712
628.700000000 4.937155 2.140086 -0.077864 -0.00007769 0.00004661 0.99928806 -0.03772747
628.822000000 4.939156 2.140223 -0.078000 0.00000000 0.00000000 0.99929052 -0.03766241
628.947000000 4.915693 2.138280 -0.078000 0.00000000 0.00000000 0.99928997 -0.03767690
629.072000000 4.892149 2.135764 -0.078000 -0.00000000 0.00000000 0.99929328 -0.03758899
629.100000000 4.881542 2.134970 -0.077964 0.00001730 -0.00004166 0.99929328 -0.03758901
629.200000000 4.843663 2.132062 -0.077840 0.00001874 -0.00024868 0.99929194 -0.03762401
629.322000000 4.846047 2.132850 -0.078000 -0.00000000 -0.00000000 0.99901056 -0.04447352
629.447000000 4.821711 2.130245 -0.078000 0.00000000 0.00000000 0.99885148 -0.04791378
629.500000000 4.801650 2.128258 -0.077927 0.00001815 -0.00007668 0.99846922 -0.05531011
629.600000000 4.763868 2.123663 -0.077795 0.00000049 0.00013991 0.99749038 -0.07080206
629.700000000 4.750579 2.121682 -0.077847 -0.00008802 0.00013088 0.99630993 -0.08582830
629.822000000 4.752188 2.124329 -0.078000 0.00000000 0.00000000 0.99640012 -0.08477504
629.947000000 4.728441 2.119984 -0.078000 -0.00000000 -0.00000000 0.99526899 -0.09715782
630.072000000 4.704688 2.115371 -0.078000 -0.00000000 0.00000000 0.99398346 -0.10953029
630.100000000 4.694282 2.113061 -0.077973 0.00001104 -0.00009576 0.99335642 -0.11507825
630.200000000 4.657422 2.103608 -0.077832 0.00008407 -0.00020285 0.99086478 -0.13485894
630.322000000 4.659430 2.105565 -0.078000 0.00000000 0.00000000 0.99094659 -0.13425671
630.447000000 4.636298 2.098326 -0.078000 0.00000000 -0.00000000 0.98920061 -0.14656790
630.572000000 4.613550 2.091252 -0.078000 -0.00000000 0.00000000 0.98728381 -0.15896754
630.600000000 4.603423 2.087940 -0.077964 0.00001603 -0.00002666 0.98638157 -0.16447307
630.700000000 4.567702 2.074794 -0.077825 0.00005356 -0.00031222 0.98290797 -0.18409733
630.822000000 4.569045 2.076459 -0.078000 -0.00000000 0.00000000 0.98301370 -0.18353221
630.947000000 4.546299 2.067198 -0.078000 0.00000000 0.00000000 0.98064418 -0.19579832
631.000000000 4.527749 2.059264 -0.077958 -0.00000341 -0.00006486 0.97852130 -0.20614571
631.100000000 4.493165 2.043356 -0.077847 -0.00008109 0.00008582 0.97421816 -0.22560798
631.200000000 4.480204 2.037983 -0.077864 -0.00000034 -0.00016478 0.97251815 -0.23282703
631.322000000 4.482736 2.039230 -0.078000 0.00000000 0.00000000 0.97263820 -0.23232504
631.400000000 4.456423 2.025494 -0.077899 -0.00002316 0.00009311 0.96890872 -0.24741844
634.322000000 4.051953 1.650749 -0.078000 0.00000000 -0.00000000 0.91371000 -0.40636686
634.447000000 4.036773 1.632696 -0.078000 0.00000000 0.00000000 0.91630828 -0.40047365
634.500000000 4.023028 1.617997 -0.077950 -0.00005384 0.00003240 0.91841072 -0.39562829
634.600000000 3.996689 1.590657 -0.077845 -0.00014989 0.00023167 0.92230668 -0.38645868
634.700000000 3.986126 1.580515 -0.077836 0.00010376 -0.00014173 0.92287644 -0.38509616
634.822000000 3.987465 1.580881 -0.078000 0.00000000 0.00000000 0.92018312 -0.39148822
634.947000000 3.970430 1.564535 -0.078000 0.00000000 0.00000000 0.91759590 -0.39751447
635.072000000 3.954404 1.546804 -0.078000 0.00000000 -0.00000000 0.91578778 -0.40166247
635.100000000 3.947200 1.538962 -0.077968 -0.00001170 0.00002369 0.91461791 -0.40431928
635.200000000 3.921848 1.510627 -0.077851 -0.00000830 0.00012908 0.91056344 -0.41336934
635.322000000 3.922558 1.510373 -0.078000 0.00000000 0.00000000 0.91080621 -0.41283417
635.447000000 3.905977 1.493509 -0.078000 -0.00000000 0.00000000 0.90827194 -0.41838032
635.572000000 3.892045 1.474402 -0.078000 -0.00000000 -0.00000000 0.90564159 -0.42404401
635.600000000 3.885220 1.466232 -0.077959 -0.00000614 0.00004043 0.90445524 -0.42656854
635.700000000 3.861301 1.436662 -0.077844 -0.00008258 0.00010084 0.90015959 -0.43556022
635.822000000 3.862226 1.437102 -0.078000 0.00000000 0.00000000 0.90035859 -0.43514873
635.947000000 3.846900 1.418968 -0.078000 -0.00000000 0.00000000 0.89456902 -0.44692983
636.000000000 3.834924 1.402730 -0.077939 0.00001784 -0.00007160 0.89005798 -0.45584732
636.100000000 3.827938 1.390749 -0.077959 0.00001429 -0.00006688 0.88704769 -0.46167779
636.200000000 3.806691 1.359161 -0.077859 -0.00002402 0.00001284 0.87767387 -0.47925836
636.322000000 3.806491 1.363100 -0.078000 0.00000000 0.00000000 0.87820806 -0.47827879
636.447000000 3.795975 1.341230 -0.078000 0.00000000 0.00000000 0.87618987 -0.48196609
636.572000000 3.786795 1.319252 -0.078000 0.00000000 -0.00000000 0.87606391 -0.48219502
636.600000000 3.781140 1.310240 -0.077966 0.00004081 -0.00007050 0.87593111 -0.48243619
636.700000000 3.760985 1.278068 -0.077846 0.00010657 -0.00013217 0.87637070 -0.48163717
636.822000000 3.760939 1.281261 -0.078000 -0.00000000 0.00000000 0.87887999 -0.47704293
636.947000000 3.745826 1.260941 -0.078000 0.00000000 0.00000000 0.88184107 -0.47154674
637.072000000 3.731807 1.241297 -0.078000 -0.00000000 -0.00000000 0.88485600 -0.46586463
637.100000000 3.725810 1.232527 -0.077965 -0.00003612 0.00004748 0.88612995 -0.46343684
637.200000000 3.703826 1.201556 -0.077881 -0.00009854 -0.00003848 0.89068199 -0.45462685
637.322000000 3.704066 1.201577 -0.078000 0.00000000 0.00000000 0.89059082 -0.45480544
637.447000000 3.692688 1.182024 -0.078000 0.00000000 0.00000000 0.89321281 -0.44963416
637.572000000 3.678074 1.162808 -0.078000 -0.00000000 -0.00000000 0.89172313 -0.45258133
637.600000000 3.671744 1.154253 -0.077970 -0.00003819 0.00006251 0.89124600 -0.45352018
637.700000000 3.649400 1.123475 -0.077845 -0.00016002 0.00020420 0.88899485 -0.45791712
637.822000000 3.646173 1.124237 -0.078000 -0.00000000 0.00000000 0.88644337 -0.46283708
637.947000000 3.632614 1.104744 -0.078000 0.00000000 0.00000000 0.88356979 -0.46829950
638.000000000 3.621368 1.088005 -0.077959 -0.00006530 0.00000739 0.88104105 -0.47303981
638.100000000 3.600648 1.056098 -0.077865 -0.00001968 -0.00019437 0.87624660 -0.48186291
638.200000000 3.593194 1.044386 -0.077795 0.00008950 0.00002848 0.87450380 -0.48501865
638.322000000 3.595475 1.043346 -0.078000 0.00000000 0.00000000 0.87460286 -0.48484001
638.447000000 3.582853 1.024491 -0.078000 0.00000000 0.00000000 0.87160511 -0.49020866
638.572000000 3.573334 1.002720 -0.078000 0.00000000 0.00000000 0.86829290 -0.49605186
638.600000000 3.567917 0.993549 -0.077957 -0.00003979 0.00001266 -0.86584490 0.50031250
638.700000000 3.549442 0.960281 -0.077819 -0.00016310 0.00020029 -0.85620230 0.51664064
638.822000000 3.546244 0.961578 -0.078000 0.00000000 -0.00000000 -0.84999365 0.52679294
638.947000000 3.536361 0.939645 -0.078000 -0.00000000 0.00000000 -0.84081051 0.54132956
639.072000000 3.527494 0.917665 -0.078000 -0.00000000 0.00000000 -0.83053091 0.55697253
639.100000000 3.523407 0.907814 -0.077959 -0.00000155 -0.00000778 -0.82581385 0.56394280
639.200000000 3.510687 0.871902 -0.077836 -0.00016176 0.00022221 -0.80856044 0.58841307
639.322000000 3.511613 0.874461 -0.078000 -0.00000000 -0.00000000 -0.80914568 0.58760810
639.447000000 3.504080 0.849769 -0.078000 0.00000000 -0.00000000 -0.79800988 0.60264436
639.500000000 3.498844 0.830282 -0.077899 -0.00010340 0.00003860 -0.78836268 0.61521076
639.600000000 3.497194 0.816171 -0.077987 0.00001100 0.00004823 -0.78142206 0.62400285
639.700000000 3.489824 0.778766 -0.077897 0.00008289 0.00003886 -0.76142878 0.64824857
639.822000000 3.489593 0.780089 -0.078000 -0.00000000 0.00000000 -0.75794839 0.65231452
639.947000000 3.483920 0.758161 -0.078000 -0.00000000 0.00000000 -0.73793715 0.67486944
640.072000000 3.483808 0.733575 -0.078000 0.00000000 0.00000000 -0.71833628 0.69569605
640.100000000 3.483448 0.722893 -0.077964 -0.00006189 0.00004795 -0.70846760 0.70574333
640.200000000 3.485090 0.684790 -0.077807 -0.00009385 0.00000336 -0.67226702 0.74030875
640.322000000 3.486570 0.685387 -0.078000 0.00000000 0.00000000 -0.67324560 0.73941893
640.447000000 3.488653 0.661235 -0.078000 -0.00000000 -0.00000000 -0.64990289 0.76001726
640.572000000 3.493079 0.637493 -0.078000 -0.00000000 -0.00000000 -0.62584580 0.77994682
640.600000000 3.495311 0.627049 -0.077961 -0.00004980 0.00001775 -0.61491119 0.78859637
640.700000000 3.506535 0.590574 -0.077830 -0.00033837 0.00022104 -0.57488032 0.81823741
640.822000000 3.506671 0.591572 -0.078000 -0.00000000 0.00000000 -0.57606026 0.81740723
640.947000000 3.515904 0.569022 -0.078000 -0.00000000 0.00000000 -0.55035524 0.83493060
641.000000000 3.524332 0.550633 -0.077941 -0.00015587 0.00011558 -0.52811969 0.84916992
641.100000000 3.530105 0.537245 -0.077971 0.00003209 -0.00001591 -0.51221299 0.85885846
641.200000000 3.536898 0.525075 -0.077996 -0.00000823 0.00000226 -0.49606339 0.86828631
641.322000000 3.549629 0.505291 -0.078000 -0.00000000 0.00000000 -0.47013012 0.88259712
641.447000000 3.563813 0.486432 -0.078000 -0.00000000 0.00000000 -0.44250131 0.89676786
641.572000000 3.578884 0.467051 -0.078000 -0.00000000 -0.00000000 -0.41430205 0.91013945
641.600000000 3.585860 0.458963 -0.077965 0.00000400 -0.00002144 -0.40156809 0.91582917
641.700000000 3.612950 0.432104 -0.077842 -0.00000852 -0.00000007 -0.35546194 0.93469076
641.822000000 3.611084 0.434609 -0.078000 -0.00000000 -0.00000000 -0.35693342 0.93412983
641.981000000 3.639058 0.410643 -0.077964 -0.00002773 0.00001218 -0.31167148 0.95018992
642.083000000 3.651630 0.402852 -0.077997 -0.00005009 0.00001704 -0.29290065 0.95614288
642.100000000 3.656937 0.399182 -0.077971 -0.00011583 0.00003398 -0.28479248 0.95858919
642.200000000 3.689893 0.379953 -0.077824 -0.00023451 0.00003634 -0.23670829 0.97158074
642.322000000 3.688831 0.379041 -0.078000 -0.00000000 -0.00000000 -0.23810029 0.97124057
642.447000000 3.710648 0.368625 -0.078000 -0.00000000 -0.00000000 -0.20769275 0.97819411
642.572000000 3.733835 0.360838 -0.078000 0.00000000 -0.00000000 -0.17711157 0.98419078
642.600000000 3.743823 0.357056 -0.077976 -0.00001937 0.00001579 -0.16336554 0.98656561
642.700000000 3.780575 0.346692 -0.077880 -0.00035804 0.00011514 -0.11403504 0.99347666
642.822000000 3.781803 0.347628 -0.078000 0.00000000 0.00000000 -0.11550182 0.99330727
642.947000000 3.806288 0.342623 -0.078000 0.00000000 0.00000000 -0.08449569 0.99642384
643.000000000 3.826312 0.339731 -0.077925 -0.00021544 0.00004028 -0.05815685 0.99830743
643.100000000 3.841546 0.338385 -0.077979 0.00001909 0.00000715 -0.03947931 0.99922039
643.200000000 3.879604 0.337038 -0.077364 -0.00047723 -0.00019079 0.00990684 0.99995079
643.322000000 3.880165 0.336821 -0.078000 0.00000000 -0.00000000 0.00187186 0.99999825
643.447000000 3.901621 0.340329 -0.078000 -0.00000000 -0.00000000 0.02908627 0.99957690
643.572000000 3.924749 0.341220 -0.078000 0.00000000 0.00000000 0.04454815 0.99900724
643.600000000 3.935397 0.342155 -0.078033 0.00033327 0.00030349 0.05180811 0.99865696
643.700000000 3.973409 0.346809 -0.078032 0.00151421 0.00153890 0.07476370 0.99719894
643.822000000 3.975845 0.345197 -0.078000 0.00000000 0.00000000 0.06202730 0.99807445
643.947000000 3.997496 0.348093 -0.078000 0.00000000 -0.00000000 0.06919460 0.99760318
644.072000000 4.020228 0.351508 -0.078000 -0.00000000 -0.00000000 0.06469480 0.99790510
644.100000000 4.030737 0.352922 -0.077974 0.00002095 0.00007331 0.06302974 0.99801165
644.200000000 4.068573 0.357486 -0.077999 -0.00009096 0.00071537 0.05554921 0.99845569
644.322000000 4.070341 0.356670 -0.078000 0.00000000 0.00000000 0.04933650 0.99878221
644.447000000 4.093847 0.358887 -0.078000 0.00000000 -0.00000000 0.04312407 0.99906972
644.500000000 4.113904 0.360509 -0.077917 0.00009260 0.00003918 0.03793282 0.99928029
644.600000000 4.126537 0.364705 -0.078014 0.00079299 -0.00019436 0.03308459 0.99945222
644.700000000 4.139732 0.366724 -0.078002 0.00007838 -0.00002825 0.02920511 0.99957344
644.822000000 4.162859 0.367903 -0.078000 -0.00000000 -0.00000000 0.02343498 0.99972536
644.947000000 4.186995 0.369935 -0.078000 -0.00000000 -0.00000000 0.01731022 0.99985017
645.072000000 4.210364 0.371332 -0.078000 0.00000000 0.00000000 0.01100051 0.99993949
645.100000000 4.221047 0.371676 -0.078014 -0.00042326 0.00045254 0.00821750 0.99996604
645.200000000 4.259338 0.372220 -0.078063 -0.00174446 0.00190177 -0.00175695 0.99999513
645.322000000 4.258663 0.369320 -0.078000 -0.00000000 0.00000000 -0.00132545 0.99999912
645.447000000 4.280796 0.369089 -0.078000 0.00000000 -0.00000000 -0.00752671 0.99997167
645.572000000 4.303854 0.368404 -0.078000 -0.00000000 0.00000000 -0.01367464 0.99990650
645.600000000 4.314455 0.368125 -0.077978 0.00003138 0.00013517 -0.01646364 0.99986446
645.700000000 4.352596 0.366459 -0.078019 0.00024116 0.00111598 -0.02642285 0.99965020
645.822000000 4.352142 0.365597 -0.078000 -0.00000000 -0.00000000 -0.02604286 0.99966083
645.947000000 4.375241 0.364585 -0.078000 -0.00000000 0.00000000 -0.03232635 0.99947737
646.072000000 4.399764 0.363854 -0.078000 -0.00000000 0.00000000 -0.03853063 0.99925742
646.100000000 4.410371 0.363045 -0.077983 -0.00005377 0.00010308 -0.04131854 0.99914602
646.200000000 4.448207 0.359574 -0.077905 -0.00028358 0.00022320 -0.05127444 0.99868454
646.322000000 4.446891 0.359939 -0.078000 0.00000000 0.00000000 -0.05088317 0.99870461
646.447000000 4.469847 0.358214 -0.078000 0.00000000 -0.00000000 -0.05714671 0.99836579
646.500000000 4.489833 0.355908 -0.077939 -0.00007312 0.00007229 -0.06241944 0.99805000
646.600000000 4.527470 0.350772 -0.077848 0.00008616 0.00009979 -0.07236125 0.99737848
646.700000000 4.542054 0.349240 -0.077805 0.00005295 -0.00008718 -0.07610194 0.99710004
646.822000000 4.539862 0.349183 -0.078000 -0.00000000 -0.00000000 -0.07560202 0.99713807
646.947000000 4.563465 0.346917 -0.078000 -0.00000000 -0.00000000 -0.08180717 0.99664818
647.072000000 4.588765 0.342474 -0.078000 -0.00000000 0.00000000 -0.08797249 0.99612290
647.100000000 4.599232 0.340629 -0.077969 0.00001772 0.00001033 -0.09075141 0.99587358
647.200000000 4.636497 0.333360 -0.077858 0.00028272 0.00000784 -0.10067116 0.99491971
647.322000000 4.636038 0.334395 -0.078000 -0.00000000 -0.00000000 -0.10001061 0.99498637
647.447000000 4.657800 0.330620 -0.078000 -0.00000000 -0.00000000 -0.10638756 0.99432474
647.572000000 4.681754 0.326091 -0.078000 0.00000000 0.00000000 -0.11928793 0.99285970
647.600000000 4.692083 0.323645 -0.077961 -0.00004068 -0.00001149 -0.12461734 0.99220488
647.700000000 4.728644 0.313581 -0.077845 -0.00010734 0.00001404 -0.14266846 0.98977053
647.822000000 4.727685 0.314116 -0.078000 -0.00000000 -0.00000000 -0.14166977 0.98991397
647.947000000 4.751318 0.307109 -0.078000 -0.00000000 0.00000000 -0.15427720 0.98802760
648.000000000 4.770404 0.300796 -0.077941 0.00006482 0.00001096 -0.16469221 0.98634501
648.100000000 4.806039 0.287851 -0.077813 0.00028074 -0.00006852 -0.18429362 0.98287119
648.200000000 4.795145 0.291156 -0.077997 -0.00000750 0.00000082 -0.17947520 0.98376250
648.322000000 4.816468 0.283290 -0.078000 -0.00000000 -0.00000000 -0.19134417 0.98152300
648.447000000 4.837553 0.273145 -0.078000 0.00000000 -0.00000000 -0.20327524 0.97912164
648.572000000 4.859107 0.264169 -0.078000 0.00000000 -0.00000000 -0.20727443 0.97828284
648.600000000 4.868806 0.259827 -0.077962 -0.00001648 -0.00000982 -0.21017807 0.97766312
648.700000000 4.903256 0.243915 -0.077838 0.00021459 -0.00008508 -0.22045785 0.97539647
648.822000000 4.901523 0.244839 -0.078000 -0.00000000 -0.00000000 -0.22072689 0.97533566
648.947000000 4.921626 0.234826 -0.078000 -0.00000000 -0.00000000 -0.22676418 0.97394969
649.072000000 4.944092 0.222883 -0.078000 -0.00000000 -0.00000000 -0.23290821 0.97249872
649.100000000 4.953571 0.218076 -0.077965 0.00003011 0.00002542 -0.23561165 0.97184729
649.200000000 4.987159 0.200324 -0.077875 -0.00007647 0.00010653 -0.24333694 0.96994181
649.322000000 4.985267 0.201224 -0.078000 -0.00000000 -0.00000000 -0.23638813 0.97165871
649.447000000 5.008376 0.190884 -0.078000 -0.00000000 -0.00000000 -0.23095028 0.97296555
649.572000000 5.027646 0.180080 -0.078000 0.00000000 -0.00000000 -0.22624772 0.97406980
649.600000000 5.037206 0.175385 -0.077983 0.00003533 -0.00001897 -0.22345448 0.97471436
649.700000000 5.049472 0.167779 -0.077995 -0.00000745 -0.00000022 -0.21969976 0.97556753
649.822000000 5.070916 0.160651 -0.078000 0.00000000 0.00000000 -0.21383527 0.97686973
649.947000000 5.092991 0.150310 -0.078000 -0.00000000 -0.00000000 -0.20773908 0.97818428
650.072000000 5.114076 0.141132 -0.078000 -0.00000000 0.00000000 -0.20174653 0.97943777
650.100000000 5.123856 0.136925 -0.077967 0.00002006 -0.00000563 -0.19901089 0.97999728
650.200000000 5.158987 0.122368 -0.077844 0.00024494 -0.00004700 -0.18923243 0.98193229
650.322000000 5.157635 0.122457 -0.078000 0.00000000 -0.00000000 -0.18925467 0.98192804
650.447000000 5.179886 0.112631 -0.078000 -0.00000000 -0.00000000 -0.17601676 0.98438717
650.572000000 5.203042 0.104374 -0.078000 -0.00000000 0.00000000 -0.16417826 0.98643069
650.600000000 5.213125 0.100912 -0.077973 -0.00007112 0.00002581 -0.15869062 0.98732836
650.700000000 5.249503 0.089695 -0.077847 -0.00005234 0.00003788 -0.13903927 0.99028687
650.822000000 5.249251 0.091545 -0.078000 0.00000000 0.00000000 -0.13974537 0.99018747
650.947000000 5.272519 0.085650 -0.078000 0.00000000 0.00000000 -0.12746425 0.99184317
651.072000000 5.294254 0.078598 -0.078000 0.00000000 -0.00000000 -0.11513433 0.99334993
651.100000000 5.304620 0.076138 -0.077952 -0.00005829 0.00000483 -0.10958723 0.99397718
651.200000000 5.341951 0.068623 -0.077878 -0.00003111 0.00007516 -0.08975562 0.99596382
651.322000000 5.339939 0.069398 -0.078000 0.00000000 -0.00000000 -0.09038015 0.99590734
651.447000000 5.362232 0.065234 -0.078000 -0.00000000 -0.00000000 -0.07803039 0.99695098
651.500000000 5.382184 0.062269 -0.077924 0.00007785 -0.00001362 -0.06749328 0.99771973
651.600000000 5.419985 0.057785 -0.077824 -0.00011189 0.00005435 -0.04759483 0.99886672
651.700000000 5.434425 0.055752 -0.077846 -0.00020406 0.00005343 -0.04015050 0.99919362
651.822000000 5.432253 0.055930 -0.078000 -0.00000000 0.00000000 -0.04144816 0.99914066
651.947000000 5.456850 0.056028 -0.078000 -0.00000000 0.00000000 -0.03887759 0.99924398
652.072000000 5.479599 0.055061 -0.078000 -0.00000000 0.00000000 -0.04082889 0.99916615
652.100000000 5.490204 0.054247 -0.077969 -0.00004390 0.00002016 -0.04154098 0.99913680
652.200000000 5.528056 0.051071 -0.077864 -0.00014777 0.00008285 -0.04491902 0.99899062
652.322000000 5.526540 0.050432 -0.078000 -0.00000000 -0.00000000 -0.04958518 0.99876990
652.447000000 5.549454 0.048049 -0.078000 0.00000000 0.00000000 -0.05609128 0.99842565
652.572000000 5.573755 0.044794 -0.078000 -0.00000000 -0.00000000 -0.06257791 0.99804008
652.600000000 5.584303 0.043476 -0.077953 -0.00000530 -0.00000579 -0.06535512 0.99786207
652.700000000 5.621884 0.038186 -0.077820 -0.00020883 0.00000327 -0.07529272 0.99716145
652.822000000 5.621044 0.039403 -0.078000 0.00000000 0.00000000 -0.07478697 0.99719953
652.947000000 5.644723 0.036161 -0.078000 -0.00000000 0.00000000 -0.08100005 0.99671410
653.099000000 5.679195 0.030592 -0.077975 0.00006508 0.00000160 -0.08980342 0.99595951
653.100000000 5.679342 0.030568 -0.077974 0.00006471 0.00000069 -0.08983919 0.99595628
653.200000000 5.692785 0.027212 -0.077997 -0.00000755 0.00000020 -0.09324701 0.99564301
653.322000000 5.714123 0.022454 -0.078000 0.00000000 0.00000000 -0.09180482 0.99577702
653.447000000 5.738429 0.015938 -0.078000 -0.00000000 -0.00000000 -0.08662376 0.99624110
653.572000000 5.763988 0.013708 -0.078000 -0.00000000 -0.00000000 -0.07644871 0.99707352
653.600000000 5.774512 0.012043 -0.077962 0.00004165 -0.00001548 -0.07093692 0.99748080
653.700000000 5.812276 0.007223 -0.077805 -0.00011049 -0.00005928 -0.04976460 0.99876097
653.822000000 5.809847 0.008542 -0.078000 -0.00000000 0.00000000 -0.04456750 0.99900638
653.947000000 5.832248 0.007364 -0.078000 -0.00000000 0.00000000 -0.02574452 0.99966855
654.072000000 5.854914 0.007056 -0.078000 -0.00000000 -0.00000000 -0.00681584 0.99997677
654.100000000 5.865578 0.006863 -0.077972 0.00004326 0.00000437 0.00149781 0.99999888
654.200000000 5.903645 0.008080 -0.077847 0.00008696 -0.00006508 0.03132893 0.99950912
654.322000000 5.903821 0.007893 -0.078000 0.00000000 -0.00000000 0.03055405 0.99953312
654.447000000 5.926834 0.010857 -0.078000 -0.00000000 0.00000000 0.04932060 0.99878300
654.572000000 5.949224 0.013712 -0.078000 -0.00000000 0.00000000 0.06078524 0.99815087
654.600000000 5.959795 0.015035 -0.077973 0.00000846 -0.00000220 0.06575666 0.99783569
654.700000000 5.997412 0.020729 -0.077854 0.00019560 0.00003632 0.08292742 0.99655557
654.822000000 5.997923 0.017954 -0.078000 0.00000000 -0.00000000 0.07062213 0.99750314
654.947000000 6.021620 0.023047 -0.078000 -0.00000000 0.00000000 0.07299671 0.99733218
655.000000000 6.041536 0.025951 -0.077915 0.00014032 0.00001138 0.07170356 0.99742598
655.100000000 6.079134 0.031385 -0.077834 0.00009649 0.00010545 0.06791072 0.99769139
655.200000000 6.093041 0.032598 -0.077849 -0.00009032 -0.00000718 0.05575039 0.99844473
655.322000000 6.090853 0.032572 -0.078000 0.00000000 0.00000000 0.05587420 0.99843782
655.447000000 6.114274 0.036189 -0.078000 0.00000000 0.00000000 0.04965041 0.99876666
655.572000000 6.138260 0.037923 -0.078000 -0.00000000 -0.00000000 0.04351519 0.99905277
655.600000000 6.148846 0.038846 -0.077967 0.00008419 0.00001137 0.04073919 0.99916981
655.700000000 6.186719 0.041553 -0.077864 0.00006764 0.00006615 0.03078387 0.99952606
655.822000000 6.186795 0.040357 -0.078000 0.00000000 -0.00000000 0.03122738 0.99951231
655.947000000 6.208285 0.032391 -0.078000 0.00000000 0.00000000 0.02369422 0.99971925
656.072000000 6.231174 0.032886 -0.078000 0.00000000 -0.00000000 0.01741352 0.99984837
656.100000000 6.241797 0.033273 -0.077967 0.00006097 0.00000266 0.01462410 0.99989306
656.200000000 6.279744 0.033943 -0.077840 0.00022764 -0.00002011 0.00466015 0.99998912
656.322000000 6.277737 0.033096 -0.078000 0.00000000 0.00000000 0.00496351 0.99998768
656.447000000 6.301973 0.034809 -0.078000 -0.00000000 -0.00000000 -0.00123860 0.99999923
656.500000000 6.322088 0.034665 -0.077928 -0.00001003 -0.00000714 -0.00651830 0.99997876
656.600000000 6.360034 0.033895 -0.077810 -0.00019292 -0.00002705 -0.01648259 0.99986413
656.700000000 6.375786 0.032904 -0.077821 0.00023174 -0.00002132 -0.02020800 0.99979577
656.822000000 6.372191 0.030927 -0.078000 0.00000000 0.00000000 -0.01982511 0.99980346
656.947000000 6.391599 0.030064 -0.078000 -0.00000000 0.00000000 -0.01224695 0.99992500
657.072000000 6.412963 0.030944 -0.078000 -0.00000000 0.00000000 -0.00204649 0.99999791
657.100000000 6.423172 0.030869 -0.077969 -0.00002100 0.00001524 0.00258178 0.99999667
657.200000000 6.461699 0.031670 -0.077939 -0.00023195 0.00021558 0.02030248 0.99979383
657.322000000 6.458939 0.032560 -0.078000 0.00000000 -0.00000000 0.02528814 0.99968020
657.447000000 6.483139 0.034287 -0.078000 0.00000000 -0.00000000 0.04145800 0.99914025
657.572000000 6.506992 0.036785 -0.078000 0.00000000 -0.00000000 0.06067464 0.99815760
657.600000000 6.517588 0.038025 -0.077978 -0.00001111 0.00001958 0.06900550 0.99761628
657.700000000 6.555140 0.044448 -0.077861 -0.00024350 -0.00003659 0.09876804 0.99511045
657.822000000 6.554071 0.043183 -0.078000 0.00000000 0.00000000 0.09810403 0.99517616
657.947000000 6.575426 0.048639 -0.078000 -0.00000000 -0.00000000 0.11658471 0.99318075
658.072000000 6.598881 0.055125 -0.078000 -0.00000000 0.00000000 0.13500115 0.99084544
658.100000000 6.609165 0.057946 -0.077962 0.00003666 0.00000373 0.14328940 0.98968083
658.200000000 6.623578 0.059471 -0.077997 -0.00001129 -0.00000090 0.15452139 0.98798944
658.322000000 6.646225 0.067718 -0.078000 0.00000000 -0.00000000 0.17205443 0.98508745
658.447000000 6.667492 0.077447 -0.078000 -0.00000000 -0.00000000 0.19034236 0.98171777
658.572000000 6.687991 0.085776 -0.078000 -0.00000000 0.00000000 0.20880261 0.97795781
658.600000000 6.697737 0.090107 -0.077969 -0.00001731 -0.00001137 0.21697933 0.97617620
658.700000000 6.731792 0.107169 -0.077855 0.00013828 0.00000557 0.24606104 0.96925432
658.822000000 6.731977 0.108818 -0.078000 -0.00000000 -0.00000000 0.24529343 0.96944888
658.947000000 6.752057 0.120615 -0.078000 0.00000000 -0.00000000 0.26362241 0.96462595
659.072000000 6.772721 0.134383 -0.078000 0.00000000 -0.00000000 0.28156974 0.95954077
659.100000000 6.781587 0.140258 -0.078020 -0.00036204 -0.00042046 0.28965279 0.95713163
659.200000000 6.812451 0.162494 -0.077798 -0.00064899 -0.00127321 0.31817499 0.94803093
659.322000000 6.813355 0.161714 -0.078000 0.00000000 0.00000000 0.31715788 0.94837275
659.447000000 6.832366 0.176365 -0.078000 -0.00000000 0.00000000 0.33474534 0.94230863
659.572000000 6.850271 0.191441 -0.078000 -0.00000000 0.00000000 0.35241667 0.93584320
659.600000000 6.858378 0.198428 -0.077956 0.00019075 0.00003288 0.36024030 0.93285952
659.700000000 6.885673 0.224687 -0.077702 0.00098932 -0.00072802 0.38796913 0.92167155
659.822000000 6.884988 0.224326 -0.078000 -0.00000000 0.00000000 0.38719966 0.92199589
659.947000000 6.901296 0.243074 -0.078000 0.00000000 -0.00000000 0.40445904 0.91455611
660.000000000 6.914701 0.258285 -0.078029 -0.00031382 0.00030450 0.41889787 0.90803325
660.100000000 6.938675 0.287939 -0.077920 -0.00055739 0.00010551 0.44584816 0.89510843
660.200000000 6.947290 0.299171 -0.077633 -0.00012200 -0.00077439 0.45589008 0.89003574
660.322000000 6.946607 0.297723 -0.078000 -0.00000000 -0.00000000 0.45509301 0.89044391
660.447000000 6.960480 0.317301 -0.078000 -0.00000000 -0.00000000 0.47188077 0.88166237
660.572000000 6.972688 0.339534 -0.078000 -0.00000000 0.00000000 0.48849045 0.87256924
660.600000000 6.978262 0.348590 -0.078079 -0.00064385 0.00001644 0.49591037 0.86837348
660.700000000 6.996409 0.382527 -0.078480 -0.00346364 0.00055185 0.52185338 0.85302799
660.822000000 6.996137 0.381742 -0.078000 0.00000000 -0.00000000 0.52093911 0.85359384
660.947000000 7.005802 0.402839 -0.078000 0.00000000 0.00000000 0.53070252 0.84755816
661.072000000 7.017914 0.424927 -0.078000 -0.00000000 -0.00000000 0.54290137 0.83979646
661.100000000 7.022282 0.434577 -0.077922 0.00025044 -0.00051445 0.54640130 0.83752331
661.200000000 7.036784 0.469251 -0.077527 0.00134518 -0.00214935 0.55853210 0.82947903
661.322000000 7.037517 0.470025 -0.078000 0.00000000 -0.00000000 0.55344747 0.83288408
661.447000000 7.049066 0.492891 -0.078000 -0.00000000 0.00000000 0.55822067 0.82969253
661.500000000 7.056676 0.511737 -0.078027 -0.00047197 0.00081165 0.56039184 0.82822709
661.600000000 7.060704 0.525673 -0.077961 -0.00009156 0.00022583 0.55667669 0.83072920
661.700000000 7.075198 0.560806 -0.077805 0.00007866 0.00022076 0.55702424 0.83049620
661.735000000 7.077365 0.565342 -0.077816 0.00029044 -0.00014735 0.55709018 0.83045194
665.100000000 7.597978 0.955664 -0.077231 0.00135688 -0.00008813 -0.22405304 0.97457600
665.200000000 7.528474 0.958871 -0.077887 0.00008140 0.00007754 -0.09876437 0.99511084
665.322000000 7.528313 0.957778 -0.078000 -0.00000000 0.00000000 -0.09692222 0.99529196
665.447000000 7.551371 0.952175 -0.078000 -0.00000000 -0.00000000 -0.13397671 0.99098448
665.572000000 7.573840 0.944926 -0.078000 0.00000000 -0.00000000 -0.17075856 0.98531290
665.600000000 7.583812 0.941415 -0.077965 0.00009352 -0.00003328 -0.18722826 0.98231643
665.700000000 7.618065 0.925554 -0.077803 0.00014371 -0.00011225 -0.24558274 0.96937562
665.822000000 7.614958 0.926599 -0.078000 0.00000000 0.00000000 -0.24363965 0.96986583
665.948000000 7.635055 0.914385 -0.078000 0.00000000 0.00000000 -0.27986441 0.96003954
666.072000000 7.657047 0.896991 -0.078000 0.00000000 0.00000000 -0.31562208 0.94888498
666.100000000 7.665566 0.890734 -0.077977 0.00011309 -0.00003733 -0.33146070 0.94346902
666.200000000 7.693516 0.865308 -0.077857 0.00037148 -0.00010901 -0.38723724 0.92198003
666.322000000 7.691718 0.865012 -0.078000 -0.00000000 0.00000000 -0.38614880 0.92243651
666.447000000 7.708005 0.847420 -0.078000 -0.00000000 0.00000000 -0.42059270 0.90724957
666.500000000 7.720531 0.831792 -0.077948 0.00002003 0.00004168 -0.44912060 0.89347114
666.600000000 7.728791 0.819399 -0.077968 0.00009232 -0.00004138 -0.46918727 0.88309869
666.700000000 7.737134 0.807280 -0.077996 0.00000276 -0.00000209 -0.48907317 0.87224276
666.822000000 7.749224 0.786412 -0.078000 -0.00000000 0.00000000 -0.51996254 0.85418906
666.947000000 7.759284 0.764024 -0.078000 -0.00000000 0.00000000 -0.55161594 0.83409823
667.072000000 7.766817 0.742625 -0.078000 0.00000000 0.00000000 -0.58246301 0.81285721
667.100000000 7.770286 0.732636 -0.077971 -0.00003944 -0.00000495 -0.59573255 0.80318287
667.200000000 7.779233 0.695950 -0.077799 0.00003044 -0.00019403 -0.64022547 0.76818703
667.322000000 7.776583 0.697020 -0.078000 0.00000000 -0.00000000 -0.63380064 0.77349644
667.447000000 7.781506 0.672236 -0.078000 0.00000000 0.00000000 -0.65228672 0.75797232
667.572000000 7.784671 0.649581 -0.078000 -0.00000000 -0.00000000 -0.67203948 0.74051532
667.600000000 7.785729 0.639040 -0.077967 -0.00001044 0.00000114 -0.68018659 0.73303902
667.700000000 7.787102 0.601202 -0.077837 -0.00009133 0.00012047 -0.70733912 0.70687435
667.822000000 7.785384 0.603275 -0.078000 0.00000000 0.00000000 -0.70187237 0.71230273
667.947000000 7.787381 0.578086 -0.078000 -0.00000000 0.00000000 -0.71060742 0.70358872
668.072000000 7.788108 0.553874 -0.078000 -0.00000000 0.00000000 -0.71637058 0.69772000
668.100000000 7.787816 0.543246 -0.077976 0.00006065 -0.00004215 -0.71794506 0.69609976
668.200000000 7.786238 0.505290 -0.077841 0.00006517 -0.00001409 -0.72334221 0.69048971
668.322000000 7.782725 0.507209 -0.078000 -0.00000000 -0.00000000 -0.71428615 0.69985376
668.447000000 7.779227 0.485508 -0.078000 -0.00000000 -0.00000000 -0.71088574 0.70330752
668.500000000 7.779148 0.465345 -0.077927 -0.00010419 0.00007719 -0.70475670 0.70944907
668.600000000 7.780649 0.451401 -0.077970 0.00005360 -0.00001858 -0.69607591 0.71796819
668.700000000 7.782570 0.413374 -0.077849 0.00008593 -0.00001473 -0.68171882 0.73161427
668.822000000 7.781699 0.414026 -0.078000 -0.00000000 -0.00000000 -0.68191629 0.73143023
668.947000000 7.782921 0.390670 -0.078000 -0.00000000 0.00000000 -0.67283444 0.73979309
669.072000000 7.785608 0.367114 -0.078000 -0.00000000 -0.00000000 -0.66360025 0.74808736
669.100000000 7.786873 0.356531 -0.077957 -0.00006258 0.00007072 -0.65942005 0.75177470
669.200000000 7.792566 0.318884 -0.077848 -0.00004784 0.00011134 -0.64348025 0.76546270
669.322000000 7.791370 0.319700 -0.078000 0.00000000 0.00000000 -0.63922392 0.76902066
669.447000000 7.793706 0.297446 -0.078000 -0.00000000 -0.00000000 -0.62544776 0.78026605
669.572000000 7.799590 0.272833 -0.078000 0.00000000 -0.00000000 -0.60268765 0.79797719
669.600000000 7.802404 0.262538 -0.077952 -0.00007064 0.00002434 -0.59382400 0.80459496
669.700000000 7.815217 0.226627 -0.077827 -0.00030140 0.00016287 -0.56135122 0.82757761
669.822000000 7.814877 0.228501 -0.078000 -0.00000000 0.00000000 -0.56249556 0.82680030
669.947000000 7.824775 0.206687 -0.078000 0.00000000 0.00000000 -0.54168998 0.84057835
670.000000000 7.833494 0.188460 -0.077949 -0.00018535 0.00008469 -0.52383567 0.85181932
670.100000000 7.839761 0.175188 -0.077948 0.00002841 -0.00003226 -0.51109925 0.85952170
670.200000000 7.845763 0.162292 -0.077997 -0.00000462 0.00000514 -0.49821711 0.86705231
670.322000000 7.856797 0.144640 -0.078000 0.00000000 0.00000000 -0.47762677 0.87856284
670.447000000 7.870029 0.127125 -0.078000 0.00000000 0.00000000 -0.45564678 0.89016066
670.572000000 7.884949 0.109206 -0.078000 -0.00000000 0.00000000 -0.43334535 0.90122795
670.600000000 7.891587 0.100847 -0.077956 -0.00002492 -0.00001642 -0.42326334 0.90600670
670.700000000 7.917099 0.072534 -0.077823 -0.00000425 -0.00004373 -0.38682617 0.92215265
670.822000000 7.916343 0.073203 -0.078000 -0.00000000 -0.00000000 -0.38794146 0.92168402
670.947000000 7.933555 0.057212 -0.078000 0.00000000 -0.00000000 -0.36483008 0.93107412
671.072000000 7.951579 0.040371 -0.078000 -0.00000000 0.00000000 -0.34153738 0.93986819
671.100000000 7.959725 0.033475 -0.077960 -0.00007161 0.00000714 -0.33102758 0.94362108
671.200000000 7.990420 0.010872 -0.077806 -0.00004690 -0.00004899 -0.29316698 0.95606125
671.322000000 7.990074 0.012773 -0.078000 0.00000000 0.00000000 -0.29417808 0.95575063
671.447000000 8.009524 -0.000489 -0.078000 0.00000000 0.00000000 -0.27023635 0.96279401
671.572000000 8.030350 -0.011235 -0.078000 0.00000000 -0.00000000 -0.24609877 0.96924475
671.600000000 8.039709 -0.016370 -0.077982 -0.00009016 0.00002708 -0.23526690 0.97193080
671.700000000 8.074343 -0.032320 -0.077833 -0.00031139 0.00003805 -0.19635376 0.98053307
671.822000000 8.074643 -0.031011 -0.078000 -0.00000000 0.00000000 -0.19751051 0.98030077
671.867000000 8.091285 -0.037460 -0.077945 -0.00011441 0.00001196 -0.17990008 0.98368488
673.200000000 8.353767 -0.061465 -0.077867 0.00010879 0.00003759 0.05319446 0.99858417
673.322000000 8.355355 -0.064995 -0.078000 -0.00000000 -0.00000000 0.04686100 0.99890142
673.447000000 8.377920 -0.061466 -0.078000 0.00000000 -0.00000000 0.04326942 0.99906344
673.500000000 8.397980 -0.059738 -0.077921 0.00010156 -0.00002641 0.04388023 0.99903679
673.600000000 8.412162 -0.056799 -0.077949 -0.00009074 -0.00000735 0.04422848 0.99902144
673.700000000 8.426452 -0.055696 -0.077996 0.00000515 0.00000233 0.04433330 0.99901680
673.822000000 8.449353 -0.054722 -0.078000 0.00000000 -0.00000000 0.04463188 0.99900350
673.947000000 8.473268 -0.052908 -0.078000 0.00000000 -0.00000000 0.04456520 0.99900648
674.072000000 8.495557 -0.051348 -0.078000 0.00000000 0.00000000 0.03618791 0.99934500
674.100000000 8.506150 -0.050520 -0.077963 -0.00001700 -0.00000536 0.03259252 0.99946872
674.200000000 8.544020 -0.048427 -0.077835 -0.00019962 -0.00001272 0.01919689 0.99981570
674.322000000 8.543621 -0.050137 -0.078000 -0.00000000 0.00000000 0.01474622 0.99989127
674.447000000 8.566560 -0.049840 -0.078000 -0.00000000 -0.00000000 0.00205655 0.99999789
674.572000000 8.589832 -0.049923 -0.078000 -0.00000000 -0.00000000 -0.01057011 0.99994413
674.600000000 8.600449 -0.050118 -0.077965 0.00007649 0.00001474 -0.01614437 0.99986967
674.700000000 8.638326 -0.052140 -0.077858 0.00006581 0.00002710 -0.03525642 0.99937830
674.822000000 8.638691 -0.050096 -0.078000 -0.00000000 -0.00000000 -0.02827552 0.99960017
674.947000000 8.660907 -0.051654 -0.078000 -0.00000000 -0.00000000 -0.03635821 0.99933882
675.072000000 8.682022 -0.054140 -0.078000 -0.00000000 0.00000000 -0.04217895 0.99911007
675.100000000 8.691843 -0.054958 -0.077967 0.00005899 -0.00002187 -0.04490509 0.99899126
675.200000000 8.705007 -0.056714 -0.077998 -0.00000041 0.00000278 -0.04862391 0.99881716
675.322000000 8.724144 -0.058932 -0.078000 -0.00000000 0.00000000 -0.05443470 0.99851733
675.447000000 8.741925 -0.063471 -0.078000 0.00000000 -0.00000000 -0.06050537 0.99816787
675.572000000 8.760566 -0.065819 -0.078000 0.00000000 -0.00000000 -0.06650096 0.99778636
675.600000000 8.768933 -0.066970 -0.077967 -0.00023386 -0.00001333 -0.06875427 0.99763360
675.700000000 8.798862 -0.071094 -0.078198 -0.00170860 0.00045295 -0.07465427 0.99720791
675.822000000 8.799753 -0.068816 -0.078000 -0.00000000 0.00000000 -0.06263964 0.99803621
675.947000000 8.817770 -0.070120 -0.078000 -0.00000000 -0.00000000 -0.05333277 0.99857680
676.072000000 8.838204 -0.071647 -0.078000 0.00000000 -0.00000000 -0.03801016 0.99927735
676.100000000 8.846903 -0.072332 -0.077963 -0.00016034 -0.00032726 -0.03064896 0.99953014
676.200000000 8.876329 -0.073306 -0.077633 -0.00044089 -0.00185913 -0.00278263 0.99999430
676.322000000 8.874757 -0.073637 -0.078000 0.00000000 -0.00000000 -0.00351105 0.99999384
676.447000000 8.893176 -0.073073 -0.078000 -0.00000000 0.00000000 0.01536088 0.99988201
676.572000000 8.913583 -0.071239 -0.078000 -0.00000000 0.00000000 0.03440430 0.99940800
676.600000000 8.922037 -0.070587 -0.077963 -0.00033967 -0.00001844 0.04296579 0.99907649
676.700000000 8.952052 -0.067017 -0.077791 -0.00057125 0.00006516 0.07314739 0.99732098
676.822000000 8.950287 -0.067598 -0.078000 -0.00000000 -0.00000000 0.07250525 0.99736803
676.899000000 8.973246 -0.063962 -0.077912 0.00095571 0.00033899 0.09544266 0.99543441
676.900000000 8.973519 -0.063907 -0.077911 0.00096777 0.00034382 0.09574038 0.99540581
680.322000000 9.413537 0.161234 -0.078000 -0.00000000 0.00000000 0.31974743 0.94750281
680.447000000 9.429576 0.174050 -0.078000 -0.00000000 0.00000000 0.34596656 0.93824684
680.500000000 9.441739 0.184391 -0.077950 0.00002469 0.00000849 0.36724359 0.93012480
680.600000000 9.462840 0.205973 -0.077853 -0.00000241 0.00000314 0.40900423 0.91253249
680.700000000 9.469574 0.215799 -0.077879 -0.00035713 -0.00017062 0.43253247 0.90161827
680.822000000 9.468856 0.216228 -0.078000 -0.00000000 -0.00000000 0.43047701 0.90260154
680.947000000 9.484622 0.231140 -0.078000 0.00000000 -0.00000000 0.45779020 0.88906025
681.072000000 9.494851 0.246188 -0.078000 0.00000000 0.00000000 0.48506350 0.87447893
681.100000000 9.499341 0.253338 -0.077967 0.00002167 0.00001516 0.49610800 0.86826082
681.200000000 9.513461 0.279942 -0.077853 0.00004028 -0.00006833 0.53393566 0.84552511
681.322000000 9.512949 0.277671 -0.078000 -0.00000000 0.00000000 0.52257063 0.85259600
681.447000000 9.521520 0.293802 -0.078000 -0.00000000 0.00000000 0.54134548 0.84080026
681.572000000 9.529759 0.311077 -0.078000 -0.00000000 0.00000000 0.55696281 0.83053744
681.600000000 9.532976 0.318863 -0.077960 0.00000676 -0.00002685 0.56395324 0.82580672
681.700000000 9.543076 0.347208 -0.077856 0.00006407 0.00000537 0.58844912 0.80853424
681.822000000 9.541199 0.346097 -0.078000 -0.00000000 0.00000000 0.58251077 0.81282298
681.947000000 9.548800 0.363645 -0.078000 0.00000000 0.00000000 0.59575753 0.80316434
682.000000000 9.553278 0.378916 -0.077934 -0.00000188 -0.00004615 0.60282256 0.79787528
682.100000000 9.555915 0.391333 -0.077989 -0.00003705 -0.00000129 0.60227617 0.79828780
682.200000000 9.563901 0.420301 -0.077929 0.00004398 0.00012559 0.61103848 0.79160089
682.322000000 9.563058 0.420851 -0.078000 0.00000000 0.00000000 0.61111359 0.79154291
682.447000000 9.567910 0.438468 -0.078000 -0.00000000 0.00000000 0.61591934 0.78780922
682.572000000 9.572013 0.456479 -0.078000 0.00000000 -0.00000000 0.62067340 0.78406921
682.600000000 9.573946 0.464661 -0.077961 -0.00003716 -0.00004146 0.62285243 0.78233934
682.700000000 9.580393 0.493987 -0.077877 0.00002225 -0.00000362 0.63060891 0.77610077
682.822000000 9.580055 0.493128 -0.078000 0.00000000 0.00000000 0.63035382 0.77630797
682.947000000 9.583347 0.512415 -0.078000 0.00000000 -0.00000000 0.63511196 0.77242009
683.072000000 9.587059 0.531409 -0.078000 0.00000000 0.00000000 0.63992368 0.76843847
683.100000000 9.588591 0.539676 -0.077972 -0.00003206 -0.00006230 0.64206533 0.76664992
683.200000000 9.593538 0.569276 -0.077853 -0.00000098 -0.00011215 0.64967258 0.76021414
683.322000000 9.593428 0.569599 -0.078000 -0.00000000 0.00000000 0.64943093 0.76042059
683.447000000 9.595474 0.588875 -0.078000 0.00000000 -0.00000000 0.65416427 0.75635250
683.500000000 9.597718 0.604626 -0.077937 0.00009907 0.00006355 0.65815017 0.75288667
683.600000000 9.599500 0.615682 -0.077976 -0.00005173 -0.00002760 0.66098361 0.75040034
683.700000000 9.600659 0.627330 -0.077996 -0.00000012 -0.00000133 0.66383514 0.74787894
683.822000000 9.603550 0.646559 -0.078000 -0.00000000 0.00000000 0.66798745 0.74417254
683.947000000 9.605226 0.666089 -0.078000 0.00000000 -0.00000000 0.66610845 0.74585490
684.072000000 9.607172 0.685987 -0.078000 0.00000000 0.00000000 0.66017488 0.75111193
684.100000000 9.608195 0.694317 -0.077978 0.00006050 0.00004936 0.65808340 0.75294504
684.200000000 9.612536 0.723926 -0.077855 0.00016708 0.00003549 0.64864010 0.76109526
684.322000000 9.612783 0.722863 -0.078000 0.00000000 0.00000000 0.64488101 0.76428299
684.447000000 9.616212 0.741020 -0.078000 -0.00000000 0.00000000 0.62980464 0.77675358
684.572000000 9.621056 0.760133 -0.078000 0.00000000 0.00000000 0.61614833 0.78763013
684.600000000 9.623048 0.768252 -0.077968 0.00005357 0.00001931 0.60842381 0.79361229
684.700000000 9.631755 0.796798 -0.077861 0.00030879 0.00020447 0.57983927 0.81473081
684.822000000 9.631696 0.796103 -0.078000 -0.00000000 0.00000000 0.57081586 0.82107811
684.947000000 9.638704 0.814439 -0.078000 -0.00000000 0.00000000 0.54788614 0.83655291
685.072000000 9.647453 0.830808 -0.078000 -0.00000000 -0.00000000 0.52144945 0.85328218
685.100000000 9.651210 0.838258 -0.077978 -0.00003536 -0.00002298 0.50956023 0.86043499
685.200000000 9.666878 0.863623 -0.077876 0.00012399 0.00005383 0.46615628 0.88470238
685.322000000 9.666320 0.863415 -0.078000 -0.00000000 0.00000000 0.46731286 0.88409202
685.447000000 9.677067 0.877410 -0.078000 0.00000000 -0.00000000 0.43958747 0.89819979
685.500000000 9.687071 0.889630 -0.077947 0.00016690 0.00003769 0.41572272 0.90949139
685.600000000 9.694595 0.898254 -0.077981 0.00001845 0.00002875 0.39823839 0.91728196
685.700000000 9.715981 0.919001 -0.077898 -0.00001379 0.00004976 0.34881388 0.93719201
685.822000000 9.716009 0.917887 -0.078000 0.00000000 -0.00000000 0.34421351 0.93889140
685.947000000 9.729867 0.929413 -0.078000 -0.00000000 0.00000000 0.30092434 0.95364802
686.000000000 9.742785 0.938407 -0.077924 0.00006398 -0.00003542 0.26609441 0.96394697
686.100000000 9.769489 0.951573 -0.077815 0.00041035 0.00000938 0.19866959 0.98006644
686.200000000 9.797584 0.961305 -0.077737 0.00059073 0.00011168 0.13003874 0.99150873
686.322000000 9.779235 0.956090 -0.078000 0.00000000 -0.00000000 0.17522911 0.98452768
686.447000000 9.796313 0.961215 -0.078000 0.00000000 -0.00000000 0.13213236 0.99123208
686.572000000 9.814400 0.966371 -0.078000 0.00000000 -0.00000000 0.08877045 0.99605211
686.600000000 9.822576 0.967916 -0.077977 0.00013634 0.00001463 0.06930159 0.99759574
686.700000000 9.852260 0.969841 -0.077880 0.00049044 0.00001894 -0.00038459 0.99999981
686.822000000 9.852494 0.969271 -0.078000 -0.00000000 0.00000000 0.00164187 0.99999865
686.947000000 9.869845 0.968834 -0.078000 -0.00000000 -0.00000000 -0.04194549 0.99911990
687.000000000 9.885502 0.966962 -0.077957 0.00025183 0.00002281 -0.07883816 0.99688740
687.100000000 9.897137 0.965596 -0.077965 -0.00002101 -0.00000777 -0.10495715 0.99447674
687.200000000 9.908817 0.962141 -0.077997 0.00000759 -0.00000478 -0.13099192 0.99138344
687.322000000 9.926277 0.956832 -0.078000 0.00000000 0.00000000 -0.17201355 0.98509458
687.447000000 9.943124 0.950173 -0.078000 0.00000000 -0.00000000 -0.21476917 0.97666484
687.572000000 9.959628 0.941413 -0.078000 -0.00000000 -0.00000000 -0.25710409 0.96638372
687.600000000 9.966872 0.937323 -0.077973 0.00000791 -0.00001874 -0.27592194 0.96118005
687.700000000 9.991003 0.919970 -0.077877 0.00008008 -0.00000264 -0.34222794 0.93961696
687.822000000 9.990538 0.918854 -0.078000 0.00000000 0.00000000 -0.34035932 0.94029545
687.947000000 10.004573 0.907430 -0.078000 -0.00000000 -0.00000000 -0.38098768 0.92458012
688.072000000 10.017121 0.894768 -0.078000 0.00000000 0.00000000 -0.42095750 0.90708036
688.100000000 10.022550 0.888464 -0.077980 0.00011907 -0.00001624 -0.43858852 0.89868799
688.200000000 10.039158 0.863757 -0.077925 0.00028478 -0.00000183 -0.50014465 0.86594183
688.322000000 10.039077 0.865306 -0.078000 -0.00000000 0.00000000 -0.49838469 0.86695600
688.447000000 10.047161 0.847702 -0.078000 -0.00000000 -0.00000000 -0.53564380 0.84444403
688.500000000 10.053423 0.833227 -0.077962 0.00013702 -0.00002907 -0.56648290 0.82407349
688.600000000 10.057639 0.821027 -0.077944 0.00005273 -0.00006497 -0.58781012 0.80899892
688.700000000 10.064721 0.792151 -0.077838 0.00009085 -0.00014178 -0.64275319 0.76607330
688.822000000 10.064293 0.794792 -0.078000 -0.00000000 -0.00000000 -0.64119386 0.76737894
688.947000000 10.066710 0.776515 -0.078000 -0.00000000 0.00000000 -0.67405034 0.73868541
689.000000000 10.068064 0.760830 -0.077925 -0.00001647 -0.00002422 -0.70088975 0.71326962
689.100000000 10.066342 0.731119 -0.077832 0.00021748 -0.00030440 -0.74888561 0.66269918
689.200000000 10.064258 0.721070 -0.077880 0.00033615 -0.00032982 -0.76596415 0.64288311
689.322000000 10.063852 0.720674 -0.078000 -0.00000000 0.00000000 -0.76462955 0.64447005
689.447000000 10.060046 0.702415 -0.078000 -0.00000000 0.00000000 -0.79200556 0.61051388
689.572000000 10.054302 0.685054 -0.078000 0.00000000 0.00000000 -0.81788013 0.57538864
689.600000000 10.051538 0.677206 -0.077962 0.00000115 -0.00003726 -0.82895851 0.55931011
689.700000000 10.038556 0.650474 -0.077846 0.00015189 -0.00035833 -0.86591529 0.50019052
689.822000000 10.039210 0.651490 -0.078000 0.00000000 -0.00000000 -0.86485122 0.50202825
689.947000000 10.028712 0.634225 -0.078000 0.00000000 0.00000000 0.88587453 -0.46392491
690.072000000 10.016839 0.620215 -0.078000 0.00000000 0.00000000 0.90523255 -0.42491650
690.100000000 10.011575 0.613770 -0.077983 0.00000314 -0.00001802 0.91331342 -0.40725741
690.200000000 9.990149 0.593108 -0.077875 -0.00001703 0.00004718 0.93849247 -0.34529970
690.322000000 9.987666 0.592594 -0.078000 0.00000000 0.00000000 0.93528944 -0.35388370
690.447000000 9.973897 0.581339 -0.078000 0.00000000 0.00000000 0.94540143 -0.32590817
690.500000000 9.961190 0.571898 -0.077954 -0.00008559 0.00014939 0.95307033 -0.30274893
690.600000000 9.950925 0.564106 -0.077971 0.00001506 -0.00004528 0.94601143 -0.32413326
690.700000000 9.942206 0.556854 -0.077997 -0.00000058 -0.00000404 0.95279800 -0.30360497
690.822000000 9.927936 0.547544 -0.078000 0.00000000 -0.00000000 0.95699497 -0.29010453
690.947000000 9.911159 0.537855 -0.078000 -0.00000000 0.00000000 0.96120502 -0.27583493
691.072000000 9.896538 0.528302 -0.078000 0.00000000 0.00000000 0.96250141 -0.27127669
691.100000000 9.889364 0.523941 -0.077985 -0.00001705 0.00006589 0.96295602 -0.26965850
691.200000000 9.863602 0.508621 -0.077868 0.00003742 0.00011293 0.96486492 -0.26274641
691.322000000 9.865170 0.507747 -0.078000 -0.00000000 0.00000000 0.96338104 -0.26813611
691.447000000 9.848835 0.498305 -0.078000 0.00000000 0.00000000 0.96328246 -0.26849006
691.572000000 9.833694 0.488425 -0.078000 0.00000000 0.00000000 0.96318641 -0.26883442
691.600000000 9.826514 0.484071 -0.077964 0.00001233 0.00000728 0.96315040 -0.26896340
691.700000000 9.800819 0.468572 -0.077858 -0.00003561 0.00021297 0.96236784 -0.27175005
691.822000000 9.803977 0.470595 -0.078000 0.00000000 -0.00000000 0.95866829 -0.28452612
691.947000000 9.787907 0.459822 -0.078000 0.00000000 0.00000000 0.95626431 -0.29250397
692.072000000 9.771040 0.449243 -0.078000 0.00000000 0.00000000 0.95271884 -0.30385327
692.100000000 9.764170 0.444383 -0.077969 0.00002927 -0.00009652 0.95105039 -0.30903583
692.200000000 9.755047 0.437097 -0.077998 -0.00000266 0.00000368 0.94869466 -0.31619369
692.322000000 9.741143 0.425637 -0.078000 0.00000000 0.00000000 0.94489792 -0.32736513
692.447000000 9.727237 0.414157 -0.078000 -0.00000000 -0.00000000 0.94069222 -0.33926117
692.572000000 9.712922 0.401804 -0.078000 0.00000000 0.00000000 0.93635729 -0.35104846
692.600000000 9.706562 0.396287 -0.077977 0.00001288 -0.00007403 0.93438388 -0.35626781
692.700000000 9.663940 0.391345 -0.077885 0.00014457 -0.00023835 0.92613500 -0.37719211
692.822000000 9.663725 0.391185 -0.078000 0.00000000 0.00000000 0.92626947 -0.37686188
692.947000000 9.650408 0.377813 -0.078000 -0.00000000 0.00000000 0.92146951 -0.38845070
693.072000000 9.637745 0.364862 -0.078000 -0.00000000 0.00000000 0.91653315 -0.39995874
693.100000000 9.632006 0.358703 -0.077977 0.00000916 -0.00003789 0.91428798 -0.40506480
693.200000000 9.612280 0.336017 -0.077891 0.00013033 -0.00023392 0.90603603 -0.42320047
693.322000000 9.612401 0.336880 -0.078000 -0.00000000 -0.00000000 0.90622292 -0.42280021
693.447000000 9.601510 0.322404 -0.078000 0.00000000 0.00000000 0.90086141 -0.43410681
693.572000000 9.590224 0.307243 -0.078000 0.00000000 0.00000000 0.89535612 -0.44535088
693.600000000 9.585125 0.300545 -0.077978 -0.00001124 -0.00000040 0.89285763 -0.45033904
693.700000000 9.567789 0.275980 -0.077892 0.00009455 -0.00018938 0.88370854 -0.46803758
693.822000000 9.568537 0.277083 -0.078000 0.00000000 0.00000000 0.88387457 -0.46772401
693.947000000 9.558023 0.261860 -0.078000 0.00000000 0.00000000 0.87796691 -0.47872132
694.000000000 9.549543 0.248374 -0.077962 0.00008166 -0.00010869 0.87286243 -0.48796635
694.100000000 9.534236 0.222519 -0.077846 -0.00009572 0.00000581 -0.86296714 0.50526003
694.200000000 9.528622 0.213868 -0.077879 0.00001359 0.00004757 -0.85915486 0.51171566
694.322000000 9.529572 0.214646 -0.078000 -0.00000000 0.00000000 -0.85941320 0.51128168
694.447000000 9.521028 0.198598 -0.078000 -0.00000000 -0.00000000 -0.85295230 0.52198886
694.572000000 9.513213 0.182024 -0.078000 -0.00000000 -0.00000000 -0.84634776 0.53263070
694.600000000 9.509563 0.174439 -0.077992 0.00001961 -0.00003052 -0.84336346 0.53734354
694.700000000 9.497359 0.146976 -0.077879 -0.00003380 -0.00006208 -0.83249097 0.55403860
694.822000000 9.497945 0.147267 -0.078000 0.00000000 -0.00000000 -0.83274716 0.55365348
694.947000000 9.490469 0.129735 -0.078000 0.00000000 -0.00000000 -0.82575217 0.56403311
695.072000000 9.484232 0.112202 -0.078000 -0.00000000 0.00000000 -0.81862948 0.57432201
695.100000000 9.481352 0.104293 -0.077986 0.00001664 -0.00001585 -0.81541350 0.57887893
695.200000000 9.471989 0.075732 -0.077883 0.00001603 -0.00009588 -0.80371919 0.59500878
695.322000000 9.473190 0.077223 -0.078000 -0.00000000 0.00000000 -0.80404312 0.59457099
695.447000000 9.468039 0.058379 -0.078000 0.00000000 0.00000000 -0.79653161 0.60459689
695.500000000 9.463915 0.042990 -0.077948 -0.00008242 0.00010086 -0.79010435 0.61297235
695.600000000 9.460703 0.032963 -0.077971 -0.00000917 -0.00000530 -0.78547308 0.61889582
695.700000000 9.457885 0.023514 -0.077999 0.00000398 -0.00000178 -0.78080034 0.62478062
695.822000000 9.454947 0.005570 -0.078000 0.00000000 0.00000000 -0.77333179 0.63400153
695.947000000 9.451820 -0.012939 -0.078000 -0.00000000 0.00000000 -0.76535302 0.64361072
696.072000000 9.449063 -0.031613 -0.078000 0.00000000 0.00000000 -0.75738471 0.65296891
696.100000000 9.447815 -0.039936 -0.077966 -0.00003555 0.00005501 -0.75464895 0.65612877
696.200000000 9.444098 -0.069740 -0.077885 0.00004792 0.00000740 -0.74635015 0.66555349
696.322000000 9.443860 -0.069804 -0.078000 -0.00000000 0.00000000 -0.75054334 0.66082123
696.447000000 9.442065 -0.088534 -0.078000 -0.00000000 -0.00000000 -0.74629359 0.66561691
696.572000000 9.439757 -0.107143 -0.078000 0.00000000 -0.00000000 -0.74206474 0.67032822
696.600000000 9.438816 -0.116203 -0.077973 -0.00001933 0.00004715 -0.74019644 0.67239068
696.700000000 9.435956 -0.149982 -0.077869 -0.00014852 0.00020753 -0.73346773 0.67972422
696.822000000 9.435847 -0.150106 -0.078000 -0.00000000 -0.00000000 -0.73358712 0.67959543
696.947000000 9.434681 -0.170685 -0.078000 0.00000000 0.00000000 -0.72929723 0.68419701
697.072000000 9.433293 -0.192465 -0.078000 0.00000000 0.00000000 -0.72501245 0.68873576
697.100000000 9.432791 -0.201978 -0.077967 0.00005226 -0.00005576 -0.72344749 0.69037941
697.200000000 9.431504 -0.235970 -0.077871 0.00005657 0.00000411 -0.71902333 0.69498594
697.322000000 9.432351 -0.234103 -0.078000 -0.00000000 -0.00000000 -0.72394935 0.68985313
697.447000000 9.431356 -0.254905 -0.078000 -0.00000000 -0.00000000 -0.72422967 0.68955883
697.500000000 9.430494 -0.272900 -0.077943 -0.00007265 0.00006884 -0.72418846 0.68960211
697.600000000 9.428844 -0.307725 -0.077833 -0.00019983 0.00025373 -0.72414977 0.68964266
697.700000000 9.427832 -0.323766 -0.077885 0.00016483 -0.00012194 -0.72399780 0.68980225
697.822000000 9.427206 -0.322321 -0.078000 0.00000000 0.00000000 -0.72385576 0.68995133
697.947000000 9.426833 -0.346455 -0.078000 0.00000000 0.00000000 -0.72379639 0.69001361
698.072000000 9.426361 -0.369570 -0.078000 -0.00000000 -0.00000000 -0.72373246 0.69008067
698.100000000 9.425858 -0.380194 -0.077969 -0.00005113 0.00003895 -0.72434082 0.68944208
698.200000000 9.423966 -0.418104 -0.077813 -0.00004119 -0.00005177 -0.72703802 0.68659720
698.322000000 9.423728 -0.416799 -0.078000 0.00000000 0.00000000 -0.73076485 0.68262929
698.447000000 9.421598 -0.441496 -0.078000 0.00000000 0.00000000 -0.73519775 0.67785269
698.572000000 9.419421 -0.464812 -0.078000 0.00000000 0.00000000 -0.73959911 0.67304766
698.600000000 9.418434 -0.475395 -0.077974 -0.00002290 0.00004354 -0.74146030 0.67099673
698.700000000 9.414305 -0.513140 -0.077851 -0.00005616 0.00016030 -0.74810020 0.66358577
698.822000000 9.414471 -0.512064 -0.078000 -0.00000000 -0.00000000 -0.74792610 0.66378201
698.947000000 9.411087 -0.535023 -0.078000 0.00000000 0.00000000 -0.75206808 0.65908543
699.000000000 9.408347 -0.554952 -0.077931 0.00003401 -0.00004565 -0.75553464 0.65510869
699.100000000 9.406743 -0.568753 -0.077977 0.00002799 0.00001219 -0.75803895 0.65220929
699.200000000 9.400739 -0.606246 -0.077879 -0.00004197 0.00011405 -0.76449840 0.64462562
699.322000000 9.401378 -0.603831 -0.078000 0.00000000 0.00000000 -0.76404425 0.64516384
699.447000000 9.396699 -0.626711 -0.078000 -0.00000000 0.00000000 -0.76194207 0.64764518
699.572000000 9.394063 -0.650711 -0.078000 0.00000000 0.00000000 -0.76211225 0.64744492
699.600000000 9.392341 -0.661207 -0.077959 -0.00005080 0.00002139 -0.76216356 0.64738451
699.700000000 9.386218 -0.698693 -0.077836 -0.00008429 0.00005037 -0.76216184 0.64738653
699.822000000 9.385729 -0.696579 -0.078000 -0.00000000 -0.00000000 -0.76224396 0.64728984
699.947000000 9.382528 -0.720995 -0.078000 -0.00000000 0.00000000 -0.76226841 0.64726105
700.072000000 9.379130 -0.744610 -0.078000 0.00000000 0.00000000 -0.76232917 0.64718950
700.100000000 9.377402 -0.755106 -0.077980 0.00000491 0.00003791 -0.76232872 0.64719002
700.200000000 9.371264 -0.792620 -0.077869 -0.00002885 0.00016778 -0.76232854 0.64719022
700.322000000 9.370420 -0.791886 -0.078000 0.00000000 -0.00000000 -0.76237159 0.64713952
700.447000000 9.366334 -0.816044 -0.078000 -0.00000000 0.00000000 -0.76237268 0.64713824
700.500000000 9.363194 -0.835888 -0.077892 -0.00103946 0.00071281 -0.76236362 0.64714768
700.600000000 9.362146 -0.849897 -0.077842 -0.00084522 0.00046934 -0.76235691 0.64715609
700.700000000 9.359500 -0.861474 -0.077998 -0.00000692 -0.00001279 -0.76237697 0.64713319
700.822000000 9.355946 -0.881415 -0.078000 -0.00000000 0.00000000 -0.76236899 0.64714259
700.947000000 9.352049 -0.903925 -0.078000 0.00000000 -0.00000000 -0.76231106 0.64721082
701.072000000 9.348139 -0.925908 -0.078000 0.00000000 -0.00000000 -0.76232302 0.64719673
701.100000000 9.346324 -0.936465 -0.077956 0.00027609 -0.00012270 -0.76232065 0.64719946
701.200000000 9.340049 -0.973889 -0.077793 0.00042814 -0.00092665 -0.76389780 0.64533643
701.322000000 9.339472 -0.971511 -0.078000 -0.00000000 -0.00000000 -0.76801976 0.64042614
701.447000000 9.335542 -0.992811 -0.078000 -0.00000000 -0.00000000 -0.77618206 0.63050885
701.572000000 9.329436 -1.016120 -0.078000 -0.00000000 0.00000000 -0.78306431 0.62194074
701.600000000 9.327041 -1.026514 -0.078022 0.00010353 0.00021296 -0.78659612 0.61746781
701.700000000 9.317390 -1.063217 -0.077937 -0.00013000 0.00039790 -0.79872246 0.60169947
701.822000000 9.319763 -1.060231 -0.078000 -0.00000000 0.00000000 -0.79822057 0.60236527
701.947000000 9.312046 -1.082251 -0.078000 0.00000000 0.00000000 -0.80571415 0.59230458
702.072000000 9.305343 -1.104801 -0.078000 0.00000000 -0.00000000 -0.81308990 0.58213815
702.100000000 9.301941 -1.114861 -0.077932 -0.00006587 -0.00000598 -0.81632514 0.57759264
702.200000000 9.288474 -1.150274 -0.077238 -0.00007877 -0.00058204 -0.82772434 0.56113463
702.322000000 9.289684 -1.148588 -0.078000 -0.00000000 0.00000000 -0.82747890 0.56149682
702.447000000 9.280052 -1.169924 -0.078000 -0.00000000 0.00000000 -0.83446645 0.55105874
702.500000000 9.271998 -1.188344 -0.078002 -0.00004812 0.00013910 -0.84027318 0.54216322
702.600000000 9.255921 -1.222765 -0.078213 -0.00020668 0.00146055 -0.85090994 0.52530953
702.700000000 9.250368 -1.235777 -0.078130 0.00026874 0.00245066 -0.85489352 0.51879764
702.822000000 9.251572 -1.235508 -0.078000 -0.00000000 -0.00000000 -0.85460487 0.51927885
702.947000000 9.239259 -1.256909 -0.078000 0.00000000 0.00000000 -0.86103755 0.50854139
703.072000000 9.227871 -1.277942 -0.078000 0.00000000 0.00000000 0.86728520 -0.49781160
703.100000000 9.222567 -1.287075 -0.077972 0.00008173 0.00005198 0.87004977 -0.49296388
703.200000000 9.202427 -1.319267 -0.077910 -0.00027192 -0.00009210 0.87970193 -0.47552542
703.322000000 9.203509 -1.318390 -0.078000 0.00000000 0.00000000 0.87927639 -0.47631190
703.447000000 9.189976 -1.337857 -0.078000 -0.00000000 -0.00000000 0.88506551 -0.46546648
703.572000000 9.176894 -1.357841 -0.078000 0.00000000 0.00000000 0.89073679 -0.45451949
703.600000000 9.170682 -1.366439 -0.077986 -0.00005813 -0.00002656 0.89325887 -0.44954264
703.700000000 9.147466 -1.396520 -0.077931 -0.00021152 -0.00033045 0.90204006 -0.43165215
703.822000000 9.148943 -1.394645 -0.078000 -0.00000000 0.00000000 0.90168191 -0.43239998
703.947000000 9.134309 -1.413389 -0.078000 -0.00000000 -0.00000000 0.90692566 -0.42129068
704.000000000 9.121212 -1.428628 -0.077935 0.00003841 -0.00003063 0.91132461 -0.41168854
704.100000000 9.112064 -1.440308 -0.077977 -0.00001465 -0.00007105 0.91432179 -0.40498847
704.200000000 9.102717 -1.449850 -0.077998 -0.00000352 0.00000692 0.91732467 -0.39813999
704.322000000 9.088131 -1.466639 -0.078000 -0.00000000 0.00000000 0.92198492 -0.38722578
704.447000000 9.071435 -1.483072 -0.078000 0.00000000 0.00000000 0.92671646 -0.37576137
704.572000000 9.054523 -1.499323 -0.078000 0.00000000 0.00000000 0.93128117 -0.36430121
704.600000000 9.046732 -1.506540 -0.077966 0.00001038 -0.00002873 0.93329928 -0.35909951
704.700000000 9.018150 -1.531447 -0.077838 0.00004749 -0.00005980 0.94027033 -0.34042869
704.822000000 9.018943 -1.529648 -0.078000 -0.00000000 -0.00000000 0.94003053 -0.34109032
704.947000000 9.000469 -1.545787 -0.078000 0.00000000 0.00000000 0.94431301 -0.32904853
705.072000000 8.982665 -1.559909 -0.078000 0.00000000 0.00000000 0.95123138 -0.30847831
705.100000000 8.974143 -1.566212 -0.077965 -0.00001385 0.00006425 0.95405986 -0.29961606
705.200000000 8.942404 -1.586840 -0.077847 0.00000820 -0.00001131 0.96392020 -0.26619137
705.322000000 8.943748 -1.583746 -0.078000 0.00000000 -0.00000000 0.96512843 -0.26177683
705.447000000 8.922114 -1.594829 -0.078000 0.00000000 0.00000000 0.97132423 -0.23775877
705.572000000 8.901089 -1.605044 -0.078000 -0.00000000 0.00000000 0.97693708 -0.21352737
705.600000000 8.891482 -1.609509 -0.077964 0.00003578 -0.00000760 0.97926502 -0.20258337
705.700000000 8.856146 -1.623019 -0.077799 0.00006700 0.00021781 0.98656387 -0.16337591
705.822000000 8.798264 -1.576920 -0.078000 0.00000000 0.00000000 0.98614540 -0.16588322
705.947000000 8.775481 -1.584002 -0.078000 -0.00000000 0.00000000 0.98997363 -0.14125228
706.000000000 8.756213 -1.589542 -0.077934 0.00001421 0.00017253 0.99273678 -0.12030647
706.100000000 8.719102 -1.596982 -0.077802 0.00005097 0.00012668 0.99674230 -0.08065220
706.200000000 8.705193 -1.599008 -0.077870 -0.00010859 0.00005042 0.99783523 -0.06576346
706.322000000 8.706472 -1.598157 -0.078000 -0.00000000 0.00000000 0.99775519 -0.06696697
706.447000000 8.682969 -1.601433 -0.078000 0.00000000 0.00000000 0.99911302 -0.04210911
706.572000000 8.659338 -1.602103 -0.078000 0.00000000 -0.00000000 0.99985136 -0.01724098
706.600000000 8.648746 -1.602494 -0.077978 -0.00000923 -0.00001561 0.99998150 -0.00608268
706.700000000 8.610927 -1.601544 -0.077851 0.00008700 -0.00008840 0.99942965 0.03376915
706.822000000 8.612040 -1.601601 -0.078000 0.00000000 -0.00000000 0.99946798 0.03261521
706.947000000 8.588472 -1.599356 -0.078000 -0.00000000 0.00000000 0.99833902 0.05761248
707.072000000 8.565427 -1.595396 -0.078000 0.00000000 -0.00000000 0.99659689 0.08242957
707.100000000 8.554971 -1.593699 -0.077969 0.00000541 0.00006775 0.99561496 0.09354595
707.200000000 8.518096 -1.585135 -0.077854 -0.00002288 -0.00001382 0.99109687 0.13314277
707.322000000 8.519080 -1.586543 -0.078000 0.00000000 0.00000000 0.99125689 0.13194613
707.447000000 8.496536 -1.579102 -0.078000 -0.00000000 -0.00000000 0.98764118 0.15673196
707.500000000 8.477576 -1.572544 -0.077937 -0.00001888 -0.00003221 0.98411038 0.17755777
707.600000000 8.464026 -1.567418 -0.077970 -0.00001004 0.00001309 0.98134375 0.19226138
707.700000000 8.450758 -1.561933 -0.077995 0.00000459 0.00001223 0.97835496 0.20693373
707.822000000 8.431614 -1.552581 -0.078000 -0.00000000 0.00000000 0.97316957 0.23008910
707.947000000 8.410801 -1.542165 -0.078000 0.00000000 -0.00000000 0.96709602 0.25441166
708.072000000 8.388280 -1.531161 -0.078000 -0.00000000 0.00000000 0.96221596 0.27228745
708.100000000 8.379262 -1.525577 -0.077969 -0.00000660 0.00006546 0.95974722 0.28086523
708.200000000 8.347986 -1.504173 -0.077871 -0.00006263 0.00000485 0.95028804 0.31137218
708.322000000 8.351882 -1.501959 -0.078000 0.00000000 0.00000000 0.95062488 0.31034230
708.447000000 8.332265 -1.488608 -0.078000 -0.00000000 -0.00000000 0.94738109 0.32010790
708.572000000 8.313157 -1.475489 -0.078000 -0.00000000 0.00000000 0.94509866 0.32678514
708.600000000 8.304805 -1.468910 -0.077965 0.00001604 0.00005239 0.94437861 0.32886021
708.700000000 8.275314 -1.444971 -0.077842 0.00006381 0.00023039 0.94174725 0.33632136
708.822000000 8.276886 -1.444929 -0.078000 0.00000000 0.00000000 0.94366121 0.33091317
708.947000000 8.258650 -1.429033 -0.078000 0.00000000 -0.00000000 0.94397028 0.33003046
709.000000000 8.242894 -1.416479 -0.077964 -0.00005639 -0.00000639 0.94396404 0.33004831
709.100000000 8.232031 -1.408546 -0.077953 0.00000135 0.00001257 0.94397875 0.33000623
709.200000000 8.221393 -1.399539 -0.077997 0.00000248 -0.00000021 0.94403447 0.32984681
709.322000000 8.203163 -1.384442 -0.078000 0.00000000 -0.00000000 0.94414509 0.32953005
709.447000000 8.185112 -1.370361 -0.078000 0.00000000 -0.00000000 0.94653555 0.32259953
709.572000000 8.165274 -1.357799 -0.078000 -0.00000000 -0.00000000 0.95033179 0.31123863
709.600000000 8.156706 -1.351460 -0.077956 0.00001088 -0.00002581 0.95210376 0.30577512
709.700000000 8.125386 -1.329850 -0.077823 0.00007115 0.00010398 0.95762173 0.28802881
709.822000000 8.126961 -1.330342 -0.078000 0.00000000 0.00000000 0.95739355 0.28878640
709.947000000 8.107341 -1.318585 -0.078000 0.00000000 0.00000000 0.96099656 0.27656032
710.072000000 8.087035 -1.305746 -0.078000 -0.00000000 0.00000000 0.96439560 0.26446383
710.100000000 8.077877 -1.300298 -0.077966 -0.00003112 -0.00009385 0.96585747 0.25907399
710.200000000 8.044518 -1.281958 -0.077848 -0.00012124 -0.00039684 0.97083206 0.23976017
710.322000000 8.045400 -1.282848 -0.078000 -0.00000000 0.00000000 0.97075652 0.24006619
710.447000000 8.023960 -1.272138 -0.078000 0.00000000 0.00000000 0.97367825 0.22792687
710.572000000 8.001575 -1.262232 -0.078000 -0.00000000 0.00000000 0.97644862 0.21575006
710.600000000 7.991918 -1.257720 -0.077975 0.00000399 0.00004886 0.97763748 0.21029728
710.700000000 7.956923 -1.242781 -0.077838 0.00006896 0.00001075 0.98163374 0.19077523
710.822000000 7.958999 -1.244810 -0.078000 -0.00000000 -0.00000000 0.98150689 0.19142680
710.947000000 7.936237 -1.236797 -0.078000 -0.00000000 0.00000000 0.98382303 0.17914308
711.000000000 7.917281 -1.229890 -0.077946 -0.00003206 -0.00014598 0.98566005 0.16874313
711.100000000 7.904738 -1.225837 -0.077961 0.00001599 0.00001407 0.98688352 0.16143396
711.200000000 7.868449 -1.214370 -0.077837 0.00003714 0.00017645 0.98990476 0.14173405
711.322000000 7.869317 -1.214640 -0.078000 0.00000000 -0.00000000 0.98983352 0.14223082
711.447000000 7.846895 -1.208302 -0.078000 0.00000000 0.00000000 0.99153044 0.12987448
711.572000000 7.822849 -1.203129 -0.078000 0.00000000 -0.00000000 0.99306843 0.11753766
711.600000000 7.812491 -1.200626 -0.077975 -0.00001721 -0.00009577 0.99360401 0.11292057
711.700000000 7.775267 -1.192807 -0.077845 0.00001263 -0.00019473 0.99525816 0.09726846
711.822000000 7.776958 -1.190957 -0.078000 -0.00000000 -0.00000000 0.99398032 0.10955876
711.947000000 7.753836 -1.187178 -0.078000 -0.00000000 -0.00000000 0.99422818 0.10728618
712.072000000 7.729998 -1.183654 -0.078000 0.00000000 0.00000000 0.99408023 0.10864849
712.100000000 7.719613 -1.181374 -0.077965 -0.00001262 0.00002649 0.99394252 0.10990115
712.200000000 7.682581 -1.172985 -0.077855 -0.00008494 -0.00012086 0.99318511 0.11654751
712.322000000 7.684447 -1.171485 -0.078000 0.00000000 0.00000000 0.99245248 0.12262985
712.447000000 7.661835 -1.165043 -0.078000 0.00000000 0.00000000 0.99171384 0.12846656
712.500000000 7.642399 -1.159849 -0.077929 -0.00002112 -0.00009882 0.99102065 0.13370886
712.600000000 7.630993 -1.156116 -0.077975 -0.00000352 0.00008140 0.99048902 0.13759176
712.700000000 7.617279 -1.154337 -0.078000 -0.00000044 -0.00000309 0.98998224 0.14119197
712.822000000 7.595178 -1.146817 -0.078000 0.00000000 0.00000000 0.98914484 0.14694385
712.947000000 7.572286 -1.140469 -0.078000 0.00000000 -0.00000000 0.98820591 0.15313095
713.072000000 7.550010 -1.133247 -0.078000 0.00000000 -0.00000000 0.98720859 0.15943403
713.100000000 7.539913 -1.129925 -0.077968 -0.00001949 -0.00003116 0.98675978 0.16218855
713.200000000 7.504058 -1.117429 -0.077867 -0.00003621 0.00015671 0.98509453 0.17201380
713.322000000 7.505101 -1.118533 -0.078000 0.00000000 -0.00000000 0.98504612 0.17229089
713.447000000 7.484360 -1.111637 -0.078000 -0.00000000 0.00000000 0.98102685 0.19387191
713.572000000 7.461878 -1.100665 -0.078000 0.00000000 0.00000000 0.97709416 0.21280742
713.600000000 7.452204 -1.096318 -0.077981 -0.00003149 0.00002655 0.97536973 0.22057624
713.700000000 7.418463 -1.079024 -0.077890 -0.00010115 -0.00000874 0.96842297 0.24931295
713.822000000 7.418944 -1.077090 -0.078000 -0.00000000 0.00000000 0.96877390 0.24794582
713.947000000 7.398346 -1.065529 -0.078000 -0.00000000 0.00000000 0.96412501 0.26544860
714.072000000 7.380032 -1.053812 -0.078000 0.00000000 -0.00000000 0.95897296 0.28349757
714.100000000 7.371113 -1.048068 -0.077977 0.00002547 0.00005658 0.95655656 0.29154680
714.200000000 7.340354 -1.025973 -0.077816 0.00005002 -0.00003537 0.94740830 0.32002736
714.322000000 7.340123 -1.026446 -0.078000 -0.00000000 0.00000000 0.94771505 0.31911781
714.447000000 7.320847 -1.012131 -0.078000 0.00000000 0.00000000 0.94171557 0.33641015
714.500000000 7.305348 -0.999354 -0.077935 -0.00002806 -0.00008967 0.93707981 0.34911521
714.600000000 7.277386 -0.973739 -0.077815 -0.00003112 -0.00019194 0.92839914 0.37158444
714.700000000 7.266752 -0.967988 -0.077833 0.00012769 0.00031337 0.92922474 0.36951490
714.822000000 7.266539 -0.967807 -0.078000 0.00000000 0.00000000 0.93144095 0.36389251
714.947000000 7.249425 -0.950706 -0.078000 -0.00000000 0.00000000 0.93167493 0.36329304
715.072000000 7.231246 -0.931460 -0.078000 0.00000000 0.00000000 0.93161266 0.36345269
715.100000000 7.223418 -0.924254 -0.077970 -0.00003560 -0.00006652 0.93159965 0.36348601
715.200000000 7.195443 -0.898534 -0.077851 -0.00006396 -0.00002805 0.93156346 0.36357876
715.322000000 7.197728 -0.898500 -0.078000 0.00000000 -0.00000000 0.93159019 0.36351026
715.447000000 7.180139 -0.882227 -0.078000 -0.00000000 0.00000000 0.93160728 0.36346646
715.572000000 7.161631 -0.865560 -0.078000 -0.00000000 0.00000000 0.93187751 0.36277308
715.600000000 7.153797 -0.858354 -0.077967 -0.00002324 -0.00001929 0.93249123 0.36119262
715.700000000 7.125529 -0.832890 -0.077872 -0.00011367 -0.00026904 0.93585814 0.35237686
715.822000000 7.129819 -0.836274 -0.078000 0.00000000 -0.00000000 0.94037393 0.34014243
715.999000000 7.094630 -0.810227 -0.077913 -0.00002353 -0.00007711 0.94747629 0.31982601
716.000000000 7.094322 -0.809994 -0.077912 -0.00002326 -0.00007629 0.94753970 0.31963809
716.100000000 7.081850 -0.801228 -0.077972 0.00002758 0.00002730 0.94994580 0.31241474
716.200000000 7.069222 -0.794769 -0.077997 -0.00000229 -0.00000912 0.95223894 0.30535391
716.322000000 7.052258 -0.782893 -0.078000 0.00000000 -0.00000000 0.95576407 0.29413440
716.447000000 7.029223 -0.768018 -0.078000 -0.00000000 0.00000000 0.95950215 0.28170130
716.572000000 7.010007 -0.753612 -0.078000 0.00000000 0.00000000 0.96554173 0.26024828
716.600000000 7.000831 -0.748170 -0.077986 0.00001102 0.00004918 0.96794800 0.25115069
716.700000000 6.966966 -0.730664 -0.077846 0.00003924 0.00003983 0.97629232 0.21645626
716.822000000 6.969702 -0.732824 -0.078000 0.00000000 0.00000000 0.97719815 0.21232940
716.947000000 6.948309 -0.722615 -0.078000 0.00000000 0.00000000 0.98217655 0.18796070
717.072000000 6.926739 -0.714316 -0.078000 0.00000000 -0.00000000 0.98651189 0.16368964
717.100000000 6.916657 -0.710821 -0.077968 -0.00001909 -0.00006178 0.98828099 0.15264563
717.200000000 6.879851 -0.700787 -0.077862 -0.00008327 -0.00001838 0.99358124 0.11312075
717.322000000 6.879286 -0.700932 -0.078000 0.00000000 0.00000000 0.99343610 0.11438847
717.447000000 6.854328 -0.695326 -0.078000 0.00000000 -0.00000000 0.99598205 0.08955304
717.572000000 6.829578 -0.692771 -0.078000 -0.00000000 0.00000000 0.99790452 0.06470375
717.600000000 6.818999 -0.691352 -0.077983 -0.00000528 -0.00010497 0.99856446 0.05356311
717.700000000 6.805614 -0.688670 -0.077977 0.00000931 0.00002417 0.99925629 0.03855994
717.822000000 6.784379 -0.685877 -0.078000 0.00000000 0.00000000 0.99989322 0.01461358
717.947000000 6.761440 -0.686357 -0.078000 0.00000000 -0.00000000 0.99994624 -0.01036878
718.072000000 6.736091 -0.686992 -0.078000 0.00000000 -0.00000000 0.99936008 -0.03576916
718.100000000 6.725415 -0.687802 -0.078035 -0.00050430 -0.00030468 0.99889781 -0.04693426
718.200000000 6.688584 -0.684606 -0.078124 -0.00293758 -0.00111843 0.99660784 -0.08223704
718.322000000 6.688261 -0.683927 -0.078000 0.00000000 -0.00000000 0.99672787 -0.08083045
718.447000000 6.664300 -0.688603 -0.078000 0.00000000 0.00000000 0.99440649 -0.10562073
718.572000000 6.640525 -0.694699 -0.078000 0.00000000 0.00000000 0.99146654 -0.13036144
718.600000000 6.630278 -0.697405 -0.077946 0.00063921 0.00007404 0.98994923 -0.14142176
718.700000000 6.594640 -0.709314 -0.077503 0.00318356 0.00057346 0.98348650 -0.18095261
718.822000000 6.596898 -0.707252 -0.078000 -0.00000000 -0.00000000 0.98261981 -0.18562947
718.947000000 6.577468 -0.717025 -0.078000 -0.00000000 0.00000000 0.97557073 -0.21968556
719.072000000 6.553494 -0.729397 -0.078000 -0.00000000 0.00000000 0.96726418 -0.25377157
719.100000000 6.544060 -0.734623 -0.078090 -0.00056232 -0.00012751 0.96295185 -0.26967277
719.200000000 6.512461 -0.756557 -0.078020 -0.00163942 -0.00043743 0.94516336 -0.32659354
719.322000000 6.513522 -0.754979 -0.078000 0.00000000 0.00000000 0.94573438 -0.32494075
719.447000000 6.494919 -0.769770 -0.078000 -0.00000000 0.00000000 0.93290379 -0.36012569
719.500000000 6.480399 -0.783762 -0.077952 0.00041392 0.00001223 0.92103928 -0.38946947
719.600000000 6.455271 -0.812450 -0.077872 0.00031414 -0.00024603 0.89613574 -0.44377988
719.700000000 6.447436 -0.823167 -0.078021 -0.00119810 -0.00081473 0.88593340 -0.46381021
719.822000000 6.446600 -0.821269 -0.078000 0.00000000 -0.00000000 0.88685426 -0.46204926
719.947000000 6.434616 -0.841406 -0.078000 0.00000000 0.00000000 0.86898282 -0.49484225
720.072000000 6.421586 -0.862214 -0.078000 -0.00000000 -0.00000000 -0.84996363 0.52684136
720.100000000 6.416785 -0.871776 -0.078035 0.00011246 0.00012183 -0.84102476 0.54099661
720.200000000 6.402921 -0.907457 -0.077985 0.00020165 0.00037305 -0.80719681 0.59028225
720.322000000 6.404156 -0.911483 -0.078000 -0.00000000 -0.00000000 -0.80817676 0.58893999
720.447000000 6.397339 -0.932558 -0.078000 0.00000000 0.00000000 -0.78937695 0.61390881
720.572000000 6.391824 -0.954548 -0.078000 -0.00000000 0.00000000 -0.76746776 0.64108755
720.600000000 6.389848 -0.965044 -0.077961 -0.00000488 -0.00003735 -0.75907421 0.65100410
720.700000000 6.385951 -1.002957 -0.077775 -0.00015575 -0.00002227 -0.72908890 0.68441899
720.822000000 6.383070 -1.001584 -0.078000 -0.00000000 0.00000000 -0.73802353 0.67477498
720.947000000 6.381887 -1.025411 -0.078000 0.00000000 0.00000000 -0.72793427 0.68564692
721.000000000 6.380961 -1.045559 -0.077916 -0.00012776 0.00009305 -0.71961363 0.69437468
721.100000000 6.381355 -1.059957 -0.077967 0.00004150 -0.00003356 -0.71413304 0.70001000
721.200000000 6.381087 -1.074007 -0.077996 0.00000109 -0.00000008 -0.71429299 0.69984679
721.322000000 6.381595 -1.097850 -0.078000 -0.00000000 -0.00000000 -0.71383996 0.70030887
721.447000000 6.383359 -1.120551 -0.078000 0.00000000 0.00000000 -0.71644535 0.69764322
721.572000000 6.382921 -1.142360 -0.078000 -0.00000000 0.00000000 -0.71870679 0.69531327
721.600000000 6.382572 -1.152985 -0.077955 -0.00002865 0.00001273 -0.72051997 0.69343418
721.700000000 6.380786 -1.190892 -0.077819 0.00009073 -0.00014721 -0.72744038 0.68617087
721.822000000 6.378017 -1.192892 -0.078000 -0.00000000 0.00000000 -0.72757228 0.68603103
721.947000000 6.377409 -1.213828 -0.078000 0.00000000 0.00000000 -0.73204742 0.68125368
722.072000000 6.375968 -1.237237 -0.078000 -0.00000000 -0.00000000 -0.74051634 0.67203835
722.100000000 6.375014 -1.247815 -0.077967 -0.00000179 0.00002444 -0.74363230 0.66858882
722.200000000 6.370445 -1.285448 -0.077853 -0.00007478 0.00009754 -0.75653599 0.65395205
722.322000000 6.367249 -1.287263 -0.078000 0.00000000 0.00000000 -0.76003655 0.64988033
722.447000000 6.362785 -1.309814 -0.078000 -0.00000000 0.00000000 -0.77592907 0.63082016
722.572000000 6.359013 -1.332613 -0.078000 -0.00000000 0.00000000 -0.79408820 0.60780254
722.600000000 6.356329 -1.342846 -0.077966 0.00006262 -0.00007825 -0.80245904 0.59670720
722.700000000 6.343562 -1.378464 -0.077887 0.00017792 -0.00009745 -0.83035140 0.55724008
722.822000000 6.344705 -1.376162 -0.078000 0.00000000 -0.00000000 -0.82986334 0.55796669
722.947000000 6.333123 -1.396094 -0.078000 -0.00000000 0.00000000 -0.84714607 0.53136009
723.000000000 6.324346 -1.414094 -0.077945 -0.00004269 0.00005839 -0.86087431 0.50881766
723.100000000 6.304368 -1.446220 -0.077818 -0.00004025 0.00011831 0.88512934 -0.46534508
723.200000000 6.298042 -1.458363 -0.077845 -0.00029044 0.00043774 0.89376263 -0.44853994
723.322000000 6.296061 -1.458206 -0.078000 0.00000000 0.00000000 0.89327033 -0.44951988
723.447000000 6.281407 -1.477621 -0.078000 0.00000000 0.00000000 0.90693727 -0.42126570
723.572000000 6.265449 -1.492999 -0.078000 -0.00000000 0.00000000 0.91966249 -0.39270970
723.600000000 6.258157 -1.500677 -0.077970 0.00000383 -0.00000477 0.92505183 -0.37984090
723.700000000 6.230021 -1.525909 -0.077814 -0.00003142 0.00022511 0.94281990 -0.33330255
723.822000000 6.228871 -1.520062 -0.078000 0.00000000 0.00000000 0.94228747 -0.33480491
723.947000000 6.210836 -1.533415 -0.078000 -0.00000000 -0.00000000 0.95224608 -0.30533162
724.072000000 6.192838 -1.546888 -0.078000 -0.00000000 -0.00000000 0.96116887 -0.27596087
724.100000000 6.183885 -1.552543 -0.077972 -0.00003898 0.00004598 0.96457376 -0.26381330
724.200000000 6.150395 -1.570228 -0.077880 -0.00007054 0.00000438 0.97504758 -0.22199596
724.322000000 6.151049 -1.566121 -0.078000 -0.00000000 -0.00000000 0.97330189 -0.22952873
724.447000000 6.131353 -1.577726 -0.078000 -0.00000000 -0.00000000 0.97881603 -0.20474172
724.500000000 6.112837 -1.585430 -0.077916 0.00002632 -0.00001112 0.98291887 -0.18403936
724.600000000 6.098769 -1.589742 -0.077953 -0.00002125 0.00012304 0.98556461 -0.16929967
724.700000000 6.062600 -1.600929 -0.077850 -0.00009837 0.00022822 0.99152797 -0.12989311
724.822000000 6.063604 -1.599433 -0.078000 0.00000000 -0.00000000 0.99138078 -0.13101199
724.947000000 6.039557 -1.603437 -0.078000 0.00000000 -0.00000000 0.99436052 -0.10605260
725.077000000 6.014973 -1.608838 -0.078000 -0.00000300 0.00000728 0.99683919 -0.07944570
725.100000000 6.006346 -1.610249 -0.077951 -0.00000583 0.00006784 0.99746132 -0.07121035
725.200000000 5.968692 -1.614192 -0.077811 0.00005526 0.00032359 0.99937298 -0.03540543
725.322000000 5.967791 -1.612631 -0.078000 0.00000000 0.00000000 0.99885167 -0.04790978
725.447000000 5.944737 -1.617113 -0.078000 0.00000000 -0.00000000 0.99946894 -0.03258586
725.572000000 5.919915 -1.618212 -0.078000 0.00000000 0.00000000 0.99960639 -0.02805460
725.600000000 5.909301 -1.618774 -0.077966 -0.00000406 -0.00004322 0.99966686 -0.02581027
725.700000000 5.871345 -1.620374 -0.077851 -0.00004351 0.00011879 0.99982610 -0.01864828
725.822000000 5.873841 -1.622829 -0.078000 -0.00000000 0.00000000 0.99969410 -0.02473285
725.947000000 5.850366 -1.624344 -0.078000 -0.00000000 0.00000000 0.99967970 -0.02530820
726.072000000 5.826699 -1.624842 -0.078000 0.00000000 0.00000000 0.99967823 -0.02536607
726.100000000 5.816073 -1.625377 -0.077969 -0.00001728 -0.00005117 0.99967867 -0.02534851
726.200000000 5.800459 -1.624818 -0.077995 0.00000192 0.00000192 0.99967661 -0.02542963
726.322000000 5.778139 -1.625654 -0.078000 0.00000000 0.00000000 0.99967418 -0.02552530
726.447000000 5.754685 -1.627540 -0.078000 -0.00000000 0.00000000 0.99967383 -0.02553899
726.572000000 5.730527 -1.627876 -0.078000 -0.00000000 -0.00000000 0.99967243 -0.02559372
726.600000000 5.719903 -1.628411 -0.077958 0.00001519 0.00002633 0.99967243 -0.02559342
726.700000000 5.681974 -1.630366 -0.077829 0.00004261 -0.00015021 0.99967243 -0.02559297
726.822000000 5.682038 -1.628051 -0.078000 -0.00000000 0.00000000 0.99966942 -0.02571076
726.947000000 5.660418 -1.629956 -0.078000 -0.00000000 -0.00000000 0.99966679 -0.02581280
727.072000000 5.635827 -1.630933 -0.078000 0.00000000 0.00000000 0.99966390 -0.02592447
727.100000000 5.625201 -1.631482 -0.077961 -0.00001651 0.00007619 0.99966389 -0.02592503
727.200000000 5.587244 -1.633420 -0.077875 -0.00007299 0.00010682 0.99966387 -0.02592547
727.322000000 5.587548 -1.634085 -0.078000 -0.00000000 0.00000000 0.99966323 -0.02595046
727.447000000 5.562995 -1.634512 -0.078000 -0.00000000 0.00000000 0.99966353 -0.02593892
727.572000000 5.540028 -1.636643 -0.078000 -0.00000000 -0.00000000 0.99965797 -0.02615249
727.600000000 5.529403 -1.637200 -0.077963 0.00000496 0.00004100 0.99965796 -0.02615254
727.700000000 5.491465 -1.639118 -0.077844 0.00002477 0.00026737 0.99964243 -0.02673818
727.822000000 5.491550 -1.637650 -0.078000 0.00000000 0.00000000 0.99944127 -0.03342384
727.947000000 5.469322 -1.640369 -0.078000 -0.00000000 0.00000000 0.99929385 -0.03757400
728.000000000 5.449234 -1.641956 -0.077924 0.00003147 0.00011643 0.99906805 -0.04316276
728.100000000 5.411398 -1.645582 -0.077784 0.00011318 -0.00002585 0.99857466 -0.05337256
728.200000000 5.398338 -1.647553 -0.077848 -0.00005057 -0.00012891 0.99837387 -0.05700526
728.322000000 5.401544 -1.647143 -0.078000 0.00000000 0.00000000 0.99837880 -0.05691896
728.447000000 5.377498 -1.650791 -0.078000 -0.00000000 -0.00000000 0.99799808 -0.06324429
728.572000000 5.353274 -1.654431 -0.078000 0.00000000 -0.00000000 0.99758731 -0.06942303
728.600000000 5.342725 -1.655894 -0.077980 -0.00001942 -0.00006509 0.99738982 -0.07220490
728.700000000 5.305143 -1.661769 -0.077851 -0.00003627 -0.00017273 0.99662070 -0.08214099
728.822000000 5.308245 -1.661344 -0.078000 0.00000000 0.00000000 0.99663387 -0.08198126
728.947000000 5.286079 -1.665174 -0.078000 0.00000000 0.00000000 0.99609947 -0.08823743
729.072000000 5.262133 -1.670262 -0.078000 0.00000000 0.00000000 0.99553158 -0.09442917
729.100000000 5.251673 -1.672246 -0.077960 0.00001844 -0.00002798 0.99526429 -0.09720591
729.200000000 5.214453 -1.680029 -0.077836 0.00003371 -0.00022579 0.99424623 -0.10711854
729.322000000 5.216121 -1.678023 -0.078000 0.00000000 0.00000000 0.99427578 -0.10684411
729.447000000 5.192320 -1.683112 -0.078000 -0.00000000 0.00000000 0.99359570 -0.11299372
729.500000000 5.172708 -1.687736 -0.077923 0.00002713 -0.00002835 0.99298523 -0.11823846
729.600000000 5.159289 -1.690672 -0.077969 -0.00001713 0.00005741 0.99252158 -0.12206928
729.700000000 5.122449 -1.700238 -0.077895 -0.00007420 -0.00009403 0.99089567 -0.13463190
729.822000000 5.122520 -1.701829 -0.078000 -0.00000000 0.00000000 0.99008579 -0.14046399
729.947000000 5.099220 -1.708524 -0.078000 -0.00000000 0.00000000 0.98719397 -0.15952451
730.072000000 5.077726 -1.716753 -0.078000 0.00000000 0.00000000 0.98429576 -0.17652721
730.100000000 5.067714 -1.720441 -0.077972 -0.00000794 0.00001853 0.98276347 -0.18486739
730.200000000 5.032623 -1.735268 -0.077839 0.00003368 -0.00018010 0.97681042 -0.21410597
730.322000000 5.034036 -1.736108 -0.078000 -0.00000000 -0.00000000 0.97696940 -0.21337947
730.447000000 5.014175 -1.747923 -0.078000 0.00000000 0.00000000 0.97277045 -0.23177070
730.572000000 4.993649 -1.758242 -0.078000 0.00000000 0.00000000 0.96824852 -0.24998961
730.600000000 4.984294 -1.763365 -0.077973 -0.00000378 0.00005198 0.96612174 -0.25808679
730.700000000 4.951849 -1.783312 -0.077845 0.00006295 0.00001793 0.95772418 -0.28768800
730.822000000 4.950104 -1.780842 -0.078000 0.00000000 0.00000000 0.95613345 -0.29293142
730.947000000 4.932367 -1.796187 -0.078000 -0.00000000 -0.00000000 0.94918521 -0.31471802
731.072000000 4.913399 -1.812663 -0.078000 0.00000000 0.00000000 0.94096897 -0.33849284
731.100000000 4.905146 -1.819432 -0.077968 -0.00001249 0.00000197 0.93711234 -0.34902789
731.200000000 4.881764 -1.857409 -0.077848 -0.00004147 0.00007049 0.92216989 -0.38678506
731.322000000 4.883448 -1.856330 -0.078000 -0.00000000 0.00000000 0.92261069 -0.38573245
731.447000000 4.865486 -1.872358 -0.078000 -0.00000000 -0.00000000 0.91272652 -0.40857104
731.500000000 4.852305 -1.887675 -0.077934 -0.00003500 0.00009142 0.90389179 -0.42776117
731.600000000 4.829161 -1.917958 -0.077811 0.00006033 -0.00010638 0.88612803 -0.46344050
731.700000000 4.822901 -1.929754 -0.077850 0.00023698 -0.00050798 0.87904121 -0.47674547
731.822000000 4.822700 -1.928949 -0.078000 0.00000000 -0.00000000 0.87964413 -0.47563242
731.947000000 4.807934 -1.948444 -0.078000 -0.00000000 0.00000000 0.86768901 -0.49710742
732.072000000 4.798134 -1.971116 -0.078000 -0.00000000 0.00000000 -0.85993029 0.51041149
732.100000000 4.793058 -1.980503 -0.077971 0.00002952 -0.00000994 -0.85551531 0.51777752
732.200000000 4.776310 -2.014715 -0.077850 -0.00000226 -0.00002309 -0.83963746 0.54314725
732.322000000 4.777625 -2.013631 -0.078000 -0.00000000 0.00000000 -0.84015705 0.54234318
732.447000000 4.769974 -2.036403 -0.078000 -0.00000000 0.00000000 -0.83452656 0.55096771
732.572000000 4.757129 -2.055982 -0.078000 -0.00000000 -0.00000000 -0.82715962 0.56196705
732.600000000 4.753187 -2.065873 -0.077963 -0.00003933 0.00006613 -0.82538791 0.56456602
732.700000000 4.739935 -2.101515 -0.077882 0.00003394 0.00002667 -0.81962683 0.57289778
732.822000000 4.737293 -2.099241 -0.078000 -0.00000000 0.00000000 -0.82373022 0.56698195
732.947000000 4.725511 -2.121854 -0.078000 -0.00000000 -0.00000000 -0.82343735 0.56740720
733.000000000 4.718317 -2.140659 -0.077936 0.00006296 -0.00010350 -0.82349546 0.56732284
733.100000000 4.712017 -2.153880 -0.077968 0.00001304 0.00001962 -0.82384717 0.56681199
733.200000000 4.698473 -2.189387 -0.077869 -0.00012655 0.00022239 -0.82385606 0.56679902
733.322000000 4.699283 -2.189163 -0.078000 -0.00000000 0.00000000 -0.82421750 0.56627335
733.447000000 4.691167 -2.212446 -0.078000 -0.00000000 0.00000000 -0.82435974 0.56606627
733.572000000 4.683556 -2.233530 -0.078000 0.00000000 0.00000000 -0.82447029 0.56590524
733.600000000 4.679731 -2.243456 -0.077953 0.00003389 -0.00005247 -0.82447044 0.56590501
733.700000000 4.666061 -2.278905 -0.077837 0.00001605 0.00001054 -0.82513236 0.56493946
733.822000000 4.666077 -2.277986 -0.078000 -0.00000000 0.00000000 -0.82908259 0.55912615
733.947000000 4.655391 -2.298455 -0.078000 -0.00000000 0.00000000 -0.83275941 0.55363505
734.072000000 4.649447 -2.321719 -0.078000 0.00000000 0.00000000 -0.84184390 0.53972108
734.100000000 4.645091 -2.331404 -0.077965 0.00004400 -0.00006983 -0.84476956 0.53513024
734.200000000 4.628136 -2.365328 -0.077849 0.00006784 -0.00010157 -0.85519208 0.51831119
734.322000000 4.629308 -2.365601 -0.078000 -0.00000000 -0.00000000 -0.85496726 0.51868197
734.447000000 4.618421 -2.386058 -0.078000 -0.00000000 -0.00000000 -0.86137728 0.50796574
734.500000000 4.608547 -2.403570 -0.077975 0.00002987 -0.00008527 0.86668374 -0.49885798
734.600000000 4.602205 -2.416134 -0.077970 0.00000604 0.00000644 0.87039628 -0.49235181
734.700000000 4.595253 -2.427739 -0.077997 -0.00000598 0.00001097 0.87405266 -0.48583119
734.822000000 4.583783 -2.446393 -0.078000 0.00000000 0.00000000 0.87977605 -0.47538837
734.947000000 4.571410 -2.465965 -0.078000 -0.00000000 0.00000000 0.88563804 -0.46437620
735.072000000 4.558207 -2.485066 -0.078000 0.00000000 0.00000000 0.89138065 -0.45325549
735.100000000 4.551963 -2.493652 -0.077949 0.00001375 0.00006966 0.89389566 -0.44827508
735.200000000 4.528739 -2.523595 -0.077801 0.00010632 0.00002591 0.90265086 -0.43037357
735.322000000 4.528969 -2.523511 -0.078000 -0.00000000 0.00000000 0.90242339 -0.43085035
735.447000000 4.514391 -2.542133 -0.078000 0.00000000 0.00000000 0.90772923 -0.41955649
735.572000000 4.499160 -2.560192 -0.078000 0.00000000 0.00000000 0.91287420 -0.40824097
735.600000000 4.492093 -2.568113 -0.077963 -0.00003729 0.00008688 0.91513801 -0.40314070
735.700000000 4.465911 -2.595562 -0.077849 -0.00017963 0.00023023 0.92298932 -0.38482545
735.822000000 4.466926 -2.595394 -0.078000 -0.00000000 0.00000000 0.92279997 -0.38527940
735.947000000 4.449205 -2.610908 -0.078000 0.00000000 0.00000000 0.92753959 -0.37372491
736.072000000 4.432757 -2.627231 -0.078000 0.00000000 0.00000000 0.93212105 -0.36214685
736.100000000 4.424944 -2.634423 -0.077964 -0.00001785 0.00002175 0.93412696 -0.35694091
736.200000000 4.396127 -2.659076 -0.077849 -0.00011510 0.00028452 0.94105433 -0.33825532
736.322000000 4.397289 -2.658689 -0.078000 0.00000000 -0.00000000 0.94087669 -0.33874925
736.447000000 4.379134 -2.672512 -0.078000 0.00000000 0.00000000 0.94503882 -0.32695815
736.500000000 4.363206 -2.684768 -0.077913 -0.00002099 0.00007083 0.94843951 -0.31695819
736.600000000 4.351182 -2.693316 -0.077938 0.00001219 -0.00004382 0.95080820 -0.30978020
736.700000000 4.320097 -2.715044 -0.077830 -0.00005908 0.00010441 0.95679227 -0.29077232
736.822000000 4.322109 -2.714824 -0.078000 -0.00000000 0.00000000 0.95664325 -0.29126225
736.947000000 4.301739 -2.727493 -0.078000 0.00000000 -0.00000000 0.96019937 -0.27931555
737.072000000 4.281951 -2.739952 -0.078000 -0.00000000 0.00000000 0.96362039 -0.26727466
737.100000000 4.272860 -2.745439 -0.077952 0.00001858 -0.00004950 0.96509718 -0.26189203
737.200000000 4.239797 -2.763992 -0.077819 0.00006766 0.00000446 0.96985752 -0.24367270
737.322000000 4.241414 -2.763236 -0.078000 0.00000000 0.00000000 0.96811299 -0.25051393
737.447000000 4.220357 -2.774435 -0.078000 0.00000000 -0.00000000 0.97000550 -0.24308298
737.572000000 4.199840 -2.785165 -0.078000 0.00000000 -0.00000000 0.97150165 -0.23703279
737.600000000 4.190412 -2.790068 -0.077966 0.00001442 -0.00002669 0.97214462 -0.23438180
737.700000000 4.156474 -2.807075 -0.077844 0.00003017 -0.00022814 0.97441753 -0.22474524
737.822000000 4.157612 -2.807158 -0.078000 0.00000000 0.00000000 0.97438567 -0.22488343
737.947000000 4.136934 -2.817074 -0.078000 0.00000000 0.00000000 0.97576558 -0.21881849
738.000000000 4.118699 -2.825578 -0.077948 -0.00002720 0.00004273 0.97690746 -0.21366284
738.100000000 4.105715 -2.831871 -0.077958 -0.00000825 0.00002394 0.97769273 -0.21004028
738.200000000 4.092399 -2.838287 -0.077997 0.00000161 -0.00000775 0.97847195 -0.20637983
738.322000000 4.071943 -2.847198 -0.078000 -0.00000000 -0.00000000 0.97968116 -0.20056127
738.447000000 4.049732 -2.856514 -0.078000 -0.00000000 0.00000000 0.98092478 -0.19438768
738.572000000 4.029102 -2.864973 -0.078000 0.00000000 -0.00000000 0.98211844 -0.18826412
738.600000000 4.019235 -2.868917 -0.077966 0.00000093 0.00007259 0.98263985 -0.18552337
738.700000000 3.983746 -2.882379 -0.077845 -0.00004924 0.00021218 0.98443969 -0.17572265
738.822000000 3.984882 -2.881220 -0.078000 0.00000000 0.00000000 0.98440840 -0.17589800
738.947000000 3.963504 -2.889284 -0.078000 0.00000000 -0.00000000 0.98548740 -0.16974857
739.072000000 3.940449 -2.895879 -0.078000 0.00000000 0.00000000 0.98653934 -0.16352410
739.100000000 3.930397 -2.899330 -0.077967 -0.00000656 -0.00005836 0.98699183 -0.16077042
739.200000000 3.894268 -2.911021 -0.077882 -0.00008515 0.00005601 0.98854474 -0.15092811
739.322000000 3.895861 -2.910158 -0.078000 -0.00000000 -0.00000000 0.98851535 -0.15112046
739.447000000 3.873142 -2.917350 -0.078000 -0.00000000 -0.00000000 0.98945979 -0.14480788
739.572000000 3.850109 -2.924275 -0.078000 -0.00000000 -0.00000000 0.99035127 -0.13857981
739.600000000 3.839889 -2.927198 -0.077971 -0.00000823 -0.00002069 0.99073395 -0.13581695
739.700000000 3.803243 -2.937064 -0.077838 0.00005175 -0.00014903 0.99203810 -0.12593800
739.822000000 3.805289 -2.936700 -0.078000 0.00000000 0.00000000 0.99201174 -0.12614557
739.947000000 3.782709 -2.943316 -0.078000 -0.00000000 -0.00000000 0.99278857 -0.11987854
740.000000000 3.763169 -2.948103 -0.077926 0.00005406 -0.00007811 0.99340796 -0.11463257
740.100000000 3.726117 -2.956308 -0.077792 0.00009715 0.00008791 0.99422702 -0.10729682
740.200000000 3.712877 -2.959292 -0.077889 -0.00008584 0.00002629 0.99401214 -0.10926962
740.322000000 3.711173 -2.961389 -0.078000 0.00000000 0.00000000 0.99258224 -0.12157506
740.447000000 3.688345 -2.969075 -0.078000 -0.00000000 -0.00000000 0.99211866 -0.12530186
740.572000000 3.665230 -2.976749 -0.078000 -0.00000000 0.00000000 0.99125780 -0.13193932
740.600000000 3.654947 -2.979524 -0.077957 -0.00002448 0.00004120 0.99088064 -0.13474252
740.700000000 3.618390 -2.990032 -0.077839 -0.00003415 -0.00007433 0.98947540 -0.14470115
740.822000000 3.619007 -2.989607 -0.078000 0.00000000 0.00000000 0.98947737 -0.14468774
740.947000000 3.597248 -2.997689 -0.078000 -0.00000000 0.00000000 0.98853553 -0.15098840
741.072000000 3.575673 -3.005146 -0.078000 -0.00000000 0.00000000 0.98755893 -0.15724936
741.100000000 3.565548 -3.008446 -0.077977 -0.00000259 0.00002080 0.98711675 -0.16000163
741.200000000 3.529595 -3.020794 -0.077849 0.00004983 0.00013066 0.98547375 -0.16982774
741.322000000 3.530645 -3.020119 -0.078000 -0.00000000 0.00000000 0.98549594 -0.16969899
741.447000000 3.508031 -3.027579 -0.078000 -0.00000000 0.00000000 0.98441218 -0.17587684
741.500000000 3.489165 -3.034642 -0.077913 0.00005600 -0.00000492 0.98346964 -0.18107310
741.600000000 3.475358 -3.039503 -0.077957 -0.00000695 -0.00003169 0.98279233 -0.18471393
741.700000000 3.462833 -3.044817 -0.077997 -0.00000192 0.00000604 0.98208907 -0.18841725
741.822000000 3.441706 -3.052913 -0.078000 0.00000000 0.00000000 0.98096679 -0.19417560
741.947000000 3.419949 -3.061662 -0.078000 0.00000000 0.00000000 0.97974595 -0.20024454
742.072000000 3.397966 -3.071963 -0.078000 0.00000000 0.00000000 0.97846865 -0.20639552
742.100000000 3.388220 -3.076260 -0.077975 0.00000810 -0.00005542 0.97788893 -0.20912491
742.200000000 3.353668 -3.092146 -0.077853 -0.00000674 0.00003177 0.97575654 -0.21885878
742.322000000 3.355208 -3.091963 -0.078000 0.00000000 0.00000000 0.97583743 -0.21849784
742.447000000 3.332544 -3.102474 -0.078000 -0.00000000 -0.00000000 0.97447099 -0.22451345
742.572000000 3.310163 -3.111843 -0.078000 -0.00000000 0.00000000 0.97306663 -0.23052405
742.600000000 3.300641 -3.116610 -0.077965 0.00001652 -0.00007277 0.97241961 -0.23323827
742.700000000 3.266930 -3.134218 -0.077856 -0.00001055 -0.00005361 0.97004725 -0.24291630
742.822000000 3.269072 -3.134133 -0.078000 -0.00000000 -0.00000000 0.97014489 -0.24252606
742.947000000 3.249078 -3.144505 -0.078000 0.00000000 -0.00000000 0.96863512 -0.24848742
743.072000000 3.228112 -3.155872 -0.078000 -0.00000000 -0.00000000 0.96708746 -0.25444419
743.100000000 3.218832 -3.161097 -0.077972 -0.00001431 -0.00001326 0.96637382 -0.25714127
743.200000000 3.206664 -3.169489 -0.077996 0.00000481 -0.00000610 0.96540938 -0.26073880
743.322000000 3.184521 -3.173984 -0.078000 -0.00000000 -0.00000000 0.96620644 -0.25776948
743.447000000 3.163401 -3.184821 -0.078000 -0.00000000 0.00000000 0.96530796 -0.26111403
743.572000000 3.142752 -3.196622 -0.078000 0.00000000 0.00000000 0.96719810 -0.25402331
743.600000000 3.133527 -3.201895 -0.077965 -0.00001808 0.00009820 0.96788869 -0.25137914
743.700000000 3.100175 -3.220019 -0.077846 -0.00006944 0.00020732 0.97002469 -0.24300630
743.822000000 3.101173 -3.219431 -0.078000 0.00000000 0.00000000 0.96988309 -0.24357091
743.947000000 3.079723 -3.229930 -0.078000 0.00000000 -0.00000000 0.97142640 -0.23734099
744.072000000 3.058524 -3.240283 -0.078000 0.00000000 0.00000000 0.97293553 -0.23107671
744.100000000 3.049038 -3.245078 -0.077963 0.00002478 -0.00002439 0.97357715 -0.22835834
744.200000000 3.014885 -3.261600 -0.077817 0.00004808 0.00015153 0.97580644 -0.21863615
744.322000000 3.016389 -3.260994 -0.078000 0.00000000 0.00000000 0.97578187 -0.21874583
744.447000000 2.994476 -3.270666 -0.078000 -0.00000000 0.00000000 0.97715171 -0.21254303
744.572000000 2.972898 -3.278930 -0.078000 0.00000000 0.00000000 0.97848153 -0.20633444
744.600000000 2.963182 -3.283233 -0.077962 0.00001711 -0.00006078 0.97905349 -0.20360319
744.700000000 2.928213 -3.298019 -0.077853 -0.00004105 -0.00003255 0.98103348 -0.19383835
744.822000000 2.932275 -3.297160 -0.078000 0.00000000 0.00000000 0.98100088 -0.19400327
744.947000000 2.911052 -3.306735 -0.078000 -0.00000000 0.00000000 0.98220941 -0.18778889
745.000000000 2.892312 -3.314047 -0.077937 -0.00001444 0.00011460 0.98318731 -0.18259981
745.100000000 2.856747 -3.327329 -0.077817 -0.00011881 0.00034331 0.98495727 -0.17279767
745.200000000 2.845510 -3.331820 -0.077874 -0.00000939 -0.00016699 0.98561248 -0.16902074
745.322000000 2.850136 -3.331013 -0.078000 0.00000000 0.00000000 0.98558952 -0.16915465
745.447000000 2.827979 -3.338021 -0.078000 0.00000000 0.00000000 0.98664250 -0.16290052
745.572000000 2.805235 -3.345759 -0.078000 -0.00000000 0.00000000 0.98765229 -0.15666191
745.600000000 2.795132 -3.349055 -0.077952 0.00000033 0.00006782 0.98808554 -0.15390572
745.700000000 2.758860 -3.360233 -0.077823 -0.00000066 0.00004203 0.98956994 -0.14405322
745.822000000 2.761223 -3.359998 -0.078000 0.00000000 0.00000000 0.98955411 -0.14416194
745.947000000 2.738844 -3.367175 -0.078000 -0.00000000 0.00000000 0.99043904 -0.13795113
746.072000000 2.715846 -3.372401 -0.078000 0.00000000 0.00000000 0.99128864 -0.13170736
746.100000000 2.705593 -3.375194 -0.077966 0.00000203 0.00004647 0.99165217 -0.12894171
746.200000000 2.668788 -3.384468 -0.077849 -0.00001843 0.00028525 0.99288764 -0.11905486
746.322000000 2.670241 -3.383520 -0.078000 0.00000000 0.00000000 0.99287028 -0.11919989
746.447000000 2.647295 -3.388922 -0.078000 0.00000000 0.00000000 0.99359779 -0.11297539
746.500000000 2.627680 -3.393337 -0.077924 0.00005232 0.00003125 0.99418047 -0.10772738
746.600000000 2.612849 -3.397361 -0.077985 -0.00001239 -0.00001293 0.99458625 -0.10391432
746.700000000 2.575614 -3.404820 -0.077885 -0.00008734 0.00021408 0.99557218 -0.09399993
746.822000000 2.576511 -3.403160 -0.078000 -0.00000000 -0.00000000 0.99555480 -0.09418404
746.947000000 2.553949 -3.408152 -0.078000 0.00000000 0.00000000 0.99612917 -0.08790155
747.072000000 2.531266 -3.411479 -0.078000 0.00000000 0.00000000 0.99666198 -0.08163880
747.100000000 2.520782 -3.413216 -0.077967 0.00000459 -0.00006986 0.99688592 -0.07885720
747.200000000 2.483248 -3.418902 -0.077846 -0.00002233 -0.00029617 0.99762220 -0.06891925
747.322000000 2.484852 -3.418702 -0.078000 0.00000000 0.00000000 0.99761046 -0.06908959
747.447000000 2.460428 -3.420346 -0.078000 -0.00000000 0.00000000 0.99802677 -0.06278988
747.572000000 2.436896 -3.423689 -0.078000 -0.00000000 -0.00000000 0.99840517 -0.05645454
747.600000000 2.426334 -3.424908 -0.077982 -0.00002547 0.00006381 0.99855879 -0.05366869
747.700000000 2.388555 -3.428548 -0.077857 0.00002607 0.00021653 0.99904395 -0.04371653
747.822000000 2.389166 -3.428437 -0.078000 -0.00000000 0.00000000 0.99903836 -0.04384477
747.947000000 2.366628 -3.429819 -0.078000 -0.00000000 0.00000000 0.99929605 -0.03751550
748.072000000 2.342960 -3.432042 -0.078000 0.00000000 0.00000000 0.99951290 -0.03120824
748.100000000 2.332355 -3.432727 -0.077959 0.00003467 -0.00005331 0.99959611 -0.02841869
748.200000000 2.294457 -3.434464 -0.077801 0.00009669 0.00009670 0.99982964 -0.01845719
748.322000000 2.295388 -3.433833 -0.078000 0.00000000 -0.00000000 0.99982634 -0.01863583
748.447000000 2.271256 -3.435054 -0.078000 0.00000000 0.00000000 0.99992347 -0.01237175
748.500000000 2.251149 -3.435429 -0.077918 0.00003360 0.00012925 0.99997485 -0.00709115
748.600000000 2.213189 -3.435616 -0.077816 -0.00001231 0.00020177 0.99999586 0.00287105
748.700000000 2.198513 -3.435431 -0.077847 -0.00009640 -0.00018294 0.99997766 0.00668142
748.822000000 2.199774 -3.435078 -0.078000 -0.00000000 -0.00000000 0.99997839 0.00657474
748.947000000 2.175730 -3.434934 -0.078000 -0.00000000 -0.00000000 0.99991626 0.01294105
749.072000000 2.152706 -3.433044 -0.078000 0.00000000 0.00000000 0.99981933 0.01900822
749.100000000 2.142080 -3.432639 -0.077959 0.00000157 -0.00001043 0.99979233 0.02037871
749.200000000 2.104127 -3.430901 -0.077831 -0.00000841 -0.00018451 0.99973841 0.02287089
749.322000000 2.105487 -3.431855 -0.078000 0.00000000 0.00000000 0.99986250 0.01658278
749.447000000 2.081256 -3.431286 -0.078000 -0.00000000 -0.00000000 0.99998015 0.00630064
749.572000000 2.057157 -3.430459 -0.078000 -0.00000000 0.00000000 0.99999997 -0.00025835
749.600000000 2.046507 -3.430443 -0.077951 0.00000035 -0.00000590 0.99999550 -0.00300015
749.700000000 2.008491 -3.431102 -0.077821 0.00002825 -0.00021636 0.99991635 -0.01293232
749.822000000 2.009678 -3.432016 -0.078000 -0.00000000 0.00000000 0.99992335 -0.01238106
749.947000000 1.985872 -3.432575 -0.078000 0.00000000 -0.00000000 0.99982881 -0.01850285
750.000000000 1.965732 -3.433415 -0.077926 -0.00001488 0.00000813 0.99971734 -0.02377489
750.100000000 1.950836 -3.433574 -0.077977 0.00002172 0.00002054 0.99962511 -0.02737946
750.200000000 1.912905 -3.436051 -0.077822 0.00006752 -0.00017773 0.99930273 -0.03733665
750.322000000 1.914294 -3.434919 -0.078000 0.00000000 0.00000000 0.99953851 -0.03037715
750.447000000 1.890360 -3.435222 -0.078000 -0.00000000 0.00000000 0.99931551 -0.03699344
750.572000000 1.866413 -3.437031 -0.078000 0.00000000 0.00000000 0.99904827 -0.04361823
750.600000000 1.855804 -3.437943 -0.077980 0.00000558 0.00006724 0.99892263 -0.04640667
750.700000000 1.817982 -3.441792 -0.077839 0.00006966 0.00008279 0.99841066 -0.05635731
750.822000000 1.819263 -3.443039 -0.078000 0.00000000 0.00000000 0.99839116 -0.05670176
750.947000000 1.796440 -3.445671 -0.078000 -0.00000000 0.00000000 0.99800098 -0.06319841
751.072000000 1.772849 -3.448795 -0.078000 -0.00000000 0.00000000 0.99757150 -0.06964993
751.100000000 1.762305 -3.450265 -0.077959 0.00001540 0.00001066 0.99737336 -0.07243195
751.200000000 1.724735 -3.456108 -0.077828 0.00000544 0.00019086 0.99666789 -0.08156638
751.322000000 1.725023 -3.458105 -0.078000 -0.00000000 0.00000000 0.99666490 -0.08160317
751.447000000 1.701265 -3.461086 -0.078000 -0.00000000 0.00000000 0.99726734 -0.07387725
751.500000000 1.681356 -3.463999 -0.077941 -0.00002228 0.00006603 0.99756321 -0.06976847
751.600000000 1.666865 -3.467518 -0.077958 0.00001634 -0.00004498 0.99774541 -0.06711262
751.700000000 1.653627 -3.467913 -0.077997 -0.00000019 0.00000929 0.99853787 -0.05405662
751.822000000 1.631691 -3.470432 -0.078000 0.00000000 -0.00000000 0.99901776 -0.04431165
751.947000000 1.608176 -3.471539 -0.078000 0.00000000 0.00000000 0.99949418 -0.03180228
752.072000000 1.584457 -3.471687 -0.078000 0.00000000 0.00000000 0.99981268 -0.01935446
752.100000000 1.573847 -3.472108 -0.077961 0.00000592 0.00006278 0.99990531 -0.01376113
752.200000000 1.535935 -3.472445 -0.077850 0.00002096 -0.00001572 0.99998085 0.00618935
752.322000000 1.536468 -3.472220 -0.078000 -0.00000000 -0.00000000 0.99998501 0.00547470
752.447000000 1.512675 -3.471522 -0.078000 -0.00000000 -0.00000000 0.99984072 0.01784752
752.572000000 1.488746 -3.469883 -0.078000 -0.00000000 0.00000000 0.99954084 0.03030039
752.600000000 1.478148 -3.469261 -0.077967 0.00000250 0.00005941 0.99935622 0.03587680
752.700000000 1.440389 -3.465742 -0.077843 0.00001477 0.00035409 0.99844275 0.05578481
752.822000000 1.442681 -3.466097 -0.078000 -0.00000000 0.00000000 0.99847997 0.05511573
752.947000000 1.419436 -3.464388 -0.078000 -0.00000000 0.00000000 0.99771985 0.06749147
753.072000000 1.395259 -3.460684 -0.078000 0.00000000 0.00000000 0.99680257 0.07990397
753.100000000 1.384770 -3.459019 -0.077958 -0.00000637 -0.00002009 0.99634107 0.08546615
753.200000000 1.347552 -3.451758 -0.077819 0.00002029 0.00018705 0.99444022 0.10530247
753.322000000 1.348626 -3.451556 -0.078000 -0.00000000 -0.00000000 0.99451539 0.10459038
753.447000000 1.324716 -3.446264 -0.078000 -0.00000000 -0.00000000 0.99314207 0.11691377
753.500000000 1.305224 -3.441387 -0.077916 0.00004902 0.00013304 0.99185169 0.12739782
753.600000000 1.292000 -3.437748 -0.077942 0.00000577 -0.00003509 0.99087849 0.13475834
753.700000000 1.255648 -3.426914 -0.077851 -0.00004458 0.00005087 0.98799646 0.15447652
753.822000000 1.255755 -3.427557 -0.078000 -0.00000000 -0.00000000 0.98809186 0.15386510
753.947000000 1.232825 -3.419654 -0.078000 -0.00000000 -0.00000000 0.98610358 0.16613168
754.072000000 1.210910 -3.412985 -0.078000 -0.00000000 0.00000000 0.98396475 0.17836305
754.100000000 1.200959 -3.409273 -0.077983 -0.00002448 -0.00004034 0.98295403 0.18385151
754.200000000 1.165858 -3.394911 -0.077852 -0.00000937 0.00004534 0.97909541 0.20340151
754.322000000 1.166816 -3.395746 -0.078000 0.00000000 -0.00000000 0.97923926 0.20270782
754.447000000 1.144573 -3.386754 -0.078000 0.00000000 -0.00000000 0.97664742 0.21484834
754.572000000 1.123446 -3.376681 -0.078000 0.00000000 -0.00000000 0.97390830 0.22694191
754.600000000 1.113915 -3.372003 -0.077971 0.00002535 0.00002702 0.97262710 0.23237150
754.700000000 1.080442 -3.354208 -0.077840 0.00003191 -0.00012681 0.96780335 0.25170749
754.822000000 1.080552 -3.354567 -0.078000 -0.00000000 0.00000000 0.96796363 0.25109044
754.947000000 1.060601 -3.342625 -0.078000 -0.00000000 0.00000000 0.96476764 0.26310341
755.000000000 1.040978 -3.337985 -0.077917 0.00001318 -0.00003044 0.96219861 0.27234875
755.100000000 1.028618 -3.330462 -0.077969 0.00002669 0.00008195 0.96015313 0.27947443
755.200000000 1.016514 -3.323085 -0.077996 -0.00000135 -0.00000031 0.95805132 0.28659670
755.322000000 0.997357 -3.310109 -0.078000 0.00000000 -0.00000000 0.95459715 0.29789979
755.447000000 0.977878 -3.296637 -0.078000 0.00000000 -0.00000000 0.95082040 0.30974274
755.572000000 0.958314 -3.283317 -0.078000 -0.00000000 -0.00000000 0.94692385 0.32145798
755.600000000 0.949921 -3.276965 -0.078347 0.00069251 0.00020128 0.94512869 0.32669746
755.700000000 0.921033 -3.252891 -0.078497 0.00204618 0.00101113 0.93831828 0.34576522
755.822000000 0.921126 -3.253978 -0.078000 -0.00000000 0.00000000 0.93858118 0.34505850
755.947000000 0.902002 -3.237566 -0.078000 -0.00000000 0.00000000 0.93424895 0.35662152
756.072000000 0.884100 -3.222109 -0.078000 0.00000000 0.00000000 0.92976555 0.36815218
756.100000000 0.876272 -3.214803 -0.077937 -0.00014549 0.00006273 0.92769604 0.37333634
756.200000000 0.849500 -3.188051 -0.077713 0.00017227 -0.00005870 0.92007283 0.39174731
756.322000000 0.850751 -3.189496 -0.078000 0.00000000 -0.00000000 0.92036703 0.39105567
756.447000000 0.834749 -3.172335 -0.078000 0.00000000 0.00000000 0.91545397 0.40242269
756.572000000 0.818770 -3.155089 -0.078000 -0.00000000 0.00000000 0.91041027 0.41370658
756.600000000 0.811770 -3.147113 -0.077991 -0.00018530 0.00006082 0.90808686 0.41878183
756.700000000 0.787548 -3.117527 -0.077969 -0.00152281 0.00062708 0.89955695 0.43680040
756.822000000 0.787631 -3.118464 -0.078000 0.00000000 0.00000000 0.89988043 0.43613668
756.947000000 0.772171 -3.100551 -0.078000 0.00000000 -0.00000000 0.89438788 0.44729221
757.000000000 0.760157 -3.084485 -0.077865 0.00068263 -0.00031758 0.88961232 0.45671584
757.100000000 0.738947 -3.053473 -0.077512 0.00166531 -0.00069670 0.88033237 0.47435394
757.200000000 0.731311 -3.041368 -0.077885 0.00006764 0.00009598 0.87680696 0.48084252
757.322000000 0.731520 -3.044157 -0.078000 -0.00000000 0.00000000 0.87717199 0.48017632
757.447000000 0.717830 -3.023996 -0.078000 0.00000000 0.00000000 0.87118876 0.49094822
757.572000000 0.706583 -3.003347 -0.078000 0.00000000 -0.00000000 0.86501849 0.50173999
757.600000000 0.701299 -2.994142 -0.078005 -0.00005978 0.00007184 0.86220522 0.50655914
757.700000000 0.683457 -2.960598 -0.077964 -0.00020464 0.00025472 0.85193920 0.52364061
757.822000000 0.685324 -2.961227 -0.078000 0.00000000 -0.00000000 0.85237480 0.52293135
757.947000000 0.673874 -2.942374 -0.078000 -0.00000000 0.00000000 0.84966401 0.52732445
758.072000000 0.663800 -2.919421 -0.078000 -0.00000000 0.00000000 0.84529755 0.53429584
758.100000000 0.659205 -2.909834 -0.077953 0.00003358 0.00003082 0.84388713 0.53652075
758.200000000 0.643495 -2.875294 -0.077820 0.00014241 0.00012517 0.83859319 0.54475814
758.322000000 0.643768 -2.876740 -0.078000 0.00000000 -0.00000000 0.83879242 0.54445135
758.447000000 0.634298 -2.855830 -0.078000 0.00000000 0.00000000 0.83544845 0.54956882
758.500000000 0.626443 -2.837322 -0.077923 0.00009594 0.00004516 0.83253357 0.55397458
758.600000000 0.621225 -2.824030 -0.077973 -0.00004234 -0.00004541 0.83048132 0.55704648
758.700000000 0.616672 -2.810776 -0.077997 0.00000233 0.00000738 0.82838571 0.56015811
758.822000000 0.607801 -2.790402 -0.078000 -0.00000000 0.00000000 0.82507704 0.56502024
758.947000000 0.599390 -2.767394 -0.078000 -0.00000000 -0.00000000 0.82153389 0.57015968
759.072000000 0.589876 -2.743746 -0.078000 0.00000000 0.00000000 0.81819106 0.57494642
759.100000000 0.586274 -2.733739 -0.077990 -0.00004336 -0.00002158 0.81739556 0.57607681
759.200000000 0.573662 -2.697892 -0.077862 -0.00008912 -0.00014094 0.81587668 0.57822591
759.322000000 0.574567 -2.700790 -0.078000 -0.00000000 0.00000000 0.81952995 0.57303635
759.447000000 0.566263 -2.681057 -0.078000 0.00000000 -0.00000000 0.82353229 0.56726939
759.572000000 0.558013 -2.657466 -0.078000 0.00000000 -0.00000000 0.82579199 0.56397481
759.600000000 0.554134 -2.647549 -0.077961 0.00003143 0.00001229 0.82745671 0.56152951
759.700000000 0.539720 -2.612374 -0.077810 -0.00003595 -0.00016344 0.83310508 0.55311472
759.822000000 0.539897 -2.613557 -0.078000 -0.00000000 0.00000000 0.83295412 0.55334206
759.947000000 0.531332 -2.591813 -0.078000 0.00000000 -0.00000000 0.83644369 0.54805287
760.072000000 0.521556 -2.569727 -0.078000 -0.00000000 0.00000000 0.83989625 0.54274699
760.100000000 0.517198 -2.560010 -0.077953 0.00003058 0.00004053 0.84209796 0.53932460
760.200000000 0.510913 -2.548247 -0.077997 -0.00000557 -0.00000508 0.84742419 0.53091643
760.322000000 0.500295 -2.527781 -0.078000 0.00000000 0.00000000 0.85259724 0.52256860
760.447000000 0.489738 -2.506016 -0.078000 -0.00000000 0.00000000 0.85918895 0.51165843
760.572000000 0.478042 -2.484986 -0.078000 -0.00000000 -0.00000000 0.86555140 0.50082011
760.600000000 0.472741 -2.475739 -0.077970 -0.00002344 0.00002273 0.86834248 0.49596506
760.700000000 0.452823 -2.443293 -0.077873 0.00003311 0.00009698 0.87806858 0.47853480
760.822000000 0.453351 -2.444345 -0.078000 -0.00000000 0.00000000 0.87782488 0.47898170
760.947000000 0.439985 -2.425257 -0.078000 -0.00000000 0.00000000 0.88370219 0.46804962
761.072000000 0.426348 -2.405570 -0.078000 -0.00000000 0.00000000 0.88946957 0.45699441
761.100000000 0.420149 -2.396901 -0.077965 0.00001038 0.00002403 0.89200536 0.45202482
761.200000000 0.397095 -2.366619 -0.077848 0.00010146 0.00017894 0.90083730 0.43415680
761.322000000 0.398460 -2.367388 -0.078000 0.00000000 0.00000000 0.90059383 0.43466166
761.447000000 0.382890 -2.348536 -0.078000 0.00000000 0.00000000 0.90594010 0.42340587
761.572000000 0.367532 -2.330014 -0.078000 -0.00000000 -0.00000000 0.91115422 0.41206552
761.600000000 0.360516 -2.321994 -0.077967 -0.00003041 -0.00006728 0.91343943 0.40697470
761.700000000 0.334433 -2.294277 -0.077851 -0.00010199 -0.00032267 0.92136837 0.38869037
761.822000000 0.335800 -2.295250 -0.078000 -0.00000000 0.00000000 0.92112540 0.38926597
761.947000000 0.319224 -2.277635 -0.078000 0.00000000 0.00000000 0.92589780 0.37777409
762.000000000 0.304666 -2.263667 -0.077924 -0.00002754 -0.00004184 0.92983583 0.36797462
762.100000000 0.276507 -2.238080 -0.077799 0.00007680 0.00006844 0.93698468 0.34937042
762.200000000 0.265443 -2.229304 -0.077841 -0.00004088 -0.00018826 0.93957745 0.34233636
762.322000000 0.266187 -2.230980 -0.078000 -0.00000000 0.00000000 0.93935786 0.34293850
762.447000000 0.247587 -2.215580 -0.078000 0.00000000 0.00000000 0.94354590 0.33124181
762.572000000 0.228740 -2.200909 -0.078000 0.00000000 -0.00000000 0.94761133 0.31942567
762.600000000 0.220264 -2.194448 -0.077974 -0.00002418 0.00001956 0.94937882 0.31413350
762.700000000 0.189295 -2.172296 -0.077862 -0.00002912 0.00010422 0.95545086 0.29515019
762.822000000 0.191177 -2.171980 -0.078000 0.00000000 -0.00000000 0.95528397 0.29568995
762.947000000 0.171241 -2.158704 -0.078000 0.00000000 -0.00000000 0.95888475 0.28379575
763.072000000 0.151884 -2.146219 -0.078000 0.00000000 -0.00000000 0.96235531 0.27179453
763.100000000 0.142812 -2.140626 -0.077951 -0.00001188 -0.00010097 0.96385687 0.26642059
763.200000000 0.109755 -2.121776 -0.077805 -0.00000087 -0.00014554 0.96897431 0.24716142
763.322000000 0.110954 -2.122980 -0.078000 -0.00000000 0.00000000 0.96886231 0.24760014
763.447000000 0.089671 -2.112122 -0.078000 0.00000000 -0.00000000 0.97180204 0.23579820
763.500000000 0.071687 -2.103023 -0.077926 0.00001787 0.00001535 0.97338052 0.22919502
763.600000000 0.059761 -2.095952 -0.077970 0.00000155 0.00004043 0.97323871 0.22979645
763.700000000 0.046868 -2.089664 -0.077998 -0.00000363 -0.00000936 0.97409619 0.22613405
763.822000000 0.027208 -2.080108 -0.078000 0.00000000 -0.00000000 0.97542232 0.22034357
763.947000000 0.005854 -2.070265 -0.078000 0.00000000 0.00000000 0.97681035 0.21410636
764.072000000 -0.016443 -2.060920 -0.078000 0.00000000 0.00000000 0.97814723 0.20791345
764.100000000 -0.026169 -2.056582 -0.077965 0.00000772 0.00005015 0.97872444 0.20517913
764.200000000 -0.061110 -2.041594 -0.077846 0.00007682 0.00016708 0.98072175 0.19540937
764.322000000 -0.060348 -2.043203 -0.078000 0.00000000 -0.00000000 0.98068150 0.19561134
764.447000000 -0.081746 -2.033839 -0.078000 0.00000000 -0.00000000 0.98189175 0.18944287
764.572000000 -0.103949 -2.025647 -0.078000 0.00000000 0.00000000 0.98307459 0.18320576
764.600000000 -0.113877 -2.021803 -0.077967 -0.00001717 -0.00004934 0.98358184 0.18046262
764.700000000 -0.149569 -2.008648 -0.077863 -0.00003162 0.00008861 0.98533132 0.17065225
764.822000000 -0.147377 -2.009254 -0.078000 0.00000000 0.00000000 0.98531376 0.17075360
764.947000000 -0.169498 -2.001639 -0.078000 0.00000000 -0.00000000 0.98637321 0.16452323
765.072000000 -0.191848 -1.993711 -0.078000 -0.00000000 0.00000000 0.98739089 0.15830110
765.100000000 -0.201956 -1.990367 -0.077965 0.00000178 -0.00005892 0.98782865 0.15554598
765.200000000 -0.238284 -1.979117 -0.077844 -0.00005184 -0.00027996 0.98932952 0.14569498
765.322000000 -0.237136 -1.980491 -0.078000 -0.00000000 -0.00000000 0.98930951 0.14583108
765.447000000 -0.258694 -1.973697 -0.078000 0.00000000 0.00000000 0.99013651 0.14010603
765.500000000 -0.278048 -1.968122 -0.077939 -0.00002635 -0.00003562 0.99037195 0.13843190
765.600000000 -0.314645 -1.957926 -0.077846 -0.00003393 0.00021075 0.99039044 0.13829941
765.700000000 -0.328764 -1.952891 -0.077818 0.00000512 0.00000201 0.98855706 0.15084743
765.822000000 -0.327574 -1.953405 -0.078000 -0.00000000 -0.00000000 0.98769514 0.15639151
765.947000000 -0.350511 -1.945723 -0.078000 -0.00000000 0.00000000 0.98670669 0.16251125
766.072000000 -0.373506 -1.938384 -0.078000 -0.00000000 0.00000000 0.98569399 0.16854484
766.100000000 -0.383533 -1.934865 -0.077969 0.00000565 0.00003648 0.98521764 0.17130733
766.200000000 -0.419120 -1.921663 -0.077856 0.00006156 0.00026270 0.98349998 0.18090804
766.322000000 -0.416596 -1.922475 -0.078000 0.00000000 0.00000000 0.98472486 0.17411766
766.447000000 -0.438783 -1.915360 -0.078000 0.00000000 -0.00000000 0.98424729 0.17679726
766.572000000 -0.460841 -1.907236 -0.078000 -0.00000000 0.00000000 0.98436347 0.17614924
766.600000000 -0.470815 -1.903539 -0.077973 -0.00001143 -0.00007200 0.98435297 0.17620793
766.700000000 -0.506454 -1.890403 -0.077771 0.00006243 -0.00012948 0.98434544 0.17624993
766.822000000 -0.505364 -1.890771 -0.078000 0.00000000 -0.00000000 0.98436840 0.17612172
766.947000000 -0.527269 -1.882209 -0.078000 -0.00000000 0.00000000 0.98436892 0.17611881
767.000000000 -0.546100 -1.875217 -0.077898 0.00023425 0.00006817 0.98437271 0.17609743
767.100000000 -0.552685 -1.856017 -0.078012 -0.00020805 -0.00030946 0.98404396 0.17792513
767.200000000 -0.588619 -1.842921 -0.078247 -0.00178136 -0.00147298 0.98404075 0.17792824
767.322000000 -0.590495 -1.844578 -0.078000 0.00000000 0.00000000 0.98404157 0.17793873
767.447000000 -0.613398 -1.835587 -0.078000 -0.00000000 -0.00000000 0.98405513 0.17786369
767.572000000 -0.636390 -1.829210 -0.078000 -0.00000000 0.00000000 0.98404354 0.17792782
767.600000000 -0.646368 -1.825558 -0.077945 0.00005242 0.00008733 0.98404716 0.17790778
767.700000000 -0.681874 -1.812039 -0.077889 0.00027400 0.00123026 0.98405801 0.17784332
767.822000000 -0.681112 -1.812430 -0.078000 -0.00000000 0.00000000 0.98404559 0.17791650
767.947000000 -0.702785 -1.803934 -0.078000 -0.00000000 -0.00000000 0.98405946 0.17783975
768.072000000 -0.724339 -1.795542 -0.078000 0.00000000 0.00000000 0.98407856 0.17773405
768.100000000 -0.734259 -1.791783 -0.077948 0.00012634 0.00009338 0.98407896 0.17773174
768.200000000 -0.769845 -1.778485 -0.077845 0.00011176 0.00021993 0.98405718 0.17785220
768.322000000 -0.767613 -1.781799 -0.078000 0.00000000 0.00000000 0.98287196 0.18428974
768.447000000 -0.787941 -1.771782 -0.078000 0.00000000 0.00000000 0.98221267 0.18777184
768.572000000 -0.808752 -1.763235 -0.078000 -0.00000000 0.00000000 0.97939301 0.20196368
768.600000000 -0.818527 -1.759099 -0.077965 0.00004331 0.00011439 0.97832396 0.20708023
768.700000000 -0.830885 -1.753823 -0.077997 -0.00000037 0.00000153 0.97681969 0.21406374
768.822000000 -0.850153 -1.744059 -0.078000 -0.00000000 0.00000000 0.97428944 0.22530001
768.947000000 -0.871219 -1.734043 -0.078000 0.00000000 0.00000000 0.97140656 0.23742217
769.072000000 -0.892351 -1.722688 -0.078000 -0.00000000 0.00000000 0.96836688 0.24953075
769.100000000 -0.901651 -1.717577 -0.077978 -0.00001572 -0.00004327 0.96695839 0.25493424
769.200000000 -0.934321 -1.698287 -0.077896 -0.00010628 0.00004473 0.96168761 0.27414765
769.322000000 -0.933782 -1.698753 -0.078000 0.00000000 -0.00000000 0.96183599 0.27362662
769.447000000 -0.953558 -1.685792 -0.078000 -0.00000000 -0.00000000 0.95832735 0.28567233
769.572000000 -0.972700 -1.672497 -0.078000 0.00000000 0.00000000 0.95470944 0.29753970
769.600000000 -0.981443 -1.666467 -0.077991 -0.00003247 0.00000497 0.95303461 0.30286141
769.700000000 -1.012002 -1.644001 -0.077868 -0.00004683 -0.00007141 0.94680945 0.32179475
769.822000000 -1.011386 -1.646486 -0.078000 -0.00000000 -0.00000000 0.94693943 0.32141206
769.947000000 -1.029376 -1.631632 -0.078000 -0.00000000 0.00000000 0.94283053 0.33327256
770.072000000 -1.048322 -1.616126 -0.078000 -0.00000000 -0.00000000 0.93860666 0.34498918
770.100000000 -1.056424 -1.609263 -0.077966 0.00001263 0.00001309 0.93666719 0.35022074
770.200000000 -1.084538 -1.583821 -0.077841 -0.00002760 -0.00012016 0.92950143 0.36881849
770.322000000 -1.083513 -1.584997 -0.078000 -0.00000000 0.00000000 0.92968977 0.36834349
770.447000000 -1.100029 -1.569278 -0.078000 -0.00000000 0.00000000 0.92504676 0.37985325
770.500000000 -1.114204 -1.555024 -0.077939 -0.00003330 -0.00003283 0.92098231 0.38960440
770.600000000 -1.140136 -1.527347 -0.077849 0.00003940 0.00022731 0.91303447 0.40788234
770.700000000 -1.148674 -1.517060 -0.077843 0.00007550 0.00008738 0.90991874 0.41478653
770.822000000 -1.148619 -1.518393 -0.078000 -0.00000000 0.00000000 0.91008268 0.41442673
770.947000000 -1.163727 -1.499594 -0.078000 0.00000000 0.00000000 0.90484307 0.42574524
771.072000000 -1.179515 -1.479010 -0.078000 -0.00000000 0.00000000 0.90233614 0.43103305
771.100000000 -1.186170 -1.470728 -0.077967 -0.00002751 -0.00005294 0.90086426 0.43410090
771.200000000 -1.209473 -1.440757 -0.077848 -0.00000090 0.00006550 0.89559766 0.44486496
771.322000000 -1.206235 -1.441948 -0.078000 0.00000000 0.00000000 0.89569022 0.44467857
771.447000000 -1.221959 -1.421122 -0.078000 0.00000000 -0.00000000 0.89607511 0.44390246
771.572000000 -1.235887 -1.402287 -0.078000 0.00000000 -0.00000000 0.89517789 0.44570903
771.600000000 -1.242313 -1.393806 -0.077965 0.00004149 0.00006601 0.89524236 0.44557953
771.700000000 -1.265203 -1.363486 -0.077824 0.00002738 0.00004659 0.89531131 0.44544096
771.822000000 -1.264659 -1.364414 -0.078000 0.00000000 0.00000000 0.89542903 0.44520427
771.947000000 -1.280177 -1.344634 -0.078000 -0.00000000 0.00000000 0.89553456 0.44499198
772.000000000 -1.292360 -1.328592 -0.077956 -0.00007225 -0.00007735 0.89553357 0.44499396
772.100000000 -1.301261 -1.316675 -0.077972 0.00003554 0.00006074 0.89556226 0.44493622
772.200000000 -1.309988 -1.305563 -0.077997 -0.00000242 -0.00000394 0.89551586 0.44502960
772.322000000 -1.322470 -1.288980 -0.078000 0.00000000 -0.00000000 0.89558361 0.44489324
772.447000000 -1.336440 -1.269156 -0.078000 0.00000000 -0.00000000 0.89563149 0.44479684
772.572000000 -1.351218 -1.250545 -0.078000 0.00000000 -0.00000000 0.89561403 0.44483200
772.600000000 -1.357652 -1.242074 -0.077960 0.00002900 0.00001204 0.89561391 0.44483224
772.700000000 -1.380570 -1.211786 -0.077833 0.00011657 0.00015818 0.89561392 0.44483219
772.822000000 -1.380246 -1.212302 -0.078000 -0.00000000 0.00000000 0.89561792 0.44482417
772.947000000 -1.393599 -1.194594 -0.078000 -0.00000000 0.00000000 0.89562447 0.44481099
773.072000000 -1.405951 -1.176021 -0.078000 -0.00000000 0.00000000 0.89565621 0.44474707
773.100000000 -1.411739 -1.168397 -0.077970 -0.00003342 -0.00002862 0.89565599 0.44474751
773.200000000 -1.432253 -1.141341 -0.077886 -0.00001615 0.00011700 0.89558797 0.44488445
773.322000000 -1.431099 -1.142947 -0.078000 0.00000000 0.00000000 0.89274921 0.45055394
773.447000000 -1.444928 -1.125353 -0.078000 -0.00000000 -0.00000000 0.89109718 0.45381253
773.572000000 -1.457457 -1.108945 -0.078000 0.00000000 0.00000000 0.88484664 0.46588242
773.600000000 -1.462881 -1.101153 -0.077958 -0.00000387 -0.00004034 0.88223265 0.47081372
773.700000000 -1.481195 -1.072588 -0.077871 -0.00005281 -0.00002075 0.87312604 0.48749453
773.822000000 -1.480016 -1.073408 -0.078000 -0.00000000 -0.00000000 0.87367261 0.48651431
773.947000000 -1.491355 -1.054321 -0.078000 -0.00000000 -0.00000000 0.86752031 0.49740177
774.000000000 -1.500264 -1.038705 -0.077952 0.00006868 0.00012042 0.86220158 0.50656531
774.100000000 -1.516228 -1.008776 -0.077846 0.00015473 0.00028478 0.85192241 0.52366792
774.200000000 -1.523018 -0.997436 -0.077863 -0.00014250 -0.00016345 0.84801234 0.52997644
774.322000000 -1.522086 -0.999348 -0.078000 0.00000000 0.00000000 0.84862294 0.52899821
774.447000000 -1.530403 -0.980145 -0.078000 0.00000000 0.00000000 0.84727017 0.53116217
774.572000000 -1.538341 -0.962337 -0.078000 0.00000000 0.00000000 0.84811090 0.52981874
774.600000000 -1.542470 -0.953759 -0.077974 0.00002714 0.00006974 0.84801036 0.52997964
774.700000000 -1.557354 -0.923196 -0.077862 0.00006336 0.00010049 0.84769357 0.53048619
774.822000000 -1.558476 -0.924278 -0.078000 -0.00000000 0.00000000 0.84737002 0.53100288
774.947000000 -1.567535 -0.904850 -0.078000 0.00000000 0.00000000 0.84365452 0.53688644
775.072000000 -1.575410 -0.887876 -0.078000 0.00000000 0.00000000 0.83788575 0.54584564
775.100000000 -1.579299 -0.879208 -0.077966 -0.00001560 0.00002161 0.83534975 0.54971884
775.200000000 -1.592176 -0.847821 -0.077890 0.00006651 0.00025344 0.82443567 0.56595561
775.322000000 -1.591475 -0.849667 -0.078000 -0.00000000 0.00000000 0.82151814 0.57018238
775.447000000 -1.597558 -0.829374 -0.078000 -0.00000000 -0.00000000 0.81111106 0.58489216
775.500000000 -1.602980 -0.812256 -0.077932 0.00003335 0.00001662 0.80173741 0.59767644
775.600000000 -1.607595 -0.800107 -0.077979 -0.00002476 -0.00001064 0.79462563 0.60709975
775.700000000 -1.615518 -0.767145 -0.077893 0.00008148 0.00020892 0.77613004 0.63057285
775.822000000 -1.614171 -0.766112 -0.078000 0.00000000 -0.00000000 0.77647095 0.63015304
775.947000000 -1.618473 -0.744829 -0.078000 0.00000000 0.00000000 0.76490752 0.64414011
776.072000000 -1.620684 -0.724888 -0.078000 0.00000000 -0.00000000 0.75906949 0.65100961
776.100000000 -1.622087 -0.715487 -0.077979 -0.00002139 -0.00003658 0.75610520 0.65445009
776.200000000 -1.626477 -0.681840 -0.077828 0.00000150 -0.00018969 0.74694207 0.66488910
776.322000000 -1.626349 -0.685204 -0.078000 0.00000000 0.00000000 0.75107638 0.66021532
776.447000000 -1.628593 -0.663060 -0.078000 0.00000000 -0.00000000 0.75379871 0.65710540
776.572000000 -1.632090 -0.643322 -0.078000 -0.00000000 0.00000000 0.75391742 0.65696920
776.600000000 -1.633385 -0.633893 -0.077973 -0.00002326 -0.00001774 0.75390556 0.65698280
776.700000000 -1.638079 -0.600216 -0.077860 -0.00020382 -0.00017853 0.75441956 0.65639245
776.822000000 -1.636281 -0.598625 -0.078000 0.00000000 0.00000000 0.75840969 0.65177814
776.947000000 -1.641669 -0.581061 -0.078000 0.00000000 -0.00000000 0.76157324 0.64807886
777.000000000 -1.644696 -0.563267 -0.077933 -0.00007496 -0.00012534 0.76762588 0.64089819
777.100000000 -1.646545 -0.549485 -0.077957 0.00004603 0.00005450 0.77517348 0.63174842
777.200000000 -1.649375 -0.537108 -0.077998 -0.00000563 -0.00000283 0.77985847 0.62595589
777.322000000 -1.653286 -0.517747 -0.078000 0.00000000 0.00000000 0.78725422 0.61662857
777.447000000 -1.658529 -0.497784 -0.078000 0.00000000 0.00000000 0.79484376 0.60681414
777.572000000 -1.664766 -0.477529 -0.078000 0.00000000 -0.00000000 0.80234228 0.59686420
777.600000000 -1.667497 -0.468390 -0.077969 0.00000136 0.00001642 0.80565630 0.59238326
777.700000000 -1.678210 -0.436055 -0.077872 0.00011234 0.00015461 0.81729904 0.57621371
777.822000000 -1.677877 -0.437943 -0.078000 0.00000000 -0.00000000 0.81700604 0.57662911
777.947000000 -1.685343 -0.418102 -0.078000 -0.00000000 0.00000000 0.82415062 0.56637068
778.072000000 -1.690934 -0.398069 -0.078000 -0.00000000 0.00000000 0.83074981 0.55664599
778.100000000 -1.694544 -0.389251 -0.077965 -0.00004651 -0.00007689 0.83270038 0.55372382
778.200000000 -1.708193 -0.358090 -0.077863 -0.00009366 -0.00009318 0.83808243 0.54554360
778.322000000 -1.709474 -0.360262 -0.078000 -0.00000000 0.00000000 0.83092672 0.55638187
778.447000000 -1.718314 -0.341395 -0.078000 -0.00000000 0.00000000 0.83137348 0.55571408
778.572000000 -1.726582 -0.321981 -0.078000 0.00000000 -0.00000000 0.83163349 0.55532490
778.600000000 -1.730217 -0.313184 -0.077966 0.00002816 0.00007629 0.83162066 0.55534410
778.700000000 -1.743251 -0.281770 -0.077906 -0.00006882 0.00005368 0.83161909 0.55534646
778.822000000 -1.742244 -0.283378 -0.078000 -0.00000000 -0.00000000 0.83168862 0.55524232
778.947000000 -1.751082 -0.265743 -0.078000 0.00000000 -0.00000000 0.82814622 0.56051212
779.000000000 -1.757742 -0.249019 -0.077958 -0.00007938 -0.00003153 0.82513311 0.56493835
779.100000000 -1.763059 -0.238436 -0.077963 0.00004233 0.00003257 0.81954890 0.57300925
779.200000000 -1.774080 -0.206366 -0.077851 0.00021668 0.00025371 0.80905496 0.58773291
779.322000000 -1.771935 -0.205578 -0.078000 -0.00000000 0.00000000 0.80939777 0.58726081
779.447000000 -1.778298 -0.184721 -0.078000 -0.00000000 0.00000000 0.80197955 0.59735149
779.572000000 -1.783815 -0.164245 -0.078000 -0.00000000 0.00000000 0.79440086 0.60739383
779.600000000 -1.786322 -0.155087 -0.077961 -0.00004255 -0.00005052 0.79100193 0.61181365
779.700000000 -1.794254 -0.122097 -0.077864 -0.00006933 0.00001024 0.77865057 0.62745780
779.822000000 -1.793655 -0.122688 -0.078000 -0.00000000 0.00000000 0.77894907 0.62708720
779.947000000 -1.797661 -0.102915 -0.078000 0.00000000 0.00000000 0.77103787 0.63678930
780.072000000 -1.801355 -0.081638 -0.078000 0.00000000 0.00000000 0.76299902 0.64639963
780.100000000 -1.802935 -0.072271 -0.077968 -0.00001518 -0.00000153 0.75938088 0.65064635
780.200000000 -1.807490 -0.038656 -0.077854 -0.00010513 -0.00010204 0.74626371 0.66565040
780.322000000 -1.807396 -0.039598 -0.078000 -0.00000000 -0.00000000 0.74665577 0.66521061
780.447000000 -1.809365 -0.017937 -0.078000 -0.00000000 0.00000000 0.73831179 0.67445956
780.500000000 -1.810833 -0.000020 -0.077941 -0.00001002 -0.00001961 0.73114674 0.68222023
780.600000000 -1.812786 0.012000 -0.077970 0.00007836 0.00009359 0.72599458 0.68770041
780.700000000 -1.813522 0.025000 -0.077997 -0.00000096 -0.00000030 0.72083348 0.69310828
780.822000000 -1.813666 0.045158 -0.078000 0.00000000 0.00000000 0.71253174 0.70163988
780.947000000 -1.781567 0.037197 -0.078000 -0.00000000 0.00000000 0.70269606 0.71149015
781.072000000 -1.780284 0.057970 -0.078000 0.00000000 0.00000000 0.69383478 0.72013423
781.100000000 -1.779951 0.067465 -0.077954 -0.00003733 -0.00004625 0.68980489 0.72399531
781.200000000 -1.777713 0.101295 -0.077825 0.00004755 -0.00009087 0.67524187 0.73759637
781.322000000 -1.778642 0.101462 -0.078000 -0.00000000 0.00000000 0.67563044 0.73724047
781.447000000 -1.776269 0.121345 -0.078000 -0.00000000 -0.00000000 0.66670675 0.74532014
781.572000000 -1.773399 0.143470 -0.078000 -0.00000000 -0.00000000 0.66284181 0.74875946
781.600000000 -1.772216 0.152906 -0.077969 -0.00003304 -0.00004549 0.66125771 0.75015881
781.700000000 -1.767695 0.186586 -0.077862 -0.00014482 -0.00010126 0.65599629 0.75476409
781.822000000 -1.768306 0.184651 -0.078000 0.00000000 -0.00000000 0.66028501 0.75101512
781.947000000 -1.766330 0.205174 -0.078000 0.00000000 -0.00000000 0.66076679 0.75059127
782.072000000 -1.763123 0.226584 -0.078000 0.00000000 0.00000000 0.66070791 0.75064309
782.100000000 -1.761914 0.236020 -0.077962 0.00005135 0.00004009 0.65974142 0.75149268
782.200000000 -1.757461 0.269689 -0.077873 -0.00001615 -0.00000694 0.65594848 0.75480566
782.322000000 -1.758094 0.266252 -0.078000 0.00000000 -0.00000000 0.65206314 0.75816467
782.447000000 -1.753296 0.289969 -0.078000 -0.00000000 0.00000000 0.65279169 0.75753746
782.500000000 -1.750550 0.307777 -0.077961 -0.00012124 -0.00008635 0.65281240 0.75751960
782.600000000 -1.745595 0.341425 -0.077835 -0.00010161 -0.00013602 0.65472644 0.75586590
782.822000000 -1.744331 0.351927 -0.078000 0.00000000 0.00000000 0.67074497 0.74168807
782.947000000 -1.742077 0.373466 -0.078000 -0.00000000 0.00000000 0.67921477 0.73393958
783.072000000 -1.741140 0.394881 -0.078000 -0.00000000 0.00000000 0.68813232 0.72558522
783.100000000 -1.740624 0.404406 -0.077967 -0.00006715 -0.00006880 0.69215677 0.72174718
783.200000000 -1.739895 0.438446 -0.077830 -0.00009107 -0.00022044 0.70634817 0.70786454
783.322000000 -1.739386 0.437617 -0.078000 0.00000000 0.00000000 0.70573226 0.70847864
783.447000000 -1.740494 0.458724 -0.078000 0.00000000 0.00000000 0.71448779 0.69964791
783.572000000 -1.740091 0.479806 -0.078000 -0.00000000 0.00000000 0.72307659 0.69076787
783.600000000 -1.740501 0.489335 -0.077971 -0.00004951 -0.00004730 0.72692040 0.68672173
783.700000000 -1.743182 0.523285 -0.077869 -0.00012430 -0.00020668 0.74046144 0.67209880
783.822000000 -1.744096 0.521619 -0.078000 -0.00000000 0.00000000 0.73997444 0.67263499
783.947000000 -1.746398 0.543401 -0.078000 -0.00000000 -0.00000000 0.74819883 0.66347457
784.000000000 -1.748718 0.561306 -0.077936 0.00001933 0.00002668 0.75516393 0.65553599
784.100000000 -1.750219 0.573803 -0.077956 0.00002226 -0.00003712 0.76007607 0.64983411
784.200000000 -1.753207 0.586547 -0.077996 -0.00000623 -0.00000234 0.76488237 0.64416998
784.322000000 -1.756984 0.606858 -0.078000 -0.00000000 0.00000000 0.77253418 0.63497318
784.447000000 -1.761587 0.625963 -0.078000 0.00000000 0.00000000 0.78042527 0.62524907
784.572000000 -1.765923 0.647239 -0.078000 -0.00000000 0.00000000 0.78818317 0.61544073
784.600000000 -1.768210 0.656496 -0.077964 0.00001067 0.00004574 0.79160582 0.61103210
784.700000000 -1.777456 0.689299 -0.077884 -0.00013803 -0.00002105 0.80362445 0.59513673
784.822000000 -1.778206 0.689422 -0.078000 0.00000000 -0.00000000 0.80321691 0.59568665
784.947000000 -1.783909 0.708857 -0.078000 -0.00000000 0.00000000 0.81054047 0.58568264
785.072000000 -1.791206 0.728795 -0.078000 -0.00000000 0.00000000 0.81777257 0.57554150
785.100000000 -1.794403 0.737780 -0.077970 0.00003281 0.00004762 0.82097149 0.57096918
785.200000000 -1.806844 0.769490 -0.077862 0.00012357 0.00019430 0.83218681 0.55449532
785.322000000 -1.806124 0.767046 -0.078000 0.00000000 -0.00000000 0.83179741 0.55507934
785.447000000 -1.815300 0.787466 -0.078000 0.00000000 0.00000000 0.83865962 0.54465589
785.572000000 -1.824876 0.805952 -0.078000 -0.00000000 0.00000000 0.84537065 0.53418018
785.600000000 -1.828952 0.814577 -0.077971 -0.00005752 -0.00005892 0.84833826 0.52945461
785.700000000 -1.834543 0.825604 -0.077996 0.00000058 -0.00000410 0.85224449 0.52314369
785.822000000 -1.843500 0.844603 -0.078000 -0.00000000 -0.00000000 0.85838469 0.51300655
785.947000000 -1.854484 0.864140 -0.078000 0.00000000 -0.00000000 0.86470857 0.50227392
786.072000000 -1.866515 0.882272 -0.078000 0.00000000 -0.00000000 0.87088165 0.49149278
786.100000000 -1.871422 0.890448 -0.077966 0.00003412 0.00006265 0.87361133 0.48662433
786.200000000 -1.889861 0.919091 -0.077863 -0.00002953 0.00000516 0.88313454 0.46911980
786.322000000 -1.888161 0.917472 -0.078000 -0.00000000 0.00000000 0.88283881 0.46967610
786.447000000 -1.899447 0.935294 -0.078000 -0.00000000 0.00000000 0.88861147 0.45866072
786.572000000 -1.912391 0.952051 -0.078000 -0.00000000 0.00000000 0.89427043 0.44752698
786.600000000 -1.918106 0.959689 -0.077979 -0.00003373 -0.00008387 0.89675353 0.44253033
786.700000000 -1.939359 0.986292 -0.077852 0.00000744 -0.00013383 0.90539288 0.42457475
786.822000000 -1.939906 0.986320 -0.078000 0.00000000 0.00000000 0.90515302 0.42508588
786.947000000 -1.953378 1.002723 -0.078000 0.00000000 -0.00000000 0.91037256 0.41378957
787.072000000 -1.967214 1.018756 -0.078000 0.00000000 0.00000000 0.91546882 0.40238891
787.100000000 -1.973641 1.025803 -0.077970 -0.00002258 -0.00002838 0.91769955 0.39727515
787.200000000 -1.997518 1.050108 -0.077888 -0.00016829 -0.00032346 0.92543386 0.37890901
787.322000000 -1.996852 1.049039 -0.078000 0.00000000 -0.00000000 0.92520547 0.37946651
787.447000000 -2.012592 1.062521 -0.078000 -0.00000000 0.00000000 0.92987175 0.36788386
787.500000000 -2.025775 1.074858 -0.077977 -0.00007172 -0.00016765 0.93370571 0.35804134
787.600000000 -2.051620 1.097036 -0.077834 -0.00003099 -0.00026963 0.94065472 0.33936504
787.700000000 -2.061976 1.105464 -0.077857 0.00006141 0.00011935 0.94317121 0.33230716
787.822000000 -2.061083 1.105625 -0.078000 0.00000000 0.00000000 0.94296602 0.33288900
787.947000000 -2.078497 1.118407 -0.078000 -0.00000000 0.00000000 0.94703591 0.32112769
788.072000000 -2.095050 1.131505 -0.078000 0.00000000 0.00000000 0.95093641 0.30938640
788.100000000 -2.102757 1.137123 -0.077971 0.00000702 -0.00004535 0.95264772 0.30407617
788.200000000 -2.130871 1.156327 -0.077842 0.00008269 0.00003920 0.95851776 0.28503279
788.322000000 -2.130401 1.154421 -0.078000 0.00000000 -0.00000000 0.95836315 0.28555222
788.447000000 -2.148611 1.166157 -0.078000 0.00000000 0.00000000 0.96185486 0.27356029
788.572000000 -2.166894 1.176488 -0.078000 -0.00000000 0.00000000 0.96517862 0.26159171
788.600000000 -2.175112 1.181323 -0.077962 -0.00002171 -0.00007975 0.96662333 0.25620172
788.700000000 -2.205065 1.197571 -0.077874 -0.00008472 -0.00010238 0.97153665 0.23688925
788.822000000 -2.203417 1.196708 -0.078000 0.00000000 -0.00000000 0.97137362 0.23755694
788.947000000 -2.223738 1.206652 -0.078000 0.00000000 -0.00000000 0.97424862 0.22547645
789.000000000 -2.240019 1.214451 -0.077943 0.00002834 0.00009456 0.97657581 0.21517361
789.100000000 -2.250998 1.219976 -0.077975 -0.00003074 -0.00002828 0.97814440 0.20792675
789.200000000 -2.260337 1.226132 -0.077996 0.00000050 -0.00000712 0.97965877 0.20067062
789.322000000 -2.277657 1.234222 -0.078000 0.00000000 -0.00000000 0.98196152 0.18908084
789.447000000 -2.296816 1.241909 -0.078000 0.00000000 -0.00000000 0.98424835 0.17679135
789.572000000 -2.317118 1.248717 -0.078000 -0.00000000 0.00000000 0.98638437 0.16445633
789.600000000 -2.326133 1.251834 -0.077949 0.00001591 0.00005346 0.98728690 0.15894836
789.700000000 -2.358660 1.261939 -0.077857 -0.00000351 -0.00003079 0.99025796 0.13924504
789.822000000 -2.357948 1.263018 -0.078000 -0.00000000 0.00000000 0.99016634 0.13989502
789.947000000 -2.378225 1.268036 -0.078000 -0.00000000 0.00000000 0.99183544 0.12752433
790.072000000 -2.398684 1.272001 -0.078000 0.00000000 0.00000000 0.99334462 0.11518013
790.100000000 -2.407958 1.274154 -0.078018 0.00020218 -0.00081818 0.99396660 0.10967995
790.200000000 -2.441288 1.280184 -0.078198 0.00112479 -0.00341235 0.99595756 0.08975316
790.322000000 -2.440739 1.280236 -0.078000 0.00000000 0.00000000 0.99590974 0.09035374
790.447000000 -2.460649 1.284539 -0.078000 0.00000000 0.00000000 0.99695675 0.07795663
790.572000000 -2.481750 1.287271 -0.078000 0.00000000 0.00000000 0.99784797 0.06557006
790.600000000 -2.491267 1.288623 -0.077983 -0.00038331 0.00037574 0.99819813 0.06000170
790.700000000 -2.525322 1.292217 -0.077999 -0.00116493 0.00141316 0.99919410 0.04009734
790.822000000 -2.524480 1.292920 -0.078000 0.00000000 -0.00000000 0.99917482 0.04061618
790.947000000 -2.545109 1.293880 -0.078000 0.00000000 -0.00000000 0.99960516 0.02809853
791.000000000 -2.563029 1.294925 -0.077648 0.00015275 0.00031281 0.99984584 0.01755474
791.100000000 -2.597008 1.295814 -0.077689 0.00070526 0.00246358 0.99999358 -0.00250551
791.200000000 -2.609404 1.295672 -0.077822 0.00085057 0.00307368 0.99994542 -0.00994941
791.322000000 -2.609056 1.295636 -0.078000 0.00000000 0.00000000 0.99995559 -0.00942450
791.447000000 -2.630107 1.294910 -0.078000 -0.00000000 -0.00000000 0.99975658 -0.02206293
791.572000000 -2.651743 1.292477 -0.078000 0.00000000 -0.00000000 0.99940451 -0.03450531
791.600000000 -2.661330 1.291737 -0.078016 -0.00036029 -0.00043575 0.99919594 -0.04008923
791.700000000 -2.695366 1.288112 -0.077995 -0.00088015 -0.00160868 0.99819747 -0.05998704
791.822000000 -2.693787 1.288995 -0.078000 -0.00000000 0.00000000 0.99824459 -0.05922609
791.947000000 -2.714929 1.285365 -0.078000 -0.00000000 -0.00000000 0.99742778 -0.07167861
792.072000000 -2.736249 1.283464 -0.078000 -0.00000000 0.00000000 0.99646370 -0.08402440
792.100000000 -2.745686 1.281894 -0.077998 -0.00021854 0.00006989 0.99597927 -0.08958369
792.200000000 -2.779153 1.275192 -0.077994 -0.00042349 0.00037047 0.99399597 -0.10941521
792.322000000 -2.779016 1.274935 -0.078000 -0.00000000 0.00000000 0.99406348 -0.10880161
792.447000000 -2.798704 1.270191 -0.078000 0.00000000 -0.00000000 0.99263725 -0.12112507
792.500000000 -2.816209 1.265677 -0.077986 -0.00010746 -0.00003396 0.99130259 -0.13160228
792.600000000 -2.848940 1.256257 -0.077860 -0.00001548 0.00000236 0.98848312 -0.15133117
792.700000000 -2.837539 1.266409 -0.077997 0.00000124 -0.00000577 0.98932563 -0.14572163
792.822000000 -2.859686 1.258972 -0.078000 -0.00000000 -0.00000000 0.98858888 -0.15063873
792.947000000 -2.876088 1.254779 -0.078000 0.00000000 0.00000000 0.98709750 -0.16012033
793.072000000 -2.896981 1.246681 -0.078000 -0.00000000 -0.00000000 0.98747545 -0.15777273
793.100000000 -2.906005 1.243669 -0.077977 -0.00001133 -0.00001187 0.98758976 -0.15705562
793.200000000 -2.938317 1.233149 -0.077881 -0.00001645 -0.00020111 0.98812493 -0.15365245
793.322000000 -2.942174 1.232525 -0.078000 0.00000000 0.00000000 0.98988491 -0.14187269
793.447000000 -2.960410 1.228258 -0.078000 -0.00000000 0.00000000 0.99114587 -0.13277746
793.572000000 -2.979757 1.222897 -0.078000 0.00000000 -0.00000000 0.99275124 -0.12018729
793.600000000 -2.988975 1.220601 -0.077977 -0.00000096 0.00007138 0.99339447 -0.11474935
793.700000000 -3.022143 1.213546 -0.077837 0.00005277 0.00005108 0.99547387 -0.09503563
793.822000000 -3.020799 1.213352 -0.078000 -0.00000000 0.00000000 0.99543336 -0.09545903
793.947000000 -3.042383 1.209731 -0.078000 -0.00000000 0.00000000 0.99654348 -0.08307280
794.072000000 -3.061849 1.206283 -0.078000 -0.00000000 -0.00000000 0.99750105 -0.07065168
794.100000000 -3.071248 1.204918 -0.077970 -0.00001280 0.00003730 0.99787979 -0.06508392
794.200000000 -3.084526 1.204049 -0.077996 0.00000100 0.00000876 0.99834303 -0.05754304
794.322000000 -3.104807 1.202884 -0.078000 -0.00000000 -0.00000000 0.99895796 -0.04563980
794.447000000 -3.128557 1.199941 -0.078000 -0.00000000 0.00000000 0.99943579 -0.03358737
794.572000000 -3.149074 1.198915 -0.078000 0.00000000 0.00000000 0.99951959 -0.03099324
794.600000000 -3.158567 1.198376 -0.077968 0.00001367 -0.00007059 0.99957311 -0.02921619
794.700000000 -3.192508 1.196547 -0.077863 -0.00001237 -0.00010689 0.99968276 -0.02518678
794.822000000 -3.188756 1.196118 -0.078000 0.00000000 0.00000000 0.99952919 -0.03068218
794.947000000 -3.209750 1.195145 -0.078000 -0.00000000 0.00000000 0.99953051 -0.03063924
795.072000000 -3.231129 1.194273 -0.078000 0.00000000 0.00000000 0.99953051 -0.03063920
795.100000000 -3.240630 1.193699 -0.077973 -0.00001736 0.00000178 0.99953005 -0.03065420
795.200000000 -3.274572 1.191576 -0.077880 -0.00005371 -0.00020494 0.99953033 -0.03064424
795.322000000 -3.274103 1.191910 -0.078000 0.00000000 0.00000000 0.99953671 -0.03043627
795.447000000 -3.296775 1.189702 -0.078000 -0.00000000 0.00000000 0.99973250 -0.02312862
795.572000000 -3.315558 1.191470 -0.078000 -0.00000000 -0.00000000 0.99982845 -0.01852204
795.600000000 -3.325057 1.191117 -0.077975 -0.00002205 0.00005766 0.99990281 -0.01394143
795.700000000 -3.358966 1.190778 -0.077874 0.00003286 0.00035112 0.99999273 0.00379584
795.822000000 -3.359046 1.189022 -0.078000 -0.00000000 -0.00000000 0.99995043 0.00995720
795.947000000 -3.381876 1.188567 -0.078000 -0.00000000 0.00000000 0.99975160 0.02228762
796.000000000 -3.399845 1.189531 -0.077933 0.00000110 0.00001170 0.99953605 0.03045776
796.100000000 -3.433705 1.191956 -0.077820 0.00001210 -0.00012227 0.99913403 0.04160733
796.200000000 -3.445147 1.193394 -0.077897 0.00000732 0.00018627 0.99931911 0.03689568
796.322000000 -3.444496 1.192859 -0.078000 0.00000000 0.00000000 0.99954020 0.03032149
796.447000000 -3.465758 1.193793 -0.078000 -0.00000000 0.00000000 0.99979107 0.02044054
796.572000000 -3.484490 1.195252 -0.078000 -0.00000000 -0.00000000 0.99998220 0.00596678
796.600000000 -3.494023 1.195434 -0.077977 0.00000507 -0.00010395 0.99999979 0.00063365
796.700000000 -3.528079 1.194761 -0.077862 0.00002479 -0.00018425 0.99982449 -0.01873355
796.822000000 -3.527733 1.195111 -0.078000 0.00000000 0.00000000 0.99984590 -0.01755492
796.947000000 -3.548729 1.193629 -0.078000 0.00000000 0.00000000 0.99955380 -0.02986962
797.072000000 -3.570887 1.191678 -0.078000 0.00000000 0.00000000 0.99911229 -0.04212644
797.100000000 -3.580388 1.190900 -0.077980 -0.00001744 0.00004391 0.99886117 -0.04771128
797.200000000 -3.614247 1.186959 -0.077909 -0.00009971 -0.00009571 0.99771138 -0.06761651
797.322000000 -3.612606 1.187913 -0.078000 -0.00000000 0.00000000 0.99776288 -0.06685228
797.447000000 -3.634334 1.185287 -0.078000 0.00000000 0.00000000 0.99685937 -0.07919213
797.500000000 -3.652129 1.182246 -0.077942 0.00001364 -0.00016305 0.99596725 -0.08971739
797.600000000 -3.666262 1.179922 -0.077973 -0.00002247 -0.00003129 0.99527894 -0.09705580
797.700000000 -3.699565 1.172728 -0.077880 -0.00005349 0.00014314 0.99333352 -0.11527576
797.822000000 -3.698203 1.171204 -0.078000 0.00000000 0.00000000 0.99412127 -0.10827238
797.947000000 -3.719004 1.167547 -0.078000 -0.00000000 -0.00000000 0.99328272 -0.11571270
798.072000000 -3.738917 1.162853 -0.078000 -0.00000000 -0.00000000 0.99256604 -0.12170726
798.100000000 -3.748163 1.160562 -0.077969 0.00002419 -0.00008252 0.99222841 -0.12442982
798.200000000 -3.781044 1.151811 -0.077861 0.00002850 -0.00019080 0.99093835 -0.13431732
798.322000000 -3.778083 1.151761 -0.078000 -0.00000000 0.00000000 0.99098944 -0.13393999
798.447000000 -3.798005 1.145587 -0.078000 -0.00000000 0.00000000 0.99013724 -0.14010085
798.572000000 -3.817421 1.140096 -0.078000 0.00000000 0.00000000 0.98931417 -0.14579940
798.600000000 -3.826541 1.137365 -0.077983 -0.00003399 0.00002897 0.98917775 -0.14672213
798.700000000 -3.859040 1.127318 -0.077920 -0.00009860 -0.00010402 0.98881032 -0.14917817
798.822000000 -3.859298 1.127710 -0.078000 -0.00000000 -0.00000000 0.98981127 -0.14238558
798.947000000 -3.879281 1.122472 -0.078000 -0.00000000 0.00000000 0.98981828 -0.14233686
799.072000000 -3.900063 1.115639 -0.078000 -0.00000000 0.00000000 0.98980905 -0.14240099
799.100000000 -3.909195 1.112947 -0.077974 -0.00002807 0.00002422 0.98980700 -0.14241524
799.200000000 -3.941822 1.103418 -0.077855 -0.00002470 0.00025569 0.98980469 -0.14243110
799.322000000 -3.940695 1.104474 -0.078000 -0.00000000 0.00000000 0.98980883 -0.14240254
799.447000000 -3.961346 1.099827 -0.078000 -0.00000000 -0.00000000 0.98981132 -0.14238520
799.500000000 -3.978640 1.094778 -0.077935 -0.00001895 0.00015245 0.98981114 -0.14238642
799.600000000 -4.011246 1.085217 -0.077822 0.00006864 0.00014122 0.98981083 -0.14238857
799.700000000 -4.023628 1.080282 -0.077861 0.00001358 -0.00018513 0.98980942 -0.14239828
799.822000000 -4.022635 1.079975 -0.078000 -0.00000000 0.00000000 0.98981478 -0.14236117
799.947000000 -4.043261 1.074604 -0.078000 0.00000000 0.00000000 0.98981888 -0.14233262
800.072000000 -4.062550 1.068732 -0.078000 -0.00000000 0.00000000 0.98982225 -0.14230921
800.100000000 -4.071684 1.066056 -0.077978 -0.00001694 -0.00002575 0.98982224 -0.14230930
800.200000000 -4.104308 1.056439 -0.077891 -0.00006663 -0.00017765 0.98982221 -0.14230935
800.322000000 -4.100760 1.056583 -0.078000 -0.00000000 -0.00000000 0.98984246 -0.14216861
800.447000000 -4.120731 1.051544 -0.078000 0.00000000 0.00000000 0.98985343 -0.14209219
800.572000000 -4.140750 1.045060 -0.078000 -0.00000000 -0.00000000 0.98985283 -0.14209637
800.600000000 -4.149887 1.042387 -0.077970 0.00000862 0.00002702 0.98985277 -0.14209678
800.700000000 -4.182489 1.032796 -0.077853 0.00005962 -0.00017529 0.98985283 -0.14209622
800.822000000 -4.180998 1.033190 -0.078000 -0.00000000 0.00000000 0.98983713 -0.14220568
800.947000000 -4.200731 1.026237 -0.078000 -0.00000000 0.00000000 0.98984405 -0.14215751
801.000000000 -4.218024 1.021152 -0.077951 -0.00003082 -0.00008679 0.98984401 -0.14215776
801.100000000 -4.228972 1.017966 -0.077957 0.00004861 -0.00004130 0.98985485 -0.14208227
801.200000000 -4.261570 1.008428 -0.077811 0.00009299 0.00011660 0.98985487 -0.14208206
801.322000000 -4.260833 1.009017 -0.078000 -0.00000000 -0.00000000 0.98987940 -0.14191113
801.447000000 -4.281189 1.003260 -0.078000 -0.00000000 -0.00000000 0.98989249 -0.14181984
801.572000000 -4.301662 0.998346 -0.078000 -0.00000000 0.00000000 0.99090790 -0.13454193
801.600000000 -4.310814 0.995770 -0.077970 -0.00000948 -0.00004086 0.99131621 -0.13149971
801.700000000 -4.343647 0.987171 -0.077869 0.00000825 -0.00017347 0.99279390 -0.11983422
801.822000000 -4.345300 0.987063 -0.078000 0.00000000 -0.00000000 0.99338257 -0.11485241
801.947000000 -4.366733 0.981535 -0.078000 0.00000000 0.00000000 0.99473989 -0.10243313
802.072000000 -4.388412 0.977142 -0.078000 -0.00000000 0.00000000 0.99595603 -0.08984203
802.100000000 -4.397753 0.975411 -0.077982 -0.00001201 0.00009231 0.99643831 -0.08432490
802.200000000 -4.431296 0.970454 -0.077841 0.00006825 0.00033547 0.99791799 -0.06449466
802.322000000 -4.433596 0.971408 -0.078000 0.00000000 0.00000000 0.99787930 -0.06509148
802.447000000 -4.456355 0.968825 -0.078000 0.00000000 0.00000000 0.99859812 -0.05293193
802.572000000 -4.477994 0.966768 -0.078000 -0.00000000 0.00000000 0.99879608 -0.04905495
802.600000000 -4.487462 0.965879 -0.077958 0.00000019 -0.00007385 0.99888191 -0.04727499
802.700000000 -4.500006 0.964414 -0.077998 -0.00000164 0.00000691 0.99906906 -0.04313949
802.822000000 -4.520624 0.963867 -0.078000 -0.00000000 0.00000000 0.99885058 -0.04793237
802.947000000 -4.542633 0.960802 -0.078000 -0.00000000 0.00000000 0.99840298 -0.05649332
803.072000000 -4.564433 0.958662 -0.078000 0.00000000 0.00000000 0.99807734 -0.06198090
803.100000000 -4.573891 0.957502 -0.077970 -0.00002414 -0.00003520 0.99792470 -0.06439167
803.200000000 -4.607576 0.952768 -0.077865 -0.00000281 -0.00026964 0.99747136 -0.07106914
803.322000000 -4.606464 0.953804 -0.078000 -0.00000000 0.00000000 0.99832913 -0.05778357
803.447000000 -4.628136 0.951621 -0.078000 0.00000000 0.00000000 0.99882070 -0.04855117
803.572000000 -4.649033 0.948442 -0.078000 0.00000000 0.00000000 0.99921166 -0.03969952
803.600000000 -4.658506 0.947688 -0.077971 -0.00000282 0.00005560 0.99940667 -0.03444287
803.700000000 -4.692380 0.945972 -0.077851 0.00001053 -0.00001455 0.99989382 -0.01457225
803.822000000 -4.690616 0.945176 -0.078000 -0.00000000 -0.00000000 0.99989184 -0.01470716
803.947000000 -4.711914 0.944676 -0.078000 -0.00000000 -0.00000000 0.99999762 -0.00218322
804.072000000 -4.732778 0.944870 -0.078000 -0.00000000 0.00000000 0.99994733 0.01026382
804.100000000 -4.742274 0.945047 -0.077966 -0.00000220 0.00007366 0.99987438 0.01584976
804.200000000 -4.776152 0.946830 -0.077875 -0.00001084 0.00002031 0.99935992 0.03577356
804.322000000 -4.776263 0.946463 -0.078000 -0.00000000 0.00000000 0.99937201 0.03543422
804.447000000 -4.798104 0.948797 -0.078000 0.00000000 -0.00000000 0.99884801 0.04798588
804.500000000 -4.815983 0.950671 -0.077943 0.00000110 -0.00010014 0.99828533 0.05853534
804.600000000 -4.828557 0.952314 -0.077970 -0.00001576 0.00004263 0.99782035 0.06598904
804.700000000 -4.862087 0.957506 -0.077888 0.00000836 0.00032058 0.99630704 0.08586141
804.822000000 -4.861974 0.958102 -0.078000 0.00000000 -0.00000000 0.99635614 0.08529030
804.947000000 -4.882901 0.961967 -0.078000 -0.00000000 0.00000000 0.99520501 0.09781097
805.072000000 -4.903810 0.965918 -0.078000 -0.00000000 0.00000000 0.99390504 0.11023959
805.100000000 -4.913081 0.967979 -0.077949 0.00002417 -0.00003715 0.99327431 0.11578493
805.200000000 -4.945921 0.976400 -0.077838 0.00008773 0.00008532 0.99076986 0.13555465
805.322000000 -4.945914 0.976178 -0.078000 0.00000000 -0.00000000 0.99085978 0.13489584
805.447000000 -4.965590 0.980604 -0.078000 -0.00000000 0.00000000 0.98908458 0.14734885
805.572000000 -4.985179 0.987491 -0.078000 -0.00000000 0.00000000 0.98716890 0.15967955
805.600000000 -4.994199 0.990466 -0.077974 -0.00001921 -0.00004447 0.98626250 0.16518561
805.700000000 -5.026051 1.002134 -0.077864 -0.00001682 -0.00012001 0.98277489 0.18480666
805.822000000 -5.025520 1.000864 -0.078000 0.00000000 0.00000000 0.98287478 0.18427471
805.947000000 -5.045284 1.008818 -0.078000 0.00000000 0.00000000 0.98048944 0.19657176
806.000000000 -5.061812 1.015880 -0.077941 0.00001146 -0.00007927 0.97835840 0.20691744
806.100000000 -5.073747 1.022023 -0.077956 0.00002669 0.00009384 0.97678172 0.21423695
806.200000000 -5.085068 1.027367 -0.077997 -0.00000300 -0.00000181 0.97514155 0.22158284
806.322000000 -5.102935 1.037100 -0.078000 0.00000000 0.00000000 0.97242686 0.23320805
806.447000000 -5.121895 1.047135 -0.078000 0.00000000 0.00000000 0.96953264 0.24496217
806.572000000 -5.139886 1.055958 -0.078000 -0.00000000 0.00000000 0.96851838 0.24894205
806.600000000 -5.148204 1.060574 -0.077972 -0.00001562 0.00004375 0.96802619 0.25084914
806.700000000 -5.177770 1.077344 -0.077880 0.00003643 0.00021032 0.96638401 0.25710289
806.822000000 -5.177502 1.076641 -0.078000 -0.00000000 0.00000000 0.96767591 0.25219702
806.947000000 -5.196335 1.088538 -0.078000 -0.00000000 0.00000000 0.96776841 0.25184181
807.072000000 -5.215767 1.098341 -0.078000 0.00000000 -0.00000000 0.96784013 0.25156607
807.100000000 -5.224082 1.102976 -0.077957 0.00002025 -0.00005841 0.96783948 0.25156854
807.200000000 -5.253754 1.119503 -0.077823 0.00011305 -0.00004525 0.96787629 0.25142687
807.322000000 -5.253618 1.120585 -0.078000 0.00000000 0.00000000 0.96804654 0.25077062
807.447000000 -5.272184 1.129348 -0.078000 0.00000000 0.00000000 0.97060117 0.24069350
807.572000000 -5.290158 1.132428 -0.078000 -0.00000000 -0.00000000 0.97220250 0.23414162
807.600000000 -5.298637 1.136771 -0.077963 -0.00001592 -0.00005142 0.97283469 0.23150091
807.700000000 -5.329176 1.151793 -0.077895 -0.00000832 0.00004399 0.97508641 0.22182534
807.822000000 -5.328431 1.152370 -0.078000 0.00000000 -0.00000000 0.97499925 0.22220814
807.947000000 -5.348209 1.161150 -0.078000 0.00000000 -0.00000000 0.97636359 0.21613455
808.000000000 -5.364598 1.168684 -0.077930 -0.00001685 -0.00000321 0.97748949 0.21098411
808.100000000 -5.395730 1.182423 -0.077844 -0.00005406 -0.00023385 0.97954155 0.20124187
808.200000000 -5.407454 1.187708 -0.077815 0.00008389 0.00003392 0.98028337 0.19759681
808.322000000 -5.407702 1.187524 -0.078000 -0.00000000 0.00000000 0.98022570 0.19788276
808.447000000 -5.427511 1.194811 -0.078000 -0.00000000 0.00000000 0.98143300 0.19180528
808.572000000 -5.447194 1.202906 -0.078000 -0.00000000 -0.00000000 0.98260816 0.18569113
808.600000000 -5.456062 1.206390 -0.077961 -0.00000739 -0.00007162 0.98312247 0.18294862
808.700000000 -5.487929 1.218284 -0.077832 0.00005786 -0.00016971 0.98489648 0.17314414
808.822000000 -5.487952 1.218202 -0.078000 -0.00000000 0.00000000 0.98487847 0.17324664
808.947000000 -5.507766 1.224146 -0.078000 0.00000000 -0.00000000 0.98707604 0.16025261
809.072000000 -5.529387 1.233624 -0.078000 -0.00000000 0.00000000 0.98881067 0.14917594
809.100000000 -5.538500 1.236451 -0.077972 -0.00001013 -0.00006976 0.98989167 0.14182552
809.200000000 -5.571482 1.245110 -0.077865 -0.00003011 -0.00034962 0.99343608 0.11438810
809.322000000 -5.569706 1.243173 -0.078000 -0.00000000 0.00000000 0.99405486 0.10888036
809.447000000 -5.589639 1.246834 -0.078000 0.00000000 0.00000000 0.99591957 0.09024523
809.500000000 -5.607463 1.249798 -0.077965 0.00000469 -0.00019375 0.99721893 0.07452757
809.600000000 -5.619731 1.251702 -0.077951 0.00001912 0.00004426 0.99798646 0.06342730
809.700000000 -5.653664 1.255062 -0.077867 -0.00001469 0.00001397 0.99943573 0.03358888
809.822000000 -5.653246 1.255381 -0.078000 -0.00000000 0.00000000 0.99940097 0.03460778
809.947000000 -5.674691 1.256672 -0.078000 0.00000000 0.00000000 0.99987344 0.01590949
810.072000000 -5.696476 1.257581 -0.078000 -0.00000000 0.00000000 0.99999398 -0.00346958
810.100000000 -5.706028 1.257525 -0.077972 -0.00001088 -0.00001829 0.99989713 -0.01434358
810.200000000 -5.740116 1.255446 -0.077861 -0.00005428 0.00005627 0.99847432 -0.05521804
810.322000000 -5.740226 1.253659 -0.078000 -0.00000000 -0.00000000 0.99774469 -0.06712325
810.447000000 -5.760089 1.249755 -0.078000 0.00000000 0.00000000 0.99520585 -0.09780246
810.572000000 -5.780130 1.244665 -0.078000 -0.00000000 -0.00000000 0.99170155 -0.12856145
810.600000000 -5.789393 1.242287 -0.077980 0.00001455 -0.00010455 0.98981902 -0.14233168
810.700000000 -5.821627 1.230992 -0.077849 0.00009975 -0.00020486 0.98151358 -0.19139235
810.822000000 -5.821791 1.230476 -0.078000 0.00000000 0.00000000 0.98184176 -0.18970178
810.947000000 -5.841823 1.222136 -0.078000 -0.00000000 0.00000000 0.97547069 -0.22012934
811.000000000 -5.858003 1.214007 -0.077948 -0.00001563 0.00006081 0.96931878 -0.24580704
811.100000000 -5.868763 1.207955 -0.077967 0.00003453 -0.00007109 0.96467087 -0.26345797
811.200000000 -5.880028 1.204112 -0.077998 -0.00000201 -0.00000319 0.96127284 -0.27559850
811.322000000 -5.897755 1.192983 -0.078000 0.00000000 0.00000000 0.95554952 -0.29483066
811.447000000 -5.914648 1.181283 -0.078000 0.00000000 -0.00000000 0.95065400 -0.31025308
811.572000000 -5.931131 1.166218 -0.078000 -0.00000000 -0.00000000 0.94527511 -0.32627438
811.600000000 -5.938658 1.160363 -0.077957 0.00003438 -0.00002039 0.94332345 -0.33187478
811.700000000 -5.964769 1.138506 -0.077835 0.00010272 -0.00020794 0.93634434 -0.35108292
811.822000000 -5.963830 1.136998 -0.078000 0.00000000 -0.00000000 0.93676347 -0.34996314
811.947000000 -5.979179 1.122501 -0.078000 0.00000000 0.00000000 0.93243129 -0.36134731
812.072000000 -5.994810 1.108171 -0.078000 -0.00000000 0.00000000 0.92793149 -0.37275078
812.100000000 -6.001710 1.101587 -0.077972 -0.00000320 -0.00002121 0.92583886 -0.37791853
812.200000000 -6.025544 1.077252 -0.077885 0.00009959 -0.00021091 0.91849795 -0.39542568
812.322000000 -6.025854 1.080015 -0.078000 0.00000000 0.00000000 0.92134199 -0.38875305
812.447000000 -6.041418 1.067698 -0.078000 0.00000000 0.00000000 0.92089771 -0.38980431
812.572000000 -6.054919 1.050730 -0.078000 0.00000000 0.00000000 0.91986546 -0.39223402
812.600000000 -6.061517 1.043873 -0.077966 -0.00001400 0.00005799 0.91981080 -0.39236220
812.700000000 -6.085044 1.019325 -0.077869 -0.00004550 0.00000240 0.91979325 -0.39240333
812.822000000 -6.084591 1.018477 -0.078000 -0.00000000 0.00000000 0.91989000 -0.39217647
812.947000000 -6.099216 1.003245 -0.078000 0.00000000 0.00000000 0.91992367 -0.39209748
813.000000000 -6.111674 0.990235 -0.077915 0.00005884 -0.00009792 0.91991321 -0.39212201
813.100000000 -6.119895 0.981428 -0.077993 -0.00004299 0.00005537 0.91997566 -0.39197548
813.200000000 -6.143472 0.956934 -0.077861 -0.00006116 0.00008423 0.91997303 -0.39198164
813.322000000 -6.143458 0.957883 -0.078000 -0.00000000 0.00000000 0.92001230 -0.39188950
813.447000000 -6.158412 0.942912 -0.078000 0.00000000 0.00000000 0.92002981 -0.39184838
813.572000000 -6.173857 0.926553 -0.078000 0.00000000 0.00000000 0.92004444 -0.39181403
813.600000000 -6.180446 0.919685 -0.077969 -0.00000592 0.00001914 0.92004454 -0.39181378
813.700000000 -6.204035 0.895211 -0.077860 -0.00014230 0.00028901 0.92047250 -0.39080722
813.822000000 -6.202489 0.897881 -0.078000 0.00000000 0.00000000 0.92296334 -0.38488786
813.947000000 -6.216692 0.880143 -0.078000 -0.00000000 -0.00000000 0.92503264 -0.37988764
814.072000000 -6.232570 0.867971 -0.078000 -0.00000000 0.00000000 0.93071624 -0.36574209
814.100000000 -6.239483 0.861455 -0.077986 -0.00002733 -0.00002455 0.93266042 -0.36075552
814.200000000 -6.265036 0.839126 -0.077880 -0.00001531 -0.00008422 0.93954957 -0.34241291
814.322000000 -6.264190 0.839472 -0.078000 0.00000000 0.00000000 0.93925468 -0.34322100
814.447000000 -6.281406 0.826242 -0.078000 0.00000000 -0.00000000 0.94338508 -0.33169956
814.500000000 -6.295543 0.815113 -0.077950 -0.00007513 0.00001625 0.94683672 -0.32171449
814.600000000 -6.305571 0.808033 -0.077979 0.00000794 0.00005374 0.94920136 -0.31466932
814.700000000 -6.315659 0.799875 -0.077996 0.00000214 -0.00000596 0.95153192 -0.30755001
814.822000000 -6.333056 0.788287 -0.078000 0.00000000 0.00000000 0.95510026 -0.29628280
814.947000000 -6.350609 0.776838 -0.078000 -0.00000000 -0.00000000 0.95873531 -0.28430019
815.072000000 -6.368330 0.764836 -0.078000 -0.00000000 0.00000000 0.96218262 -0.27240522
815.100000000 -6.376408 0.759839 -0.077977 -0.00001400 0.00008673 0.96368782 -0.26703142
815.200000000 -6.405834 0.742979 -0.077855 -0.00002658 0.00028032 0.96881717 -0.24777655
815.322000000 -6.406838 0.744368 -0.078000 0.00000000 0.00000000 0.96867074 -0.24834854
815.447000000 -6.425076 0.734097 -0.078000 0.00000000 0.00000000 0.97169075 -0.23625640
815.572000000 -6.443560 0.725479 -0.078000 -0.00000000 -0.00000000 0.97450451 -0.22436792
815.600000000 -6.452098 0.721303 -0.077965 0.00002491 -0.00001873 0.97547098 -0.22012806
815.700000000 -6.483011 0.707304 -0.077812 0.00006459 0.00013828 0.97839884 -0.20672610
815.822000000 -6.481684 0.704212 -0.078000 0.00000000 0.00000000 0.97572559 -0.21899674
815.947000000 -6.500457 0.696918 -0.078000 0.00000000 0.00000000 0.97615465 -0.21707623
816.072000000 -6.519581 0.689082 -0.078000 -0.00000000 -0.00000000 0.97606353 -0.21748561
816.100000000 -6.528197 0.685040 -0.077960 0.00002030 -0.00007434 0.97604563 -0.21756589
816.200000000 -6.558970 0.670574 -0.077869 -0.00003550 -0.00006861 0.97602509 -0.21765805
816.322000000 -6.558769 0.670537 -0.078000 0.00000000 0.00000000 0.97603059 -0.21763336
816.447000000 -6.578484 0.663375 -0.078000 -0.00000000 -0.00000000 0.97588042 -0.21830575
816.500000000 -6.594784 0.655677 -0.077943 -0.00002116 0.00008997 0.97509058 -0.22180701
816.600000000 -6.625468 0.640913 -0.077836 -0.00010880 0.00033737 0.97286334 -0.23138021
816.700000000 -6.635808 0.632928 -0.077894 -0.00001393 -0.00019952 0.96880786 -0.24781300
816.822000000 -6.628411 0.627691 -0.078000 -0.00000000 -0.00000000 0.96589848 -0.25892107
816.947000000 -6.646666 0.619750 -0.078000 0.00000000 0.00000000 0.96163934 -0.27431692
817.072000000 -6.664570 0.609142 -0.078000 -0.00000000 -0.00000000 0.95627093 -0.29248233
817.100000000 -6.672488 0.603810 -0.077974 0.00000076 -0.00008176 0.95377873 -0.30050979
817.200000000 -6.699861 0.583447 -0.077905 -0.00007027 -0.00010180 0.94434321 -0.32896183
817.322000000 -6.698096 0.584411 -0.078000 -0.00000000 0.00000000 0.94467008 -0.32802201
817.447000000 -6.714068 0.570114 -0.078000 0.00000000 0.00000000 0.93838414 -0.34559399
817.572000000 -6.730015 0.555958 -0.078000 -0.00000000 0.00000000 0.93176343 -0.36306598
817.600000000 -6.737072 0.549525 -0.077971 0.00002207 -0.00009042 0.92869266 -0.37085028
817.700000000 -6.760999 0.525243 -0.077866 0.00019237 -0.00031711 0.91716204 -0.39851430
817.822000000 -6.761847 0.531145 -0.078000 0.00000000 0.00000000 0.91728304 -0.39823588
817.947000000 -6.776525 0.515109 -0.078000 0.00000000 0.00000000 0.90515560 -0.42508040
818.000000000 -6.787815 0.500952 -0.077978 -0.00002238 0.00000573 0.89439073 -0.44728651
818.100000000 -6.793052 0.487380 -0.077961 0.00004662 -0.00003278 0.88389479 -0.46768578
818.200000000 -6.799404 0.475911 -0.077997 0.00000194 -0.00000725 0.87505949 -0.48401538
818.322000000 -6.808826 0.458492 -0.078000 -0.00000000 -0.00000000 -0.86040547 0.50961007
818.447000000 -6.817678 0.436015 -0.078000 0.00000000 -0.00000000 -0.84451146 0.53553748
818.572000000 -6.827469 0.418093 -0.078000 0.00000000 0.00000000 -0.83290329 0.55341856
818.600000000 -6.831156 0.409282 -0.077969 0.00000354 -0.00000114 -0.82726297 0.56181490
818.700000000 -6.842620 0.377167 -0.077869 -0.00012953 0.00023199 -0.80765720 0.58965225
818.822000000 -6.842896 0.380241 -0.078000 0.00000000 0.00000000 -0.81142356 0.58445856
818.947000000 -6.849099 0.359950 -0.078000 0.00000000 0.00000000 -0.80040298 0.59946231
819.072000000 -6.854848 0.339338 -0.078000 -0.00000000 -0.00000000 -0.78902123 0.61436593
819.100000000 -6.857217 0.330090 -0.077970 -0.00006712 0.00009740 -0.78386771 0.62092786
819.200000000 -6.863982 0.296659 -0.077857 -0.00008157 0.00018702 -0.76497854 0.64405573
819.322000000 -6.862876 0.297755 -0.078000 -0.00000000 0.00000000 -0.76557568 0.64334585
819.447000000 -6.866915 0.275803 -0.078000 -0.00000000 -0.00000000 -0.75339265 0.65757092
819.572000000 -6.868570 0.255635 -0.078000 -0.00000000 -0.00000000 -0.74102500 0.67147744
819.600000000 -6.869542 0.246138 -0.077980 0.00001436 -0.00004319 -0.73537829 0.67765682
819.700000000 -6.870630 0.233771 -0.077995 -0.00000660 0.00000541 -0.72784686 0.68573971
819.822000000 -6.873734 0.215201 -0.078000 0.00000000 0.00000000 -0.72012190 0.69384757
819.947000000 -6.872162 0.191086 -0.078000 0.00000000 0.00000000 -0.70978514 0.70441823
820.072000000 -6.872313 0.170282 -0.078000 0.00000000 0.00000000 -0.70639471 0.70781813
820.100000000 -6.872267 0.160757 -0.077993 0.00001658 -0.00003624 -0.70434495 0.70985787
820.200000000 -6.871721 0.126738 -0.077875 -0.00008756 0.00007847 -0.69709646 0.71697735
820.322000000 -6.871617 0.128247 -0.078000 -0.00000000 0.00000000 -0.69729972 0.71677967
820.447000000 -6.870507 0.107516 -0.078000 0.00000000 0.00000000 -0.69290516 0.72102873
820.572000000 -6.875204 0.088022 -0.078000 0.00000000 0.00000000 -0.69332009 0.72062976
820.600000000 -6.874794 0.078512 -0.077982 0.00005782 -0.00003930 -0.69330493 0.72064435
820.700000000 -6.873520 0.044543 -0.077864 0.00012011 -0.00011077 -0.69240590 0.72150818
820.822000000 -6.872591 0.044075 -0.078000 0.00000000 0.00000000 -0.69208634 0.72181473
820.947000000 -6.871492 0.022682 -0.078000 -0.00000000 -0.00000000 -0.69212485 0.72177780
821.072000000 -6.870783 0.000747 -0.078000 0.00000000 -0.00000000 -0.69214275 0.72176064
821.100000000 -6.870379 -0.008764 -0.077956 -0.00005970 0.00003883 -0.69213808 0.72176511
821.200000000 -6.868953 -0.042719 -0.077843 -0.00000985 -0.00002723 -0.69213629 0.72176683
821.322000000 -6.867868 -0.043060 -0.078000 -0.00000000 0.00000000 -0.69210855 0.72179343
821.447000000 -6.867300 -0.063037 -0.078000 -0.00000000 -0.00000000 -0.69208074 0.72182009
821.500000000 -6.866562 -0.081033 -0.077917 0.00005628 -0.00008776 -0.69207949 0.72182128
821.600000000 -6.865146 -0.115003 -0.077835 0.00008387 -0.00002187 -0.69207768 0.72182302
821.700000000 -6.864465 -0.129064 -0.077867 -0.00008066 0.00014526 -0.69212064 0.72178182
821.822000000 -6.864182 -0.126921 -0.078000 0.00000000 -0.00000000 -0.69212705 0.72177569
821.947000000 -6.863088 -0.148434 -0.078000 0.00000000 -0.00000000 -0.69215726 0.72174672
822.072000000 -6.862446 -0.169351 -0.078000 -0.00000000 -0.00000000 -0.69214304 0.72176036
822.100000000 -6.862056 -0.178860 -0.077965 -0.00001424 -0.00001045 -0.69214279 0.72176060
822.200000000 -6.860596 -0.212811 -0.077852 -0.00017484 0.00011627 -0.69214280 0.72176056
822.322000000 -6.860598 -0.211963 -0.078000 -0.00000000 -0.00000000 -0.69210960 0.72179242
822.447000000 -6.859679 -0.233035 -0.078000 0.00000000 0.00000000 -0.69207843 0.72182231
822.572000000 -6.858707 -0.254235 -0.078000 -0.00000000 -0.00000000 -0.69211592 0.72178636
822.600000000 -6.858309 -0.263743 -0.077967 0.00005688 -0.00004465 -0.69211552 0.72178674
822.700000000 -6.856900 -0.297725 -0.077874 0.00009119 0.00003271 -0.69211535 0.72178690
822.822000000 -6.856789 -0.297463 -0.078000 -0.00000000 -0.00000000 -0.69210198 0.72179973
822.947000000 -6.856317 -0.319117 -0.078000 0.00000000 0.00000000 -0.69207130 0.72182914
823.000000000 -6.855531 -0.337120 -0.077956 -0.00009245 0.00011590 -0.69207173 0.72182872
823.100000000 -6.854917 -0.350213 -0.077970 0.00004143 -0.00002509 -0.69206095 0.72183907
823.200000000 -6.854744 -0.362881 -0.077994 0.00000081 -0.00000387 -0.69201433 0.72188376
823.322000000 -6.852999 -0.383364 -0.078000 -0.00000000 -0.00000000 -0.69198884 0.72190820
823.447000000 -6.852040 -0.405545 -0.078000 -0.00000000 -0.00000000 -0.69198654 0.72191040
823.572000000 -6.851224 -0.427423 -0.078000 -0.00000000 -0.00000000 -0.69190708 0.72198656
823.600000000 -6.850813 -0.436931 -0.077965 -0.00005438 0.00003949 -0.69190751 0.72198614
823.700000000 -6.849349 -0.470889 -0.077852 0.00000250 -0.00003335 -0.69190753 0.72198613
823.822000000 -6.848753 -0.470035 -0.078000 -0.00000000 -0.00000000 -0.69182764 0.72206268
823.947000000 -6.848195 -0.491811 -0.078000 0.00000000 -0.00000000 -0.69177669 0.72211150
824.072000000 -6.847081 -0.513748 -0.078000 -0.00000000 0.00000000 -0.69174117 0.72214552
824.100000000 -6.846676 -0.523253 -0.077975 0.00005348 -0.00001458 -0.69229437 0.72161521
824.200000000 -6.845298 -0.557223 -0.077909 0.00005516 0.00011803 -0.69501662 0.71899366
824.322000000 -6.846067 -0.553581 -0.078000 -0.00000000 0.00000000 -0.69904953 0.71507326
824.447000000 -6.845910 -0.573609 -0.078000 -0.00000000 0.00000000 -0.70393877 0.71026066
824.572000000 -6.845752 -0.594436 -0.078000 -0.00000000 0.00000000 -0.70842760 0.70578349
824.600000000 -6.845773 -0.603944 -0.077970 0.00005730 -0.00005153 -0.71037621 0.70382216
824.700000000 -6.846509 -0.637893 -0.077863 0.00021848 -0.00023470 -0.71734692 0.69671608
824.822000000 -6.846556 -0.634048 -0.078000 0.00000000 0.00000000 -0.71692350 0.69715184
824.947000000 -6.847571 -0.656338 -0.078000 0.00000000 0.00000000 -0.71519856 0.69892133
825.000000000 -6.848088 -0.674348 -0.077935 0.00010821 -0.00015266 -0.71559420 0.69851622
825.100000000 -6.848906 -0.708317 -0.077825 0.00009886 -0.00017715 -0.71579739 0.69830799
825.200000000 -6.849068 -0.721305 -0.077858 -0.00020983 0.00021935 -0.71586094 0.69824281
825.322000000 -6.849827 -0.719539 -0.078000 -0.00000000 0.00000000 -0.71597841 0.69812243
825.447000000 -6.849831 -0.740581 -0.078000 0.00000000 0.00000000 -0.71601058 0.69808943
825.572000000 -6.850324 -0.760681 -0.078000 -0.00000000 -0.00000000 -0.71601584 0.69808403
825.600000000 -6.850564 -0.770198 -0.077983 0.00005641 -0.00005238 -0.71601417 0.69808574
825.700000000 -6.851488 -0.804168 -0.077861 0.00014087 -0.00024964 -0.71601413 0.69808573
825.822000000 -6.850203 -0.802490 -0.078000 0.00000000 -0.00000000 -0.71608153 0.69801665
825.947000000 -6.851240 -0.823608 -0.078000 0.00000000 0.00000000 -0.71611828 0.69797895
826.072000000 -6.851639 -0.845255 -0.078000 -0.00000000 0.00000000 -0.71615970 0.69793644
826.100000000 -6.851877 -0.854769 -0.077974 -0.00002181 0.00002523 -0.71616000 0.69793614
826.200000000 -6.852782 -0.888756 -0.077867 0.00013415 -0.00009738 -0.71615951 0.69793663
826.322000000 -6.852589 -0.886674 -0.078000 0.00000000 0.00000000 -0.71618838 0.69790702
826.447000000 -6.853482 -0.907333 -0.078000 -0.00000000 0.00000000 -0.71603861 0.69806067
826.500000000 -6.853947 -0.925356 -0.077945 0.00005459 -0.00007746 -0.71442918 0.69970775
826.600000000 -6.854739 -0.938696 -0.077971 -0.00001220 0.00003233 -0.70860617 0.70560420
826.700000000 -6.854462 -0.972757 -0.077886 -0.00020409 0.00024087 -0.69970273 0.71443403
826.822000000 -6.854550 -0.970918 -0.078000 0.00000000 0.00000000 -0.69526600 0.71875252
826.947000000 -6.853027 -0.992576 -0.078000 0.00000000 0.00000000 -0.68639937 0.72722479
827.072000000 -6.851849 -1.014037 -0.078000 0.00000000 0.00000000 -0.67737327 0.73563949
827.100000000 -6.851083 -1.023542 -0.077961 0.00005532 -0.00005257 -0.67327337 0.73939364
827.200000000 -6.847305 -1.057398 -0.077862 0.00008407 -0.00002554 -0.65839508 0.75267251
827.322000000 -6.847493 -1.057109 -0.078000 0.00000000 0.00000000 -0.65910548 0.75205050
827.447000000 -6.843872 -1.076352 -0.078000 0.00000000 0.00000000 -0.65513315 0.75551344
827.572000000 -6.840898 -1.095486 -0.078000 0.00000000 0.00000000 -0.65387917 0.75659899
827.600000000 -6.839487 -1.104904 -0.077970 -0.00001816 0.00000979 -0.65325322 0.75713950
827.700000000 -6.834424 -1.138510 -0.077864 0.00012927 -0.00012274 -0.65151478 0.75863592
827.822000000 -6.835129 -1.139341 -0.078000 0.00000000 0.00000000 -0.65139837 0.75873590
827.947000000 -6.831555 -1.160666 -0.078000 -0.00000000 0.00000000 -0.65154275 0.75861192
828.000000000 -6.828864 -1.178490 -0.077953 0.00008947 -0.00009125 -0.65020544 0.75975843
828.100000000 -6.826329 -1.190209 -0.077969 -0.00006655 0.00005504 -0.64882606 0.76093675
828.200000000 -6.823453 -1.201681 -0.077997 0.00000117 0.00000231 -0.64243553 0.76633973
828.322000000 -6.821157 -1.222186 -0.078000 -0.00000000 -0.00000000 -0.62968921 0.77684715
828.447000000 -6.817206 -1.243127 -0.078000 -0.00000000 0.00000000 -0.62036016 0.78431707
828.572000000 -6.811900 -1.264024 -0.078000 -0.00000000 0.00000000 -0.61070194 0.79186056
828.600000000 -6.809498 -1.273258 -0.077975 0.00000233 -0.00001839 -0.60630289 0.79523380
828.700000000 -6.799870 -1.305918 -0.077856 -0.00020965 0.00008962 -0.59032919 0.80716256
828.822000000 -6.801266 -1.303323 -0.078000 -0.00000000 -0.00000000 -0.59100946 0.80666463
828.947000000 -6.794288 -1.323843 -0.078000 -0.00000000 -0.00000000 -0.58099387 0.81390793
829.072000000 -6.786908 -1.343563 -0.078000 0.00000000 0.00000000 -0.57084938 0.82105480
829.100000000 -6.783588 -1.352501 -0.077959 -0.00004401 -0.00001765 -0.56626034 0.82422644
829.200000000 -6.770789 -1.384048 -0.077828 0.00005061 -0.00011061 -0.54972461 0.83534594
829.322000000 -6.770664 -1.381981 -0.078000 -0.00000000 -0.00000000 -0.55030638 0.83496281
829.447000000 -6.762230 -1.400597 -0.078000 0.00000000 0.00000000 -0.53991185 0.84172157
829.572000000 -6.753083 -1.420309 -0.078000 0.00000000 -0.00000000 -0.52942631 0.84835593
829.600000000 -6.748910 -1.428886 -0.077973 -0.00007290 0.00006083 -0.52468435 0.85129685
829.700000000 -6.732931 -1.458979 -0.077863 -0.00016812 0.00014977 -0.50761776 0.86158236
829.822000000 -6.733435 -1.457758 -0.078000 0.00000000 0.00000000 -0.50821074 0.86123275
829.947000000 -6.722530 -1.476206 -0.078000 -0.00000000 -0.00000000 -0.49746213 0.86748570
829.967000000 -6.719223 -1.482124 -0.077983 0.00000543 0.00001044 -0.49400208 0.86946072
832.072000000 -6.539165 -1.784196 -0.078000 -0.00000000 -0.00000000 -0.53736830 0.84334768
832.100000000 -6.535128 -1.792805 -0.077975 -0.00003714 0.00004088 -0.53971976 0.84184474
832.200000000 -6.521229 -1.823803 -0.077897 0.00010692 0.00001864 -0.54808116 0.83642515
832.322000000 -6.522614 -1.823821 -0.078000 -0.00000000 -0.00000000 -0.54789777 0.83654530
832.447000000 -6.514328 -1.842960 -0.078000 -0.00000000 -0.00000000 -0.55312152 0.83310058
832.572000000 -6.505893 -1.862475 -0.078000 -0.00000000 -0.00000000 -0.55834051 0.82961188
832.600000000 -6.502305 -1.871279 -0.077966 -0.00000198 -0.00003121 -0.56050576 0.82815052
832.700000000 -6.489988 -1.902929 -0.077847 -0.00013851 0.00001712 -0.56629867 0.82420009
832.822000000 -6.488808 -1.900420 -0.078000 -0.00000000 -0.00000000 -0.56004547 0.82846187
832.947000000 -6.482157 -1.921395 -0.078000 -0.00000000 -0.00000000 -0.55401448 0.83250703
833.072000000 -6.472368 -1.937782 -0.078000 -0.00000000 0.00000000 -0.54976098 0.83532201
833.100000000 -6.468605 -1.946535 -0.077963 0.00004843 -0.00003094 -0.54735426 0.83690102
833.200000000 -6.454639 -1.977572 -0.077885 -0.00002858 0.00005468 -0.53897783 0.84231995
833.322000000 -6.454776 -1.972094 -0.078000 -0.00000000 -0.00000000 -0.53882919 0.84241505
833.447000000 -6.446480 -1.990082 -0.078000 -0.00000000 0.00000000 -0.53343561 0.84584068
833.500000000 -6.438607 -2.006313 -0.077941 -0.00008166 0.00007842 -0.52894798 0.84865424
833.600000000 -6.423368 -2.036748 -0.077858 0.00005787 0.00002228 -0.52045382 0.85388982
833.700000000 -6.418366 -2.047876 -0.077845 -0.00000100 -0.00010937 -0.51715734 0.85589034
833.822000000 -6.417760 -2.046066 -0.078000 -0.00000000 0.00000000 -0.51720511 0.85586148
833.947000000 -6.407292 -2.064649 -0.078000 -0.00000000 -0.00000000 -0.51175549 0.85913114
834.072000000 -6.397637 -2.082892 -0.078000 0.00000000 -0.00000000 -0.50638408 0.86230804
834.100000000 -6.392998 -2.091212 -0.077969 0.00003178 -0.00003510 -0.50397660 0.86371731
834.200000000 -6.376011 -2.120696 -0.077858 0.00014987 -0.00007069 -0.49517049 0.86879581
834.322000000 -6.379957 -2.122013 -0.078000 0.00000000 -0.00000000 -0.48961521 0.87193861
834.447000000 -6.367699 -2.139268 -0.078000 -0.00000000 -0.00000000 -0.48103675 0.87670043
834.572000000 -6.355586 -2.155335 -0.078000 0.00000000 0.00000000 -0.46937463 0.88299912
834.600000000 -6.350274 -2.163263 -0.077980 -0.00009423 0.00004612 -0.46338033 0.88615950
834.700000000 -6.330173 -2.190785 -0.077854 -0.00020700 0.00003507 -0.44104232 0.89748628
834.822000000 -6.331569 -2.191633 -0.078000 -0.00000000 -0.00000000 -0.43613654 0.89988050
834.947000000 -6.318145 -2.208256 -0.078000 -0.00000000 -0.00000000 -0.41922440 0.90788265
835.000000000 -6.306235 -2.221854 -0.077945 0.00003074 0.00000774 -0.40469405 0.91445215
835.100000000 -6.298758 -2.230781 -0.077986 -0.00004062 0.00003548 -0.39444259 0.91892059
835.200000000 -6.289507 -2.240648 -0.077995 -0.00000701 0.00000051 -0.38407562 0.92330164
835.322000000 -6.274944 -2.254535 -0.078000 0.00000000 -0.00000000 -0.36751583 0.93001727
835.447000000 -6.258469 -2.269411 -0.078000 -0.00000000 0.00000000 -0.35007421 0.93672197
835.572000000 -6.240969 -2.279545 -0.078000 -0.00000000 0.00000000 -0.33938123 0.94064891
835.600000000 -6.233618 -2.285614 -0.077960 0.00004885 -0.00002315 -0.33438774 0.94243559
835.700000000 -6.206792 -2.306578 -0.077868 -0.00000721 0.00004618 -0.31725038 0.94834181
835.822000000 -6.207562 -2.307872 -0.078000 -0.00000000 -0.00000000 -0.32318764 0.94633490
835.947000000 -6.191100 -2.321488 -0.078000 0.00000000 -0.00000000 -0.32537673 0.94558447
836.072000000 -6.174259 -2.334406 -0.078000 -0.00000000 -0.00000000 -0.33139608 0.94349173
836.100000000 -6.166811 -2.340314 -0.077970 0.00007133 -0.00000008 -0.33468456 0.94233022
836.200000000 -6.140731 -2.362040 -0.077874 0.00015742 -0.00001831 -0.34683487 0.93792620
836.322000000 -6.141510 -2.361797 -0.078000 0.00000000 -0.00000000 -0.35193334 0.93602507
836.447000000 -6.124395 -2.374184 -0.078000 0.00000000 0.00000000 -0.37060921 0.92878890
836.572000000 -6.110162 -2.390475 -0.078000 0.00000000 0.00000000 -0.38539795 0.92275046
836.600000000 -6.103489 -2.397220 -0.077972 0.00008092 -0.00002980 -0.39323137 0.91943955
836.700000000 -6.095908 -2.407227 -0.077997 -0.00000070 0.00000067 -0.40364399 0.91491613
836.822000000 -6.083077 -2.422692 -0.078000 0.00000000 -0.00000000 -0.42008531 0.90748462
836.947000000 -6.069135 -2.450648 -0.078000 0.00000000 -0.00000000 -0.43847321 0.89874426
837.072000000 -6.054715 -2.463903 -0.078000 0.00000000 0.00000000 -0.45475176 0.89061823
837.100000000 -6.049106 -2.471565 -0.077965 -0.00001059 -0.00000228 -0.46010569 0.88786415
837.200000000 -6.030209 -2.499753 -0.077856 0.00020264 -0.00012015 -0.47740030 0.87868589
837.322000000 -6.031893 -2.500547 -0.078000 0.00000000 0.00000000 -0.46546699 0.88506524
837.447000000 -6.019364 -2.518926 -0.078000 -0.00000000 -0.00000000 -0.47154311 0.88184301
837.572000000 -6.008169 -2.537202 -0.078000 0.00000000 0.00000000 -0.47721735 0.87878530
837.600000000 -6.002994 -2.545179 -0.077974 0.00003036 0.00002259 -0.47968356 0.87744155
837.700000000 -5.984911 -2.573947 -0.077884 -0.00005426 0.00013509 -0.48845377 0.87258976
837.822000000 -5.985746 -2.573156 -0.078000 0.00000000 0.00000000 -0.48830743 0.87267168
837.947000000 -5.975055 -2.592348 -0.078000 -0.00000000 0.00000000 -0.49385227 0.86954582
838.072000000 -5.963352 -2.609503 -0.078000 -0.00000000 -0.00000000 -0.50574730 0.86268168
838.100000000 -5.958658 -2.617760 -0.077985 0.00008940 -0.00004940 -0.51058697 0.85982611
838.200000000 -5.943094 -2.647888 -0.077847 0.00018175 -0.00020132 -0.52687168 0.84994480
838.322000000 -5.944304 -2.646975 -0.078000 0.00000000 0.00000000 -0.52608472 0.85043216
838.447000000 -5.934834 -2.665073 -0.078000 -0.00000000 0.00000000 -0.53663024 0.84381751
838.500000000 -5.927239 -2.681373 -0.077960 -0.00005125 0.00001975 -0.54554802 0.83807956
838.600000000 -5.914137 -2.712641 -0.077824 -0.00011891 -0.00002514 -0.56215313 0.82703315
838.700000000 -5.909896 -2.724460 -0.077870 0.00020385 -0.00013535 -0.56834345 0.82279139
838.822000000 -5.909715 -2.722776 -0.078000 -0.00000000 -0.00000000 -0.56784430 0.82313598
838.947000000 -5.903211 -2.744982 -0.078000 0.00000000 -0.00000000 -0.57211779 0.82017147
839.072000000 -5.895759 -2.764059 -0.078000 -0.00000000 -0.00000000 -0.57831124 0.81581623
839.100000000 -5.892582 -2.773022 -0.077973 -0.00007003 0.00004325 -0.58047840 0.81427564
839.200000000 -5.881792 -2.805216 -0.077858 -0.00004361 0.00000789 -0.58855457 0.80845749
839.322000000 -5.881781 -2.804321 -0.078000 -0.00000000 0.00000000 -0.58835211 0.80860484
839.447000000 -5.875286 -2.824132 -0.078000 0.00000000 -0.00000000 -0.59333574 0.80495509
839.572000000 -5.868569 -2.844139 -0.078000 -0.00000000 -0.00000000 -0.59828150 0.80128599
839.600000000 -5.865834 -2.853247 -0.077854 0.00010493 -0.00009954 -0.60052623 0.79960505
839.700000000 -5.856991 -2.885895 -0.077498 0.00149377 -0.00211405 -0.60842455 0.79360750
839.822000000 -5.858416 -2.885667 -0.078000 0.00000000 -0.00000000 -0.60817787 0.79380078
839.947000000 -5.851946 -2.904210 -0.078000 0.00000000 0.00000000 -0.61286922 0.79018435
840.000000000 -5.847359 -2.921657 -0.078156 -0.00057010 0.00064596 -0.61371932 0.78952382
840.100000000 -5.844099 -2.934044 -0.078018 -0.00015060 0.00066494 -0.61044277 0.79206008
840.200000000 -5.840845 -2.947430 -0.077997 -0.00000103 0.00007104 -0.61044419 0.79205927
840.322000000 -5.834771 -2.966976 -0.078000 -0.00000000 -0.00000000 -0.61035601 0.79212723
840.447000000 -5.829911 -2.988591 -0.078000 -0.00000000 0.00000000 -0.61041264 0.79208359
840.572000000 -5.824362 -3.008737 -0.078000 -0.00000000 0.00000000 -0.61043077 0.79206961
840.600000000 -5.821955 -3.017873 -0.077981 -0.00007114 -0.00013700 -0.61043336 0.79206761
840.700000000 -5.813318 -3.050755 -0.077913 0.00011970 -0.00004924 -0.61043215 0.79206854
840.822000000 -5.814957 -3.048862 -0.078000 0.00000000 -0.00000000 -0.61045203 0.79205323
840.947000000 -5.809437 -3.070008 -0.078000 -0.00000000 0.00000000 -0.61045692 0.79204946
841.072000000 -5.803617 -3.090364 -0.078000 0.00000000 -0.00000000 -0.61039113 0.79210016
841.100000000 -5.801084 -3.099482 -0.077955 -0.00051066 0.00002886 -0.61040118 0.79209225
841.200000000 -5.792435 -3.132184 -0.077855 -0.00092661 -0.00067017 -0.61043292 0.79206713
841.322000000 -5.793788 -3.130072 -0.078000 0.00000000 0.00000000 -0.61048070 0.79203113
841.447000000 -5.789032 -3.151059 -0.078000 0.00000000 0.00000000 -0.61050881 0.79200946
841.572000000 -5.784123 -3.171595 -0.078000 0.00000000 0.00000000 -0.61054024 0.79198524
841.600000000 -5.781739 -3.180896 -0.077965 0.00033738 0.00004438 -0.61053731 0.79198742
841.700000000 -5.773202 -3.213767 -0.077819 0.00076604 -0.00037985 -0.61052748 0.79199461
841.822000000 -5.773957 -3.212743 -0.078000 -0.00000000 -0.00000000 -0.61057601 0.79195766
841.947000000 -5.768276 -3.233453 -0.078000 0.00000000 0.00000000 -0.61058477 0.79195091
842.000000000 -5.763699 -3.250809 -0.077967 0.00005004 0.00015506 -0.61058646 0.79194959
842.100000000 -5.754966 -3.283939 -0.077994 0.00062158 0.00110944 -0.61058822 0.79194723
842.200000000 -5.751645 -3.296538 -0.078099 0.00045399 0.00110989 -0.61058920 0.79194658
842.322000000 -5.751347 -3.294896 -0.078000 0.00000000 0.00000000 -0.61062529 0.79191967
842.447000000 -5.745751 -3.316009 -0.078000 -0.00000000 0.00000000 -0.61062075 0.79192317
842.572000000 -5.740181 -3.336046 -0.078000 0.00000000 0.00000000 -0.61060345 0.79193650
842.600000000 -5.737764 -3.345273 -0.077972 0.00007097 -0.00003914 -0.61060268 0.79193709
842.700000000 -5.729162 -3.378116 -0.077778 -0.00001352 -0.00024115 -0.61060140 0.79193805
842.822000000 -5.730459 -3.375795 -0.078000 0.00000000 0.00000000 -0.61061743 0.79192572
842.947000000 -5.725257 -3.396265 -0.078000 -0.00000000 -0.00000000 -0.61062743 0.79191801
843.072000000 -5.719648 -3.417335 -0.078000 0.00000000 0.00000000 -0.61065229 0.79189884
843.100000000 -5.717226 -3.426539 -0.077975 0.00002437 -0.00001818 -0.61065223 0.79189889
843.200000000 -5.708627 -3.459423 -0.077870 0.00014414 -0.00013936 -0.61065159 0.79189936
843.322000000 -5.709033 -3.458064 -0.078000 0.00000000 0.00000000 -0.61072647 0.79184164
843.447000000 -5.703422 -3.478994 -0.078000 -0.00000000 0.00000000 -0.61073086 0.79183825
843.500000000 -5.698854 -3.496411 -0.077927 -0.00002151 -0.00005015 -0.61073042 0.79183859
843.600000000 -5.690196 -3.529271 -0.077812 -0.00015372 0.00002548 -0.61073081 0.79183827
843.700000000 -5.686847 -3.541325 -0.077896 0.00018990 -0.00007861 -0.61071733 0.79184866
843.822000000 -5.687290 -3.540690 -0.078000 0.00000000 0.00000000 -0.61073432 0.79183558
843.947000000 -5.681946 -3.560711 -0.078000 0.00000000 -0.00000000 -0.61073406 0.79183579
844.072000000 -5.676635 -3.580396 -0.078000 0.00000000 0.00000000 -0.61072823 0.79184028
844.100000000 -5.674214 -3.589603 -0.077971 -0.00004794 0.00004034 -0.61072853 0.79184005
844.200000000 -5.665562 -3.622475 -0.077840 0.00000726 -0.00001086 -0.61072811 0.79184037
844.322000000 -5.666107 -3.622294 -0.078000 0.00000000 0.00000000 -0.61072416 0.79184342
844.447000000 -5.660910 -3.642634 -0.078000 0.00000000 0.00000000 -0.61073211 0.79183729
844.572000000 -5.655303 -3.663406 -0.078000 0.00000000 -0.00000000 -0.61074109 0.79183036
844.600000000 -5.652890 -3.672614 -0.077983 0.00000177 0.00003779 -0.61074096 0.79183046
844.700000000 -5.644220 -3.705497 -0.077891 -0.00008533 0.00013332 -0.61074101 0.79183041
844.822000000 -5.644096 -3.703979 -0.078000 -0.00000000 -0.00000000 -0.61073129 0.79183792
844.947000000 -5.638495 -3.725207 -0.078000 0.00000000 0.00000000 -0.61074864 0.79182454
845.072000000 -5.632430 -3.745611 -0.078000 0.00000000 -0.00000000 -0.61075160 0.79182225
845.100000000 -5.630015 -3.754820 -0.077961 0.00002171 -0.00003386 -0.61075134 0.79182246
845.200000000 -5.626338 -3.766782 -0.077996 -0.00000602 0.00000288 -0.61068806 0.79187126
845.322000000 -5.621042 -3.785886 -0.078000 -0.00000000 0.00000000 -0.61057614 0.79195756
845.447000000 -5.617527 -3.802177 -0.078000 -0.00000000 -0.00000000 -0.61562506 0.78803921
845.572000000 -5.611446 -3.826941 -0.078000 -0.00000000 -0.00000000 -0.61015977 0.79227840
845.600000000 -5.609069 -3.836154 -0.077966 0.00000306 -0.00003408 -0.61015997 0.79227824
845.700000000 -5.600374 -3.869007 -0.077846 0.00015105 -0.00015959 -0.60911786 0.79307968
845.822000000 -5.600238 -3.864828 -0.078000 -0.00000000 -0.00000000 -0.60942354 0.79284484
845.947000000 -5.595788 -3.884445 -0.078000 0.00000000 -0.00000000 -0.60516612 0.79609922
846.072000000 -5.589509 -3.902925 -0.078000 -0.00000000 -0.00000000 -0.59960991 0.80029242
846.100000000 -5.586839 -3.912076 -0.077967 -0.00005635 0.00002386 -0.59630245 0.80275986
846.200000000 -5.576608 -3.944550 -0.077846 -0.00001188 -0.00006013 -0.58370724 0.81196420
846.322000000 -5.576121 -3.944740 -0.078000 0.00000000 0.00000000 -0.57897750 0.81534352
846.447000000 -5.568815 -3.964922 -0.078000 0.00000000 0.00000000 -0.56845427 0.82271486
846.572000000 -5.561788 -3.986164 -0.078000 0.00000000 -0.00000000 -0.55799169 0.82984653
846.600000000 -5.558214 -3.995003 -0.077970 -0.00005648 0.00003506 -0.55333397 0.83295949
846.700000000 -5.544317 -4.026118 -0.077869 -0.00012967 0.00015642 -0.53660368 0.84383437
846.822000000 -5.545111 -4.025819 -0.078000 -0.00000000 -0.00000000 -0.53676499 0.84373180
846.947000000 -5.535905 -4.044623 -0.078000 0.00000000 0.00000000 -0.52606234 0.85044601
847.000000000 -5.527709 -4.060723 -0.077966 0.00009570 -0.00003104 -0.51570760 0.85676465
847.100000000 -5.511150 -4.090509 -0.077837 0.00004286 0.00000858 -0.49303194 0.87001121
847.200000000 -5.501961 -4.102513 -0.077868 -0.00034464 0.00018701 -0.47644503 0.87920417
847.322000000 -5.503239 -4.104702 -0.078000 0.00000000 0.00000000 -0.47191278 0.88164524
847.447000000 -5.491383 -4.124260 -0.078000 -0.00000000 -0.00000000 -0.45009193 0.89298223
847.572000000 -5.478486 -4.141000 -0.078000 0.00000000 -0.00000000 -0.42774894 0.90389758
847.600000000 -5.472455 -4.148407 -0.077975 0.00001371 -0.00000679 -0.41765218 0.90860699
847.700000000 -5.449260 -4.173446 -0.077882 -0.00018436 0.00011226 -0.38113092 0.92452105
847.822000000 -5.450818 -4.174626 -0.078000 0.00000000 0.00000000 -0.38213387 0.92410698
847.947000000 -5.435361 -4.188501 -0.078000 0.00000000 0.00000000 -0.35899525 0.93333939
848.072000000 -5.419360 -4.202993 -0.078000 -0.00000000 -0.00000000 -0.33564703 0.94198783
848.100000000 -5.411986 -4.209070 -0.077974 0.00001623 0.00001832 -0.32511450 0.94567466
848.200000000 -5.384237 -4.228961 -0.077867 -0.00002100 0.00005370 -0.28717391 0.95787846
848.322000000 -5.384532 -4.228635 -0.078000 -0.00000000 -0.00000000 -0.28838079 0.95751581
848.447000000 -5.366767 -4.239164 -0.078000 -0.00000000 -0.00000000 -0.26441764 0.96440827
848.500000000 -5.351026 -4.248090 -0.077950 -0.00011929 0.00006308 -0.24399046 0.96977762
848.600000000 -5.340073 -4.254464 -0.077951 -0.00004879 0.00000489 -0.22945505 0.97331926
848.700000000 -5.328952 -4.259622 -0.077996 0.00000534 -0.00000151 -0.21494201 0.97662681
848.822000000 -5.310513 -4.268308 -0.078000 0.00000000 0.00000000 -0.19171991 0.98144968
848.947000000 -5.290826 -4.277010 -0.078000 0.00000000 0.00000000 -0.16721667 0.98592017
849.072000000 -5.270933 -4.283408 -0.078000 -0.00000000 0.00000000 -0.14265129 0.98977301
849.100000000 -5.261785 -4.286148 -0.077970 -0.00008593 0.00000753 -0.13261862 0.99116714
849.200000000 -5.228550 -4.293844 -0.077862 -0.00037742 0.00009004 -0.09704310 0.99528010
849.322000000 -5.230381 -4.293246 -0.078000 -0.00000000 -0.00000000 -0.11022592 0.99390656
849.447000000 -5.209159 -4.297877 -0.078000 0.00000000 -0.00000000 -0.09446373 0.99552830
849.585000000 -5.184351 -4.302263 -0.077989 0.00000376 0.00000607 -0.08700585 0.99620780
849.600000000 -5.179303 -4.303128 -0.077974 -0.00001429 0.00001664 -0.08515943 0.99636734
849.700000000 -5.145698 -4.308380 -0.077888 -0.00020242 0.00000280 -0.07469594 0.99720634
849.822000000 -5.146026 -4.307825 -0.078000 0.00000000 0.00000000 -0.08145886 0.99667670
849.947000000 -5.124518 -4.311222 -0.078000 -0.00000000 -0.00000000 -0.08034123 0.99676742
850.072000000 -5.103361 -4.315531 -0.078000 0.00000000 0.00000000 -0.08046492 0.99675744
850.100000000 -5.093969 -4.317059 -0.077961 0.00006470 -0.00000670 -0.08049273 0.99675519
850.200000000 -5.060407 -4.322513 -0.077871 -0.00003208 0.00003789 -0.08049215 0.99675524
850.322000000 -5.061380 -4.323504 -0.078000 -0.00000000 -0.00000000 -0.08063572 0.99674364
850.447000000 -5.040575 -4.326328 -0.078000 0.00000000 -0.00000000 -0.08070646 0.99673791
850.500000000 -5.022793 -4.329202 -0.077950 -0.00012772 -0.00000484 -0.08071285 0.99673739
850.600000000 -4.989228 -4.334655 -0.077843 -0.00012363 0.00007593 -0.08071938 0.99673686
850.700000000 -4.976832 -4.336368 -0.077870 0.00017424 -0.00001422 -0.08079715 0.99673055
850.822000000 -4.977868 -4.337616 -0.078000 0.00000000 0.00000000 -0.08091075 0.99672135
850.947000000 -4.956908 -4.340436 -0.078000 0.00000000 0.00000000 -0.08097907 0.99671580
851.072000000 -4.936074 -4.343966 -0.078000 0.00000000 0.00000000 -0.08101826 0.99671262
851.100000000 -4.926679 -4.345492 -0.077972 -0.00004226 0.00000972 -0.08101886 0.99671257
851.200000000 -4.893126 -4.350994 -0.077890 0.00010500 0.00002553 -0.08101899 0.99671255
851.322000000 -4.894715 -4.352200 -0.078000 -0.00000000 -0.00000000 -0.08109841 0.99670610
851.447000000 -4.874143 -4.355159 -0.078000 -0.00000000 -0.00000000 -0.08114823 0.99670204
851.572000000 -4.853642 -4.357659 -0.078000 -0.00000000 -0.00000000 -0.08117826 0.99669960
851.600000000 -4.844248 -4.359199 -0.077977 -0.00005815 -0.00000749 -0.08117858 0.99669957
851.700000000 -4.810709 -4.364677 -0.077858 -0.00007227 -0.00003858 -0.08117834 0.99669959
851.822000000 -4.811955 -4.363678 -0.078000 -0.00000000 -0.00000000 -0.08123313 0.99669513
851.947000000 -4.790974 -4.366482 -0.078000 0.00000000 0.00000000 -0.08120263 0.99669761
852.000000000 -4.773189 -4.369402 -0.077954 0.00002832 0.00003017 -0.08120321 0.99669757
852.100000000 -4.760406 -4.373000 -0.077976 0.00004199 -0.00004261 -0.08125147 0.99669363
852.200000000 -4.726883 -4.378489 -0.077850 -0.00010785 -0.00008447 -0.08125123 0.99669364
852.322000000 -4.728342 -4.377702 -0.078000 -0.00000000 0.00000000 -0.08125482 0.99669336
852.447000000 -4.707530 -4.381385 -0.078000 -0.00000000 0.00000000 -0.08123921 0.99669463
852.572000000 -4.687492 -4.384999 -0.078000 0.00000000 -0.00000000 -0.08125091 0.99669368
852.600000000 -4.678099 -4.386539 -0.077970 0.00008728 0.00000286 -0.08125050 0.99669371
852.700000000 -4.644564 -4.392104 -0.077863 0.00024932 -0.00002501 -0.08124956 0.99669376
852.822000000 -4.646979 -4.391257 -0.078000 -0.00000000 -0.00000000 -0.08126559 0.99669248
852.947000000 -4.626521 -4.395533 -0.078000 0.00000000 0.00000000 -0.08124572 0.99669410
853.072000000 -4.605850 -4.398170 -0.078000 -0.00000000 0.00000000 -0.08115403 0.99670157
853.100000000 -4.596454 -4.399720 -0.077970 -0.00008824 0.00001224 -0.07991799 0.99680144
853.200000000 -4.562843 -4.405005 -0.077863 -0.00033058 0.00001788 -0.07466119 0.99720890
853.322000000 -4.562681 -4.403804 -0.078000 0.00000000 0.00000000 -0.06896859 0.99761883
853.447000000 -4.541856 -4.406921 -0.078000 -0.00000000 0.00000000 -0.06271212 0.99803166
853.500000000 -4.523949 -4.409060 -0.077950 -0.00019928 -0.00000536 -0.05733509 0.99835497
853.600000000 -4.511879 -4.410252 -0.077970 0.00003125 -0.00000036 -0.05363682 0.99856051
853.700000000 -4.499136 -4.411124 -0.077996 0.00000165 -0.00000240 -0.04990969 0.99875373
853.822000000 -4.479325 -4.413235 -0.078000 -0.00000000 -0.00000000 -0.04396875 0.99903291
853.947000000 -4.458041 -4.415082 -0.078000 -0.00000000 -0.00000000 -0.03775088 0.99928718
854.072000000 -4.437065 -4.416467 -0.078000 0.00000000 0.00000000 -0.03154709 0.99950227
854.100000000 -4.427558 -4.417069 -0.077958 -0.00003524 -0.00001407 -0.02875895 0.99958638
854.200000000 -4.364386 -4.396078 -0.077845 0.00012113 -0.00004339 -0.01523136 0.99988399
854.322000000 -4.365894 -4.396326 -0.078000 -0.00000000 -0.00000000 -0.01557817 0.99987865
854.447000000 -4.344526 -4.397693 -0.078000 -0.00000000 0.00000000 -0.00938561 0.99995595
854.572000000 -4.323537 -4.398208 -0.078000 -0.00000000 -0.00000000 -0.00314926 0.99999504
854.600000000 -4.314008 -4.398275 -0.077978 -0.00008432 0.00001039 -0.00035944 0.99999993
854.700000000 -4.279969 -4.397924 -0.077874 -0.00020124 0.00006417 0.00960438 0.99995385
854.822000000 -4.281495 -4.397503 -0.078000 0.00000000 0.00000000 0.00928227 0.99995692
854.947000000 -4.260778 -4.397198 -0.078000 0.00000000 -0.00000000 0.01551795 0.99987959
855.072000000 -4.239668 -4.396958 -0.078000 0.00000000 -0.00000000 0.02172806 0.99976392
855.100000000 -4.230149 -4.396561 -0.077955 -0.00000776 -0.00002284 0.02451712 0.99969941
855.200000000 -4.196193 -4.394497 -0.077837 -0.00021405 -0.00005308 0.03447703 0.99940547
855.322000000 -4.197765 -4.393502 -0.078000 0.00000000 0.00000000 0.03412698 0.99941750
855.447000000 -4.176863 -4.392490 -0.078000 0.00000000 0.00000000 0.04033127 0.99918636
855.500000000 -4.158903 -4.390936 -0.077931 -0.00006966 -0.00004062 0.04560662 0.99895947
855.600000000 -4.147032 -4.389941 -0.077969 0.00005094 0.00001198 0.04931984 0.99878303
855.700000000 -4.113192 -4.386250 -0.077897 -0.00010003 0.00004918 0.05926915 0.99824203
855.822000000 -4.120041 -4.385927 -0.078000 -0.00000000 0.00000000 0.05898898 0.99825863
855.947000000 -4.101896 -4.383486 -0.078000 -0.00000000 -0.00000000 0.06516982 0.99787419
856.072000000 -4.081733 -4.380812 -0.078000 0.00000000 -0.00000000 0.07133409 0.99745248
856.100000000 -4.072304 -4.379456 -0.077963 0.00002723 -0.00001968 0.07411643 0.99724959
856.200000000 -4.038702 -4.374151 -0.077846 0.00017549 -0.00000916 0.08405071 0.99646146
856.322000000 -4.041911 -4.373476 -0.078000 0.00000000 0.00000000 0.08364082 0.99649597
856.447000000 -4.020993 -4.370238 -0.078000 0.00000000 -0.00000000 0.08980280 0.99595957
856.572000000 -4.000870 -4.366342 -0.078000 -0.00000000 0.00000000 0.09598258 0.99538301
856.600000000 -3.991518 -4.364529 -0.077974 -0.00005665 0.00000863 0.09875944 0.99511133
856.700000000 -3.958205 -4.357502 -0.077897 0.00002959 0.00008644 0.10867067 0.99407780
856.822000000 -3.960041 -4.356847 -0.078000 -0.00000000 0.00000000 0.10835656 0.99411209
856.947000000 -3.939074 -4.352940 -0.078000 0.00000000 -0.00000000 0.11456800 0.99341541
857.000000000 -3.921522 -4.348781 -0.077938 0.00013678 0.00002985 0.11981431 0.99279631
857.100000000 -3.909532 -4.345807 -0.077969 -0.00005669 -0.00000982 0.12350551 0.99234388
857.200000000 -3.898321 -4.342780 -0.077996 -0.00000428 -0.00000159 0.12723962 0.99187201
857.322000000 -3.879561 -4.337040 -0.078000 0.00000000 -0.00000000 0.13326530 0.99108040
857.447000000 -3.858697 -4.330894 -0.078000 0.00000000 0.00000000 0.14661230 0.98919403
857.572000000 -3.839064 -4.324398 -0.078000 0.00000000 -0.00000000 0.15761672 0.98750037
857.600000000 -3.830003 -4.321434 -0.077966 0.00005044 -0.00000672 0.16325978 0.98658311
857.700000000 -3.797952 -4.309897 -0.077863 0.00005502 0.00005303 0.18288396 0.98313450
857.822000000 -3.800888 -4.310415 -0.078000 -0.00000000 0.00000000 0.18230114 0.98324274
857.947000000 -3.781820 -4.302859 -0.078000 0.00000000 -0.00000000 0.19458973 0.98088472
858.072000000 -3.761783 -4.294851 -0.078000 -0.00000000 -0.00000000 0.20689234 0.97836371
858.100000000 -3.753055 -4.291009 -0.077969 0.00001068 -0.00000038 0.21234656 0.97719442
858.200000000 -3.722328 -4.276305 -0.077855 0.00024087 0.00007329 0.23177702 0.97276891
858.322000000 -3.722558 -4.276594 -0.078000 -0.00000000 0.00000000 0.23114371 0.97291962
858.447000000 -3.705278 -4.267219 -0.078000 -0.00000000 0.00000000 0.24328130 0.96995578
858.572000000 -3.685723 -4.255982 -0.078000 -0.00000000 -0.00000000 0.25532994 0.96685398
858.600000000 -3.677416 -4.251297 -0.077971 -0.00004496 -0.00000114 0.26072016 0.96541442
858.700000000 -3.648379 -4.233479 -0.077856 -0.00032009 -0.00007841 0.27990679 0.96002713
858.822000000 -3.648224 -4.234794 -0.078000 0.00000000 -0.00000000 0.27930602 0.96020214
858.947000000 -3.629978 -4.223083 -0.078000 0.00000000 -0.00000000 0.29118142 0.95666785
859.000000000 -3.615010 -4.212992 -0.077931 -0.00006363 0.00000055 0.30126859 0.95353932
859.100000000 -3.587537 -4.192846 -0.077815 0.00006666 0.00001561 0.32021262 0.94734570
859.200000000 -3.577871 -4.185970 -0.077852 -0.00013644 -0.00008206 0.32723942 0.94494145
859.322000000 -3.578496 -4.185519 -0.078000 0.00000000 -0.00000000 0.32656625 0.94517431
859.447000000 -3.561348 -4.172951 -0.078000 0.00000000 0.00000000 0.33826727 0.94105008
859.572000000 -3.544358 -4.158774 -0.078000 -0.00000000 0.00000000 0.34997121 0.93676045
859.600000000 -3.537157 -4.152521 -0.077967 -0.00007247 -0.00003021 0.35519205 0.93479335
859.700000000 -3.512132 -4.129412 -0.077853 -0.00001641 0.00000050 0.37374857 0.92753006
859.822000000 -3.513893 -4.130459 -0.078000 0.00000000 0.00000000 0.37308238 0.92779822
859.947000000 -3.498528 -4.115749 -0.078000 0.00000000 -0.00000000 0.38458814 0.92308827
860.072000000 -3.483971 -4.099367 -0.078000 0.00000000 -0.00000000 0.39612276 0.91819756
860.100000000 -3.477403 -4.092450 -0.077980 0.00006683 0.00001558 0.40124095 0.91597254
860.200000000 -3.454834 -4.066958 -0.077843 0.00001947 -0.00008069 0.41941346 0.90779532
860.322000000 -3.454816 -4.067719 -0.078000 -0.00000000 0.00000000 0.41885277 0.90805416
860.447000000 -3.441498 -4.051967 -0.078000 -0.00000000 0.00000000 0.43013532 0.90276443
860.500000000 -3.430280 -4.037824 -0.077966 -0.00014736 -0.00008233 0.43964602 0.89817111
860.600000000 -3.421939 -4.027313 -0.077970 0.00002780 0.00002756 0.44596599 0.89504991
860.700000000 -3.413343 -4.016009 -0.077995 0.00000122 -0.00000270 0.45230337 0.89186415
860.822000000 -3.401814 -4.000351 -0.078000 0.00000000 -0.00000000 0.45339584 0.89130927
860.947000000 -3.389764 -3.983025 -0.078000 0.00000000 -0.00000000 0.45141240 0.89231544
861.072000000 -3.376775 -3.967038 -0.078000 0.00000000 0.00000000 0.44578210 0.89514151
861.100000000 -3.371092 -3.959418 -0.077974 0.00000977 0.00000020 0.44335102 0.89634808
861.200000000 -3.350213 -3.932640 -0.077883 0.00022201 0.00009740 0.43569429 0.90009468
861.322000000 -3.350012 -3.933035 -0.078000 0.00000000 0.00000000 0.43667848 0.89961764
861.447000000 -3.337294 -3.911349 -0.078000 -0.00000000 0.00000000 0.43104605 0.90232993
861.572000000 -3.323620 -3.893791 -0.078000 0.00000000 -0.00000000 0.42543266 0.90499008
861.600000000 -3.317558 -3.886467 -0.077970 -0.00003485 -0.00001700 0.42290687 0.90617315
861.700000000 -3.295531 -3.860632 -0.077867 -0.00017444 -0.00012970 0.41385728 0.91034175
861.822000000 -3.296370 -3.860241 -0.078000 0.00000000 0.00000000 0.41425000 0.91016314
861.947000000 -3.282893 -3.844607 -0.078000 -0.00000000 0.00000000 0.40862648 0.91270170
862.072000000 -3.269255 -3.828744 -0.078000 -0.00000000 0.00000000 0.40301838 0.91519188
862.100000000 -3.262838 -3.821729 -0.077977 0.00001482 0.00001553 0.40046441 0.91631231
862.200000000 -3.253543 -3.812686 -0.077996 -0.00000308 -0.00000320 0.39709577 0.91777718
862.322000000 -3.239758 -3.798637 -0.078000 -0.00000000 -0.00000000 0.39172384 0.92008284
862.447000000 -3.224827 -3.782829 -0.078000 0.00000000 -0.00000000 0.38601288 0.92249339
862.572000000 -3.209547 -3.768097 -0.078000 -0.00000000 0.00000000 0.38023334 0.92489059
862.600000000 -3.202790 -3.761407 -0.077939 0.00004463 0.00001556 0.37765167 0.92594774
862.700000000 -3.178300 -3.737884 -0.077853 -0.00005797 -0.00002390 0.36840719 0.92966453
862.822000000 -3.178187 -3.737244 -0.078000 -0.00000000 -0.00000000 0.36871094 0.92954410
862.947000000 -3.162739 -3.723536 -0.078000 0.00000000 -0.00000000 0.36295744 0.93180572
863.072000000 -3.147196 -3.709368 -0.078000 0.00000000 -0.00000000 0.35715478 0.93404522
863.100000000 -3.140119 -3.703023 -0.077962 0.00007173 0.00002337 0.35454762 0.93503796
863.200000000 -3.114459 -3.680769 -0.077876 0.00005943 0.00007101 0.34521403 0.93852398
863.322000000 -3.114851 -3.680963 -0.078000 -0.00000000 0.00000000 0.34556486 0.93839487
863.447000000 -3.099191 -3.666114 -0.078000 0.00000000 -0.00000000 0.33971280 0.94052922
863.572000000 -3.081586 -3.652897 -0.078000 -0.00000000 -0.00000000 0.33382927 0.94263355
863.600000000 -3.074208 -3.646902 -0.077975 0.00004004 0.00000936 0.33119860 0.94356107
863.700000000 -3.047445 -3.626003 -0.077870 0.00029066 0.00008282 0.32178121 0.94681401
863.822000000 -3.048882 -3.626486 -0.078000 0.00000000 -0.00000000 0.32211655 0.94670002
863.947000000 -3.031833 -3.613036 -0.078000 0.00000000 -0.00000000 0.31622145 0.94868540
864.000000000 -3.017359 -3.602335 -0.077971 0.00018931 0.00007382 0.31120775 0.95034188
864.100000000 -2.989779 -3.582510 -0.077836 0.00028912 0.00016412 0.30172566 0.95339473
864.200000000 -2.979629 -3.575058 -0.077875 -0.00021138 -0.00012355 0.29822305 0.95449618
864.322000000 -2.979793 -3.576484 -0.078000 0.00000000 0.00000000 0.29848370 0.95441473
864.447000000 -2.962405 -3.563710 -0.078000 0.00000000 -0.00000000 0.29252875 0.95625673
864.572000000 -2.945364 -3.552775 -0.078000 -0.00000000 -0.00000000 0.28655604 0.95806348
864.600000000 -2.937420 -3.547552 -0.077972 0.00007273 0.00001235 0.28388198 0.95885923
864.700000000 -2.908760 -3.529361 -0.077827 0.00005905 -0.00004955 0.27431448 0.96164004
864.822000000 -2.909136 -3.529937 -0.078000 0.00000000 -0.00000000 0.27462395 0.96155171
864.947000000 -2.889720 -3.518503 -0.078000 -0.00000000 0.00000000 0.26869883 0.96322424
865.072000000 -2.871911 -3.508393 -0.078000 0.00000000 0.00000000 0.26268034 0.96488292
865.100000000 -2.863724 -3.503558 -0.077981 0.00005202 0.00002083 0.25998768 0.96561193
865.200000000 -2.834162 -3.486859 -0.077871 0.00026013 0.00002855 0.25035346 0.96815447
865.322000000 -2.834951 -3.486881 -0.078000 -0.00000000 0.00000000 0.25062983 0.96808300
865.447000000 -2.816792 -3.477296 -0.078000 -0.00000000 0.00000000 0.24458736 0.96962726
865.500000000 -2.800912 -3.468824 -0.077934 -0.00005425 -0.00000691 0.23946402 0.97090524
865.600000000 -2.770058 -3.465335 -0.077975 0.00001722 0.00000558 0.23538718 0.97190168
865.700000000 -2.758549 -3.460136 -0.077999 0.00000443 -0.00000041 0.23172876 0.97278044
865.822000000 -2.740611 -3.449873 -0.078000 -0.00000000 -0.00000000 0.22603691 0.97411874
865.947000000 -2.721289 -3.440844 -0.078000 0.00000000 -0.00000000 0.22001485 0.97549652
866.072000000 -2.702702 -3.431853 -0.078000 -0.00000000 -0.00000000 0.21390357 0.97685478
866.100000000 -2.694073 -3.427867 -0.077980 -0.00004422 -0.00000140 0.21117659 0.97744792
866.200000000 -2.663009 -3.414128 -0.077885 0.00009247 0.00007317 0.20142752 0.97950342
866.322000000 -2.664794 -3.415057 -0.078000 -0.00000000 0.00000000 0.20188294 0.97940966
866.447000000 -2.643754 -3.404714 -0.078000 0.00000000 -0.00000000 0.20268815 0.97924334
866.572000000 -2.624931 -3.397282 -0.078000 0.00000000 0.00000000 0.20075216 0.97964206
866.600000000 -2.616181 -3.393529 -0.077973 0.00000731 0.00002412 0.20091250 0.97960919
866.700000000 -2.584936 -3.380111 -0.077886 -0.00020740 0.00000491 0.20106550 0.97957778
866.822000000 -2.585522 -3.380864 -0.078000 0.00000000 -0.00000000 0.20117713 0.97955488
866.947000000 -2.566463 -3.373342 -0.078000 0.00000000 -0.00000000 0.20123957 0.97954205
867.072000000 -2.546354 -3.364685 -0.078000 0.00000000 -0.00000000 0.20123784 0.97954241
867.100000000 -2.537609 -3.360929 -0.077965 0.00004601 -0.00001155 0.20123554 0.97954288
867.200000000 -2.506359 -3.347570 -0.077857 0.00019543 0.00000712 0.20123569 0.97954283
867.322000000 -2.507318 -3.348046 -0.078000 -0.00000000 -0.00000000 0.20129456 0.97953076
867.447000000 -2.486859 -3.339300 -0.078000 0.00000000 0.00000000 0.20130338 0.97952894
867.500000000 -2.470297 -3.332209 -0.077921 0.00008523 -0.00000316 0.20130400 0.97952881
867.600000000 -2.439075 -3.318790 -0.077795 -0.00012308 -0.00006285 0.20130345 0.97952892
867.700000000 -2.427275 -3.313083 -0.077864 -0.00011820 0.00004407 0.20130503 0.97952860
867.822000000 -2.428992 -3.314069 -0.078000 0.00000000 -0.00000000 0.20128237 0.97953326
867.947000000 -2.408799 -3.305491 -0.078000 0.00000000 -0.00000000 0.20129897 0.97952985
868.072000000 -2.388922 -3.296958 -0.078000 -0.00000000 0.00000000 0.20133183 0.97952310
868.100000000 -2.380170 -3.293209 -0.077978 -0.00003553 -0.00000853 0.20133177 0.97952311
868.200000000 -2.348963 -3.279769 -0.077829 -0.00015801 -0.00011069 0.20133199 0.97952304
868.322000000 -2.351246 -3.280724 -0.078000 0.00000000 0.00000000 0.20135085 0.97951918
868.447000000 -2.330947 -3.272063 -0.078000 -0.00000000 -0.00000000 0.20136085 0.97951713
868.572000000 -2.311745 -3.264443 -0.078000 0.00000000 0.00000000 0.20136771 0.97951572
868.600000000 -2.302996 -3.260696 -0.077972 0.00004752 0.00001617 0.20136840 0.97951558
868.700000000 -2.271753 -3.247276 -0.077871 -0.00011664 0.00002197 0.20201268 0.97938290
868.822000000 -2.272179 -3.244888 -0.078000 -0.00000000 -0.00000000 0.20843783 0.97803562
868.947000000 -2.253655 -3.240174 -0.078000 0.00000000 0.00000000 0.21298996 0.97705439
869.000000000 -2.237294 -3.232531 -0.077973 -0.00015032 -0.00000731 0.22206118 0.97503272
869.100000000 -2.206856 -3.217260 -0.077836 -0.00026341 -0.00009145 0.24106599 0.97050869
869.200000000 -2.196023 -3.209250 -0.077843 0.00014248 0.00000189 0.25312984 0.96743230
869.322000000 -2.196348 -3.207278 -0.078000 0.00000000 0.00000000 0.25266513 0.96755379
869.447000000 -2.177488 -3.198146 -0.078000 0.00000000 -0.00000000 0.26465822 0.96434228
869.572000000 -2.159643 -3.186777 -0.078000 0.00000000 0.00000000 0.27662822 0.96097702
869.600000000 -2.151558 -3.181717 -0.077961 -0.00007445 -0.00003082 0.28198154 0.95941983
869.700000000 -2.123280 -3.162733 -0.077867 -0.00007544 -0.00004050 0.30103662 0.95361258
869.822000000 -2.122462 -3.163048 -0.078000 0.00000000 -0.00000000 0.30044768 0.95379830
869.947000000 -2.105178 -3.151475 -0.078000 0.00000000 -0.00000000 0.31218400 0.95002166
870.072000000 -2.088703 -3.139542 -0.078000 0.00000000 0.00000000 0.32399197 0.94605983
870.100000000 -2.081154 -3.133717 -0.077974 -0.00008838 -0.00003245 0.32926600 0.94423720
870.200000000 -2.054942 -3.111962 -0.077863 -0.00022817 -0.00008926 0.34801590 0.93748860
870.322000000 -2.056880 -3.111482 -0.078000 0.00000000 -0.00000000 0.34749262 0.93768272
870.447000000 -2.040312 -3.098206 -0.078000 0.00000000 -0.00000000 0.35909986 0.93329914
870.572000000 -2.024516 -3.083179 -0.078000 -0.00000000 0.00000000 0.37065358 0.92877119
870.600000000 -2.017587 -3.076625 -0.077969 0.00006270 0.00003385 0.37583113 0.92668816
870.700000000 -2.008164 -3.066432 -0.077998 -0.00000368 0.00000020 0.38270922 0.92386885
870.822000000 -1.993967 -3.051851 -0.078000 0.00000000 -0.00000000 0.39366378 0.91925449
870.947000000 -1.979033 -3.038029 -0.078000 -0.00000000 0.00000000 0.40509037 0.91427665
871.072000000 -1.964332 -3.021816 -0.078000 0.00000000 -0.00000000 0.41641598 0.90917420
871.100000000 -1.958089 -3.014603 -0.077964 -0.00004166 -0.00003684 0.42119240 0.90697131
871.200000000 -1.936627 -2.988198 -0.077822 0.00007480 -0.00003967 0.43633686 0.89978338
871.322000000 -1.936777 -2.989474 -0.078000 -0.00000000 -0.00000000 0.43054936 0.90256703
871.447000000 -1.923685 -2.972138 -0.078000 0.00000000 -0.00000000 0.43623515 0.89983270
871.572000000 -1.911461 -2.955108 -0.078000 -0.00000000 0.00000000 0.44176537 0.89713063
871.600000000 -1.905649 -2.947561 -0.077966 -0.00007220 -0.00004103 0.44429091 0.89588257
871.700000000 -1.885354 -2.920239 -0.077863 -0.00021077 -0.00006871 0.45319377 0.89141200
871.822000000 -1.885782 -2.920671 -0.078000 -0.00000000 0.00000000 0.45270637 0.89165966
871.947000000 -1.874248 -2.903753 -0.078000 0.00000000 -0.00000000 0.45827831 0.88880875
872.072000000 -1.862422 -2.886178 -0.078000 0.00000000 0.00000000 0.46376698 0.88595722
872.100000000 -1.856979 -2.878356 -0.077955 -0.00000025 -0.00000557 0.46623652 0.88466011
872.200000000 -1.838080 -2.850063 -0.077839 -0.00022650 -0.00013050 0.47502774 0.87997078
872.322000000 -1.838764 -2.851634 -0.078000 0.00000000 0.00000000 0.47464871 0.88017532
872.447000000 -1.826645 -2.833624 -0.078000 0.00000000 0.00000000 0.48006207 0.87723452
872.500000000 -1.817011 -2.818376 -0.077942 -0.00008830 -0.00003292 0.48468851 0.87468682
872.600000000 -1.799194 -2.789373 -0.077854 0.00001239 0.00008594 0.49338087 0.86981338
872.700000000 -1.793190 -2.778435 -0.077871 -0.00009442 -0.00001851 0.49659914 0.86798000
872.822000000 -1.792539 -2.778863 -0.078000 0.00000000 -0.00000000 0.49640761 0.86808956
872.947000000 -1.781380 -2.760571 -0.078000 -0.00000000 0.00000000 0.50177444 0.86499850
873.072000000 -1.770453 -2.742148 -0.078000 0.00000000 -0.00000000 0.50709226 0.86189178
873.100000000 -1.765820 -2.733825 -0.077978 0.00006248 0.00003528 0.50869279 0.86094810
873.200000000 -1.749634 -2.703921 -0.077860 0.00011728 0.00006522 0.51385011 0.85787997
873.322000000 -1.750709 -2.704524 -0.078000 -0.00000000 0.00000000 0.50882283 0.86087126
873.447000000 -1.741200 -2.685934 -0.078000 0.00000000 -0.00000000 0.50857528 0.86101753
873.572000000 -1.730246 -2.667312 -0.078000 0.00000000 0.00000000 0.50831630 0.86117045
873.600000000 -1.725654 -2.658976 -0.077977 0.00000899 0.00002643 0.50832968 0.86116255
873.700000000 -1.709179 -2.629227 -0.077889 0.00016576 0.00016256 0.50834101 0.86115583
873.822000000 -1.710069 -2.629924 -0.078000 -0.00000000 -0.00000000 0.50827571 0.86119440
873.947000000 -1.699596 -2.613029 -0.078000 0.00000000 -0.00000000 0.50838521 0.86112977
874.000000000 -1.690876 -2.597243 -0.077945 0.00005225 0.00005520 0.51035697 0.85996265
874.100000000 -1.685743 -2.584545 -0.077978 -0.00008158 -0.00003824 0.51708829 0.85593206
874.200000000 -1.670236 -2.554263 -0.077859 -0.00006684 -0.00006771 0.52480148 0.85122464
874.322000000 -1.672293 -2.556270 -0.078000 -0.00000000 0.00000000 0.52419722 0.85159689
874.447000000 -1.661204 -2.537167 -0.078000 0.00000000 0.00000000 0.52958403 0.84825748
874.572000000 -1.651611 -2.515697 -0.078000 0.00000000 0.00000000 0.53452064 0.84515542
874.600000000 -1.647521 -2.507097 -0.077973 -0.00002760 -0.00001902 0.53569952 0.84440868
874.700000000 -1.633255 -2.476246 -0.077870 -0.00019854 -0.00013030 0.53790201 0.84300734
874.822000000 -1.632744 -2.478480 -0.078000 0.00000000 -0.00000000 0.53273974 0.84627913
874.947000000 -1.623790 -2.460244 -0.078000 0.00000000 -0.00000000 0.53282333 0.84622650
875.072000000 -1.613952 -2.439998 -0.078000 -0.00000000 0.00000000 0.53288770 0.84618597
875.100000000 -1.609846 -2.431414 -0.077970 0.00004994 0.00003667 0.53223268 0.84659812
875.200000000 -1.595019 -2.400846 -0.077857 0.00030451 0.00023485 0.52902644 0.84860526
875.322000000 -1.595003 -2.403067 -0.078000 -0.00000000 0.00000000 0.52417266 0.85161202
875.447000000 -1.585658 -2.384701 -0.078000 -0.00000000 0.00000000 0.51829452 0.85520219
875.572000000 -1.575857 -2.365231 -0.078000 0.00000000 0.00000000 0.51297026 0.85840638
875.600000000 -1.571361 -2.356850 -0.077988 -0.00006077 -0.00002032 0.51059421 0.85982181
875.700000000 -1.554819 -2.327197 -0.077853 -0.00005940 -0.00004099 0.50200959 0.86486205
875.822000000 -1.554904 -2.328655 -0.078000 0.00000000 0.00000000 0.50221339 0.86474373
875.947000000 -1.544673 -2.309160 -0.078000 0.00000000 0.00000000 0.49673465 0.86790246
876.000000000 -1.535467 -2.293684 -0.077951 0.00003293 0.00007892 0.49214821 0.87051142
876.100000000 -1.517682 -2.264756 -0.077864 0.00020990 0.00014145 0.48345508 0.87536913
876.200000000 -1.510114 -2.254323 -0.077828 -0.00006196 -0.00012667 0.48021060 0.87715321
876.322000000 -1.509401 -2.254590 -0.078000 -0.00000000 0.00000000 0.48037213 0.87706478
876.447000000 -1.497806 -2.237166 -0.078000 0.00000000 -0.00000000 0.47486845 0.88005679
876.572000000 -1.485537 -2.220073 -0.078000 0.00000000 0.00000000 0.46951292 0.88292560
876.600000000 -1.480220 -2.212185 -0.077980 0.00006156 0.00002258 0.46818164 0.88363225
876.700000000 -1.460909 -2.184229 -0.077843 0.00012126 -0.00003408 0.46440359 0.88562367
876.822000000 -1.461237 -2.185321 -0.078000 -0.00000000 0.00000000 0.46931794 0.88302926
876.947000000 -1.449299 -2.167830 -0.078000 0.00000000 -0.00000000 0.46944721 0.88296054
877.072000000 -1.436857 -2.149559 -0.078000 0.00000000 -0.00000000 0.46930130 0.88303810
877.100000000 -1.431546 -2.141670 -0.077960 0.00005561 0.00000836 0.46821234 0.88361598
877.200000000 -1.412390 -2.113622 -0.077858 0.00012307 0.00009031 0.46359771 0.88604579
877.322000000 -1.413712 -2.117750 -0.078000 0.00000000 -0.00000000 0.45274624 0.89163941
877.447000000 -1.400852 -2.098685 -0.078000 -0.00000000 -0.00000000 0.44407088 0.89599166
877.500000000 -1.389849 -2.084475 -0.077936 -0.00003810 -0.00005636 0.43461428 0.90061669
877.600000000 -1.380778 -2.074565 -0.077974 0.00002987 0.00003650 0.42787808 0.90383646
877.700000000 -1.358718 -2.048779 -0.077875 0.00023798 0.00015777 0.40977380 0.91218712
877.822000000 -1.359444 -2.049379 -0.078000 0.00000000 -0.00000000 0.41023360 0.91198048
877.947000000 -1.346477 -2.032525 -0.078000 0.00000000 -0.00000000 0.39886881 0.91700800
878.072000000 -1.330933 -2.017587 -0.078000 0.00000000 -0.00000000 0.38746052 0.92188630
878.100000000 -1.324303 -2.010788 -0.077975 -0.00005044 -0.00003229 0.38231114 0.92403365
878.200000000 -1.299869 -1.987268 -0.077863 0.00005784 -0.00001904 0.36382569 0.93146705
878.322000000 -1.299640 -1.986745 -0.078000 0.00000000 0.00000000 0.36440406 0.93124093
878.447000000 -1.283476 -1.972708 -0.078000 -0.00000000 0.00000000 0.35274267 0.93572037
878.572000000 -1.269071 -1.959432 -0.078000 -0.00000000 -0.00000000 0.34082030 0.94012846
878.600000000 -1.264535 -1.955573 -0.078011 -0.00002811 0.00005432 0.33458252 0.94236645
878.700000000 -1.261139 -1.953085 -0.078021 -0.00001541 0.00006795 0.31636424 0.94863779
878.822000000 -1.265184 -1.958971 -0.078000 0.00000000 -0.00000000 0.32915084 0.94427736
878.947000000 -1.264564 -1.957494 -0.078000 -0.00000000 0.00000000 0.33053263 0.94379457
879.000000000 -1.264549 -1.957504 -0.078008 0.00006201 0.00006122 0.33043187 0.94382984
879.100000000 -1.264966 -1.957691 -0.077979 -0.00003259 -0.00003730 0.33018435 0.94391646
879.200000000 -1.265173 -1.957719 -0.078000 0.00000485 0.00000156 0.33018488 0.94391628
879.322000000 -1.265419 -1.958291 -0.078000 0.00000000 -0.00000000 0.33011987 0.94393902
879.447000000 -1.265100 -1.958379 -0.078000 -0.00000000 -0.00000000 0.33003137 0.94396996
879.572000000 -1.264996 -1.958558 -0.078000 -0.00000000 -0.00000000 0.32998709 0.94398544
879.600000000 -1.264996 -1.958560 -0.078009 -0.00008308 -0.00001669 0.32998512 0.94398613
879.700000000 -1.265024 -1.958518 -0.078016 -0.00019490 0.00000016 0.32998314 0.94398681
879.822000000 -1.265892 -1.958953 -0.078000 0.00000000 -0.00000000 0.32978540 0.94405592
879.947000000 -1.266640 -1.958918 -0.078000 0.00000000 0.00000000 0.32976215 0.94406405
880.072000000 -1.266438 -1.958596 -0.078000 -0.00000000 0.00000000 0.32969705 0.94408679
880.100000000 -1.266434 -1.958601 -0.077984 0.00000409 -0.00002145 0.32969728 0.94408670
880.200000000 -1.266474 -1.958587 -0.077962 -0.00015048 -0.00011787 0.32969712 0.94408674
880.322000000 -1.266237 -1.958606 -0.078000 0.00000000 -0.00000000 0.32961666 0.94411486
880.447000000 -1.266398 -1.959059 -0.078000 0.00000000 -0.00000000 0.32958317 0.94412654
880.572000000 -1.267180 -1.958670 -0.078000 -0.00000000 -0.00000000 0.32956116 0.94413423
880.600000000 -1.267182 -1.958669 -0.077991 0.00006992 0.00000717 0.32956148 0.94413411
880.700000000 -1.267177 -1.958711 -0.077974 0.00016570 -0.00002108 0.32956180 0.94413399
880.822000000 -1.267443 -1.960237 -0.078000 -0.00000000 0.00000000 0.32947833 0.94416314
880.947000000 -1.268143 -1.959424 -0.078000 -0.00000000 -0.00000000 0.32945970 0.94416964
881.000000000 -1.268153 -1.959431 -0.077990 0.00000130 -0.00004667 0.32946010 0.94416950
881.100000000 -1.267270 -1.958263 -0.078008 -0.00000626 0.00000903 0.32942532 0.94418163
881.200000000 -1.267239 -1.958292 -0.078018 0.00017472 0.00010665 0.32942602 0.94418137
881.322000000 -1.267569 -1.958622 -0.078000 0.00000000 0.00000000 0.32938540 0.94419556
881.447000000 -1.266288 -1.959148 -0.078000 -0.00000000 -0.00000000 0.32939231 0.94419315
881.572000000 -1.266420 -1.959202 -0.078000 -0.00000000 -0.00000000 0.32941863 0.94418397
881.600000000 -1.266420 -1.959199 -0.078011 -0.00006471 -0.00002112 0.32941823 0.94418410
881.700000000 -1.266444 -1.959188 -0.077982 -0.00001881 -0.00004292 0.32941841 0.94418404
881.822000000 -1.265331 -1.959794 -0.078000 0.00000000 0.00000000 0.32933784 0.94421215
881.947000000 -1.265028 -1.959304 -0.078000 -0.00000000 0.00000000 0.32932461 0.94421676
882.072000000 -1.265608 -1.959333 -0.078000 0.00000000 -0.00000000 0.32932191 0.94421771
882.100000000 -1.265604 -1.959338 -0.077996 0.00009420 0.00001027 0.32932263 0.94421745
882.200000000 -1.265610 -1.959390 -0.077955 0.00020152 -0.00008695 0.32932360 0.94421709
882.322000000 -1.266728 -1.960089 -0.078000 0.00000000 -0.00000000 0.32927490 0.94423410
882.447000000 -1.266659 -1.958989 -0.078000 0.00000000 -0.00000000 0.32927127 0.94423537
882.500000000 -1.266676 -1.958993 -0.077985 -0.00003564 -0.00007072 0.32927129 0.94423536
882.600000000 -1.266524 -1.958040 -0.078002 0.00002922 0.00001084 0.32930640 0.94422312
882.700000000 -1.265947 -1.959846 -0.078001 -0.00000170 0.00000290 0.32932915 0.94421518
882.822000000 -1.266394 -1.958992 -0.078000 -0.00000000 0.00000000 0.32932920 0.94421516
882.947000000 -1.266195 -1.959771 -0.078000 0.00000000 0.00000000 0.32940329 0.94418932
883.072000000 -1.266633 -1.959301 -0.078000 0.00000000 0.00000000 0.32943255 0.94417911
883.100000000 -1.266633 -1.959299 -0.078002 0.00004349 0.00001284 0.32943281 0.94417902
883.200000000 -1.266634 -1.959330 -0.077964 0.00005677 -0.00006951 0.32943245 0.94417914
883.322000000 -1.266040 -1.959403 -0.078000 -0.00000000 -0.00000000 0.32943857 0.94417701
883.447000000 -1.265525 -1.959589 -0.078000 -0.00000000 -0.00000000 0.32945603 0.94417092
883.572000000 -1.265876 -1.959092 -0.078000 0.00000000 0.00000000 0.32948612 0.94416042
883.600000000 -1.265886 -1.959089 -0.077983 0.00002949 -0.00002441 0.32948597 0.94416047
883.700000000 -1.265869 -1.959128 -0.077972 0.00016473 0.00006447 0.32948603 0.94416043
883.822000000 -1.265459 -1.959321 -0.078000 -0.00000000 0.00000000 0.32949780 0.94415634
883.947000000 -1.265689 -1.959449 -0.078000 0.00000000 -0.00000000 0.32947194 0.94416537
884.072000000 -1.265596 -1.959626 -0.078000 0.00000000 -0.00000000 0.32941485 0.94418529
884.100000000 -1.265601 -1.959620 -0.078010 -0.00004858 0.00000983 0.32941435 0.94418546
884.200000000 -1.265582 -1.959634 -0.078052 0.00008419 0.00009478 0.32941462 0.94418536
884.322000000 -1.266333 -1.959483 -0.078000 0.00000000 -0.00000000 0.32941237 0.94418615
884.447000000 -1.266325 -1.960399 -0.078000 0.00000000 -0.00000000 0.32944002 0.94417651
884.500000000 -1.266322 -1.960400 -0.078007 0.00007030 0.00004359 0.32944071 0.94417626
884.600000000 -1.266328 -1.960400 -0.078004 -0.00008331 -0.00001630 0.32943976 0.94417659
884.700000000 -1.266291 -1.959763 -0.077965 0.00001665 -0.00009601 0.32944014 0.94417646
884.822000000 -1.267323 -1.959872 -0.078000 -0.00000000 0.00000000 0.32947206 0.94416532
