208.071000000 -0.004865 -0.000698 0.000000 0.00000000 0.00000000 0.00053828 0.99999986
208.196000000 -0.004422 -0.000380 0.000000 0.00000000 0.00000000 0.00011153 0.99999999
208.321000000 -0.003361 -0.000096 0.000000 0.00000000 0.00000000 -0.00000786 1.00000000
208.446000000 -0.003021 -0.000374 0.000000 0.00000000 0.00000000 0.00031850 0.99999995
208.571000000 -0.001556 -0.000718 0.000000 0.00000000 0.00000000 -0.00008945 1.00000000
208.696000000 -0.004477 0.000412 0.000000 0.00000000 0.00000000 0.00042441 0.99999991
208.821000000 -0.001041 0.000812 0.000000 0.00000000 0.00000000 0.00002751 1.00000000
208.946000000 -0.005861 -0.000477 0.000000 0.00000000 0.00000000 0.00002932 1.00000000
209.071000000 -0.006722 -0.000761 0.000000 0.00000000 0.00000000 -0.00015244 0.99999999
209.196000000 -0.007784 0.001080 0.000000 0.00000000 0.00000000 0.00018720 0.99999998
209.321000000 -0.002407 -0.000559 0.000000 0.00000000 0.00000000 -0.00003157 1.00000000
209.446000000 -0.004959 -0.001009 0.000000 0.00000000 0.00000000 0.00020857 0.99999998
209.571000000 -0.005254 -0.000151 0.000000 0.00000000 0.00000000 -0.00015471 0.99999999
209.696000000 -0.004241 0.001497 0.000000 0.00000000 0.00000000 0.00020716 0.99999998
209.821000000 -0.000932 -0.000256 0.000000 0.00000000 0.00000000 -0.00005145 1.00000000
209.946000000 -0.002933 0.001241 0.000000 0.00000000 0.00000000 0.00008930 1.00000000
210.071000000 -0.001987 -0.000535 0.000000 0.00000000 0.00000000 0.00022431 0.99999997
210.196000000 -0.003040 -0.001119 0.000000 0.00000000 0.00000000 0.00021805 0.99999998
210.321000000 -0.006290 0.000071 0.000000 0.00000000 0.00000000 0.00020563 0.99999998
210.446000000 -0.003660 0.003502 0.000000 0.00000000 0.00000000 0.00029318 0.99999996
210.571000000 -0.005074 0.000024 0.000000 0.00000000 0.00000000 0.00036300 0.99999993
210.696000000 -0.005524 -0.000467 0.000000 0.00000000 0.00000000 0.00007465 1.00000000
210.821000000 -0.006595 -0.000013 0.000000 0.00000000 0.00000000 0.00045774 0.99999990
210.946000000 -0.003338 0.001721 0.000000 0.00000000 0.00000000 0.00064717 0.99999979
211.071000000 -0.003890 -0.001773 0.000000 0.00000000 0.00000000 -0.00005034 1.00000000
211.196000000 -0.004950 -0.000569 0.000000 0.00000000 0.00000000 0.00002720 1.00000000
211.321000000 -0.006906 0.001554 0.000000 0.00000000 0.00000000 0.00033834 0.99999994
211.446000000 -0.003933 0.004540 0.000000 0.00000000 0.00000000 0.00045721 0.99999990
211.571000000 -0.008412 -0.001864 0.000000 0.00000000 0.00000000 0.00039582 0.99999992
211.696000000 -0.005319 -0.000249 0.000000 0.00000000 0.00000000 0.00017533 0.99999998
211.821000000 -0.005284 0.002172 0.000000 0.00000000 0.00000000 0.00042912 0.99999991
211.946000000 -0.006535 0.001835 0.000000 0.00000000 0.00000000 0.00019829 0.99999998
212.071000000 -0.004769 0.000033 0.000000 0.00000000 0.00000000 -0.00014603 0.99999999
212.196000000 -0.004136 -0.000076 0.000000 0.00000000 0.00000000 0.00058138 0.99999983
212.321000000 -0.002344 -0.000450 0.000000 0.00000000 0.00000000 0.00012354 0.99999999
212.446000000 -0.001738 -0.004928 0.000000 0.00000000 0.00000000 -0.00061893 0.99999981
212.571000000 -0.003433 0.003410 0.000000 0.00000000 0.00000000 0.00039822 0.99999992
212.696000000 -0.004394 -0.002386 0.000000 0.00000000 0.00000000 0.00028857 0.99999996
212.821000000 -0.006408 -0.000187 0.000000 0.00000000 0.00000000 -0.00000110 1.00000000
212.946000000 -0.006524 0.000399 0.000000 0.00000000 0.00000000 0.00030839 0.99999995
213.071000000 -0.004003 0.001217 0.000000 0.00000000 0.00000000 0.00037756 0.99999993
213.196000000 -0.008525 0.000125 0.000000 0.00000000 0.00000000 0.00076735 0.99999971
213.321000000 -0.001169 0.000564 0.000000 0.00000000 0.00000000 0.00013829 0.99999999
213.446000000 -0.006578 -0.000854 0.000000 0.00000000 0.00000000 0.00015848 0.99999999
213.571000000 -0.003196 0.000862 0.000000 0.00000000 0.00000000 -0.00003499 1.00000000
213.696000000 -0.004984 -0.000611 0.000000 0.00000000 0.00000000 0.00029827 0.99999996
213.821000000 -0.006903 -0.001601 0.000000 0.00000000 0.00000000 -0.00017120 0.99999999
213.946000000 -0.005358 0.000781 0.000000 0.00000000 0.00000000 -0.00008318 1.00000000
214.071000000 -0.003301 0.002545 0.000000 0.00000000 0.00000000 0.00052854 0.99999986
214.196000000 -0.006134 0.002331 0.000000 0.00000000 0.00000000 -0.00010456 0.99999999
214.321000000 -0.005746 -0.000911 0.000000 0.00000000 0.00000000 0.00019742 0.99999998
214.446000000 -0.007196 -0.001632 0.000000 0.00000000 0.00000000 0.00017767 0.99999998
214.571000000 -0.003641 0.000598 0.000000 0.00000000 0.00000000 0.00002675 1.00000000
214.696000000 -0.004245 -0.002039 0.000000 0.00000000 0.00000000 0.00007782 1.00000000
214.821000000 -0.002342 -0.000797 0.000000 0.00000000 0.00000000 0.00016094 0.99999999
214.946000000 -0.006914 0.000306 0.000000 0.00000000 0.00000000 -0.00005574 1.00000000
215.071000000 -0.004972 0.002345 0.000000 0.00000000 0.00000000 0.00059619 0.99999982
215.196000000 -0.002564 0.000035 0.000000 0.00000000 0.00000000 0.00055756 0.99999984
215.321000000 -0.008615 -0.000577 0.000000 0.00000000 0.00000000 0.00001396 1.00000000
215.446000000 -0.004200 -0.000644 0.000000 0.00000000 0.00000000 0.00030505 0.99999995
215.571000000 -0.005625 -0.000165 0.000000 0.00000000 0.00000000 0.00026529 0.99999996
215.696000000 -0.006928 0.000903 0.000000 0.00000000 0.00000000 0.00030700 0.99999995
215.821000000 -0.007182 -0.000004 0.000000 0.00000000 0.00000000 -0.00001371 1.00000000
215.946000000 -0.003922 0.001018 0.000000 0.00000000 0.00000000 0.00044970 0.99999990
216.071000000 -0.005115 -0.001048 0.000000 0.00000000 0.00000000 0.00040626 0.99999992
216.196000000 -0.005948 -0.002055 0.000000 0.00000000 0.00000000 0.00004979 1.00000000
216.321000000 -0.002980 0.001250 0.000000 0.00000000 0.00000000 0.00000509 1.00000000
216.446000000 -0.006185 -0.000259 0.000000 0.00000000 0.00000000 0.00000449 1.00000000
216.571000000 -0.006988 -0.001592 0.000000 0.00000000 0.00000000 0.00014963 0.99999999
216.696000000 -0.005492 -0.002283 0.000000 0.00000000 0.00000000 0.00035553 0.99999994
216.821000000 -0.005838 0.002407 0.000000 0.00000000 0.00000000 0.00028272 0.99999996
216.946000000 -0.006135 0.000657 0.000000 0.00000000 0.00000000 0.00029172 0.99999996
217.071000000 -0.007324 0.001909 0.000000 0.00000000 0.00000000 0.00053008 0.99999986
217.196000000 -0.002710 -0.001947 0.000000 0.00000000 0.00000000 -0.00045004 0.99999990
217.321000000 -0.005855 0.000105 0.000000 0.00000000 0.00000000 -0.00011880 0.99999999
217.446000000 -0.006093 0.002061 0.000000 0.00000000 0.00000000 0.00034369 0.99999994
217.571000000 -0.004907 0.001579 0.000000 0.00000000 0.00000000 0.00044157 0.99999990
217.696000000 -0.002210 0.001190 0.000000 0.00000000 0.00000000 0.00015458 0.99999999
217.821000000 -0.004883 0.001031 0.000000 0.00000000 0.00000000 0.00040263 0.99999992
217.946000000 -0.007458 0.000556 0.000000 0.00000000 0.00000000 0.00046303 0.99999989
218.071000000 -0.007636 -0.003329 0.000000 0.00000000 0.00000000 0.00011148 0.99999999
218.196000000 -0.004812 0.001768 0.000000 0.00000000 0.00000000 0.00031170 0.99999995
218.321000000 -0.005078 0.001313 0.000000 0.00000000 0.00000000 -0.00018491 0.99999998
218.446000000 -0.003716 -0.002479 0.000000 0.00000000 0.00000000 0.00010136 0.99999999
218.571000000 -0.001425 -0.000439 0.000000 0.00000000 0.00000000 0.00018093 0.99999998
218.696000000 -0.008982 -0.000426 0.000000 0.00000000 0.00000000 0.00053373 0.99999986
218.821000000 -0.004270 -0.000353 0.000000 0.00000000 0.00000000 0.00005572 1.00000000
218.946000000 -0.005875 0.001304 0.000000 0.00000000 0.00000000 0.00046659 0.99999989
219.071000000 -0.006717 -0.003385 0.000000 0.00000000 0.00000000 0.00004554 1.00000000
219.196000000 -0.005875 0.000601 0.000000 0.00000000 0.00000000 0.00002280 1.00000000
219.321000000 -0.007072 0.002161 0.000000 0.00000000 0.00000000 0.00045223 0.99999990
219.446000000 -0.005516 -0.001800 0.000000 0.00000000 0.00000000 -0.00007781 1.00000000
219.571000000 -0.002165 0.000255 0.000000 0.00000000 0.00000000 0.00021989 0.99999998
219.696000000 -0.000854 0.001913 0.000000 0.00000000 0.00000000 0.00343560 0.99999410
219.821000000 0.002092 0.001083 0.000000 0.00000000 0.00000000 0.01004980 0.99994950
219.946000000 0.004862 0.001136 0.000000 0.00000000 0.00000000 0.02121602 0.99977491
220.071000000 0.008664 0.000112 0.000000 0.00000000 0.00000000 0.03330817 0.99944513
220.196000000 0.011693 0.005028 0.000000 0.00000000 0.00000000 0.04649566 0.99891849
220.321000000 0.010871 -0.000065 0.000000 0.00000000 0.00000000 0.05818817 0.99830563
220.446000000 0.018095 0.001838 0.000000 0.00000000 0.00000000 0.07105893 0.99747212
220.571000000 0.023659 0.000479 0.000000 0.00000000 0.00000000 0.08278776 0.99656720
220.696000000 0.031093 0.000002 0.000000 0.00000000 0.00000000 0.09507568 0.99547005
220.821000000 0.037475 0.001800 0.000000 0.00000000 0.00000000 0.10780949 0.99417157
220.946000000 0.043075 0.003622 0.000000 0.00000000 0.00000000 0.12016339 0.99275413
221.071000000 0.050590 0.008124 0.000000 0.00000000 0.00000000 0.13279579 0.99114342
221.196000000 0.060271 0.004838 0.000000 0.00000000 0.00000000 0.14425753 0.98954018
221.321000000 0.068955 0.012260 0.000000 0.00000000 0.00000000 0.15765927 0.98749357
221.446000000 0.073004 0.008109 0.000000 0.00000000 0.00000000 0.16916490 0.98558776
221.571000000 0.082000 0.019265 0.000000 0.00000000 0.00000000 0.18212086 0.98327615
221.696000000 0.089781 0.022486 0.000000 0.00000000 0.00000000 0.19420491 0.98096098
221.821000000 0.093950 0.017883 0.000000 0.00000000 0.00000000 0.20591923 0.97856899
221.946000000 0.098666 0.020944 0.000000 0.00000000 0.00000000 0.21808623 0.97592950
222.071000000 0.106744 0.024926 0.000000 0.00000000 0.00000000 0.23016303 0.97315208
222.196000000 0.118385 0.027206 0.000000 0.00000000 0.00000000 0.24220334 0.97022551
222.321000000 0.119268 0.038964 0.000000 0.00000000 0.00000000 0.25515282 0.96690074
222.446000000 0.129592 0.035098 0.000000 0.00000000 0.00000000 0.26613467 0.96393586
222.571000000 0.133367 0.042422 0.000000 0.00000000 0.00000000 0.27895815 0.96030326
222.696000000 0.140629 0.046048 0.000000 0.00000000 0.00000000 0.29050710 0.95687284
222.821000000 0.147134 0.049020 0.000000 0.00000000 0.00000000 0.30228300 0.95321823
222.946000000 0.150605 0.055033 0.000000 0.00000000 0.00000000 0.31434651 0.94930831
223.071000000 0.159007 0.060545 0.000000 0.00000000 0.00000000 0.32612567 0.94532642
223.196000000 0.163309 0.061762 0.000000 0.00000000 0.00000000 0.33749863 0.94132602
223.321000000 0.171765 0.067544 0.000000 0.00000000 0.00000000 0.34905672 0.93710160
223.446000000 0.178743 0.075809 0.000000 0.00000000 0.00000000 0.36115739 0.93250487
223.571000000 0.180565 0.081238 0.000000 0.00000000 0.00000000 0.37291233 0.92786658
223.696000000 0.190739 0.086441 0.000000 0.00000000 0.00000000 0.38436061 0.92318304
223.821000000 0.194283 0.085750 0.000000 0.00000000 0.00000000 0.39494468 0.91870490
223.946000000 0.198722 0.098268 0.000000 0.00000000 0.00000000 0.40727207 0.91330688
224.071000000 0.201733 0.099138 0.000000 0.00000000 0.00000000 0.41798879 0.90845218
224.196000000 0.203960 0.104023 0.000000 0.00000000 0.00000000 0.42613118 0.90466138
224.321000000 0.212237 0.109339 0.000000 0.00000000 0.00000000 0.43129561 0.90221067
224.446000000 0.219777 0.115567 0.000000 0.00000000 0.00000000 0.43669094 0.89961159
224.571000000 0.222770 0.123247 0.000000 0.00000000 0.00000000 0.44243433 0.89680091
224.696000000 0.230441 0.133549 0.000000 0.00000000 0.00000000 0.44823744 0.89391454
224.821000000 0.230666 0.138707 0.000000 0.00000000 0.00000000 0.45365355 0.89117813
224.946000000 0.232566 0.144197 0.000000 0.00000000 0.00000000 0.45951374 0.88817066
225.071000000 0.236720 0.152847 0.000000 0.00000000 0.00000000 0.46489250 0.88536713
225.196000000 0.242462 0.154106 0.000000 0.00000000 0.00000000 0.47004064 0.88264477
225.321000000 0.248675 0.160721 0.000000 0.00000000 0.00000000 0.47546640 0.87973388
225.446000000 0.250144 0.166222 0.000000 0.00000000 0.00000000 0.47765888 0.87854539
225.571000000 0.256084 0.175033 0.000000 0.00000000 0.00000000 0.47767518 0.87853653
225.696000000 0.259158 0.181037 0.000000 0.00000000 0.00000000 0.47752227 0.87861965
225.821000000 0.262041 0.188246 0.000000 0.00000000 0.00000000 0.47786501 0.87843328
225.946000000 0.266354 0.189375 0.000000 0.00000000 0.00000000 0.47737539 0.87869946
226.071000000 0.274338 0.196041 0.000000 0.00000000 0.00000000 0.47697075 0.87891917
226.196000000 0.278235 0.200415 0.000000 0.00000000 0.00000000 0.47699393 0.87890659
226.321000000 0.278549 0.220200 0.000000 0.00000000 0.00000000 0.47792400 0.87840119
226.446000000 0.286758 0.221943 0.000000 0.00000000 0.00000000 0.47777320 0.87848322
226.571000000 0.292484 0.229434 0.000000 0.00000000 0.00000000 0.47736760 0.87870369
226.696000000 0.297882 0.238667 0.000000 0.00000000 0.00000000 0.47740899 0.87868120
226.821000000 0.302516 0.241605 0.000000 0.00000000 0.00000000 0.47697538 0.87891666
226.946000000 0.306660 0.255666 0.000000 0.00000000 0.00000000 0.47754445 0.87860759
227.071000000 0.312716 0.265118 0.000000 0.00000000 0.00000000 0.47737480 0.87869978
227.196000000 0.318027 0.273171 0.000000 0.00000000 0.00000000 0.47776389 0.87848828
227.321000000 0.321936 0.283040 0.000000 0.00000000 0.00000000 0.47780340 0.87846679
227.446000000 0.332596 0.290850 0.000000 0.00000000 0.00000000 0.47759736 0.87857883
227.571000000 0.336992 0.299510 0.000000 0.00000000 0.00000000 0.47696445 0.87892259
227.696000000 0.344546 0.312559 0.000000 0.00000000 0.00000000 0.47758705 0.87858444
227.821000000 0.353017 0.319029 0.000000 0.00000000 0.00000000 0.47701128 0.87889717
227.946000000 0.356839 0.329239 0.000000 0.00000000 0.00000000 0.47717644 0.87880752
228.071000000 0.365233 0.339359 0.000000 0.00000000 0.00000000 0.47780852 0.87846401
228.196000000 0.369541 0.353530 0.000000 0.00000000 0.00000000 0.47764014 0.87855557
228.321000000 0.378922 0.365865 0.000000 0.00000000 0.00000000 0.47783885 0.87844751
228.446000000 0.386673 0.371716 0.000000 0.00000000 0.00000000 0.47725958 0.87876237
228.571000000 0.393600 0.381361 0.000000 0.00000000 0.00000000 0.47705737 0.87887216
228.696000000 0.397434 0.393531 0.000000 0.00000000 0.00000000 0.47747585 0.87864487
228.821000000 0.407368 0.406869 0.000000 0.00000000 0.00000000 0.47800511 0.87835706
228.946000000 0.410304 0.419158 0.000000 0.00000000 0.00000000 0.47792514 0.87840057
229.071000000 0.415702 0.424433 0.000000 0.00000000 0.00000000 0.47765653 0.87854666
229.196000000 0.428508 0.436422 0.000000 0.00000000 0.00000000 0.47765988 0.87854484
229.321000000 0.434735 0.449402 0.000000 0.00000000 0.00000000 0.47753247 0.87861410
229.446000000 0.438151 0.462722 0.000000 0.00000000 0.00000000 0.47743497 0.87866709
229.571000000 0.448511 0.467717 0.000000 0.00000000 0.00000000 0.47778583 0.87847635
229.696000000 0.453395 0.480245 0.000000 0.00000000 0.00000000 0.47790884 0.87840944
229.821000000 0.460001 0.491122 0.000000 0.00000000 0.00000000 0.47762543 0.87856357
229.946000000 0.466184 0.502521 0.000000 0.00000000 0.00000000 0.47737117 0.87870175
230.071000000 0.473848 0.511434 0.000000 0.00000000 0.00000000 0.47726453 0.87875967
230.196000000 0.480252 0.519966 0.000000 0.00000000 0.00000000 0.47748610 0.87863930
230.321000000 0.487197 0.532008 0.000000 0.00000000 0.00000000 0.47765672 0.87854656
230.446000000 0.490785 0.544883 0.000000 0.00000000 0.00000000 0.47740400 0.87868391
230.571000000 0.499093 0.555056 0.000000 0.00000000 0.00000000 0.47723999 0.87877301
230.696000000 0.506988 0.565934 0.000000 0.00000000 0.00000000 0.47788389 0.87842301
230.821000000 0.515859 0.573202 0.000000 0.00000000 0.00000000 0.47740819 0.87868164
230.946000000 0.524037 0.581737 0.000000 0.00000000 0.00000000 0.47789433 0.87841733
231.071000000 0.528381 0.594802 0.000000 0.00000000 0.00000000 0.47788174 0.87842418
231.196000000 0.532439 0.604007 0.000000 0.00000000 0.00000000 0.47762209 0.87856539
231.321000000 0.541273 0.619353 0.000000 0.00000000 0.00000000 0.47730419 0.87873813
231.446000000 0.549058 0.628455 0.000000 0.00000000 0.00000000 0.47752674 0.87861722
231.571000000 0.559476 0.633919 0.000000 0.00000000 0.00000000 0.47796364 0.87837962
231.696000000 0.564629 0.649062 0.000000 0.00000000 0.00000000 0.47786078 0.87843558
231.821000000 0.568730 0.656954 0.000000 0.00000000 0.00000000 0.47779395 0.87847193
231.946000000 0.572862 0.666853 0.000000 0.00000000 0.00000000 0.47777115 0.87848434
232.071000000 0.581224 0.679776 0.000000 0.00000000 0.00000000 0.47777525 0.87848210
232.196000000 0.588931 0.688902 0.000000 0.00000000 0.00000000 0.47744940 0.87865925
232.321000000 0.594617 0.696214 0.000000 0.00000000 0.00000000 0.47767150 0.87853852
232.446000000 0.603461 0.709319 0.000000 0.00000000 0.00000000 0.47741414 0.87867841
232.571000000 0.607428 0.721842 0.000000 0.00000000 0.00000000 0.47761972 0.87856668
232.696000000 0.615307 0.732112 0.000000 0.00000000 0.00000000 0.47830886 0.87819168
232.821000000 0.625774 0.741682 0.000000 0.00000000 0.00000000 0.47807862 0.87831705
232.946000000 0.628240 0.750883 0.000000 0.00000000 0.00000000 0.47741221 0.87867945
233.071000000 0.637932 0.758765 0.000000 0.00000000 0.00000000 0.47782998 0.87845234
233.196000000 0.639657 0.775460 0.000000 0.00000000 0.00000000 0.47779355 0.87847215
233.321000000 0.649724 0.783721 0.000000 0.00000000 0.00000000 0.47831258 0.87818966
233.446000000 0.655359 0.797362 0.000000 0.00000000 0.00000000 0.47792428 0.87840104
233.571000000 0.663135 0.805436 0.000000 0.00000000 0.00000000 0.47769307 0.87852679
233.696000000 0.671584 0.812761 0.000000 0.00000000 0.00000000 0.47816569 0.87826965
233.821000000 0.677609 0.828664 0.000000 0.00000000 0.00000000 0.47800439 0.87835745
233.946000000 0.683188 0.839246 0.000000 0.00000000 0.00000000 0.47792268 0.87840191
234.071000000 0.688768 0.852723 0.000000 0.00000000 0.00000000 0.47798927 0.87836567
234.196000000 0.695007 0.863748 0.000000 0.00000000 0.00000000 0.47820478 0.87824836
234.321000000 0.704202 0.868325 0.000000 0.00000000 0.00000000 0.47793402 0.87839574
234.446000000 0.710703 0.879182 0.000000 0.00000000 0.00000000 0.47806544 0.87832422
234.571000000 0.716700 0.894308 0.000000 0.00000000 0.00000000 0.47831943 0.87818593
234.696000000 0.720516 0.901583 0.000000 0.00000000 0.00000000 0.47826721 0.87821437
234.821000000 0.731486 0.912006 0.000000 0.00000000 0.00000000 0.47862942 0.87801701
234.946000000 0.738106 0.922319 0.000000 0.00000000 0.00000000 0.47822776 0.87823585
235.071000000 0.741384 0.931668 0.000000 0.00000000 0.00000000 0.47825971 0.87821845
235.196000000 0.752962 0.944202 0.000000 0.00000000 0.00000000 0.47826414 0.87821604
235.321000000 0.757871 0.953459 0.000000 0.00000000 0.00000000 0.47815021 0.87827807
235.446000000 0.768327 0.965315 0.000000 0.00000000 0.00000000 0.47866267 0.87799889
235.571000000 0.771582 0.974586 0.000000 0.00000000 0.00000000 0.47817341 0.87826545
235.696000000 0.779359 0.989206 0.000000 0.00000000 0.00000000 0.47824569 0.87822609
235.821000000 0.785030 0.993811 0.000000 0.00000000 0.00000000 0.47592474 0.87948601
235.946000000 0.789430 1.010628 0.000000 0.00000000 0.00000000 0.46977305 0.88278723
236.071000000 0.802534 1.016155 0.000000 0.00000000 0.00000000 0.46507272 0.88527248
236.196000000 0.805903 1.029800 0.000000 0.00000000 0.00000000 0.45893512 0.88846979
236.321000000 0.810322 1.034837 0.000000 0.00000000 0.00000000 0.45351370 0.89124931
236.446000000 0.817920 1.051437 0.000000 0.00000000 0.00000000 0.44775964 0.89415396
236.571000000 0.831250 1.057934 0.000000 0.00000000 0.00000000 0.44250669 0.89676521
236.696000000 0.840494 1.067320 0.000000 0.00000000 0.00000000 0.43714616 0.89939048
236.821000000 0.846521 1.075966 0.000000 0.00000000 0.00000000 0.43148357 0.90212079
236.946000000 0.853914 1.085866 0.000000 0.00000000 0.00000000 0.42602076 0.90471339
237.071000000 0.859971 1.100334 0.000000 0.00000000 0.00000000 0.41987977 0.90757974
237.196000000 0.871564 1.103112 0.000000 0.00000000 0.00000000 0.41540729 0.90963552
237.321000000 0.880209 1.120465 0.000000 0.00000000 0.00000000 0.40807539 0.91294823
237.446000000 0.895501 1.124830 0.000000 0.00000000 0.00000000 0.40440348 0.91458068
237.571000000 0.896755 1.130990 0.000000 0.00000000 0.00000000 0.39762582 0.91754766
237.696000000 0.911565 1.134079 0.000000 0.00000000 0.00000000 0.39399381 0.91911309
237.821000000 0.916259 1.147524 0.000000 0.00000000 0.00000000 0.38688487 0.92212803
237.946000000 0.923874 1.156042 0.000000 0.00000000 0.00000000 0.38098821 0.92457990
238.071000000 0.936364 1.170710 0.000000 0.00000000 0.00000000 0.37558731 0.92678702
238.196000000 0.938082 1.179115 0.000000 0.00000000 0.00000000 0.36819616 0.92974813
238.321000000 0.950732 1.188853 0.000000 0.00000000 0.00000000 0.36341962 0.93162556
238.446000000 0.963614 1.196867 0.000000 0.00000000 0.00000000 0.36150344 0.93237077
238.571000000 0.978210 1.200370 0.000000 0.00000000 0.00000000 0.36380376 0.93147562
238.696000000 0.977135 1.214468 0.000000 0.00000000 0.00000000 0.36132172 0.93244121
238.821000000 0.989883 1.217604 0.000000 0.00000000 0.00000000 0.36262597 0.93193476
238.946000000 1.005898 1.220482 0.000000 0.00000000 0.00000000 0.36345503 0.93161174
239.071000000 1.013583 1.235161 0.000000 0.00000000 0.00000000 0.36291917 0.93182062
239.196000000 1.027062 1.244997 0.000000 0.00000000 0.00000000 0.36363453 0.93154169
239.321000000 1.031705 1.256091 0.000000 0.00000000 0.00000000 0.36265351 0.93192405
239.446000000 1.036133 1.263136 0.000000 0.00000000 0.00000000 0.36224342 0.93208353
239.571000000 1.045541 1.270736 0.000000 0.00000000 0.00000000 0.36023461 0.93286174
239.696000000 1.060911 1.276761 0.000000 0.00000000 0.00000000 0.35629600 0.93437314
239.821000000 1.066879 1.286916 0.000000 0.00000000 0.00000000 0.34933388 0.93699832
239.946000000 1.076829 1.294210 0.000000 0.00000000 0.00000000 0.34410278 0.93893199
240.071000000 1.090027 1.300382 0.000000 0.00000000 0.00000000 0.33939158 0.94064518
240.196000000 1.096490 1.306817 0.000000 0.00000000 0.00000000 0.33223925 0.94319515
240.321000000 1.105506 1.319393 0.000000 0.00000000 0.00000000 0.33131478 0.94352028
240.446000000 1.119001 1.319460 0.000000 0.00000000 0.00000000 0.33167055 0.94339527
240.571000000 1.132380 1.324294 0.000000 0.00000000 0.00000000 0.33244072 0.94312415
240.696000000 1.142988 1.340957 0.000000 0.00000000 0.00000000 0.33210975 0.94324075
240.821000000 1.152581 1.347806 0.000000 0.00000000 0.00000000 0.33183402 0.94333779
240.946000000 1.151503 1.358093 0.000000 0.00000000 0.00000000 0.33083855 0.94368737
241.071000000 1.164032 1.362966 0.000000 0.00000000 0.00000000 0.33114185 0.94358098
241.196000000 1.178574 1.366876 0.000000 0.00000000 0.00000000 0.33154028 0.94344107
241.321000000 1.184747 1.374008 0.000000 0.00000000 0.00000000 0.33090971 0.94366242
241.446000000 1.193813 1.386893 0.000000 0.00000000 0.00000000 0.33161406 0.94341514
241.571000000 1.202768 1.394518 0.000000 0.00000000 0.00000000 0.33623632 0.94177765
241.696000000 1.212814 1.401061 0.000000 0.00000000 0.00000000 0.34433263 0.93884772
241.821000000 1.221601 1.417188 0.000000 0.00000000 0.00000000 0.35680101 0.93418041
241.946000000 1.224780 1.421705 0.000000 0.00000000 0.00000000 0.36632276 0.93048785
242.071000000 1.237941 1.428917 0.000000 0.00000000 0.00000000 0.37958972 0.92515493
242.196000000 1.242896 1.441032 0.000000 0.00000000 0.00000000 0.38851270 0.92144337
242.321000000 1.253369 1.450003 0.000000 0.00000000 0.00000000 0.39993710 0.91654259
242.446000000 1.258434 1.457663 0.000000 0.00000000 0.00000000 0.41107734 0.91160047
242.571000000 1.267869 1.470415 0.000000 0.00000000 0.00000000 0.42255503 0.90633727
242.696000000 1.275330 1.484651 0.000000 0.00000000 0.00000000 0.42991755 0.90286815
242.821000000 1.286645 1.488188 0.000000 0.00000000 0.00000000 0.43464867 0.90060010
242.946000000 1.292624 1.504786 0.000000 0.00000000 0.00000000 0.43394407 0.90093981
243.071000000 1.298863 1.508622 0.000000 0.00000000 0.00000000 0.43460451 0.90062141
243.196000000 1.308707 1.522203 0.000000 0.00000000 0.00000000 0.43545821 0.90020894
243.321000000 1.315609 1.522206 0.000000 0.00000000 0.00000000 0.43632964 0.89978689
243.446000000 1.320544 1.537014 0.000000 0.00000000 0.00000000 0.43596373 0.89996423
243.571000000 1.330776 1.538729 0.000000 0.00000000 0.00000000 0.43607508 0.89991029
243.696000000 1.334472 1.558882 0.000000 0.00000000 0.00000000 0.43556190 0.90015878
243.821000000 1.350448 1.567906 0.000000 0.00000000 0.00000000 0.43584929 0.90001966
243.946000000 1.359757 1.575714 0.000000 0.00000000 0.00000000 0.43650378 0.89970242
244.071000000 1.363616 1.589430 0.000000 0.00000000 0.00000000 0.43544382 0.90021591
244.196000000 1.366783 1.600699 0.000000 0.00000000 0.00000000 0.43500477 0.90042815
244.321000000 1.371158 1.610343 0.000000 0.00000000 0.00000000 0.43481873 0.90051800
244.446000000 1.384639 1.617806 0.000000 0.00000000 0.00000000 0.43182669 0.90195660
244.571000000 1.394580 1.626571 0.000000 0.00000000 0.00000000 0.42703670 0.90423429
244.696000000 1.397084 1.632401 0.000000 0.00000000 0.00000000 0.42039382 0.90734174
244.821000000 1.408562 1.647473 0.000000 0.00000000 0.00000000 0.41450271 0.91004808
244.946000000 1.414615 1.655304 0.000000 0.00000000 0.00000000 0.40831882 0.91283938
245.071000000 1.422562 1.657394 0.000000 0.00000000 0.00000000 0.40708013 0.91339245
245.196000000 1.438064 1.671687 0.000000 0.00000000 0.00000000 0.41021984 0.91198667
245.321000000 1.441595 1.679179 0.000000 0.00000000 0.00000000 0.41529655 0.90968609
245.446000000 1.446598 1.693555 0.000000 0.00000000 0.00000000 0.41972375 0.90765190
245.571000000 1.457638 1.702172 0.000000 0.00000000 0.00000000 0.42523639 0.90508232
245.696000000 1.467044 1.711631 0.000000 0.00000000 0.00000000 0.43291972 0.90143248
245.821000000 1.479590 1.720843 0.000000 0.00000000 0.00000000 0.43808123 0.89893539
245.946000000 1.482826 1.730947 0.000000 0.00000000 0.00000000 0.44394143 0.89605581
246.071000000 1.493734 1.739232 0.000000 0.00000000 0.00000000 0.44732635 0.89437080
246.196000000 1.496562 1.760871 0.000000 0.00000000 0.00000000 0.44621128 0.89492765
246.321000000 1.507890 1.763041 0.000000 0.00000000 0.00000000 0.44245337 0.89679151
246.446000000 1.509754 1.771953 0.000000 0.00000000 0.00000000 0.43585063 0.90001902
246.571000000 1.522715 1.780200 0.000000 0.00000000 0.00000000 0.43179254 0.90197295
246.696000000 1.523458 1.795043 0.000000 0.00000000 0.00000000 0.42517284 0.90511218
246.821000000 1.533633 1.801743 0.000000 0.00000000 0.00000000 0.41972174 0.90765283
246.946000000 1.541379 1.809026 0.000000 0.00000000 0.00000000 0.41498135 0.90982992
247.071000000 1.553465 1.820251 0.000000 0.00000000 0.00000000 0.41558618 0.90955381
247.196000000 1.557017 1.827568 0.000000 0.00000000 0.00000000 0.41476575 0.90992822
247.321000000 1.566458 1.833471 0.000000 0.00000000 0.00000000 0.41415170 0.91020787
247.446000000 1.573895 1.840149 0.000000 0.00000000 0.00000000 0.41512942 0.90976237
247.571000000 1.586803 1.854807 0.000000 0.00000000 0.00000000 0.41433718 0.91012345
247.696000000 1.587600 1.870524 0.000000 0.00000000 0.00000000 0.41481732 0.90990471
247.821000000 1.597339 1.872534 0.000000 0.00000000 0.00000000 0.41440130 0.91009426
247.946000000 1.608623 1.881762 0.000000 0.00000000 0.00000000 0.41547261 0.90960569
248.071000000 1.616063 1.895155 0.000000 0.00000000 0.00000000 0.41461421 0.90999729
248.196000000 1.618210 1.900277 0.000000 0.00000000 0.00000000 0.41344270 0.91053014
248.321000000 1.628764 1.920142 0.000000 0.00000000 0.00000000 0.41350080 0.91050375
248.446000000 1.638885 1.935606 0.000000 0.00000000 0.00000000 0.41463078 0.90998973
248.571000000 1.649863 1.936049 0.000000 0.00000000 0.00000000 0.41521131 0.90972500
248.696000000 1.653780 1.935818 0.000000 0.00000000 0.00000000 0.41514986 0.90975304
248.821000000 1.666525 1.943375 0.000000 0.00000000 0.00000000 0.41526549 0.90970026
248.946000000 1.671063 1.959306 0.000000 0.00000000 0.00000000 0.41480716 0.90990935
249.071000000 1.673919 1.966789 0.000000 0.00000000 0.00000000 0.41417918 0.91019537
249.196000000 1.690913 1.978909 0.000000 0.00000000 0.00000000 0.41490668 0.90986397
249.321000000 1.698423 1.993276 0.000000 0.00000000 0.00000000 0.41508937 0.90978064
249.446000000 1.705990 2.000403 0.000000 0.00000000 0.00000000 0.41418084 0.91019461
249.571000000 1.708632 2.000040 0.000000 0.00000000 0.00000000 0.41557266 0.90955998
249.696000000 1.716901 2.015889 0.000000 0.00000000 0.00000000 0.41444871 0.91007267
249.821000000 1.731006 2.018337 0.000000 0.00000000 0.00000000 0.41569048 0.90950614
249.946000000 1.737968 2.035147 0.000000 0.00000000 0.00000000 0.41424014 0.91016762
250.071000000 1.745683 2.046691 0.000000 0.00000000 0.00000000 0.41411985 0.91022236
250.196000000 1.752997 2.061240 0.000000 0.00000000 0.00000000 0.41503776 0.90980419
250.321000000 1.758399 2.069201 0.000000 0.00000000 0.00000000 0.41413831 0.91021396
250.446000000 1.772482 2.073649 0.000000 0.00000000 0.00000000 0.41534937 0.90966197
250.571000000 1.776202 2.079231 0.000000 0.00000000 0.00000000 0.41425943 0.91015885
250.696000000 1.788374 2.095169 0.000000 0.00000000 0.00000000 0.41038094 0.91191419
250.821000000 1.797540 2.101294 0.000000 0.00000000 0.00000000 0.40279441 0.91529048
250.946000000 1.806033 2.111698 0.000000 0.00000000 0.00000000 0.39247367 0.91976324
251.071000000 1.809721 2.121095 0.000000 0.00000000 0.00000000 0.38019849 0.92490492
251.196000000 1.820306 2.129044 0.000000 0.00000000 0.00000000 0.36842160 0.92965882
251.321000000 1.827004 2.135057 0.000000 0.00000000 0.00000000 0.35760800 0.93387179
251.446000000 1.850221 2.142590 0.000000 0.00000000 0.00000000 0.34693478 0.93788926
251.571000000 1.848308 2.153119 0.000000 0.00000000 0.00000000 0.33657337 0.94165725
251.696000000 1.859139 2.160769 0.000000 0.00000000 0.00000000 0.33162409 0.94341161
251.821000000 1.873282 2.164851 0.000000 0.00000000 0.00000000 0.33232223 0.94316591
251.946000000 1.874650 2.174148 0.000000 0.00000000 0.00000000 0.33250425 0.94310176
252.071000000 1.886520 2.183744 0.000000 0.00000000 0.00000000 0.33151858 0.94344869
252.196000000 1.902419 2.192011 0.000000 0.00000000 0.00000000 0.33065283 0.94375246
252.321000000 1.909117 2.200317 0.000000 0.00000000 0.00000000 0.32312580 0.94635602
252.446000000 1.920951 2.206161 0.000000 0.00000000 0.00000000 0.31452267 0.94924996
252.571000000 1.929478 2.219279 0.000000 0.00000000 0.00000000 0.30175403 0.95338581
252.696000000 1.935867 2.224964 0.000000 0.00000000 0.00000000 0.28779552 0.95769188
252.821000000 1.953773 2.223415 0.000000 0.00000000 0.00000000 0.27856105 0.96041852
252.946000000 1.962831 2.235137 0.000000 0.00000000 0.00000000 0.26596144 0.96398367
253.071000000 1.963275 2.238711 0.000000 0.00000000 0.00000000 0.25350378 0.96733440
253.196000000 1.979811 2.253483 0.000000 0.00000000 0.00000000 0.24144693 0.97041402
253.321000000 1.995994 2.248803 0.000000 0.00000000 0.00000000 0.23104430 0.97294323
253.446000000 2.012305 2.248331 0.000000 0.00000000 0.00000000 0.22101576 0.97527024
253.571000000 2.020700 2.272532 0.000000 0.00000000 0.00000000 0.20578015 0.97859825
253.696000000 2.027961 2.272264 0.000000 0.00000000 0.00000000 0.19282249 0.98123366
253.821000000 2.038521 2.269224 0.000000 0.00000000 0.00000000 0.18206515 0.98328647
253.946000000 2.053693 2.281716 0.000000 0.00000000 0.00000000 0.16841809 0.98571565
254.071000000 2.070515 2.275421 0.000000 0.00000000 0.00000000 0.15951559 0.98719541
254.196000000 2.071312 2.291104 0.000000 0.00000000 0.00000000 0.14032943 0.99010487
254.321000000 2.092775 2.284977 0.000000 0.00000000 0.00000000 0.13139480 0.99133012
254.446000000 2.094427 2.288970 0.000000 0.00000000 0.00000000 0.11662469 0.99317606
254.571000000 2.108206 2.291424 0.000000 0.00000000 0.00000000 0.10442660 0.99453260
254.696000000 2.127359 2.294490 0.000000 0.00000000 0.00000000 0.09348030 0.99562113
254.821000000 2.133466 2.299100 0.000000 0.00000000 0.00000000 0.07961417 0.99682575
254.946000000 2.146165 2.299259 0.000000 0.00000000 0.00000000 0.06712438 0.99774462
255.071000000 2.159796 2.303367 0.000000 0.00000000 0.00000000 0.05464202 0.99850601
255.196000000 2.170343 2.297305 0.000000 0.00000000 0.00000000 0.04470724 0.99900013
255.321000000 2.179147 2.303508 0.000000 0.00000000 0.00000000 0.03113617 0.99951515
255.446000000 2.194229 2.304199 0.000000 0.00000000 0.00000000 0.01938181 0.99981216
255.571000000 2.203853 2.307050 0.000000 0.00000000 0.00000000 0.00581826 0.99998307
255.696000000 2.222896 2.301565 0.000000 0.00000000 0.00000000 -0.00445894 0.99999006
255.821000000 2.234435 2.301098 0.000000 0.00000000 0.00000000 -0.01019391 0.99994804
255.946000000 2.241545 2.298628 0.000000 0.00000000 0.00000000 -0.01217959 0.99992583
256.071000000 2.256089 2.299503 0.000000 0.00000000 0.00000000 -0.01190236 0.99992916
256.196000000 2.269825 2.301900 0.000000 0.00000000 0.00000000 -0.01245005 0.99992250
256.321000000 2.283415 2.300660 0.000000 0.00000000 0.00000000 -0.01300320 0.99991545
256.446000000 2.295202 2.303422 0.000000 0.00000000 0.00000000 -0.01350020 0.99990887
256.571000000 2.311435 2.304790 0.000000 0.00000000 0.00000000 -0.01200271 0.99992796
256.696000000 2.322974 2.310745 0.000000 0.00000000 0.00000000 -0.01291023 0.99991666
256.821000000 2.334603 2.301576 0.000000 0.00000000 0.00000000 -0.01197396 0.99992831
256.946000000 2.352688 2.300150 0.000000 0.00000000 0.00000000 -0.01134231 0.99993567
257.071000000 2.352589 2.300629 0.000000 0.00000000 0.00000000 -0.01734850 0.99984950
257.196000000 2.367832 2.298588 0.000000 0.00000000 0.00000000 -0.02802682 0.99960717
257.321000000 2.375575 2.301094 0.000000 0.00000000 0.00000000 -0.04131629 0.99914612
257.446000000 2.390289 2.293674 0.000000 0.00000000 0.00000000 -0.05285434 0.99860223
257.571000000 2.404430 2.295267 0.000000 0.00000000 0.00000000 -0.06470257 0.99790459
257.696000000 2.420589 2.291068 0.000000 0.00000000 0.00000000 -0.07687710 0.99704058
257.821000000 2.429450 2.292346 0.000000 0.00000000 0.00000000 -0.08913830 0.99601926
257.946000000 2.440661 2.295642 0.000000 0.00000000 0.00000000 -0.10414192 0.99456245
258.071000000 2.456208 2.285975 0.000000 0.00000000 0.00000000 -0.11350816 0.99353706
258.196000000 2.460741 2.284795 0.000000 0.00000000 0.00000000 -0.12728405 0.99186631
258.321000000 2.479000 2.273536 0.000000 0.00000000 0.00000000 -0.13939449 0.99023693
258.446000000 2.485317 2.270330 0.000000 0.00000000 0.00000000 -0.15143356 0.98846744
258.571000000 2.504143 2.269011 0.000000 0.00000000 0.00000000 -0.16354742 0.98653547
258.696000000 2.510326 2.269259 0.000000 0.00000000 0.00000000 -0.17514072 0.98454341
258.821000000 2.521488 2.263526 0.000000 0.00000000 0.00000000 -0.18106706 0.98347075
258.946000000 2.532861 2.260238 0.000000 0.00000000 0.00000000 -0.18336664 0.98304459
259.071000000 2.546279 2.252149 0.000000 0.00000000 0.00000000 -0.18236740 0.98323046
259.196000000 2.559007 2.246874 0.000000 0.00000000 0.00000000 -0.18081864 0.98351646
259.321000000 2.571646 2.245568 0.000000 0.00000000 0.00000000 -0.17937350 0.98378105
259.446000000 2.582001 2.239573 0.000000 0.00000000 0.00000000 -0.18062158 0.98355266
259.571000000 2.594715 2.234021 0.000000 0.00000000 0.00000000 -0.18105360 0.98347323
259.696000000 2.606328 2.234899 0.000000 0.00000000 0.00000000 -0.18047669 0.98357926
259.821000000 2.614181 2.226758 0.000000 0.00000000 0.00000000 -0.18033473 0.98360530
259.946000000 2.631888 2.224678 0.000000 0.00000000 0.00000000 -0.17566738 0.98444958
260.071000000 2.643648 2.221174 0.000000 0.00000000 0.00000000 -0.16350984 0.98654170
260.196000000 2.652239 2.219868 0.000000 0.00000000 0.00000000 -0.15261801 0.98828525
260.321000000 2.666325 2.204386 0.000000 0.00000000 0.00000000 -0.14132884 0.98996271
260.446000000 2.683055 2.202264 0.000000 0.00000000 0.00000000 -0.12724377 0.99187148
260.571000000 2.688103 2.204304 0.000000 0.00000000 0.00000000 -0.11654522 0.99318539
260.696000000 2.699665 2.201633 0.000000 0.00000000 0.00000000 -0.10344657 0.99463501
260.821000000 2.719113 2.197354 0.000000 0.00000000 0.00000000 -0.08983007 0.99595711
260.946000000 2.724081 2.195480 0.000000 0.00000000 0.00000000 -0.07938579 0.99684397
261.071000000 2.742516 2.195610 0.000000 0.00000000 0.00000000 -0.06500753 0.99788477
261.196000000 2.751951 2.192393 0.000000 0.00000000 0.00000000 -0.05425597 0.99852706
261.321000000 2.765765 2.194178 0.000000 0.00000000 0.00000000 -0.04157306 0.99913547
261.446000000 2.774454 2.194079 0.000000 0.00000000 0.00000000 -0.02637674 0.99965207
261.571000000 2.793759 2.188351 0.000000 0.00000000 0.00000000 -0.00497269 0.99998764
261.696000000 2.803502 2.193994 0.000000 0.00000000 0.00000000 0.01759624 0.99984517
261.821000000 2.816439 2.190843 0.000000 0.00000000 0.00000000 0.04429828 0.99901835
261.946000000 2.826768 2.193198 0.000000 0.00000000 0.00000000 0.06940114 0.99758883
262.071000000 2.837604 2.196922 0.000000 0.00000000 0.00000000 0.08827026 0.99609656
262.196000000 2.851039 2.195321 0.000000 0.00000000 0.00000000 0.10617759 0.99434718
262.321000000 2.860080 2.201732 0.000000 0.00000000 0.00000000 0.11993188 0.99278212
262.446000000 2.876480 2.205510 0.000000 0.00000000 0.00000000 0.13358909 0.99103681
262.571000000 2.884334 2.212535 0.000000 0.00000000 0.00000000 0.14436831 0.98952402
262.696000000 2.895845 2.212602 0.000000 0.00000000 0.00000000 0.15638637 0.98769596
262.821000000 2.908927 2.215406 0.000000 0.00000000 0.00000000 0.16453424 0.98637137
262.946000000 2.925079 2.217805 0.000000 0.00000000 0.00000000 0.16815481 0.98576060
263.071000000 2.932600 2.226667 0.000000 0.00000000 0.00000000 0.16786426 0.98581012
263.196000000 2.950210 2.228912 0.000000 0.00000000 0.00000000 0.16807832 0.98577365
263.321000000 2.956036 2.227444 0.000000 0.00000000 0.00000000 0.17009643 0.98542742
263.446000000 2.971743 2.235223 0.000000 0.00000000 0.00000000 0.16794611 0.98579618
263.571000000 2.982075 2.236876 0.000000 0.00000000 0.00000000 0.16739837 0.98588934
263.696000000 2.991225 2.246436 0.000000 0.00000000 0.00000000 0.16007951 0.98710412
263.821000000 3.004718 2.245375 0.000000 0.00000000 0.00000000 0.15170744 0.98842544
263.946000000 3.017524 2.248585 0.000000 0.00000000 0.00000000 0.13894157 0.99030058
264.071000000 3.029107 2.253128 0.000000 0.00000000 0.00000000 0.12668480 0.99194302
264.196000000 3.038679 2.258994 0.000000 0.00000000 0.00000000 0.11348532 0.99353967
264.321000000 3.054233 2.261472 0.000000 0.00000000 0.00000000 0.10161800 0.99482349
264.446000000 3.073927 2.263274 0.000000 0.00000000 0.00000000 0.08764182 0.99615205
264.571000000 3.083734 2.260960 0.000000 0.00000000 0.00000000 0.07717618 0.99701747
264.696000000 3.090274 2.270337 0.000000 0.00000000 0.00000000 0.06507454 0.99788041
264.821000000 3.112418 2.267887 0.000000 0.00000000 0.00000000 0.05052092 0.99872300
264.946000000 3.120654 2.270564 0.000000 0.00000000 0.00000000 0.04164862 0.99913232
265.071000000 3.126486 2.272394 0.000000 0.00000000 0.00000000 0.03776415 0.99928668
265.196000000 3.146505 2.269220 0.000000 0.00000000 0.00000000 0.03689146 0.99931928
265.321000000 3.156349 2.275259 0.000000 0.00000000 0.00000000 0.03748798 0.99929708
265.446000000 3.169573 2.269108 0.000000 0.00000000 0.00000000 0.03681745 0.99932201
265.571000000 3.174117 2.272399 0.000000 0.00000000 0.00000000 0.03701936 0.99931455
265.696000000 3.183027 2.278991 0.000000 0.00000000 0.00000000 0.03981241 0.99920717
265.821000000 3.197655 2.278418 0.000000 0.00000000 0.00000000 0.04662497 0.99891246
265.946000000 3.214065 2.278998 0.000000 0.00000000 0.00000000 0.05848037 0.99828856
266.071000000 3.229692 2.280489 0.000000 0.00000000 0.00000000 0.07022288 0.99753133
266.196000000 3.241407 2.285015 0.000000 0.00000000 0.00000000 0.08297884 0.99655131
266.321000000 3.251621 2.283856 0.000000 0.00000000 0.00000000 0.09595662 0.99538552
266.446000000 3.266551 2.283176 0.000000 0.00000000 0.00000000 0.10810243 0.99413976
266.571000000 3.276196 2.287113 0.000000 0.00000000 0.00000000 0.12013255 0.99275786
266.696000000 3.297916 2.290024 0.000000 0.00000000 0.00000000 0.13226230 0.99121475
266.821000000 3.303059 2.291813 0.000000 0.00000000 0.00000000 0.14491115 0.98944467
266.946000000 3.311423 2.298920 0.000000 0.00000000 0.00000000 0.15819849 0.98740733
267.071000000 3.322940 2.305060 0.000000 0.00000000 0.00000000 0.17040534 0.98537405
267.196000000 3.337972 2.304484 0.000000 0.00000000 0.00000000 0.18066140 0.98354535
267.321000000 3.351215 2.310408 0.000000 0.00000000 0.00000000 0.19440000 0.98092234
267.446000000 3.362167 2.312858 0.000000 0.00000000 0.00000000 0.20562943 0.97862993
267.571000000 3.378089 2.318147 0.000000 0.00000000 0.00000000 0.21777824 0.97599828
267.696000000 3.383792 2.322754 0.000000 0.00000000 0.00000000 0.23489843 0.97201992
267.821000000 3.396093 2.331912 0.000000 0.00000000 0.00000000 0.25301587 0.96746213
267.946000000 3.405166 2.336424 0.000000 0.00000000 0.00000000 0.27066701 0.96267303
268.071000000 3.418939 2.344306 0.000000 0.00000000 0.00000000 0.28942259 0.95720142
268.196000000 3.430624 2.358715 0.000000 0.00000000 0.00000000 0.30404223 0.95265855
268.321000000 3.446526 2.361553 0.000000 0.00000000 0.00000000 0.31478200 0.94916400
268.446000000 3.449923 2.364390 0.000000 0.00000000 0.00000000 0.32215521 0.94668686
268.571000000 3.458928 2.378627 0.000000 0.00000000 0.00000000 0.32862569 0.94446024
268.696000000 3.469389 2.385773 0.000000 0.00000000 0.00000000 0.33445218 0.94241272
268.821000000 3.473838 2.393419 0.000000 0.00000000 0.00000000 0.33956253 0.94058348
268.946000000 3.481238 2.402821 0.000000 0.00000000 0.00000000 0.34436999 0.93883402
269.071000000 3.497181 2.406369 0.000000 0.00000000 0.00000000 0.34833950 0.93736844
269.196000000 3.501739 2.422536 0.000000 0.00000000 0.00000000 0.34661479 0.93800756
269.321000000 3.514103 2.427009 0.000000 0.00000000 0.00000000 0.34153679 0.93986841
269.446000000 3.528328 2.437589 0.000000 0.00000000 0.00000000 0.33572472 0.94196014
269.571000000 3.534008 2.440151 0.000000 0.00000000 0.00000000 0.32972591 0.94407670
269.696000000 3.548485 2.446332 0.000000 0.00000000 0.00000000 0.32397307 0.94606630
269.821000000 3.555097 2.460657 0.000000 0.00000000 0.00000000 0.31870490 0.94785399
269.946000000 3.566352 2.464295 0.000000 0.00000000 0.00000000 0.31356355 0.94956722
270.071000000 3.570432 2.477253 0.000000 0.00000000 0.00000000 0.30606392 0.95201096
270.196000000 3.585395 2.474491 0.000000 0.00000000 0.00000000 0.30008838 0.95391140
270.321000000 3.592022 2.486216 0.000000 0.00000000 0.00000000 0.29481436 0.95555455
270.446000000 3.605233 2.491308 0.000000 0.00000000 0.00000000 0.28784571 0.95767680
270.571000000 3.609711 2.498282 0.000000 0.00000000 0.00000000 0.28173737 0.95949156
270.696000000 3.629560 2.503983 0.000000 0.00000000 0.00000000 0.27853323 0.96042659
270.821000000 3.634553 2.513371 0.000000 0.00000000 0.00000000 0.27874778 0.96036435
270.946000000 3.645636 2.517537 0.000000 0.00000000 0.00000000 0.27886535 0.96033021
271.071000000 3.657377 2.526491 0.000000 0.00000000 0.00000000 0.27973492 0.96007727
271.196000000 3.669122 2.532669 0.000000 0.00000000 0.00000000 0.27898921 0.96029424
271.321000000 3.673439 2.535799 0.000000 0.00000000 0.00000000 0.27765695 0.96068029
271.446000000 3.686804 2.547210 0.000000 0.00000000 0.00000000 0.27771224 0.96066431
271.571000000 3.691967 2.552721 0.000000 0.00000000 0.00000000 0.27660810 0.96098281
271.696000000 3.702193 2.554923 0.000000 0.00000000 0.00000000 0.27789715 0.96061083
271.821000000 3.715238 2.564946 0.000000 0.00000000 0.00000000 0.27872388 0.96037128
271.946000000 3.723063 2.569724 0.000000 0.00000000 0.00000000 0.28164037 0.95952004
272.071000000 3.731830 2.574322 0.000000 0.00000000 0.00000000 0.28745817 0.95779319
272.196000000 3.747220 2.582796 0.000000 0.00000000 0.00000000 0.29374690 0.95588323
272.321000000 3.759968 2.584652 0.000000 0.00000000 0.00000000 0.30107020 0.95360198
272.446000000 3.764241 2.597165 0.000000 0.00000000 0.00000000 0.30975617 0.95081603
272.571000000 3.773420 2.609790 0.000000 0.00000000 0.00000000 0.32389833 0.94609189
272.696000000 3.778361 2.610192 0.000000 0.00000000 0.00000000 0.34162911 0.93983485
272.821000000 3.799674 2.624208 0.000000 0.00000000 0.00000000 0.35897552 0.93334698
272.946000000 3.810735 2.635169 0.000000 0.00000000 0.00000000 0.37669176 0.92633866
273.071000000 3.818573 2.634779 0.000000 0.00000000 0.00000000 0.39467530 0.91882066
273.196000000 3.813973 2.653146 0.000000 0.00000000 0.00000000 0.41074076 0.91175218
273.321000000 3.840993 2.657166 0.000000 0.00000000 0.00000000 0.42974267 0.90295140
273.446000000 3.849866 2.670180 0.000000 0.00000000 0.00000000 0.44812781 0.89396950
273.571000000 3.873120 2.667246 0.000000 0.00000000 0.00000000 0.47607107 0.87940681
273.696000000 3.856287 2.682512 0.000000 0.00000000 0.00000000 0.49607281 0.86828093
273.821000000 3.883239 2.699690 0.000000 0.00000000 0.00000000 0.52543641 0.85083287
273.946000000 3.886795 2.709622 0.000000 0.00000000 0.00000000 0.55160952 0.83410247
274.071000000 3.888473 2.716442 0.000000 0.00000000 0.00000000 0.57847197 0.81570226
274.196000000 3.877803 2.735177 0.000000 0.00000000 0.00000000 0.59798372 0.80150824
274.321000000 3.877241 2.750219 0.000000 0.00000000 0.00000000 0.62233561 0.78275053
274.446000000 3.883024 2.756201 0.000000 0.00000000 0.00000000 0.64803583 0.76160985
274.571000000 3.885874 2.770788 0.000000 0.00000000 0.00000000 0.66917635 0.74310364
274.696000000 3.883768 2.782009 0.000000 0.00000000 0.00000000 0.68767110 0.72602235
274.821000000 3.890044 2.791854 0.000000 0.00000000 0.00000000 0.70500428 0.70920305
274.946000000 3.890590 2.806093 0.000000 0.00000000 0.00000000 0.71472490 0.69940568
275.071000000 3.883372 2.821994 0.000000 0.00000000 0.00000000 0.72295224 0.69089801
275.196000000 3.880331 2.832232 0.000000 0.00000000 0.00000000 0.73330370 0.67990123
275.321000000 3.883979 2.847210 0.000000 0.00000000 0.00000000 0.74099214 0.67151369
275.446000000 3.877665 2.857326 0.000000 0.00000000 0.00000000 0.74933257 0.66219385
275.571000000 3.874548 2.869484 0.000000 0.00000000 0.00000000 0.75748995 0.65284682
275.696000000 3.874285 2.880407 0.000000 0.00000000 0.00000000 0.76575563 0.64313165
275.821000000 3.878030 2.894606 0.000000 0.00000000 0.00000000 0.77467498 0.63235961
275.946000000 3.867597 2.909294 0.000000 0.00000000 0.00000000 0.78168736 0.62367049
276.071000000 3.868037 2.922025 0.000000 0.00000000 0.00000000 0.78658687 0.61747963
276.196000000 3.866484 2.931090 0.000000 0.00000000 0.00000000 0.79175112 0.61084382
276.321000000 3.860552 2.948233 0.000000 0.00000000 0.00000000 0.79470212 0.60699962
276.446000000 3.857481 2.958415 0.000000 0.00000000 0.00000000 0.79890581 0.60145615
276.571000000 3.854659 2.968634 0.000000 0.00000000 0.00000000 0.80302020 0.59595181
276.696000000 3.852490 2.980542 0.000000 0.00000000 0.00000000 0.80748034 0.58989448
276.821000000 3.855290 2.993094 0.000000 0.00000000 0.00000000 0.80940997 0.58724399
276.946000000 3.848698 3.005532 0.000000 0.00000000 0.00000000 0.80948316 0.58714309
277.071000000 3.842027 3.017538 0.000000 0.00000000 0.00000000 0.80851939 0.58846954
277.196000000 3.833971 3.029930 0.000000 0.00000000 0.00000000 0.80913262 0.58762607
277.321000000 3.831048 3.043185 0.000000 0.00000000 0.00000000 0.80880648 0.58807489
277.446000000 3.826284 3.053165 0.000000 0.00000000 0.00000000 0.80874567 0.58815852
277.571000000 3.825168 3.063910 0.000000 0.00000000 0.00000000 0.80877570 0.58811723
277.696000000 3.820863 3.079198 0.000000 0.00000000 0.00000000 0.80844511 0.58857158
277.821000000 3.817860 3.088758 0.000000 0.00000000 0.00000000 0.80857294 0.58839596
277.946000000 3.816663 3.100431 0.000000 0.00000000 0.00000000 0.80927132 0.58743504
278.071000000 3.810620 3.110893 0.000000 0.00000000 0.00000000 0.80941459 0.58723763
278.196000000 3.806837 3.127779 0.000000 0.00000000 0.00000000 0.80795129 0.58924928
278.321000000 3.799637 3.139380 0.000000 0.00000000 0.00000000 0.80791674 0.58929665
278.446000000 3.801720 3.148909 0.000000 0.00000000 0.00000000 0.80818676 0.58892628
278.571000000 3.794224 3.161456 0.000000 0.00000000 0.00000000 0.80827105 0.58881059
278.696000000 3.788125 3.175358 0.000000 0.00000000 0.00000000 0.80791358 0.58930098
278.821000000 3.786241 3.187128 0.000000 0.00000000 0.00000000 0.80794748 0.58925451
278.946000000 3.782663 3.199644 0.000000 0.00000000 0.00000000 0.80722946 0.59023774
279.071000000 3.777622 3.209525 0.000000 0.00000000 0.00000000 0.80765006 0.58966208
279.196000000 3.776262 3.223004 0.000000 0.00000000 0.00000000 0.80880043 0.58808321
279.321000000 3.771633 3.232874 0.000000 0.00000000 0.00000000 0.80878120 0.58810966
279.446000000 3.763574 3.247156 0.000000 0.00000000 0.00000000 0.80807197 0.58908377
279.571000000 3.762911 3.260661 0.000000 0.00000000 0.00000000 0.80830624 0.58876228
279.696000000 3.763139 3.269763 0.000000 0.00000000 0.00000000 0.80904729 0.58774355
279.821000000 3.758317 3.280157 0.000000 0.00000000 0.00000000 0.80854513 0.58843417
279.946000000 3.750615 3.296199 0.000000 0.00000000 0.00000000 0.80903545 0.58775985
280.071000000 3.746425 3.306485 0.000000 0.00000000 0.00000000 0.80844702 0.58856895
280.196000000 3.743009 3.317467 0.000000 0.00000000 0.00000000 0.80884011 0.58802863
280.321000000 3.745524 3.330165 0.000000 0.00000000 0.00000000 0.80940503 0.58725079
280.446000000 3.739084 3.338305 0.000000 0.00000000 0.00000000 0.80893380 0.58789974
280.571000000 3.738832 3.352971 0.000000 0.00000000 0.00000000 0.80879839 0.58808601
280.696000000 3.731435 3.363073 0.000000 0.00000000 0.00000000 0.80924889 0.58746594
280.821000000 3.725594 3.376482 0.000000 0.00000000 0.00000000 0.80900555 0.58780100
280.946000000 3.721132 3.388374 0.000000 0.00000000 0.00000000 0.80908416 0.58769280
281.071000000 3.717962 3.400940 0.000000 0.00000000 0.00000000 0.80904659 0.58774451
281.196000000 3.713795 3.411351 0.000000 0.00000000 0.00000000 0.80883816 0.58803132
281.321000000 3.708771 3.425542 0.000000 0.00000000 0.00000000 0.80857236 0.58839676
281.446000000 3.707942 3.435073 0.000000 0.00000000 0.00000000 0.80892571 0.58791087
281.571000000 3.699596 3.448156 0.000000 0.00000000 0.00000000 0.80880258 0.58808025
281.696000000 3.697675 3.459163 0.000000 0.00000000 0.00000000 0.80849942 0.58849697
281.821000000 3.698039 3.471249 0.000000 0.00000000 0.00000000 0.80918497 0.58755399
281.946000000 3.693587 3.483172 0.000000 0.00000000 0.00000000 0.80914530 0.58760862
282.071000000 3.688182 3.495392 0.000000 0.00000000 0.00000000 0.80911149 0.58765517
282.196000000 3.688147 3.507055 0.000000 0.00000000 0.00000000 0.80823855 0.58885520
282.321000000 3.680704 3.517611 0.000000 0.00000000 0.00000000 0.80825851 0.58882781
282.446000000 3.676142 3.530033 0.000000 0.00000000 0.00000000 0.80843336 0.58858772
282.571000000 3.674241 3.542685 0.000000 0.00000000 0.00000000 0.80827301 0.58880789
282.696000000 3.672798 3.553661 0.000000 0.00000000 0.00000000 0.80829611 0.58877619
282.821000000 3.666747 3.567384 0.000000 0.00000000 0.00000000 0.80815186 0.58897417
282.946000000 3.664788 3.578307 0.000000 0.00000000 0.00000000 0.80869013 0.58823489
283.071000000 3.656907 3.591841 0.000000 0.00000000 0.00000000 0.80764198 0.58967316
283.196000000 3.657326 3.603360 0.000000 0.00000000 0.00000000 0.80866333 0.58827173
283.321000000 3.649734 3.617552 0.000000 0.00000000 0.00000000 0.80782362 0.58942429
283.446000000 3.647930 3.629572 0.000000 0.00000000 0.00000000 0.80772974 0.58955293
283.571000000 3.643741 3.639435 0.000000 0.00000000 0.00000000 0.80860492 0.58835200
283.696000000 3.639934 3.652415 0.000000 0.00000000 0.00000000 0.80798071 0.58920893
283.821000000 3.635543 3.665172 0.000000 0.00000000 0.00000000 0.80795321 0.58924664
283.946000000 3.634134 3.675198 0.000000 0.00000000 0.00000000 0.80874503 0.58815939
284.071000000 3.628817 3.686063 0.000000 0.00000000 0.00000000 0.80807043 0.58908589
284.196000000 3.622498 3.699420 0.000000 0.00000000 0.00000000 0.80810286 0.58904139
284.321000000 3.619252 3.712066 0.000000 0.00000000 0.00000000 0.80802994 0.58914143
284.446000000 3.615864 3.720387 0.000000 0.00000000 0.00000000 0.80823135 0.58886509
284.571000000 3.610918 3.732947 0.000000 0.00000000 0.00000000 0.80811513 0.58902457
284.696000000 3.606066 3.747641 0.000000 0.00000000 0.00000000 0.80811436 0.58902562
284.821000000 3.607595 3.758839 0.000000 0.00000000 0.00000000 0.80862408 0.58832567
284.946000000 3.603985 3.770385 0.000000 0.00000000 0.00000000 0.80833483 0.58872303
285.071000000 3.600041 3.783969 0.000000 0.00000000 0.00000000 0.80828290 0.58879432
285.196000000 3.592413 3.796670 0.000000 0.00000000 0.00000000 0.80808248 0.58906935
285.321000000 3.589523 3.808703 0.000000 0.00000000 0.00000000 0.80817087 0.58894809
285.446000000 3.580293 3.818715 0.000000 0.00000000 0.00000000 0.80802250 0.58915163
285.571000000 3.580561 3.831372 0.000000 0.00000000 0.00000000 0.80820202 0.58890534
285.696000000 3.573130 3.843923 0.000000 0.00000000 0.00000000 0.80771848 0.58956837
285.821000000 3.572440 3.855096 0.000000 0.00000000 0.00000000 0.80794630 0.58925611
285.946000000 3.568109 3.865609 0.000000 0.00000000 0.00000000 0.80789390 0.58932796
286.071000000 3.564444 3.878537 0.000000 0.00000000 0.00000000 0.80838693 0.58865149
286.196000000 3.556089 3.891696 0.000000 0.00000000 0.00000000 0.80808437 0.58906677
286.321000000 3.554816 3.903174 0.000000 0.00000000 0.00000000 0.80806590 0.58909210
286.446000000 3.552007 3.916403 0.000000 0.00000000 0.00000000 0.80838175 0.58865861
286.571000000 3.548324 3.927536 0.000000 0.00000000 0.00000000 0.80807020 0.58908620
286.696000000 3.546208 3.941261 0.000000 0.00000000 0.00000000 0.80552692 0.59255918
286.821000000 3.538690 3.951003 0.000000 0.00000000 0.00000000 0.80150452 0.59798871
286.946000000 3.531259 3.963805 0.000000 0.00000000 0.00000000 0.79765560 0.60311321
287.071000000 3.536965 3.973621 0.000000 0.00000000 0.00000000 0.79436555 0.60744002
287.196000000 3.534208 3.987225 0.000000 0.00000000 0.00000000 0.79000764 0.61309699
287.321000000 3.527955 4.000165 0.000000 0.00000000 0.00000000 0.78598763 0.61824222
287.446000000 3.526877 4.012986 0.000000 0.00000000 0.00000000 0.78203892 0.62322960
287.571000000 3.523940 4.024000 0.000000 0.00000000 0.00000000 0.77790135 0.62838641
287.696000000 3.520499 4.037852 0.000000 0.00000000 0.00000000 0.77394715 0.63325019
287.821000000 3.521943 4.050413 0.000000 0.00000000 0.00000000 0.77022415 0.63777328
287.946000000 3.513542 4.061471 0.000000 0.00000000 0.00000000 0.76616459 0.64264440
288.071000000 3.512864 4.073276 0.000000 0.00000000 0.00000000 0.76221472 0.64732428
288.196000000 3.513934 4.086954 0.000000 0.00000000 0.00000000 0.75702043 0.65339121
288.321000000 3.512722 4.100306 0.000000 0.00000000 0.00000000 0.75315576 0.65784223
288.446000000 3.514758 4.113167 0.000000 0.00000000 0.00000000 0.74892757 0.66265186
288.571000000 3.510433 4.121743 0.000000 0.00000000 0.00000000 0.74539400 0.66662417
288.696000000 3.513186 4.134831 0.000000 0.00000000 0.00000000 0.74081716 0.67170674
288.821000000 3.504994 4.148082 0.000000 0.00000000 0.00000000 0.73661076 0.67631693
288.946000000 3.501857 4.160161 0.000000 0.00000000 0.00000000 0.73251134 0.68075483
289.071000000 3.507622 4.170720 0.000000 0.00000000 0.00000000 0.72840412 0.68514775
289.196000000 3.507548 4.184373 0.000000 0.00000000 0.00000000 0.72398215 0.68981871
289.321000000 3.504618 4.197325 0.000000 0.00000000 0.00000000 0.71975701 0.69422608
289.446000000 3.504701 4.209969 0.000000 0.00000000 0.00000000 0.71522660 0.69889263
289.571000000 3.509162 4.221729 0.000000 0.00000000 0.00000000 0.71090602 0.70328702
289.696000000 3.506071 4.233379 0.000000 0.00000000 0.00000000 0.70687561 0.70733788
289.821000000 3.508298 4.247760 0.000000 0.00000000 0.00000000 0.70217412 0.71200527
289.946000000 3.503783 4.260527 0.000000 0.00000000 0.00000000 0.69761455 0.71647327
290.071000000 3.505650 4.272905 0.000000 0.00000000 0.00000000 0.69331554 0.72063414
290.196000000 3.504528 4.285823 0.000000 0.00000000 0.00000000 0.68898768 0.72477305
290.321000000 3.501974 4.297895 0.000000 0.00000000 0.00000000 0.68410824 0.72938051
290.446000000 3.510596 4.311067 0.000000 0.00000000 0.00000000 0.67979264 0.73340437
290.571000000 3.505371 4.323348 0.000000 0.00000000 0.00000000 0.67496208 0.73785242
290.696000000 3.510015 4.335731 0.000000 0.00000000 0.00000000 0.67058135 0.74183600
290.821000000 3.509737 4.348993 0.000000 0.00000000 0.00000000 0.66621351 0.74576106
290.946000000 3.515461 4.360449 0.000000 0.00000000 0.00000000 0.66109969 0.75029808
291.071000000 3.518530 4.372652 0.000000 0.00000000 0.00000000 0.65644148 0.75437695
291.196000000 3.514297 4.385473 0.000000 0.00000000 0.00000000 0.65232918 0.75793577
291.321000000 3.516392 4.397861 0.000000 0.00000000 0.00000000 0.64736920 0.76217657
291.446000000 3.520353 4.412408 0.000000 0.00000000 0.00000000 0.64241504 0.76635691
291.571000000 3.517326 4.423938 0.000000 0.00000000 0.00000000 0.63720371 0.77069542
291.696000000 3.525585 4.435506 0.000000 0.00000000 0.00000000 0.63256896 0.77450404
291.821000000 3.523935 4.449652 0.000000 0.00000000 0.00000000 0.62794244 0.77825978
291.946000000 3.529134 4.458723 0.000000 0.00000000 0.00000000 0.62350417 0.78182003
292.071000000 3.532555 4.469186 0.000000 0.00000000 0.00000000 0.61837229 0.78588530
292.196000000 3.536467 4.481948 0.000000 0.00000000 0.00000000 0.61382783 0.78943992
292.321000000 3.534867 4.494601 0.000000 0.00000000 0.00000000 0.60871036 0.79339252
292.446000000 3.539692 4.505243 0.000000 0.00000000 0.00000000 0.60398413 0.79699635
292.571000000 3.542689 4.519197 0.000000 0.00000000 0.00000000 0.59850782 0.80111696
292.696000000 3.548819 4.528545 0.000000 0.00000000 0.00000000 0.59397433 0.80448399
292.821000000 3.553395 4.540728 0.000000 0.00000000 0.00000000 0.58913775 0.80803261
292.946000000 3.556667 4.554426 0.000000 0.00000000 0.00000000 0.58357943 0.81205606
293.071000000 3.563685 4.566060 0.000000 0.00000000 0.00000000 0.57849780 0.81568395
293.196000000 3.561381 4.576747 0.000000 0.00000000 0.00000000 0.57362858 0.81911553
293.321000000 3.566396 4.589089 0.000000 0.00000000 0.00000000 0.56846651 0.82270641
293.446000000 3.571646 4.600613 0.000000 0.00000000 0.00000000 0.56329464 0.82625610
293.571000000 3.577762 4.610129 0.000000 0.00000000 0.00000000 0.55810711 0.82976891
293.696000000 3.580732 4.623681 0.000000 0.00000000 0.00000000 0.55319608 0.83305108
293.821000000 3.588242 4.637890 0.000000 0.00000000 0.00000000 0.54792998 0.83652420
293.946000000 3.594312 4.647692 0.000000 0.00000000 0.00000000 0.54278221 0.83987348
294.071000000 3.599716 4.658843 0.000000 0.00000000 0.00000000 0.53744069 0.84330155
294.196000000 3.605320 4.667164 0.000000 0.00000000 0.00000000 0.53209056 0.84668745
294.321000000 3.609662 4.681611 0.000000 0.00000000 0.00000000 0.52679582 0.84999186
294.446000000 3.612566 4.690996 0.000000 0.00000000 0.00000000 0.52135851 0.85333774
294.571000000 3.621180 4.701584 0.000000 0.00000000 0.00000000 0.51593425 0.85662819
294.696000000 3.626197 4.712691 0.000000 0.00000000 0.00000000 0.51077037 0.85971718
294.821000000 3.631708 4.724439 0.000000 0.00000000 0.00000000 0.50538076 0.86289645
294.946000000 3.636736 4.735440 0.000000 0.00000000 0.00000000 0.50010853 0.86596273
295.071000000 3.648965 4.746179 0.000000 0.00000000 0.00000000 0.49440521 0.86923155
295.196000000 3.647075 4.756697 0.000000 0.00000000 0.00000000 0.49002899 0.87170614
295.321000000 3.659784 4.765893 0.000000 0.00000000 0.00000000 0.48447552 0.87480482
295.446000000 3.661124 4.776628 0.000000 0.00000000 0.00000000 0.47920973 0.87770042
295.571000000 3.670970 4.788923 0.000000 0.00000000 0.00000000 0.47379227 0.88063664
295.696000000 3.671067 4.797058 0.000000 0.00000000 0.00000000 0.46829407 0.88357267
295.821000000 3.676754 4.807949 0.000000 0.00000000 0.00000000 0.46262878 0.88655209
295.946000000 3.687055 4.819562 0.000000 0.00000000 0.00000000 0.45726881 0.88932853
296.071000000 3.699052 4.828665 0.000000 0.00000000 0.00000000 0.45143786 0.89230256
296.196000000 3.705420 4.839080 0.000000 0.00000000 0.00000000 0.44579144 0.89513686
296.321000000 3.711110 4.849471 0.000000 0.00000000 0.00000000 0.44050762 0.89774887
296.446000000 3.723489 4.859393 0.000000 0.00000000 0.00000000 0.43472906 0.90056129
296.571000000 3.728979 4.867084 0.000000 0.00000000 0.00000000 0.42914171 0.90323717
296.696000000 3.736217 4.877684 0.000000 0.00000000 0.00000000 0.42339092 0.90594709
296.821000000 3.746002 4.886641 0.000000 0.00000000 0.00000000 0.41816530 0.90837095
296.946000000 3.751736 4.898129 0.000000 0.00000000 0.00000000 0.41221651 0.91108592
297.071000000 3.760055 4.905993 0.000000 0.00000000 0.00000000 0.40645801 0.91366946
297.196000000 3.768964 4.914973 0.000000 0.00000000 0.00000000 0.40069328 0.91621226
297.321000000 3.775268 4.922827 0.000000 0.00000000 0.00000000 0.39450154 0.91889528
297.446000000 3.786727 4.932328 0.000000 0.00000000 0.00000000 0.38903792 0.92122174
297.571000000 3.795657 4.941834 0.000000 0.00000000 0.00000000 0.38347823 0.92354992
297.696000000 3.801950 4.951645 0.000000 0.00000000 0.00000000 0.37752679 0.92599866
297.821000000 3.807603 4.959196 0.000000 0.00000000 0.00000000 0.37170084 0.92835256
297.946000000 3.820992 4.968536 0.000000 0.00000000 0.00000000 0.36628912 0.93050109
298.071000000 3.829632 4.975981 0.000000 0.00000000 0.00000000 0.36011558 0.93290770
298.196000000 3.843419 4.983913 0.000000 0.00000000 0.00000000 0.35449469 0.93505803
298.321000000 3.851228 4.993688 0.000000 0.00000000 0.00000000 0.34861013 0.93726783
298.446000000 3.856753 5.001442 0.000000 0.00000000 0.00000000 0.34267272 0.93945484
298.571000000 3.870666 5.009307 0.000000 0.00000000 0.00000000 0.33715372 0.94144961
298.696000000 3.876143 5.017194 0.000000 0.00000000 0.00000000 0.33143365 0.94347853
298.821000000 3.889499 5.024818 0.000000 0.00000000 0.00000000 0.32526833 0.94562176
298.946000000 3.896286 5.033012 0.000000 0.00000000 0.00000000 0.31917787 0.94769483
299.071000000 3.904545 5.040488 0.000000 0.00000000 0.00000000 0.31352289 0.94958064
299.196000000 3.919727 5.048247 0.000000 0.00000000 0.00000000 0.30716189 0.95165728
299.321000000 3.929526 5.054969 0.000000 0.00000000 0.00000000 0.30063396 0.95373960
299.446000000 3.940137 5.063103 0.000000 0.00000000 0.00000000 0.29545744 0.95535590
299.571000000 3.951089 5.069935 0.000000 0.00000000 0.00000000 0.28886123 0.95737098
299.696000000 3.960737 5.077752 0.000000 0.00000000 0.00000000 0.28306814 0.95909980
299.821000000 3.968701 5.083051 0.000000 0.00000000 0.00000000 0.27732889 0.96077505
299.946000000 3.981856 5.090653 0.000000 0.00000000 0.00000000 0.27180580 0.96235212
300.071000000 3.994017 5.095228 0.000000 0.00000000 0.00000000 0.27033554 0.96276617
300.196000000 4.001628 5.104130 0.000000 0.00000000 0.00000000 0.27099174 0.96258167
300.321000000 4.015800 5.110111 0.000000 0.00000000 0.00000000 0.27095583 0.96259178
300.446000000 4.029003 5.117129 0.000000 0.00000000 0.00000000 0.27105270 0.96256451
300.571000000 4.035260 5.123302 0.000000 0.00000000 0.00000000 0.27091270 0.96260392
300.696000000 4.047182 5.127681 0.000000 0.00000000 0.00000000 0.27094158 0.96259579
300.821000000 4.052750 5.133971 0.000000 0.00000000 0.00000000 0.27123354 0.96251357
300.946000000 4.064363 5.139028 0.000000 0.00000000 0.00000000 0.27092504 0.96260045
301.071000000 4.076189 5.148100 0.000000 0.00000000 0.00000000 0.26712134 0.96366290
301.196000000 4.091861 5.153230 0.000000 0.00000000 0.00000000 0.26095298 0.96535151
301.321000000 4.098378 5.159981 0.000000 0.00000000 0.00000000 0.25476472 0.96700307
301.446000000 4.111227 5.165216 0.000000 0.00000000 0.00000000 0.24818464 0.96871275
301.571000000 4.120985 5.171622 0.000000 0.00000000 0.00000000 0.24227888 0.97020665
301.696000000 4.131283 5.177176 0.000000 0.00000000 0.00000000 0.23625503 0.97169108
301.821000000 4.143092 5.183472 0.000000 0.00000000 0.00000000 0.23029134 0.97312173
301.946000000 4.158227 5.189981 0.000000 0.00000000 0.00000000 0.22446901 0.97448123
302.071000000 4.162591 5.193665 0.000000 0.00000000 0.00000000 0.21849825 0.97583734
302.196000000 4.175424 5.202198 0.000000 0.00000000 0.00000000 0.21185867 0.97730031
302.321000000 4.183525 5.206625 0.000000 0.00000000 0.00000000 0.20609587 0.97853180
302.446000000 4.195700 5.212258 0.000000 0.00000000 0.00000000 0.19971290 0.97985446
302.571000000 4.213362 5.214570 0.000000 0.00000000 0.00000000 0.19390002 0.98102130
302.696000000 4.222529 5.223589 0.000000 0.00000000 0.00000000 0.18766026 0.98223400
302.821000000 4.232896 5.226168 0.000000 0.00000000 0.00000000 0.18183956 0.98332821
302.946000000 4.239291 5.231621 0.000000 0.00000000 0.00000000 0.17523995 0.98452575
303.071000000 4.253419 5.235126 0.000000 0.00000000 0.00000000 0.16914293 0.98559153
303.196000000 4.272084 5.238824 0.000000 0.00000000 0.00000000 0.16332524 0.98657228
303.321000000 4.281854 5.243129 0.000000 0.00000000 0.00000000 0.15655756 0.98766884
303.446000000 4.292478 5.243604 0.000000 0.00000000 0.00000000 0.15022096 0.98865245
303.571000000 4.304970 5.249721 0.000000 0.00000000 0.00000000 0.14416048 0.98955432
303.696000000 4.320869 5.255581 0.000000 0.00000000 0.00000000 0.13899702 0.99029280
303.821000000 4.329947 5.257556 0.000000 0.00000000 0.00000000 0.13207582 0.99123962
303.946000000 4.342150 5.258619 0.000000 0.00000000 0.00000000 0.12572287 0.99206540
304.071000000 4.355708 5.260749 0.000000 0.00000000 0.00000000 0.11915370 0.99287582
304.196000000 4.365190 5.264891 0.000000 0.00000000 0.00000000 0.11295865 0.99359969
304.321000000 4.376334 5.266255 0.000000 0.00000000 0.00000000 0.10643282 0.99431990
304.446000000 4.388524 5.268847 0.000000 0.00000000 0.00000000 0.10013472 0.99497389
304.571000000 4.401936 5.272008 0.000000 0.00000000 0.00000000 0.09413957 0.99555901
304.696000000 4.413801 5.274459 0.000000 0.00000000 0.00000000 0.08782133 0.99613624
304.821000000 4.424346 5.276596 0.000000 0.00000000 0.00000000 0.08188268 0.99664198
304.946000000 4.435164 5.277315 0.000000 0.00000000 0.00000000 0.07550426 0.99714548
305.071000000 4.446840 5.279413 0.000000 0.00000000 0.00000000 0.06894462 0.99762049
305.196000000 4.461755 5.281341 0.000000 0.00000000 0.00000000 0.06354845 0.99797875
305.321000000 4.472782 5.282436 0.000000 0.00000000 0.00000000 0.05692280 0.99837858
305.446000000 4.486106 5.283316 0.000000 0.00000000 0.00000000 0.05051526 0.99872329
305.571000000 4.496679 5.285055 0.000000 0.00000000 0.00000000 0.04444663 0.99901176
305.696000000 4.509727 5.286707 0.000000 0.00000000 0.00000000 0.03818167 0.99927081
305.821000000 4.523175 5.286453 0.000000 0.00000000 0.00000000 0.03172650 0.99949659
305.946000000 4.535301 5.286839 0.000000 0.00000000 0.00000000 0.02607356 0.99966003
306.071000000 4.545532 5.288087 0.000000 0.00000000 0.00000000 0.01898224 0.99981982
306.196000000 4.558869 5.288534 0.000000 0.00000000 0.00000000 0.01268580 0.99991953
306.321000000 4.569620 5.290206 0.000000 0.00000000 0.00000000 0.00678091 0.99997701
306.446000000 4.587146 5.289691 0.000000 0.00000000 0.00000000 0.00074986 0.99999972
306.571000000 4.598982 5.289568 0.000000 0.00000000 0.00000000 -0.00588817 0.99998266
306.696000000 4.611962 5.291328 0.000000 0.00000000 0.00000000 -0.01121312 0.99993713
306.821000000 4.624535 5.289235 0.000000 0.00000000 0.00000000 -0.01440547 0.99989624
306.946000000 4.634614 5.291070 0.000000 0.00000000 0.00000000 -0.01349924 0.99990888
307.071000000 4.647930 5.287929 0.000000 0.00000000 0.00000000 -0.01440138 0.99989629
307.196000000 4.660972 5.288277 0.000000 0.00000000 0.00000000 -0.01574865 0.99987598
307.321000000 4.674158 5.287550 0.000000 0.00000000 0.00000000 -0.01560030 0.99987831
307.446000000 4.688087 5.285817 0.000000 0.00000000 0.00000000 -0.01586910 0.99987408
307.571000000 4.702064 5.284697 0.000000 0.00000000 0.00000000 -0.01639930 0.99986552
307.696000000 4.711160 5.285426 0.000000 0.00000000 0.00000000 -0.01586208 0.99987419
307.821000000 4.723481 5.287524 0.000000 0.00000000 0.00000000 -0.01554609 0.99987915
307.946000000 4.729789 5.285001 0.000000 0.00000000 0.00000000 -0.01579801 0.99987520
308.071000000 4.749392 5.285477 0.000000 0.00000000 0.00000000 -0.01583589 0.99987460
308.196000000 4.762024 5.286807 0.000000 0.00000000 0.00000000 -0.01484057 0.99988987
308.321000000 4.773490 5.283900 0.000000 0.00000000 0.00000000 -0.01491820 0.99988872
308.446000000 4.787161 5.284958 0.000000 0.00000000 0.00000000 -0.01495022 0.99988824
308.571000000 4.803172 5.283299 0.000000 0.00000000 0.00000000 -0.01516304 0.99988503
308.696000000 4.810753 5.284051 0.000000 0.00000000 0.00000000 -0.01496677 0.99988799
308.821000000 4.823574 5.285644 0.000000 0.00000000 0.00000000 -0.01445803 0.99989548
308.946000000 4.833361 5.284443 0.000000 0.00000000 0.00000000 -0.01475818 0.99989109
309.071000000 4.847537 5.282398 0.000000 0.00000000 0.00000000 -0.01500615 0.99988740
309.196000000 4.859416 5.283665 0.000000 0.00000000 0.00000000 -0.01501810 0.99988722
309.321000000 4.869448 5.281891 0.000000 0.00000000 0.00000000 -0.01464552 0.99989275
309.446000000 4.886816 5.282459 0.000000 0.00000000 0.00000000 -0.01483194 0.99989000
309.571000000 4.894322 5.286315 0.000000 0.00000000 0.00000000 -0.01439440 0.99989640
309.696000000 4.910369 5.281845 0.000000 0.00000000 0.00000000 -0.01481495 0.99989025
309.821000000 4.922899 5.278851 0.000000 0.00000000 0.00000000 -0.01474615 0.99989127
309.946000000 4.935794 5.278367 0.000000 0.00000000 0.00000000 -0.01518385 0.99988472
310.071000000 4.949712 5.278666 0.000000 0.00000000 0.00000000 -0.01463829 0.99989285
310.196000000 4.959055 5.278626 0.000000 0.00000000 0.00000000 -0.01573751 0.99987616
310.321000000 4.973436 5.276941 0.000000 0.00000000 0.00000000 -0.01522592 0.99988408
310.446000000 4.983264 5.279823 0.000000 0.00000000 0.00000000 -0.01510255 0.99988595
310.571000000 4.998074 5.278234 0.000000 0.00000000 0.00000000 -0.01530900 0.99988281
310.696000000 5.008153 5.277392 0.000000 0.00000000 0.00000000 -0.01535449 0.99988211
310.821000000 5.027233 5.276949 0.000000 0.00000000 0.00000000 -0.01518025 0.99988477
310.946000000 5.035423 5.277336 0.000000 0.00000000 0.00000000 -0.01502701 0.99988709
311.071000000 5.049448 5.276527 0.000000 0.00000000 0.00000000 -0.01510137 0.99988597
311.196000000 5.063280 5.278060 0.000000 0.00000000 0.00000000 -0.01460687 0.99989331
311.321000000 5.074723 5.277138 0.000000 0.00000000 0.00000000 -0.01479770 0.99989051
311.446000000 5.086722 5.274001 0.000000 0.00000000 0.00000000 -0.01486325 0.99988954
311.571000000 5.094610 5.275081 0.000000 0.00000000 0.00000000 -0.01510469 0.99988592
311.696000000 5.112273 5.273908 0.000000 0.00000000 0.00000000 -0.01525569 0.99988363
311.821000000 5.122983 5.271731 0.000000 0.00000000 0.00000000 -0.01548018 0.99988017
311.946000000 5.134405 5.270581 0.000000 0.00000000 0.00000000 -0.01601080 0.99987182
312.071000000 5.150740 5.271508 0.000000 0.00000000 0.00000000 -0.01550658 0.99987977
312.196000000 5.163017 5.270170 0.000000 0.00000000 0.00000000 -0.01551534 0.99987963
312.321000000 5.175001 5.269347 0.000000 0.00000000 0.00000000 -0.01542763 0.99988099
312.446000000 5.184776 5.271616 0.000000 0.00000000 0.00000000 -0.01499898 0.99988751
312.571000000 5.201583 5.269275 0.000000 0.00000000 0.00000000 -0.01561276 0.99987811
312.696000000 5.210936 5.267512 0.000000 0.00000000 0.00000000 -0.01512224 0.99988565
312.821000000 5.224141 5.267307 0.000000 0.00000000 0.00000000 -0.01553719 0.99987929
312.946000000 5.236096 5.269232 0.000000 0.00000000 0.00000000 -0.01527894 0.99988327
313.071000000 5.251972 5.272418 0.000000 0.00000000 0.00000000 -0.01374424 0.99990554
313.196000000 5.261590 5.269870 0.000000 0.00000000 0.00000000 -0.01521283 0.99988428
313.321000000 5.277409 5.271005 0.000000 0.00000000 0.00000000 -0.01435292 0.99989699
313.446000000 5.289064 5.269534 0.000000 0.00000000 0.00000000 -0.01713177 0.99985324
313.571000000 5.298336 5.268830 0.000000 0.00000000 0.00000000 -0.02320395 0.99973075
313.696000000 5.311414 5.266238 0.000000 0.00000000 0.00000000 -0.03024838 0.99954241
313.821000000 5.323967 5.266091 0.000000 0.00000000 0.00000000 -0.03596736 0.99935297
313.946000000 5.339406 5.263222 0.000000 0.00000000 0.00000000 -0.04225186 0.99910699
314.071000000 5.347251 5.264005 0.000000 0.00000000 0.00000000 -0.04797724 0.99884843
314.196000000 5.356234 5.263341 0.000000 0.00000000 0.00000000 -0.05457260 0.99850981
314.321000000 5.369961 5.264208 0.000000 0.00000000 0.00000000 -0.06032692 0.99817867
314.446000000 5.384531 5.257638 0.000000 0.00000000 0.00000000 -0.06706704 0.99774847
314.571000000 5.394049 5.260007 0.000000 0.00000000 0.00000000 -0.07294986 0.99733561
314.696000000 5.407743 5.254597 0.000000 0.00000000 0.00000000 -0.07920645 0.99685823
314.821000000 5.420927 5.253657 0.000000 0.00000000 0.00000000 -0.08234972 0.99660349
314.946000000 5.432792 5.252181 0.000000 0.00000000 0.00000000 -0.08151174 0.99667238
315.071000000 5.444108 5.250885 0.000000 0.00000000 0.00000000 -0.08150736 0.99667274
315.196000000 5.457865 5.248939 0.000000 0.00000000 0.00000000 -0.08137000 0.99668396
315.321000000 5.470646 5.245266 0.000000 0.00000000 0.00000000 -0.08163803 0.99666205
315.446000000 5.481224 5.244636 0.000000 0.00000000 0.00000000 -0.08150094 0.99667326
315.571000000 5.495031 5.243279 0.000000 0.00000000 0.00000000 -0.08150018 0.99667333
315.696000000 5.507929 5.240103 0.000000 0.00000000 0.00000000 -0.08448985 0.99642434
315.821000000 5.519373 5.239730 0.000000 0.00000000 0.00000000 -0.09079837 0.99586930
315.946000000 5.531466 5.234548 0.000000 0.00000000 0.00000000 -0.09701651 0.99528277
316.071000000 5.542515 5.230934 0.000000 0.00000000 0.00000000 -0.10404589 0.99457250
316.196000000 5.557367 5.230485 0.000000 0.00000000 0.00000000 -0.10964182 0.99397116
316.321000000 5.569308 5.223984 0.000000 0.00000000 0.00000000 -0.11599932 0.99324929
316.446000000 5.581667 5.220613 0.000000 0.00000000 0.00000000 -0.12207583 0.99252078
316.571000000 5.593677 5.219037 0.000000 0.00000000 0.00000000 -0.12863908 0.99169148
316.696000000 5.606933 5.217525 0.000000 0.00000000 0.00000000 -0.13391721 0.99099252
316.821000000 5.619391 5.210682 0.000000 0.00000000 0.00000000 -0.14058949 0.99006798
316.946000000 5.631505 5.206935 0.000000 0.00000000 0.00000000 -0.14709832 0.98912188
317.071000000 5.641804 5.207702 0.000000 0.00000000 0.00000000 -0.15244938 0.98831128
317.196000000 5.656626 5.204528 0.000000 0.00000000 0.00000000 -0.15801067 0.98743740
317.321000000 5.666168 5.200109 0.000000 0.00000000 0.00000000 -0.16516482 0.98626598
317.446000000 5.678524 5.195516 0.000000 0.00000000 0.00000000 -0.17125710 0.98522637
317.571000000 5.688970 5.192190 0.000000 0.00000000 0.00000000 -0.17706123 0.98419984
317.696000000 5.702090 5.187029 0.000000 0.00000000 0.00000000 -0.18356648 0.98300730
317.821000000 5.713155 5.181966 0.000000 0.00000000 0.00000000 -0.18976325 0.98182988
317.946000000 5.723717 5.177861 0.000000 0.00000000 0.00000000 -0.19558210 0.98068733
318.071000000 5.735229 5.172888 0.000000 0.00000000 0.00000000 -0.20187353 0.97941160
318.196000000 5.745183 5.166987 0.000000 0.00000000 0.00000000 -0.20811431 0.97810451
318.321000000 5.756990 5.162169 0.000000 0.00000000 0.00000000 -0.21368270 0.97690312
318.446000000 5.768200 5.155951 0.000000 0.00000000 0.00000000 -0.22045959 0.97539611
318.571000000 5.778487 5.151698 0.000000 0.00000000 0.00000000 -0.22585092 0.97416188
318.696000000 5.790352 5.144544 0.000000 0.00000000 0.00000000 -0.23214059 0.97268224
318.821000000 5.803187 5.137934 0.000000 0.00000000 0.00000000 -0.23863913 0.97110832
318.946000000 5.813737 5.132881 0.000000 0.00000000 0.00000000 -0.24493826 0.96953868
319.071000000 5.822461 5.128412 0.000000 0.00000000 0.00000000 -0.25099551 0.96798825
319.196000000 5.835252 5.122899 0.000000 0.00000000 0.00000000 -0.25593920 0.96669288
319.321000000 5.840424 5.111718 0.000000 0.00000000 0.00000000 -0.26347792 0.96466543
319.446000000 5.854918 5.105179 0.000000 0.00000000 0.00000000 -0.26943222 0.96301936
319.571000000 5.864908 5.095671 0.000000 0.00000000 0.00000000 -0.27545623 0.96131361
319.696000000 5.873547 5.090539 0.000000 0.00000000 0.00000000 -0.28112117 0.95967228
319.821000000 5.887504 5.085645 0.000000 0.00000000 0.00000000 -0.28603677 0.95821864
319.946000000 5.897990 5.083508 0.000000 0.00000000 0.00000000 -0.29122177 0.95665557
320.071000000 5.909795 5.075486 0.000000 0.00000000 0.00000000 -0.29778014 0.95463448
320.196000000 5.923908 5.068570 0.000000 0.00000000 0.00000000 -0.30355365 0.95281435
320.321000000 5.930544 5.055196 0.000000 0.00000000 0.00000000 -0.31019847 0.95067182
320.446000000 5.944490 5.053515 0.000000 0.00000000 0.00000000 -0.31584683 0.94881019
320.571000000 5.951445 5.042684 0.000000 0.00000000 0.00000000 -0.32681561 0.94508812
320.696000000 5.960525 5.038100 0.000000 0.00000000 0.00000000 -0.33800465 0.94114444
320.821000000 5.971812 5.031486 0.000000 0.00000000 0.00000000 -0.34975748 0.93684028
320.946000000 5.979588 5.020576 0.000000 0.00000000 0.00000000 -0.36229343 0.93206409
321.071000000 5.987948 5.012169 0.000000 0.00000000 0.00000000 -0.37357540 0.92759982
321.196000000 5.998091 5.005488 0.000000 0.00000000 0.00000000 -0.38485150 0.92297851
321.321000000 6.009253 4.994414 0.000000 0.00000000 0.00000000 -0.39639116 0.91808172
321.446000000 6.016840 4.988820 0.000000 0.00000000 0.00000000 -0.40492392 0.91435038
321.571000000 6.022617 4.981703 0.000000 0.00000000 0.00000000 -0.41034473 0.91193048
321.696000000 6.032430 4.967570 0.000000 0.00000000 0.00000000 -0.41642842 0.90916850
321.821000000 6.040660 4.958931 0.000000 0.00000000 0.00000000 -0.42231371 0.90644974
321.946000000 6.048420 4.948285 0.000000 0.00000000 0.00000000 -0.42782192 0.90386304
322.071000000 6.056321 4.937707 0.000000 0.00000000 0.00000000 -0.43332083 0.90123973
322.196000000 6.062481 4.929262 0.000000 0.00000000 0.00000000 -0.43880292 0.89858333
322.321000000 6.067780 4.921175 0.000000 0.00000000 0.00000000 -0.44383088 0.89611057
322.446000000 6.075957 4.912484 0.000000 0.00000000 0.00000000 -0.45213281 0.89195063
322.571000000 6.081756 4.900162 0.000000 0.00000000 0.00000000 -0.46411622 0.88577431
322.696000000 6.088601 4.890431 0.000000 0.00000000 0.00000000 -0.47513590 0.87991243
322.821000000 6.096138 4.877767 0.000000 0.00000000 0.00000000 -0.48634207 0.87376850
322.946000000 6.102231 4.871787 0.000000 0.00000000 0.00000000 -0.49689930 0.86780821
323.071000000 6.109409 4.861807 0.000000 0.00000000 0.00000000 -0.50753282 0.86163242
323.196000000 6.118712 4.848784 0.000000 0.00000000 0.00000000 -0.51847502 0.85509278
323.321000000 6.123715 4.838897 0.000000 0.00000000 0.00000000 -0.52859763 0.84887251
323.446000000 6.125909 4.820521 0.000000 0.00000000 0.00000000 -0.54054017 0.84131821
323.571000000 6.131606 4.815324 0.000000 0.00000000 0.00000000 -0.55010246 0.83509717
323.696000000 6.135951 4.803619 0.000000 0.00000000 0.00000000 -0.56022539 0.82834022
323.821000000 6.141030 4.789198 0.000000 0.00000000 0.00000000 -0.56867251 0.82256402
323.946000000 6.145257 4.779562 0.000000 0.00000000 0.00000000 -0.57340798 0.81926997
324.071000000 6.148689 4.767365 0.000000 0.00000000 0.00000000 -0.57845723 0.81571272
324.196000000 6.153608 4.754060 0.000000 0.00000000 0.00000000 -0.58344640 0.81215165
324.321000000 6.159490 4.739947 0.000000 0.00000000 0.00000000 -0.58897068 0.80815440
324.446000000 6.164710 4.730443 0.000000 0.00000000 0.00000000 -0.59361081 0.80475226
324.571000000 6.167674 4.719356 0.000000 0.00000000 0.00000000 -0.59859690 0.80105041
324.696000000 6.171503 4.705296 0.000000 0.00000000 0.00000000 -0.60375694 0.79716847
324.821000000 6.173187 4.692916 0.000000 0.00000000 0.00000000 -0.60557848 0.79578559
324.946000000 6.178479 4.681490 0.000000 0.00000000 0.00000000 -0.60563042 0.79574606
325.071000000 6.180806 4.670025 0.000000 0.00000000 0.00000000 -0.60565945 0.79572397
325.196000000 6.186512 4.659408 0.000000 0.00000000 0.00000000 -0.60524776 0.79603716
325.321000000 6.188124 4.645087 0.000000 0.00000000 0.00000000 -0.60565208 0.79572957
325.446000000 6.191959 4.630437 0.000000 0.00000000 0.00000000 -0.60638471 0.79517142
325.571000000 6.193778 4.622559 0.000000 0.00000000 0.00000000 -0.60533497 0.79597084
325.696000000 6.197172 4.612291 0.000000 0.00000000 0.00000000 -0.60494189 0.79626962
325.821000000 6.199406 4.597218 0.000000 0.00000000 0.00000000 -0.60573237 0.79566846
325.946000000 6.206243 4.584623 0.000000 0.00000000 0.00000000 -0.60545879 0.79587666
326.071000000 6.207993 4.574730 0.000000 0.00000000 0.00000000 -0.60554828 0.79580857
326.196000000 6.212006 4.559676 0.000000 0.00000000 0.00000000 -0.60588212 0.79555444
326.321000000 6.216038 4.551121 0.000000 0.00000000 0.00000000 -0.60506434 0.79617658
326.446000000 6.219192 4.535357 0.000000 0.00000000 0.00000000 -0.60641847 0.79514567
326.571000000 6.219805 4.526910 0.000000 0.00000000 0.00000000 -0.60890048 0.79324662
326.696000000 6.223377 4.515426 0.000000 0.00000000 0.00000000 -0.61348814 0.78970394
326.821000000 6.228614 4.503530 0.000000 0.00000000 0.00000000 -0.61864058 0.78567413
326.946000000 6.230777 4.489165 0.000000 0.00000000 0.00000000 -0.62368140 0.78167865
327.071000000 6.233643 4.477091 0.000000 0.00000000 0.00000000 -0.62838121 0.77790555
327.196000000 6.236541 4.468726 0.000000 0.00000000 0.00000000 -0.63278483 0.77432768
327.321000000 6.237948 4.452890 0.000000 0.00000000 0.00000000 -0.63779183 0.77020879
327.446000000 6.240132 4.439585 0.000000 0.00000000 0.00000000 -0.64306585 0.76581088
327.571000000 6.240255 4.430780 0.000000 0.00000000 0.00000000 -0.64691267 0.76256410
327.696000000 6.245255 4.417829 0.000000 0.00000000 0.00000000 -0.65168344 0.75849106
327.821000000 6.246785 4.404316 0.000000 0.00000000 0.00000000 -0.65652014 0.75430849
327.946000000 6.249839 4.392619 0.000000 0.00000000 0.00000000 -0.66132852 0.75009639
328.071000000 6.250888 4.381597 0.000000 0.00000000 0.00000000 -0.66560782 0.74630170
328.196000000 6.249983 4.366644 0.000000 0.00000000 0.00000000 -0.67093209 0.74151880
328.321000000 6.254633 4.355112 0.000000 0.00000000 0.00000000 -0.67423262 0.73851904
328.446000000 6.253873 4.341990 0.000000 0.00000000 0.00000000 -0.67907290 0.73407084
328.571000000 6.255156 4.330493 0.000000 0.00000000 0.00000000 -0.68336710 0.73007493
328.696000000 6.255617 4.319262 0.000000 0.00000000 0.00000000 -0.68430749 0.72919357
328.821000000 6.256308 4.306781 0.000000 0.00000000 0.00000000 -0.68462943 0.72889131
328.946000000 6.254577 4.291274 0.000000 0.00000000 0.00000000 -0.68472363 0.72880282
329.071000000 6.255295 4.281853 0.000000 0.00000000 0.00000000 -0.68428291 0.72921664
329.196000000 6.257413 4.270540 0.000000 0.00000000 0.00000000 -0.68527735 0.72828219
329.321000000 6.259961 4.253593 0.000000 0.00000000 0.00000000 -0.68596922 0.72763056
329.446000000 6.259884 4.241973 0.000000 0.00000000 0.00000000 -0.68569263 0.72789121
329.571000000 6.259616 4.230289 0.000000 0.00000000 0.00000000 -0.68567014 0.72791240
329.696000000 6.261048 4.214007 0.000000 0.00000000 0.00000000 -0.68646756 0.72716043
329.821000000 6.261928 4.204509 0.000000 0.00000000 0.00000000 -0.68566390 0.72791827
329.946000000 6.262587 4.191121 0.000000 0.00000000 0.00000000 -0.68566499 0.72791725
330.071000000 6.263599 4.180362 0.000000 0.00000000 0.00000000 -0.68544943 0.72812023
330.196000000 6.263786 4.169693 0.000000 0.00000000 0.00000000 -0.68515299 0.72839919
330.321000000 6.263695 4.155599 0.000000 0.00000000 0.00000000 -0.68524112 0.72831628
330.446000000 6.260828 4.142061 0.000000 0.00000000 0.00000000 -0.68525991 0.72829861
330.571000000 6.263694 4.135207 0.000000 0.00000000 0.00000000 -0.68460232 0.72891677
330.696000000 6.260020 4.115568 0.000000 0.00000000 0.00000000 -0.68601098 0.72759118
330.821000000 6.265540 4.105148 0.000000 0.00000000 0.00000000 -0.68510502 0.72844431
330.946000000 6.267961 4.094377 0.000000 0.00000000 0.00000000 -0.68490557 0.72863184
331.071000000 6.266841 4.082147 0.000000 0.00000000 0.00000000 -0.68508200 0.72846596
331.196000000 6.267072 4.068013 0.000000 0.00000000 0.00000000 -0.68451383 0.72899987
331.321000000 6.271153 4.055798 0.000000 0.00000000 0.00000000 -0.68506297 0.72848385
331.446000000 6.270013 4.041973 0.000000 0.00000000 0.00000000 -0.68519322 0.72836134
331.571000000 6.271812 4.030565 0.000000 0.00000000 0.00000000 -0.68574693 0.72784005
331.696000000 6.273181 4.019335 0.000000 0.00000000 0.00000000 -0.68488228 0.72865374
331.821000000 6.273552 4.006313 0.000000 0.00000000 0.00000000 -0.68519212 0.72836239
331.946000000 6.273455 3.994296 0.000000 0.00000000 0.00000000 -0.68552149 0.72805239
332.071000000 6.275445 3.984150 0.000000 0.00000000 0.00000000 -0.68507937 0.72846843
332.196000000 6.274412 3.966122 0.000000 0.00000000 0.00000000 -0.68570187 0.72788251
332.321000000 6.276949 3.958194 0.000000 0.00000000 0.00000000 -0.68502035 0.72852393
332.446000000 6.272262 3.942635 0.000000 0.00000000 0.00000000 -0.68548794 0.72808398
332.571000000 6.275682 3.932340 0.000000 0.00000000 0.00000000 -0.68548032 0.72809116
332.696000000 6.275224 3.916902 0.000000 0.00000000 0.00000000 -0.68592952 0.72766798
332.821000000 6.273435 3.907502 0.000000 0.00000000 0.00000000 -0.68462943 0.72889131
332.946000000 6.278074 3.893172 0.000000 0.00000000 0.00000000 -0.68587983 0.72771482
333.071000000 6.277308 3.883374 0.000000 0.00000000 0.00000000 -0.68485082 0.72868330
333.196000000 6.282806 3.868880 0.000000 0.00000000 0.00000000 -0.68570034 0.72788395
333.321000000 6.280404 3.857004 0.000000 0.00000000 0.00000000 -0.68658875 0.72704600
333.446000000 6.282428 3.841650 0.000000 0.00000000 0.00000000 -0.69098516 0.72286895
333.571000000 6.281639 3.830544 0.000000 0.00000000 0.00000000 -0.69477895 0.71922333
333.696000000 6.285101 3.821716 0.000000 0.00000000 0.00000000 -0.69899092 0.71513054
333.821000000 6.284096 3.807470 0.000000 0.00000000 0.00000000 -0.70356970 0.71062626
333.946000000 6.281301 3.793604 0.000000 0.00000000 0.00000000 -0.70856699 0.70564355
334.071000000 6.284380 3.781350 0.000000 0.00000000 0.00000000 -0.71196664 0.70221329
334.196000000 6.281253 3.768067 0.000000 0.00000000 0.00000000 -0.71429990 0.69983973
334.321000000 6.281732 3.756456 0.000000 0.00000000 0.00000000 -0.71400363 0.70014200
334.446000000 6.282474 3.741218 0.000000 0.00000000 0.00000000 -0.71386720 0.70028110
334.571000000 6.280052 3.726731 0.000000 0.00000000 0.00000000 -0.71389651 0.70025122
334.696000000 6.282040 3.718300 0.000000 0.00000000 0.00000000 -0.71342700 0.70072956
334.821000000 6.279151 3.706389 0.000000 0.00000000 0.00000000 -0.71331934 0.70083915
334.946000000 6.280346 3.695315 0.000000 0.00000000 0.00000000 -0.71374626 0.70040436
335.071000000 6.279540 3.681123 0.000000 0.00000000 0.00000000 -0.71364892 0.70050355
335.196000000 6.281466 3.674313 0.000000 0.00000000 0.00000000 -0.71397988 0.70016621
335.321000000 6.280773 3.658919 0.000000 0.00000000 0.00000000 -0.71400726 0.70013830
335.446000000 6.280808 3.646129 0.000000 0.00000000 0.00000000 -0.71399148 0.70015439
335.571000000 6.276881 3.628222 0.000000 0.00000000 0.00000000 -0.71454914 0.69958525
335.696000000 6.280279 3.619746 0.000000 0.00000000 0.00000000 -0.71395772 0.70018881
335.821000000 6.277611 3.606440 0.000000 0.00000000 0.00000000 -0.71457961 0.69955413
335.946000000 6.272461 3.594293 0.000000 0.00000000 0.00000000 -0.71493979 0.69918602
336.071000000 6.278437 3.584037 0.000000 0.00000000 0.00000000 -0.71400768 0.70013787
336.196000000 6.277100 3.570839 0.000000 0.00000000 0.00000000 -0.71410346 0.70004017
336.321000000 6.276148 3.554958 0.000000 0.00000000 0.00000000 -0.71434835 0.69979028
336.446000000 6.276620 3.545642 0.000000 0.00000000 0.00000000 -0.71372993 0.70042101
336.571000000 6.275237 3.532594 0.000000 0.00000000 0.00000000 -0.71402014 0.70012516
336.696000000 6.279927 3.520306 0.000000 0.00000000 0.00000000 -0.71314255 0.70101905
336.821000000 6.278142 3.506581 0.000000 0.00000000 0.00000000 -0.71317914 0.70098182
336.946000000 6.273211 3.494193 0.000000 0.00000000 0.00000000 -0.71398423 0.70016178
337.071000000 6.267169 3.482356 0.000000 0.00000000 0.00000000 -0.71550647 0.69860611
337.196000000 6.273217 3.476334 0.000000 0.00000000 0.00000000 -0.71277190 0.70139591
337.321000000 6.287934 3.460581 0.000000 0.00000000 0.00000000 -0.71016930 0.70403094
337.446000000 6.275527 3.449435 0.000000 0.00000000 0.00000000 -0.71158134 0.70260372
337.571000000 6.281881 3.439714 0.000000 0.00000000 0.00000000 -0.70967095 0.70453328
337.696000000 6.263711 3.424839 0.000000 0.00000000 0.00000000 -0.71435949 0.69977890
337.821000000 6.276459 3.409344 0.000000 0.00000000 0.00000000 -0.71360934 0.70054387
337.946000000 6.277561 3.399233 0.000000 0.00000000 0.00000000 -0.71347942 0.70067618
338.071000000 6.276558 3.381910 0.000000 0.00000000 0.00000000 -0.71339994 0.70075711
338.196000000 6.275426 3.373075 0.000000 0.00000000 0.00000000 -0.71445861 0.69967771
338.321000000 6.273813 3.356462 0.000000 0.00000000 0.00000000 -0.71451121 0.69962399
338.446000000 6.272049 3.344088 0.000000 0.00000000 0.00000000 -0.71447780 0.69965811
338.571000000 6.269410 3.331355 0.000000 0.00000000 0.00000000 -0.71382774 0.70032132
338.696000000 6.257735 3.318274 0.000000 0.00000000 0.00000000 -0.71535023 0.69876609
338.821000000 6.258379 3.309500 0.000000 0.00000000 0.00000000 -0.71501093 0.69911328
338.946000000 6.275307 3.295525 0.000000 0.00000000 0.00000000 -0.71284602 0.70132058
339.071000000 6.270253 3.286860 0.000000 0.00000000 0.00000000 -0.71382429 0.70032484
339.196000000 6.266684 3.268004 0.000000 0.00000000 0.00000000 -0.71460814 0.69952499
339.321000000 6.275385 3.252682 0.000000 0.00000000 0.00000000 -0.71152480 0.70266099
339.446000000 6.266745 3.241977 0.000000 0.00000000 0.00000000 -0.71460854 0.69952458
339.571000000 6.268917 3.235930 0.000000 0.00000000 0.00000000 -0.71447162 0.69966442
339.696000000 6.268386 3.218035 0.000000 0.00000000 0.00000000 -0.71470291 0.69942816
339.821000000 6.272386 3.207184 0.000000 0.00000000 0.00000000 -0.71372244 0.70042864
339.946000000 6.267896 3.195602 0.000000 0.00000000 0.00000000 -0.71485308 0.69927468
340.071000000 6.270085 3.186364 0.000000 0.00000000 0.00000000 -0.71439688 0.69974073
340.196000000 6.271631 3.170619 0.000000 0.00000000 0.00000000 -0.71724523 0.69682083
340.321000000 6.269895 3.160431 0.000000 0.00000000 0.00000000 -0.72063139 0.69331840
340.446000000 6.263199 3.147029 0.000000 0.00000000 0.00000000 -0.72613679 0.68755026
340.571000000 6.257722 3.136744 0.000000 0.00000000 0.00000000 -0.73147731 0.68186579
340.696000000 6.267154 3.122249 0.000000 0.00000000 0.00000000 -0.73362332 0.67955635
340.821000000 6.268701 3.110028 0.000000 0.00000000 0.00000000 -0.73852831 0.67422247
340.946000000 6.267682 3.097817 0.000000 0.00000000 0.00000000 -0.74664344 0.66522445
341.071000000 6.268213 3.088642 0.000000 0.00000000 0.00000000 -0.75449767 0.65630273
341.196000000 6.264388 3.069131 0.000000 0.00000000 0.00000000 -0.76284695 0.64657910
341.321000000 6.259472 3.056645 0.000000 0.00000000 0.00000000 -0.77104480 0.63678090
341.446000000 6.256304 3.048930 0.000000 0.00000000 0.00000000 -0.77857700 0.62754909
341.571000000 6.256483 3.033217 0.000000 0.00000000 0.00000000 -0.78591231 0.61833797
341.696000000 6.255472 3.017441 0.000000 0.00000000 0.00000000 -0.79324883 0.60889760
341.821000000 6.255004 3.009854 0.000000 0.00000000 0.00000000 -0.80029192 0.59961058
341.946000000 6.249563 3.004211 0.000000 0.00000000 0.00000000 -0.80832607 0.58873506
342.071000000 6.240037 2.988364 0.000000 0.00000000 0.00000000 -0.81650080 0.57734430
342.196000000 6.241913 2.980035 0.000000 0.00000000 0.00000000 -0.82238696 0.56892854
342.321000000 6.236453 2.959729 0.000000 0.00000000 0.00000000 -0.82976342 0.55811528
342.446000000 6.235804 2.951349 0.000000 0.00000000 0.00000000 -0.83305419 0.55319139
342.571000000 6.224092 2.931060 0.000000 0.00000000 0.00000000 -0.83688527 0.54737833
342.696000000 6.223348 2.930524 0.000000 0.00000000 0.00000000 -0.83999145 0.54259964
342.821000000 6.215142 2.913945 0.000000 0.00000000 0.00000000 -0.84422395 0.53599059
342.946000000 6.209211 2.901938 0.000000 0.00000000 0.00000000 -0.84683532 0.53185518
343.071000000 6.205748 2.889939 0.000000 0.00000000 0.00000000 -0.85024772 0.52638277
343.196000000 6.195511 2.882449 0.000000 0.00000000 0.00000000 -0.85387925 0.52047116
343.321000000 6.195290 2.869923 0.000000 0.00000000 0.00000000 -0.85643261 0.51625883
343.446000000 6.186946 2.858423 0.000000 0.00000000 0.00000000 -0.86045609 0.50952460
343.571000000 6.171150 2.852514 0.000000 0.00000000 0.00000000 -0.86457499 0.50250382
343.696000000 6.170419 2.836388 0.000000 0.00000000 0.00000000 0.86614969 -0.49978467
343.821000000 6.163568 2.827927 0.000000 0.00000000 0.00000000 0.86647370 -0.49922272
343.946000000 6.159321 2.809942 0.000000 0.00000000 0.00000000 0.86621032 -0.49967958
344.071000000 6.155499 2.802054 0.000000 0.00000000 0.00000000 0.86640014 -0.49935038
344.196000000 6.148119 2.792221 0.000000 0.00000000 0.00000000 0.86618817 -0.49971798
344.321000000 6.142943 2.785961 0.000000 0.00000000 0.00000000 -0.86590246 0.50021289
344.446000000 6.134350 2.775465 0.000000 0.00000000 0.00000000 0.86611689 -0.49984151
344.571000000 6.129436 2.757187 0.000000 0.00000000 0.00000000 0.86632521 -0.49948036
344.696000000 6.133063 2.747643 0.000000 0.00000000 0.00000000 -0.86581877 0.50035772
344.821000000 6.121977 2.737422 0.000000 0.00000000 0.00000000 -0.86558546 0.50076123
344.946000000 6.103295 2.727105 0.000000 0.00000000 0.00000000 0.86683233 -0.49859975
345.071000000 6.107277 2.717701 0.000000 0.00000000 0.00000000 -0.86581663 0.50036143
345.196000000 6.096660 2.714894 0.000000 0.00000000 0.00000000 -0.86601421 0.50001938
345.321000000 6.096848 2.696096 0.000000 0.00000000 0.00000000 -0.86572468 0.50052051
345.446000000 6.086401 2.690380 0.000000 0.00000000 0.00000000 0.86631448 -0.49949898
345.571000000 6.079405 2.676586 0.000000 0.00000000 0.00000000 -0.86586751 0.50027338
345.696000000 6.061879 2.666244 0.000000 0.00000000 0.00000000 0.86733114 -0.49773154
345.821000000 6.066108 2.654975 0.000000 0.00000000 0.00000000 0.86646007 -0.49924638
345.946000000 6.061819 2.640337 0.000000 0.00000000 0.00000000 0.86611791 -0.49983974
346.071000000 6.056115 2.633630 0.000000 0.00000000 0.00000000 0.86643841 -0.49928397
346.196000000 6.053126 2.621860 0.000000 0.00000000 0.00000000 -0.86580642 0.50037909
346.321000000 6.044538 2.614707 0.000000 0.00000000 0.00000000 0.86619644 -0.49970365
346.446000000 6.035796 2.600836 0.000000 0.00000000 0.00000000 0.86645882 -0.49924856
346.571000000 6.034272 2.590292 0.000000 0.00000000 0.00000000 -0.86602392 0.50000257
346.696000000 6.024865 2.583585 0.000000 0.00000000 0.00000000 0.86609485 -0.49987969
346.821000000 6.019430 2.573874 0.000000 0.00000000 0.00000000 -0.86602530 0.50000019
346.946000000 6.006528 2.558779 0.000000 0.00000000 0.00000000 0.86688928 -0.49850074
347.071000000 6.010844 2.549298 0.000000 0.00000000 0.00000000 -0.86566466 0.50062431
347.196000000 5.998759 2.536895 0.000000 0.00000000 0.00000000 0.86656842 -0.49905828
347.321000000 5.992611 2.528346 0.000000 0.00000000 0.00000000 0.86658888 -0.49902276
347.446000000 5.985078 2.520626 0.000000 0.00000000 0.00000000 0.86658017 -0.49903788
347.571000000 5.982679 2.503735 0.000000 0.00000000 0.00000000 0.86624677 -0.49961639
347.696000000 5.972913 2.494168 0.000000 0.00000000 0.00000000 0.86642127 -0.49931371
347.821000000 5.970153 2.486595 0.000000 0.00000000 0.00000000 -0.86590668 0.50020559
347.946000000 5.961501 2.476873 0.000000 0.00000000 0.00000000 -0.86602264 0.50000478
348.071000000 5.957297 2.464418 0.000000 0.00000000 0.00000000 -0.86596216 0.50010952
348.196000000 5.951428 2.455977 0.000000 0.00000000 0.00000000 0.86610800 -0.49985690
348.321000000 5.943385 2.446501 0.000000 0.00000000 0.00000000 0.86618567 -0.49972231
348.446000000 5.937817 2.437441 0.000000 0.00000000 0.00000000 0.86604655 -0.49996337
348.571000000 5.927465 2.423625 0.000000 0.00000000 0.00000000 0.86658265 -0.49903357
348.696000000 5.920510 2.410899 0.000000 0.00000000 0.00000000 0.86666995 -0.49888195
348.821000000 5.914862 2.396777 0.000000 0.00000000 0.00000000 0.86652954 -0.49912578
348.946000000 5.909862 2.393416 0.000000 0.00000000 0.00000000 0.86643749 -0.49928557
349.071000000 5.902141 2.381246 0.000000 0.00000000 0.00000000 0.86697781 -0.49834674
349.196000000 5.898249 2.367959 0.000000 0.00000000 0.00000000 0.86653846 -0.49911031
349.321000000 5.890934 2.354985 0.000000 0.00000000 0.00000000 0.86668343 -0.49885853
349.446000000 5.884027 2.348415 0.000000 0.00000000 0.00000000 0.86652984 -0.49912527
349.571000000 5.881737 2.339228 0.000000 0.00000000 0.00000000 0.86610850 -0.49985605
349.696000000 5.868379 2.324108 0.000000 0.00000000 0.00000000 0.86651059 -0.49915868
349.821000000 5.866625 2.314970 0.000000 0.00000000 0.00000000 0.86643547 -0.49928907
349.946000000 5.859620 2.299693 0.000000 0.00000000 0.00000000 0.86636919 -0.49940407
350.071000000 5.854399 2.296533 0.000000 0.00000000 0.00000000 0.86638591 -0.49937507
350.196000000 5.848041 2.283970 0.000000 0.00000000 0.00000000 -0.86582795 0.50034185
350.321000000 5.847257 2.273570 0.000000 0.00000000 0.00000000 -0.86336751 0.50457561
350.446000000 5.841712 2.267107 0.000000 0.00000000 0.00000000 -0.86015584 0.51003130
350.571000000 5.838097 2.239450 0.000000 0.00000000 0.00000000 -0.85701707 0.51528802
350.696000000 5.835193 2.227502 0.000000 0.00000000 0.00000000 -0.85311382 0.52172483
350.821000000 5.825576 2.217629 0.000000 0.00000000 0.00000000 -0.85048528 0.52599886
350.946000000 5.820646 2.220390 0.000000 0.00000000 0.00000000 -0.84674877 0.53199296
351.071000000 5.816012 2.201808 0.000000 0.00000000 0.00000000 -0.84360767 0.53696006
351.196000000 5.801553 2.191001 0.000000 0.00000000 0.00000000 -0.84139553 0.54041980
351.321000000 5.802414 2.181372 0.000000 0.00000000 0.00000000 -0.83749463 0.54644556
351.446000000 5.793314 2.164586 0.000000 0.00000000 0.00000000 -0.83634216 0.54820781
351.571000000 5.791386 2.163678 0.000000 0.00000000 0.00000000 -0.83652691 0.54792584
351.696000000 5.787869 2.158737 0.000000 0.00000000 0.00000000 -0.83611046 0.54856112
351.821000000 5.783530 2.144552 0.000000 0.00000000 0.00000000 -0.83601188 0.54871134
351.946000000 5.774540 2.127808 0.000000 0.00000000 0.00000000 -0.83643594 0.54806470
352.071000000 5.777530 2.125716 0.000000 0.00000000 0.00000000 -0.83577039 0.54907909
352.196000000 5.770076 2.115741 0.000000 0.00000000 0.00000000 -0.83650978 0.54795200
352.321000000 5.758050 2.102051 0.000000 0.00000000 0.00000000 -0.83684359 0.54744205
352.446000000 5.761492 2.090679 0.000000 0.00000000 0.00000000 -0.83599902 0.54873093
352.571000000 5.756035 2.074012 0.000000 0.00000000 0.00000000 -0.83594281 0.54881656
352.696000000 5.753039 2.071856 0.000000 0.00000000 0.00000000 -0.83574890 0.54911180
352.821000000 5.750929 2.060069 0.000000 0.00000000 0.00000000 -0.83475303 0.55062454
352.946000000 5.736884 2.048782 0.000000 0.00000000 0.00000000 -0.83680507 0.54750093
353.071000000 5.736044 2.033430 0.000000 0.00000000 0.00000000 -0.83639990 0.54811970
353.196000000 5.724496 2.024613 0.000000 0.00000000 0.00000000 -0.83643171 0.54807115
353.321000000 5.719344 1.998879 0.000000 0.00000000 0.00000000 -0.83624903 0.54834984
353.446000000 5.716846 1.990664 0.000000 0.00000000 0.00000000 -0.83575088 0.54910879
353.571000000 5.712850 1.989419 0.000000 0.00000000 0.00000000 -0.83573614 0.54913123
353.696000000 5.706602 1.970523 0.000000 0.00000000 0.00000000 -0.83648578 0.54798862
353.821000000 5.697661 1.963307 0.000000 0.00000000 0.00000000 -0.83674317 0.54759553
353.946000000 5.698408 1.949018 0.000000 0.00000000 0.00000000 -0.83626270 0.54832900
354.071000000 5.697364 1.941792 0.000000 0.00000000 0.00000000 -0.83555760 0.54940286
354.196000000 5.686192 1.920021 0.000000 0.00000000 0.00000000 -0.83614350 0.54851075
354.321000000 5.682296 1.913878 0.000000 0.00000000 0.00000000 -0.83653308 0.54791643
354.446000000 5.676282 1.898793 0.000000 0.00000000 0.00000000 -0.83644172 0.54805588
354.571000000 5.672816 1.891900 0.000000 0.00000000 0.00000000 -0.83658730 0.54783363
354.696000000 5.666096 1.877166 0.000000 0.00000000 0.00000000 -0.83591252 0.54886270
354.821000000 5.664793 1.866688 0.000000 0.00000000 0.00000000 -0.83630844 0.54825923
354.946000000 5.657242 1.854739 0.000000 0.00000000 0.00000000 -0.83589926 0.54888290
355.071000000 5.652564 1.844853 0.000000 0.00000000 0.00000000 -0.83599691 0.54873416
355.196000000 5.646507 1.824396 0.000000 0.00000000 0.00000000 -0.83606895 0.54862438
355.321000000 5.644634 1.821484 0.000000 0.00000000 0.00000000 -0.83638981 0.54813509
355.446000000 5.635521 1.812183 0.000000 0.00000000 0.00000000 -0.83672047 0.54763022
355.571000000 5.631961 1.798537 0.000000 0.00000000 0.00000000 -0.83633211 0.54822313
355.696000000 5.628568 1.784866 0.000000 0.00000000 0.00000000 -0.83652316 0.54793157
355.821000000 5.619988 1.763173 0.000000 0.00000000 0.00000000 -0.83621358 0.54840391
355.946000000 5.615331 1.752842 0.000000 0.00000000 0.00000000 -0.83602802 0.54868675
356.071000000 5.610694 1.730114 0.000000 0.00000000 0.00000000 -0.83626765 0.54832145
356.196000000 5.611486 1.740153 0.000000 0.00000000 0.00000000 -0.83610795 0.54856494
356.321000000 5.604684 1.729268 0.000000 0.00000000 0.00000000 -0.83615010 0.54850070
356.446000000 5.599851 1.712041 0.000000 0.00000000 0.00000000 -0.83593659 0.54882603
356.571000000 5.593812 1.705530 0.000000 0.00000000 0.00000000 -0.83602911 0.54868509
356.696000000 5.593247 1.691278 0.000000 0.00000000 0.00000000 -0.83588305 0.54890758
356.821000000 5.585469 1.682921 0.000000 0.00000000 0.00000000 -0.83604693 0.54865794
356.946000000 5.579820 1.671823 0.000000 0.00000000 0.00000000 -0.83596988 0.54877533
357.071000000 5.573057 1.656410 0.000000 0.00000000 0.00000000 -0.83595427 0.54879910
357.196000000 5.569924 1.644926 0.000000 0.00000000 0.00000000 -0.83600628 0.54871988
357.321000000 5.564646 1.635758 0.000000 0.00000000 0.00000000 -0.83632425 0.54823512
357.446000000 5.561822 1.626512 0.000000 0.00000000 0.00000000 -0.83644089 0.54805715
357.571000000 5.557219 1.617443 0.000000 0.00000000 0.00000000 -0.83821444 0.54534076
357.696000000 5.549299 1.601616 0.000000 0.00000000 0.00000000 -0.84306776 0.53780735
357.821000000 5.539928 1.588532 0.000000 0.00000000 0.00000000 -0.85014477 0.52654902
357.946000000 5.540177 1.580796 0.000000 0.00000000 0.00000000 -0.85689166 0.51549655
358.071000000 5.533275 1.570645 0.000000 0.00000000 0.00000000 -0.86248632 0.50608039
358.196000000 5.527401 1.558241 0.000000 0.00000000 0.00000000 0.86877859 -0.49520073
358.321000000 5.523056 1.544207 0.000000 0.00000000 0.00000000 0.87505070 -0.48403126
358.446000000 5.513631 1.534156 0.000000 0.00000000 0.00000000 0.88101539 -0.47308761
358.571000000 5.510107 1.523621 0.000000 0.00000000 0.00000000 0.88669373 -0.46235725
358.696000000 5.497914 1.516280 0.000000 0.00000000 0.00000000 0.89269460 -0.45066212
358.821000000 5.492235 1.506364 0.000000 0.00000000 0.00000000 0.89798887 -0.44001817
358.946000000 5.483282 1.493588 0.000000 0.00000000 0.00000000 0.90355655 -0.42846885
359.071000000 5.476503 1.488180 0.000000 0.00000000 0.00000000 0.90860321 -0.41766039
359.196000000 5.470591 1.476115 0.000000 0.00000000 0.00000000 0.91365515 -0.40649017
359.321000000 5.457995 1.472654 0.000000 0.00000000 0.00000000 0.91904040 -0.39416334
359.446000000 5.449582 1.458311 0.000000 0.00000000 0.00000000 0.92374454 -0.38300917
359.571000000 5.441629 1.448607 0.000000 0.00000000 0.00000000 0.92854901 -0.37120984
359.696000000 5.430090 1.442727 0.000000 0.00000000 0.00000000 0.93317196 -0.35943023
359.821000000 5.422494 1.432983 0.000000 0.00000000 0.00000000 0.93732651 -0.34845232
359.946000000 5.412082 1.419644 0.000000 0.00000000 0.00000000 0.94168954 -0.33648300
360.071000000 5.403024 1.421874 0.000000 0.00000000 0.00000000 0.94558853 -0.32536494
360.196000000 5.389921 1.406622 0.000000 0.00000000 0.00000000 0.94999323 -0.31227048
360.321000000 5.383476 1.394346 0.000000 0.00000000 0.00000000 0.95350143 -0.30138849
360.446000000 5.370418 1.395638 0.000000 0.00000000 0.00000000 0.95729339 -0.28911827
360.571000000 5.362681 1.385884 0.000000 0.00000000 0.00000000 0.96094545 -0.27673784
360.696000000 5.350536 1.378112 0.000000 0.00000000 0.00000000 0.96408788 -0.26558342
360.821000000 5.338410 1.374731 0.000000 0.00000000 0.00000000 0.96747356 -0.25297215
360.946000000 5.326717 1.362478 0.000000 0.00000000 0.00000000 0.97068393 -0.24035954
361.071000000 5.314420 1.362488 0.000000 0.00000000 0.00000000 0.97289398 -0.23125161
361.196000000 5.308074 1.355323 0.000000 0.00000000 0.00000000 0.97396255 -0.22670897
361.321000000 5.295436 1.349965 0.000000 0.00000000 0.00000000 0.97538283 -0.22051835
361.446000000 5.289028 1.345033 0.000000 0.00000000 0.00000000 0.97665854 -0.21479782
361.571000000 5.275574 1.343240 0.000000 0.00000000 0.00000000 0.97793006 -0.20893250
361.696000000 5.260241 1.337130 0.000000 0.00000000 0.00000000 0.97860519 -0.20574715
361.821000000 5.254307 1.330865 0.000000 0.00000000 0.00000000 0.97856579 -0.20593446
361.946000000 5.240482 1.324304 0.000000 0.00000000 0.00000000 0.97860146 -0.20576489
362.071000000 5.232959 1.322704 0.000000 0.00000000 0.00000000 0.97841780 -0.20663642
362.196000000 5.218150 1.315057 0.000000 0.00000000 0.00000000 0.97847203 -0.20637947
362.321000000 5.207110 1.312669 0.000000 0.00000000 0.00000000 0.97852096 -0.20614736
362.446000000 5.198870 1.304339 0.000000 0.00000000 0.00000000 0.97862238 -0.20566534
362.571000000 5.184991 1.302547 0.000000 0.00000000 0.00000000 0.97859149 -0.20581230
362.696000000 5.173197 1.293924 0.000000 0.00000000 0.00000000 0.97864526 -0.20555643
362.821000000 5.163345 1.288141 0.000000 0.00000000 0.00000000 0.97859443 -0.20579831
362.946000000 5.150063 1.283481 0.000000 0.00000000 0.00000000 0.97861785 -0.20568693
363.071000000 5.132838 1.280947 0.000000 0.00000000 0.00000000 0.97847752 -0.20635345
363.196000000 5.121763 1.275855 0.000000 0.00000000 0.00000000 0.97882940 -0.20467779
363.321000000 5.114389 1.269659 0.000000 0.00000000 0.00000000 0.97883363 -0.20465756
363.446000000 5.102772 1.259846 0.000000 0.00000000 0.00000000 0.97888808 -0.20439699
363.571000000 5.091567 1.255143 0.000000 0.00000000 0.00000000 0.97886599 -0.20450276
363.696000000 5.071824 1.249159 0.000000 0.00000000 0.00000000 0.97933734 -0.20223347
363.821000000 5.066833 1.249339 0.000000 0.00000000 0.00000000 0.97922780 -0.20276320
363.946000000 5.054497 1.240800 0.000000 0.00000000 0.00000000 0.97903828 -0.20367635
364.071000000 5.046779 1.240622 0.000000 0.00000000 0.00000000 0.97875946 -0.20501202
364.196000000 5.028891 1.230395 0.000000 0.00000000 0.00000000 0.97915412 -0.20311870
364.321000000 5.019377 1.228912 0.000000 0.00000000 0.00000000 0.97897220 -0.20399370
364.446000000 5.006939 1.220907 0.000000 0.00000000 0.00000000 0.97885240 -0.20456777
364.571000000 4.996097 1.213897 0.000000 0.00000000 0.00000000 0.97840680 -0.20668849
364.696000000 4.986320 1.207247 0.000000 0.00000000 0.00000000 0.97724197 -0.21212761
364.821000000 4.975662 1.202312 0.000000 0.00000000 0.00000000 0.97594752 -0.21800560
364.946000000 4.965566 1.198063 0.000000 0.00000000 0.00000000 0.97443081 -0.22468775
365.071000000 4.950870 1.194885 0.000000 0.00000000 0.00000000 0.97314619 -0.23018797
365.196000000 4.944678 1.190560 0.000000 0.00000000 0.00000000 0.97120933 -0.23822770
365.321000000 4.927030 1.181817 0.000000 0.00000000 0.00000000 0.96983627 -0.24375728
365.446000000 4.922305 1.178724 0.000000 0.00000000 0.00000000 0.96825542 -0.24996288
365.571000000 4.908216 1.167661 0.000000 0.00000000 0.00000000 0.96658943 -0.25632962
365.696000000 4.895972 1.164271 0.000000 0.00000000 0.00000000 0.96545376 -0.26057445
365.821000000 4.889649 1.155758 0.000000 0.00000000 0.00000000 0.96357968 -0.26742140
365.946000000 4.872341 1.153855 0.000000 0.00000000 0.00000000 0.96189916 -0.27340449
366.071000000 4.864562 1.141652 0.000000 0.00000000 0.00000000 0.96006310 -0.27978355
366.196000000 4.853790 1.143240 0.000000 0.00000000 0.00000000 0.95829643 -0.28577604
366.321000000 4.842969 1.136753 0.000000 0.00000000 0.00000000 0.95663340 -0.29129460
366.446000000 4.834252 1.132453 0.000000 0.00000000 0.00000000 0.95470394 -0.29755737
366.571000000 4.823913 1.127049 0.000000 0.00000000 0.00000000 0.95266042 -0.30403639
366.696000000 4.810778 1.118956 0.000000 0.00000000 0.00000000 0.95092546 -0.30942007
366.821000000 4.804333 1.104791 0.000000 0.00000000 0.00000000 0.94890136 -0.31557282
366.946000000 4.793722 1.099185 0.000000 0.00000000 0.00000000 0.94669669 -0.32212634
367.071000000 4.776450 1.095500 0.000000 0.00000000 0.00000000 0.94492722 -0.32728053
367.196000000 4.767114 1.079614 0.000000 0.00000000 0.00000000 0.94253398 -0.33411031
367.321000000 4.764349 1.085010 0.000000 0.00000000 0.00000000 0.94037804 -0.34013106
367.446000000 4.754745 1.064144 0.000000 0.00000000 0.00000000 0.93844316 -0.34543369
367.571000000 4.745126 1.069560 0.000000 0.00000000 0.00000000 0.93567033 -0.35287538
367.696000000 4.730615 1.056377 0.000000 0.00000000 0.00000000 0.93393416 -0.35744507
367.821000000 4.726410 1.046943 0.000000 0.00000000 0.00000000 0.93173054 -0.36315038
367.946000000 4.718257 1.044734 0.000000 0.00000000 0.00000000 0.92916985 -0.36965307
368.071000000 4.708275 1.027455 0.000000 0.00000000 0.00000000 0.92723380 -0.37448294
368.196000000 4.696884 1.015917 0.000000 0.00000000 0.00000000 0.92468339 -0.38073695
368.321000000 4.690495 1.010623 0.000000 0.00000000 0.00000000 0.92269106 -0.38554015
368.446000000 4.681737 1.000115 0.000000 0.00000000 0.00000000 0.92006147 -0.39177404
368.571000000 4.669046 0.996555 0.000000 0.00000000 0.00000000 0.91885553 -0.39459411
368.696000000 4.667947 0.980998 0.000000 0.00000000 0.00000000 0.91922614 -0.39373000
368.821000000 4.648806 0.973073 0.000000 0.00000000 0.00000000 0.92131046 -0.38882778
368.946000000 4.647705 0.971381 0.000000 0.00000000 0.00000000 0.92442372 -0.38136700
369.071000000 4.637740 0.952625 0.000000 0.00000000 0.00000000 0.92995402 -0.36767583
369.196000000 4.628262 0.941670 0.000000 0.00000000 0.00000000 0.93420166 -0.35674536
369.321000000 4.620860 0.939680 0.000000 0.00000000 0.00000000 0.93813860 -0.34625998
369.446000000 4.604981 0.936307 0.000000 0.00000000 0.00000000 0.94248010 -0.33426226
369.571000000 4.602998 0.918697 0.000000 0.00000000 0.00000000 0.94671144 -0.32208298
369.696000000 4.586423 0.913372 0.000000 0.00000000 0.00000000 0.95057769 -0.31048680
369.821000000 4.583766 0.905706 0.000000 0.00000000 0.00000000 0.95307978 -0.30271923
369.946000000 4.570039 0.901538 0.000000 0.00000000 0.00000000 0.95402081 -0.29974038
370.071000000 4.561209 0.894404 0.000000 0.00000000 0.00000000 0.95428493 -0.29889844
370.196000000 4.552895 0.881127 0.000000 0.00000000 0.00000000 0.95432044 -0.29878504
370.321000000 4.542786 0.878393 0.000000 0.00000000 0.00000000 0.95363093 -0.30097847
370.446000000 4.529596 0.867286 0.000000 0.00000000 0.00000000 0.95186139 -0.30652879
370.571000000 4.516563 0.862556 0.000000 0.00000000 0.00000000 0.94918943 -0.31470531
370.696000000 4.506728 0.854492 0.000000 0.00000000 0.00000000 0.94440074 -0.32879665
370.821000000 4.498394 0.849172 0.000000 0.00000000 0.00000000 0.93830853 -0.34579922
370.946000000 4.488826 0.836410 0.000000 0.00000000 0.00000000 0.93181791 -0.36292615
371.071000000 4.481045 0.829434 0.000000 0.00000000 0.00000000 0.92483973 -0.38035704
371.196000000 4.474579 0.820584 0.000000 0.00000000 0.00000000 0.91757868 -0.39755424
371.321000000 4.463306 0.812769 0.000000 0.00000000 0.00000000 0.91005926 -0.41447816
371.446000000 4.458840 0.793366 0.000000 0.00000000 0.00000000 0.90104633 -0.43372285
371.571000000 4.449170 0.788888 0.000000 0.00000000 0.00000000 0.88990159 -0.45615257
371.696000000 4.444966 0.784702 0.000000 0.00000000 0.00000000 0.87594336 -0.48241397
371.821000000 4.436878 0.769598 0.000000 0.00000000 0.00000000 -0.86035896 0.50968860
371.946000000 4.433358 0.756181 0.000000 0.00000000 0.00000000 -0.84460740 0.53538616
372.071000000 4.425298 0.747170 0.000000 0.00000000 0.00000000 -0.82754486 0.56139960
372.196000000 4.418403 0.732132 0.000000 0.00000000 0.00000000 -0.80930311 0.58739125
372.321000000 4.418322 0.721136 0.000000 0.00000000 0.00000000 -0.79053869 0.61241210
372.446000000 4.416262 0.715021 0.000000 0.00000000 0.00000000 -0.77113821 0.63666778
372.571000000 4.410768 0.695744 0.000000 0.00000000 0.00000000 -0.75073194 0.66060696
372.696000000 4.410991 0.683912 0.000000 0.00000000 0.00000000 -0.72943325 0.68405199
372.821000000 4.411722 0.672291 0.000000 0.00000000 0.00000000 -0.70760957 0.70660363
372.946000000 4.407117 0.661544 0.000000 0.00000000 0.00000000 -0.68540728 0.72815992
373.071000000 4.413278 0.641983 0.000000 0.00000000 0.00000000 -0.66279149 0.74880401
373.196000000 4.415542 0.633416 0.000000 0.00000000 0.00000000 -0.63828371 0.76980121
373.321000000 4.416807 0.622071 0.000000 0.00000000 0.00000000 -0.61398180 0.78932018
373.446000000 4.417476 0.607534 0.000000 0.00000000 0.00000000 -0.58586130 0.81041134
373.571000000 4.423779 0.600641 0.000000 0.00000000 0.00000000 -0.56348771 0.82612445
373.696000000 4.425944 0.584988 0.000000 0.00000000 0.00000000 -0.53792724 0.84299127
373.821000000 4.439326 0.575524 0.000000 0.00000000 0.00000000 -0.51087596 0.85965444
373.946000000 4.439312 0.570948 0.000000 0.00000000 0.00000000 -0.48358478 0.87529753
374.071000000 4.446387 0.552298 0.000000 0.00000000 0.00000000 -0.45574657 0.89010958
374.196000000 4.456827 0.550279 0.000000 0.00000000 0.00000000 -0.42954102 0.90304735
374.321000000 4.464917 0.538732 0.000000 0.00000000 0.00000000 -0.40133109 0.91593305
374.446000000 4.473947 0.531941 0.000000 0.00000000 0.00000000 -0.37247557 0.92804200
374.571000000 4.481974 0.517437 0.000000 0.00000000 0.00000000 -0.34293486 0.93935919
374.696000000 4.490411 0.513461 0.000000 0.00000000 0.00000000 -0.31228278 0.94998919
374.821000000 4.500179 0.500194 0.000000 0.00000000 0.00000000 -0.28444788 0.95869151
374.946000000 4.522151 0.502783 0.000000 0.00000000 0.00000000 -0.25319595 0.96741502
375.071000000 4.534775 0.501514 0.000000 0.00000000 0.00000000 -0.22248968 0.97493505
375.196000000 4.538501 0.485802 0.000000 0.00000000 0.00000000 -0.19445934 0.98091058
375.321000000 4.544254 0.473324 0.000000 0.00000000 0.00000000 -0.16306725 0.98661496
375.446000000 4.565553 0.479266 0.000000 0.00000000 0.00000000 -0.13172690 0.99128605
375.571000000 4.573882 0.473644 0.000000 0.00000000 0.00000000 -0.10202039 0.99478231
375.696000000 4.586139 0.469704 0.000000 0.00000000 0.00000000 -0.07094723 0.99748007
375.821000000 4.599285 0.462384 0.000000 0.00000000 0.00000000 -0.04017119 0.99919281
375.946000000 4.610141 0.466260 0.000000 0.00000000 0.00000000 -0.00947445 0.99995512
376.071000000 4.614813 0.453092 0.000000 0.00000000 0.00000000 0.02105671 0.99977828
376.196000000 4.632467 0.470518 0.000000 0.00000000 0.00000000 0.05632208 0.99841265
376.321000000 4.655248 0.477581 0.000000 0.00000000 0.00000000 0.08654874 0.99624762
376.446000000 4.658468 0.472878 0.000000 0.00000000 0.00000000 0.11130332 0.99378648
376.571000000 4.670869 0.472737 0.000000 0.00000000 0.00000000 0.13650401 0.99063952
376.696000000 4.687920 0.484522 0.000000 0.00000000 0.00000000 0.15999308 0.98711814
376.821000000 4.692039 0.487339 0.000000 0.00000000 0.00000000 0.17696369 0.98421738
376.946000000 4.712149 0.487837 0.000000 0.00000000 0.00000000 0.19602649 0.98059860
377.071000000 4.724078 0.499360 0.000000 0.00000000 0.00000000 0.21368914 0.97690171
377.196000000 4.735872 0.507156 0.000000 0.00000000 0.00000000 0.22737468 0.97380735
377.321000000 4.745196 0.505718 0.000000 0.00000000 0.00000000 0.23524792 0.97193540
377.446000000 4.750541 0.510088 0.000000 0.00000000 0.00000000 0.23776725 0.97132216
377.571000000 4.765539 0.523912 0.000000 0.00000000 0.00000000 0.23800418 0.97126413
377.696000000 4.775937 0.514797 0.000000 0.00000000 0.00000000 0.23673789 0.97157355
377.821000000 4.787284 0.542110 0.000000 0.00000000 0.00000000 0.23631345 0.97167688
377.946000000 4.797759 0.540658 0.000000 0.00000000 0.00000000 0.23179872 0.97276377
378.071000000 4.813243 0.554828 0.000000 0.00000000 0.00000000 0.22317435 0.97477854
378.196000000 4.825247 0.552823 0.000000 0.00000000 0.00000000 0.20678416 0.97838659
378.321000000 4.837570 0.549293 0.000000 0.00000000 0.00000000 0.18700220 0.98235949
378.446000000 4.841306 0.560211 0.000000 0.00000000 0.00000000 0.16940721 0.98554614
378.571000000 4.861106 0.572110 0.000000 0.00000000 0.00000000 0.15243997 0.98831273
378.696000000 4.879161 0.571259 0.000000 0.00000000 0.00000000 0.13254037 0.99117761
378.821000000 4.872772 0.566176 0.000000 0.00000000 0.00000000 0.11276333 0.99362188
378.946000000 4.892054 0.573967 0.000000 0.00000000 0.00000000 0.09810090 0.99517647
379.071000000 4.899344 0.576652 0.000000 0.00000000 0.00000000 0.08847000 0.99607884
379.196000000 4.908293 0.569907 0.000000 0.00000000 0.00000000 0.08364771 0.99649539
379.321000000 4.919667 0.575635 0.000000 0.00000000 0.00000000 0.07748105 0.99699382
379.446000000 4.935205 0.571574 0.000000 0.00000000 0.00000000 0.07037740 0.99752044
379.571000000 4.949608 0.581003 0.000000 0.00000000 0.00000000 0.06188572 0.99808324
379.696000000 4.963154 0.584586 0.000000 0.00000000 0.00000000 0.04891983 0.99880271
379.821000000 4.973179 0.587388 0.000000 0.00000000 0.00000000 0.03203335 0.99948680
379.946000000 4.993283 0.572768 0.000000 0.00000000 0.00000000 0.01102776 0.99993919
380.071000000 5.000280 0.586659 0.000000 0.00000000 0.00000000 -0.00606410 0.99998161
380.196000000 5.015334 0.567705 0.000000 0.00000000 0.00000000 -0.02719730 0.99963008
380.321000000 5.026299 0.566451 0.000000 0.00000000 0.00000000 -0.04553580 0.99896271
380.446000000 5.039674 0.570325 0.000000 0.00000000 0.00000000 -0.06407038 0.99794538
380.571000000 5.047587 0.563240 0.000000 0.00000000 0.00000000 -0.08339463 0.99651660
380.696000000 5.053106 0.576990 0.000000 0.00000000 0.00000000 -0.09988584 0.99499890
380.821000000 5.074548 0.561189 0.000000 0.00000000 0.00000000 -0.12045753 0.99271848
380.946000000 5.083585 0.548677 0.000000 0.00000000 0.00000000 -0.13993847 0.99016020
381.071000000 5.099356 0.564556 0.000000 0.00000000 0.00000000 -0.15697861 0.98760200
381.196000000 5.105376 0.556977 0.000000 0.00000000 0.00000000 -0.17420243 0.98470986
381.321000000 5.122862 0.546334 0.000000 0.00000000 0.00000000 -0.19237806 0.98132089
381.446000000 5.133847 0.540980 0.000000 0.00000000 0.00000000 -0.21203760 0.97726151
381.571000000 5.145396 0.538810 0.000000 0.00000000 0.00000000 -0.22951943 0.97330408
381.696000000 5.157773 0.523275 0.000000 0.00000000 0.00000000 -0.24756054 0.96887243
381.821000000 5.170503 0.521933 0.000000 0.00000000 0.00000000 -0.26291106 0.96482007
381.946000000 5.175438 0.518995 0.000000 0.00000000 0.00000000 -0.27346743 0.96188126
382.071000000 5.190199 0.507409 0.000000 0.00000000 0.00000000 -0.27973449 0.96007740
382.196000000 5.191873 0.510026 0.000000 0.00000000 0.00000000 -0.28563156 0.95833951
382.321000000 5.205810 0.504429 0.000000 0.00000000 0.00000000 -0.29236269 0.95630751
382.446000000 5.216767 0.492752 0.000000 0.00000000 0.00000000 -0.29641260 0.95505998
382.571000000 5.226180 0.481519 0.000000 0.00000000 0.00000000 -0.29884181 0.95430266
382.696000000 5.238113 0.480128 0.000000 0.00000000 0.00000000 -0.29847212 0.95441835
382.821000000 5.248052 0.468404 0.000000 0.00000000 0.00000000 -0.29454459 0.95563774
382.946000000 5.261862 0.470726 0.000000 0.00000000 0.00000000 -0.28792898 0.95765176
383.071000000 5.267564 0.455463 0.000000 0.00000000 0.00000000 -0.28238960 0.95929980
383.196000000 5.283073 0.454085 0.000000 0.00000000 0.00000000 -0.27651042 0.96101092
383.321000000 5.286194 0.450213 0.000000 0.00000000 0.00000000 -0.27067260 0.96267146
383.446000000 5.302756 0.442246 0.000000 0.00000000 0.00000000 -0.26533196 0.96415712
383.571000000 5.309519 0.438222 0.000000 0.00000000 0.00000000 -0.25904756 0.96586457
383.696000000 5.323544 0.431698 0.000000 0.00000000 0.00000000 -0.25194289 0.96774210
383.821000000 5.335966 0.422632 0.000000 0.00000000 0.00000000 -0.24592411 0.96928909
383.946000000 5.347013 0.418864 0.000000 0.00000000 0.00000000 -0.24159800 0.97037643
384.071000000 5.358492 0.412420 0.000000 0.00000000 0.00000000 -0.23986262 0.97080684
384.196000000 5.367504 0.411611 0.000000 0.00000000 0.00000000 -0.24067418 0.97060597
384.321000000 5.378260 0.403543 0.000000 0.00000000 0.00000000 -0.23970563 0.97084562
384.446000000 5.390104 0.396412 0.000000 0.00000000 0.00000000 -0.24104431 0.97051411
384.571000000 5.403718 0.393837 0.000000 0.00000000 0.00000000 -0.24095250 0.97053691
384.696000000 5.414005 0.388182 0.000000 0.00000000 0.00000000 -0.24057985 0.97062935
384.821000000 5.424644 0.386229 0.000000 0.00000000 0.00000000 -0.24140121 0.97042540
384.946000000 5.432957 0.373611 0.000000 0.00000000 0.00000000 -0.24103973 0.97051525
385.071000000 5.442622 0.373232 0.000000 0.00000000 0.00000000 -0.24084187 0.97056437
385.196000000 5.458342 0.369197 0.000000 0.00000000 0.00000000 -0.24122967 0.97046806
385.321000000 5.468132 0.355285 0.000000 0.00000000 0.00000000 -0.23949605 0.97089734
385.446000000 5.477342 0.352403 0.000000 0.00000000 0.00000000 -0.24157306 0.97038263
385.571000000 5.491153 0.363241 0.000000 0.00000000 0.00000000 -0.24242972 0.97016897
385.696000000 5.486449 0.354670 0.000000 0.00000000 0.00000000 -0.24446960 0.96965696
385.821000000 5.502813 0.349215 0.000000 0.00000000 0.00000000 -0.24500400 0.96952207
385.946000000 5.518394 0.343259 0.000000 0.00000000 0.00000000 -0.24344836 0.96991386
386.071000000 5.534783 0.329865 0.000000 0.00000000 0.00000000 -0.24145484 0.97041206
386.196000000 5.528874 0.342801 0.000000 0.00000000 0.00000000 -0.24618218 0.96922357
386.321000000 5.550036 0.317824 0.000000 0.00000000 0.00000000 -0.24340864 0.96992383
386.446000000 5.570744 0.309808 0.000000 0.00000000 0.00000000 -0.24150552 0.97039945
386.571000000 5.571214 0.306950 0.000000 0.00000000 0.00000000 -0.24239941 0.97017654
386.696000000 5.586856 0.296355 0.000000 0.00000000 0.00000000 -0.24089320 0.97055163
386.821000000 5.599299 0.294267 0.000000 0.00000000 0.00000000 -0.23835208 0.97117881
386.946000000 5.609434 0.284629 0.000000 0.00000000 0.00000000 -0.23323833 0.97241960
387.071000000 5.620657 0.284341 0.000000 0.00000000 0.00000000 -0.22714433 0.97386110
387.196000000 5.628412 0.279026 0.000000 0.00000000 0.00000000 -0.22080961 0.97531693
387.321000000 5.648625 0.271735 0.000000 0.00000000 0.00000000 -0.21048027 0.97759811
387.446000000 5.649870 0.269608 0.000000 0.00000000 0.00000000 -0.19794632 0.98021286
387.571000000 5.665255 0.259842 0.000000 0.00000000 0.00000000 -0.18523569 0.98269412
387.696000000 5.679577 0.257214 0.000000 0.00000000 0.00000000 -0.17313800 0.98489757
387.821000000 5.690742 0.251229 0.000000 0.00000000 0.00000000 -0.16114044 0.98693149
387.946000000 5.708590 0.244691 0.000000 0.00000000 0.00000000 -0.14862476 0.98889367
388.071000000 5.716593 0.242979 0.000000 0.00000000 0.00000000 -0.13639336 0.99065476
388.196000000 5.726586 0.246712 0.000000 0.00000000 0.00000000 -0.12287728 0.99242187
388.321000000 5.740763 0.234548 0.000000 0.00000000 0.00000000 -0.11079914 0.99384282
388.446000000 5.754882 0.233970 0.000000 0.00000000 0.00000000 -0.09793179 0.99519313
388.571000000 5.765863 0.232120 0.000000 0.00000000 0.00000000 -0.08549804 0.99633834
388.696000000 5.776435 0.236436 0.000000 0.00000000 0.00000000 -0.07326335 0.99731263
388.821000000 5.788872 0.221509 0.000000 0.00000000 0.00000000 -0.05997715 0.99819975
388.946000000 5.799942 0.226513 0.000000 0.00000000 0.00000000 -0.04883382 0.99880692
389.071000000 5.816114 0.230498 0.000000 0.00000000 0.00000000 -0.03492777 0.99938984
389.196000000 5.829562 0.228861 0.000000 0.00000000 0.00000000 -0.02510396 0.99968485
389.321000000 5.845940 0.215924 0.000000 0.00000000 0.00000000 -0.01046674 0.99994522
389.446000000 5.851495 0.211521 0.000000 0.00000000 0.00000000 0.00019527 0.99999998
389.571000000 5.869104 0.219402 0.000000 0.00000000 0.00000000 0.01399517 0.99990206
389.696000000 5.881253 0.219934 0.000000 0.00000000 0.00000000 0.02541056 0.99967710
389.821000000 5.890491 0.223217 0.000000 0.00000000 0.00000000 0.03886908 0.99924431
389.946000000 5.904915 0.217330 0.000000 0.00000000 0.00000000 0.05237040 0.99862773
390.071000000 5.911432 0.223136 0.000000 0.00000000 0.00000000 0.06234820 0.99805446
390.196000000 5.929784 0.223993 0.000000 0.00000000 0.00000000 0.07630694 0.99708438
390.321000000 5.945507 0.223309 0.000000 0.00000000 0.00000000 0.08987307 0.99595323
390.446000000 5.952466 0.221192 0.000000 0.00000000 0.00000000 0.09949522 0.99503804
390.571000000 5.972323 0.221453 0.000000 0.00000000 0.00000000 0.11403632 0.99347658
390.696000000 5.976781 0.232597 0.000000 0.00000000 0.00000000 0.12543052 0.99210241
390.821000000 5.993175 0.233679 0.000000 0.00000000 0.00000000 0.13906761 0.99028289
390.946000000 5.999480 0.238416 0.000000 0.00000000 0.00000000 0.14794528 0.98899555
391.071000000 6.016330 0.239832 0.000000 0.00000000 0.00000000 0.15360444 0.98813242
391.196000000 6.031708 0.240793 0.000000 0.00000000 0.00000000 0.16112415 0.98693415
391.321000000 6.043621 0.249383 0.000000 0.00000000 0.00000000 0.16382830 0.98648887
391.446000000 6.055371 0.248879 0.000000 0.00000000 0.00000000 0.16501022 0.98629186
391.571000000 6.061960 0.249926 0.000000 0.00000000 0.00000000 0.16364363 0.98651952
391.696000000 6.076285 0.258235 0.000000 0.00000000 0.00000000 0.16609571 0.98610964
391.821000000 6.092538 0.263338 0.000000 0.00000000 0.00000000 0.16565324 0.98618406
391.946000000 6.100707 0.261093 0.000000 0.00000000 0.00000000 0.16469525 0.98634450
392.071000000 6.108202 0.272941 0.000000 0.00000000 0.00000000 0.16479406 0.98632800
392.196000000 6.118538 0.272638 0.000000 0.00000000 0.00000000 0.16422400 0.98642307
392.321000000 6.136660 0.281012 0.000000 0.00000000 0.00000000 0.16549081 0.98621133
392.446000000 6.153097 0.287127 0.000000 0.00000000 0.00000000 0.16542590 0.98622222
392.571000000 6.165110 0.285234 0.000000 0.00000000 0.00000000 0.16526736 0.98624880
392.696000000 6.178057 0.289918 0.000000 0.00000000 0.00000000 0.16542800 0.98622187
392.821000000 6.189947 0.289564 0.000000 0.00000000 0.00000000 0.16508413 0.98627949
392.946000000 6.195999 0.300311 0.000000 0.00000000 0.00000000 0.16548245 0.98621274
393.071000000 6.210937 0.306179 0.000000 0.00000000 0.00000000 0.16498247 0.98629650
393.196000000 6.225479 0.311390 0.000000 0.00000000 0.00000000 0.16480368 0.98632639
393.321000000 6.232529 0.309260 0.000000 0.00000000 0.00000000 0.16366733 0.98651559
393.446000000 6.240010 0.307980 0.000000 0.00000000 0.00000000 0.16447685 0.98638094
393.571000000 6.254796 0.311765 0.000000 0.00000000 0.00000000 0.16467636 0.98634766
393.696000000 6.262431 0.319962 0.000000 0.00000000 0.00000000 0.16555238 0.98620100
393.821000000 6.283373 0.329437 0.000000 0.00000000 0.00000000 0.16620027 0.98609202
393.946000000 6.294198 0.332444 0.000000 0.00000000 0.00000000 0.16561774 0.98619003
394.071000000 6.305688 0.327797 0.000000 0.00000000 0.00000000 0.16594466 0.98613507
394.196000000 6.320511 0.336276 0.000000 0.00000000 0.00000000 0.16473007 0.98633869
394.321000000 6.331821 0.342220 0.000000 0.00000000 0.00000000 0.16510297 0.98627634
394.446000000 6.338618 0.349912 0.000000 0.00000000 0.00000000 0.16631692 0.98607235
394.571000000 6.347104 0.356586 0.000000 0.00000000 0.00000000 0.16730631 0.98590496
394.696000000 6.365315 0.347293 0.000000 0.00000000 0.00000000 0.16592155 0.98613896
394.821000000 6.372393 0.356615 0.000000 0.00000000 0.00000000 0.16576419 0.98616542
394.946000000 6.383102 0.360642 0.000000 0.00000000 0.00000000 0.16608003 0.98611228
395.071000000 6.393734 0.368326 0.000000 0.00000000 0.00000000 0.16666229 0.98601404
395.196000000 6.412854 0.368640 0.000000 0.00000000 0.00000000 0.16605112 0.98611715
395.321000000 6.424468 0.372692 0.000000 0.00000000 0.00000000 0.16856646 0.98569029
395.446000000 6.431468 0.374916 0.000000 0.00000000 0.00000000 0.17544166 0.98448983
395.571000000 6.444020 0.375395 0.000000 0.00000000 0.00000000 0.18651967 0.98245123
395.696000000 6.456544 0.389080 0.000000 0.00000000 0.00000000 0.20017954 0.97975923
395.821000000 6.464913 0.396906 0.000000 0.00000000 0.00000000 0.21321574 0.97700514
395.946000000 6.485724 0.394386 0.000000 0.00000000 0.00000000 0.22364146 0.97467148
396.071000000 6.494527 0.399298 0.000000 0.00000000 0.00000000 0.23601013 0.97175059
396.196000000 6.508330 0.408526 0.000000 0.00000000 0.00000000 0.24722667 0.96895767
396.321000000 6.513987 0.414823 0.000000 0.00000000 0.00000000 0.25975304 0.96567508
396.446000000 6.523429 0.423099 0.000000 0.00000000 0.00000000 0.27330733 0.96192677
396.571000000 6.538232 0.423352 0.000000 0.00000000 0.00000000 0.28668138 0.95802598
396.696000000 6.557652 0.431581 0.000000 0.00000000 0.00000000 0.30445189 0.95252771
396.821000000 6.554297 0.443061 0.000000 0.00000000 0.00000000 0.33072920 0.94372570
396.946000000 6.570288 0.451792 0.000000 0.00000000 0.00000000 0.35280423 0.93569716
397.071000000 6.583181 0.455627 0.000000 0.00000000 0.00000000 0.37488103 0.92707293
397.196000000 6.590743 0.463893 0.000000 0.00000000 0.00000000 0.39858734 0.91713038
397.321000000 6.592444 0.473856 0.000000 0.00000000 0.00000000 0.42068043 0.90720889
397.446000000 6.594365 0.488552 0.000000 0.00000000 0.00000000 0.44309110 0.89647659
397.571000000 6.614179 0.501770 0.000000 0.00000000 0.00000000 0.46521479 0.88519783
397.696000000 6.609254 0.510216 0.000000 0.00000000 0.00000000 0.48859146 0.87251269
397.821000000 6.625393 0.522428 0.000000 0.00000000 0.00000000 0.51012210 0.86010199
397.946000000 6.633382 0.537562 0.000000 0.00000000 0.00000000 0.52975522 0.84815058
398.071000000 6.629069 0.546699 0.000000 0.00000000 0.00000000 0.55019103 0.83503882
398.196000000 6.635132 0.553333 0.000000 0.00000000 0.00000000 0.56963322 0.82189902
398.321000000 6.640641 0.568248 0.000000 0.00000000 0.00000000 0.58411444 0.81167132
398.446000000 6.645554 0.579586 0.000000 0.00000000 0.00000000 0.59534572 0.80346965
398.571000000 6.643337 0.591281 0.000000 0.00000000 0.00000000 0.60658392 0.79501946
398.696000000 6.657884 0.602303 0.000000 0.00000000 0.00000000 0.60876674 0.79334926
398.821000000 6.641286 0.606488 0.000000 0.00000000 0.00000000 0.61636934 0.78745719
398.946000000 6.653310 0.627276 0.000000 0.00000000 0.00000000 0.61283202 0.79021321
399.071000000 6.654046 0.637111 0.000000 0.00000000 0.00000000 0.61430560 0.78906820
399.196000000 6.662027 0.657316 0.000000 0.00000000 0.00000000 0.61469116 0.78876788
399.321000000 6.659586 0.669903 0.000000 0.00000000 0.00000000 0.61445648 0.78895072
399.446000000 6.661801 0.682720 0.000000 0.00000000 0.00000000 0.61496403 0.78855516
399.571000000 6.668125 0.694905 0.000000 0.00000000 0.00000000 0.61485218 0.78864238
399.696000000 6.678181 0.701907 0.000000 0.00000000 0.00000000 0.61539345 0.78822008
399.821000000 6.681094 0.710667 0.000000 0.00000000 0.00000000 0.61292007 0.79014491
399.946000000 6.678649 0.720566 0.000000 0.00000000 0.00000000 0.61758778 0.78650196
400.071000000 6.685235 0.728134 0.000000 0.00000000 0.00000000 0.61749334 0.78657611
400.196000000 6.695670 0.733229 0.000000 0.00000000 0.00000000 0.61650593 0.78735026
400.321000000 6.700852 0.741631 0.000000 0.00000000 0.00000000 0.61323485 0.78990064
400.446000000 6.693995 0.769308 0.000000 0.00000000 0.00000000 0.61652126 0.78733826
400.571000000 6.700639 0.785616 0.000000 0.00000000 0.00000000 0.61432684 0.78905167
400.696000000 6.706173 0.794588 0.000000 0.00000000 0.00000000 0.61483561 0.78865530
400.821000000 6.712580 0.807536 0.000000 0.00000000 0.00000000 0.61563414 0.78803211
400.946000000 6.705024 0.828745 0.000000 0.00000000 0.00000000 0.61510121 0.78844816
401.071000000 6.703606 0.831848 0.000000 0.00000000 0.00000000 0.61391319 0.78937355
401.196000000 6.714224 0.849919 0.000000 0.00000000 0.00000000 0.61584584 0.78786668
401.321000000 6.706218 0.862387 0.000000 0.00000000 0.00000000 0.61363232 0.78959190
401.446000000 6.698022 0.877720 0.000000 0.00000000 0.00000000 0.61247235 0.79049201
401.571000000 6.699537 0.889030 0.000000 0.00000000 0.00000000 0.61329728 0.78985216
401.696000000 6.706838 0.895185 0.000000 0.00000000 0.00000000 0.61245538 0.79050516
401.821000000 6.700944 0.912310 0.000000 0.00000000 0.00000000 0.61292363 0.79014215
401.946000000 6.719857 0.925487 0.000000 0.00000000 0.00000000 0.61279823 0.79023941
402.071000000 6.722782 0.939404 0.000000 0.00000000 0.00000000 0.61140935 0.79131448
402.196000000 6.726463 0.945666 0.000000 0.00000000 0.00000000 0.61399721 0.78930820
402.321000000 6.718987 0.941953 0.000000 0.00000000 0.00000000 0.61809643 0.78610229
402.446000000 6.733685 0.971586 0.000000 0.00000000 0.00000000 0.61692288 0.78702361
402.571000000 6.739297 0.976972 0.000000 0.00000000 0.00000000 0.61696167 0.78699320
402.696000000 6.739417 0.993080 0.000000 0.00000000 0.00000000 0.61586688 0.78785023
402.821000000 6.745824 1.005414 0.000000 0.00000000 0.00000000 0.61652508 0.78733527
402.946000000 6.742673 1.013355 0.000000 0.00000000 0.00000000 0.61759180 0.78649880
403.071000000 6.751676 1.027687 0.000000 0.00000000 0.00000000 0.61609498 0.78767187
403.196000000 6.741508 1.043064 0.000000 0.00000000 0.00000000 0.61823935 0.78598989
403.321000000 6.767373 1.054360 0.000000 0.00000000 0.00000000 0.61711813 0.78687052
403.446000000 6.757190 1.067976 0.000000 0.00000000 0.00000000 0.61460051 0.78883852
403.571000000 6.767737 1.075800 0.000000 0.00000000 0.00000000 0.61412433 0.78920929
403.696000000 6.768740 1.096624 0.000000 0.00000000 0.00000000 0.61472979 0.78873778
403.821000000 6.766882 1.106982 0.000000 0.00000000 0.00000000 0.61440279 0.78899253
403.946000000 6.773574 1.122105 0.000000 0.00000000 0.00000000 0.61434341 0.78903877
404.071000000 6.779640 1.131261 0.000000 0.00000000 0.00000000 0.61495250 0.78856415
404.196000000 6.777441 1.143271 0.000000 0.00000000 0.00000000 0.61525396 0.78832897
404.321000000 6.783688 1.157358 0.000000 0.00000000 0.00000000 0.61483420 0.78865639
404.446000000 6.789029 1.167235 0.000000 0.00000000 0.00000000 0.61365348 0.78957546
404.571000000 6.790877 1.179039 0.000000 0.00000000 0.00000000 0.61510738 0.78844335
404.696000000 6.790042 1.194734 0.000000 0.00000000 0.00000000 0.61425750 0.78910565
404.821000000 6.794431 1.203244 0.000000 0.00000000 0.00000000 0.61424723 0.78911365
404.946000000 6.785195 1.217801 0.000000 0.00000000 0.00000000 0.61330463 0.78984646
405.071000000 6.799063 1.234080 0.000000 0.00000000 0.00000000 0.61122364 0.79145793
405.196000000 6.800231 1.241650 0.000000 0.00000000 0.00000000 0.60761878 0.79422882
405.321000000 6.805283 1.254832 0.000000 0.00000000 0.00000000 0.60227372 0.79828965
405.446000000 6.810812 1.264092 0.000000 0.00000000 0.00000000 0.59647699 0.80263018
405.571000000 6.816232 1.275581 0.000000 0.00000000 0.00000000 0.58702376 0.80956970
405.696000000 6.817105 1.289306 0.000000 0.00000000 0.00000000 0.57536319 0.81789803
405.821000000 6.818367 1.301999 0.000000 0.00000000 0.00000000 0.55739383 0.83024823
405.946000000 6.831169 1.315345 0.000000 0.00000000 0.00000000 0.53550101 0.84453459
406.071000000 6.829094 1.326568 0.000000 0.00000000 0.00000000 0.51526715 0.85702961
406.196000000 6.841691 1.335507 0.000000 0.00000000 0.00000000 0.49447611 0.86919122
406.321000000 6.840125 1.343061 0.000000 0.00000000 0.00000000 0.47156901 0.88182916
406.446000000 6.847833 1.355868 0.000000 0.00000000 0.00000000 0.45007861 0.89298894
406.571000000 6.861690 1.365904 0.000000 0.00000000 0.00000000 0.42740492 0.90406031
406.696000000 6.866575 1.376359 0.000000 0.00000000 0.00000000 0.40483325 0.91439053
406.821000000 6.878251 1.384998 0.000000 0.00000000 0.00000000 0.38205237 0.92414067
406.946000000 6.889653 1.392206 0.000000 0.00000000 0.00000000 0.35830504 0.93360457
407.071000000 6.899907 1.398795 0.000000 0.00000000 0.00000000 0.33208122 0.94325079
407.196000000 6.909459 1.407411 0.000000 0.00000000 0.00000000 0.29985951 0.95398337
407.321000000 6.920939 1.416755 0.000000 0.00000000 0.00000000 0.26291639 0.96481862
407.446000000 6.929838 1.418294 0.000000 0.00000000 0.00000000 0.22682631 0.97393523
407.571000000 6.940402 1.422307 0.000000 0.00000000 0.00000000 0.19161118 0.98147091
407.696000000 6.952523 1.428094 0.000000 0.00000000 0.00000000 0.15421203 0.98803778
407.821000000 6.962437 1.433294 0.000000 0.00000000 0.00000000 0.11806493 0.99300588
407.946000000 6.974127 1.434942 0.000000 0.00000000 0.00000000 0.08059373 0.99674703
408.071000000 6.984707 1.437096 0.000000 0.00000000 0.00000000 0.04364013 0.99904732
408.196000000 7.000562 1.435293 0.000000 0.00000000 0.00000000 0.00545625 0.99998511
408.321000000 7.010813 1.436319 0.000000 0.00000000 0.00000000 -0.03134607 0.99950859
408.446000000 7.019447 1.432261 0.000000 0.00000000 0.00000000 -0.06879042 0.99763113
408.571000000 7.036017 1.433473 0.000000 0.00000000 0.00000000 -0.10696152 0.99426316
408.696000000 7.045263 1.426929 0.000000 0.00000000 0.00000000 -0.14222793 0.98983393
408.821000000 7.061844 1.427481 0.000000 0.00000000 0.00000000 -0.18097639 0.98348744
408.946000000 7.077959 1.422198 0.000000 0.00000000 0.00000000 -0.21678407 0.97621958
409.071000000 7.085556 1.415062 0.000000 0.00000000 0.00000000 -0.25315339 0.96742615
409.196000000 7.103609 1.409538 0.000000 0.00000000 0.00000000 -0.29099148 0.95672564
409.321000000 7.108476 1.402474 0.000000 0.00000000 0.00000000 -0.32519348 0.94564750
409.446000000 7.116582 1.394670 0.000000 0.00000000 0.00000000 -0.36095686 0.93258252
409.571000000 7.124291 1.384819 0.000000 0.00000000 0.00000000 -0.39461135 0.91884813
409.696000000 7.133328 1.377650 0.000000 0.00000000 0.00000000 -0.42852720 0.90352888
409.821000000 7.143208 1.367575 0.000000 0.00000000 0.00000000 -0.46266025 0.88653567
409.946000000 7.147345 1.353486 0.000000 0.00000000 0.00000000 -0.49568769 0.86850084
410.071000000 7.159677 1.346045 0.000000 0.00000000 0.00000000 -0.52782058 0.84935590
410.196000000 7.156972 1.338125 0.000000 0.00000000 0.00000000 -0.55846274 0.82952961
410.321000000 7.166396 1.325579 0.000000 0.00000000 0.00000000 -0.58976788 0.80757281
410.446000000 7.167943 1.314560 0.000000 0.00000000 0.00000000 -0.61795497 0.78621349
410.571000000 7.170613 1.297867 0.000000 0.00000000 0.00000000 -0.64403545 0.76499564
410.696000000 7.169616 1.287022 0.000000 0.00000000 0.00000000 -0.66407879 0.74766260
410.821000000 7.171210 1.274753 0.000000 0.00000000 0.00000000 -0.68257843 0.73081235
410.946000000 7.169070 1.260308 0.000000 0.00000000 0.00000000 -0.70023797 0.71390951
411.071000000 7.174602 1.250145 0.000000 0.00000000 0.00000000 -0.71796161 0.69608270
411.196000000 7.164946 1.243413 0.000000 0.00000000 0.00000000 -0.73487345 0.67820425
411.321000000 7.162427 1.226695 0.000000 0.00000000 0.00000000 -0.74862836 0.66298988
411.446000000 7.158827 1.212623 0.000000 0.00000000 0.00000000 -0.75939151 0.65063394
411.571000000 7.161291 1.198499 0.000000 0.00000000 0.00000000 -0.76650892 0.64223366
411.696000000 7.154474 1.184856 0.000000 0.00000000 0.00000000 -0.77389488 0.63331407
411.821000000 7.156865 1.177491 0.000000 0.00000000 0.00000000 -0.77713149 0.62933826
411.946000000 7.153933 1.163300 0.000000 0.00000000 0.00000000 -0.77751518 0.62886418
412.071000000 7.153481 1.153888 0.000000 0.00000000 0.00000000 -0.77731625 0.62911004
412.196000000 7.147440 1.139574 0.000000 0.00000000 0.00000000 -0.77578667 0.63099528
412.321000000 7.141492 1.126280 0.000000 0.00000000 0.00000000 -0.76839967 0.63997027
412.446000000 7.137542 1.115995 0.000000 0.00000000 0.00000000 -0.76068760 0.64911816
412.571000000 7.132493 1.098535 0.000000 0.00000000 0.00000000 -0.75229099 0.65883099
412.696000000 7.142639 1.084319 0.000000 0.00000000 0.00000000 -0.74299603 0.66929583
412.821000000 7.135375 1.075540 0.000000 0.00000000 0.00000000 -0.73576910 0.67723248
412.946000000 7.135272 1.063613 0.000000 0.00000000 0.00000000 -0.72744881 0.68616195
413.071000000 7.132346 1.050736 0.000000 0.00000000 0.00000000 -0.71978788 0.69419407
413.196000000 7.131036 1.036891 0.000000 0.00000000 0.00000000 -0.71037064 0.70382778
413.321000000 7.133846 1.027246 0.000000 0.00000000 0.00000000 -0.70152914 0.71264077
413.446000000 7.136779 1.012468 0.000000 0.00000000 0.00000000 -0.69340070 0.72055220
413.571000000 7.134027 0.998917 0.000000 0.00000000 0.00000000 -0.68256007 0.73082949
413.696000000 7.138946 0.989715 0.000000 0.00000000 0.00000000 -0.67469285 0.73809861
413.821000000 7.135305 0.969903 0.000000 0.00000000 0.00000000 -0.66454587 0.74724747
413.946000000 7.137711 0.964454 0.000000 0.00000000 0.00000000 -0.65640790 0.75440617
414.071000000 7.140748 0.949873 0.000000 0.00000000 0.00000000 -0.64579452 0.76351126
414.196000000 7.145056 0.937197 0.000000 0.00000000 0.00000000 -0.63815719 0.76990610
414.321000000 7.146327 0.926139 0.000000 0.00000000 0.00000000 -0.62818060 0.77806756
414.446000000 7.149627 0.914056 0.000000 0.00000000 0.00000000 -0.62257082 0.78256346
414.571000000 7.147365 0.903889 0.000000 0.00000000 0.00000000 -0.62039081 0.78429283
414.696000000 7.148278 0.887573 0.000000 0.00000000 0.00000000 -0.62110594 0.78372662
414.821000000 7.161182 0.878170 0.000000 0.00000000 0.00000000 -0.62014035 0.78449088
414.946000000 7.155150 0.864669 0.000000 0.00000000 0.00000000 -0.62095259 0.78384812
415.071000000 7.158658 0.849456 0.000000 0.00000000 0.00000000 -0.62077839 0.78398609
415.196000000 7.164695 0.843664 0.000000 0.00000000 0.00000000 -0.62013662 0.78449383
415.321000000 7.157686 0.829816 0.000000 0.00000000 0.00000000 -0.62328718 0.78199302
415.446000000 7.173489 0.816372 0.000000 0.00000000 0.00000000 -0.62678277 0.77919405
415.571000000 7.164307 0.806481 0.000000 0.00000000 0.00000000 -0.63194072 0.77501672
415.696000000 7.164028 0.791735 0.000000 0.00000000 0.00000000 -0.63794760 0.77007978
415.821000000 7.172473 0.785989 0.000000 0.00000000 0.00000000 -0.64307610 0.76580228
415.946000000 7.172359 0.770150 0.000000 0.00000000 0.00000000 -0.64753805 0.76203312
416.071000000 7.177441 0.758980 0.000000 0.00000000 0.00000000 -0.65050080 0.75950557
416.196000000 7.192168 0.745273 0.000000 0.00000000 0.00000000 -0.65552514 0.75517335
416.321000000 7.183853 0.733590 0.000000 0.00000000 0.00000000 -0.65572669 0.75499835
416.446000000 7.182201 0.722455 0.000000 0.00000000 0.00000000 -0.65569760 0.75502362
416.571000000 7.184900 0.706929 0.000000 0.00000000 0.00000000 -0.65689487 0.75398218
416.696000000 7.191461 0.696680 0.000000 0.00000000 0.00000000 -0.65619913 0.75458777
416.821000000 7.194556 0.682313 0.000000 0.00000000 0.00000000 -0.65542165 0.75526318
416.946000000 7.197654 0.668667 0.000000 0.00000000 0.00000000 -0.65645710 0.75436336
417.071000000 7.195714 0.657810 0.000000 0.00000000 0.00000000 -0.65633848 0.75446657
417.196000000 7.199450 0.649498 0.000000 0.00000000 0.00000000 -0.65317534 0.75720669
417.321000000 7.197704 0.633821 0.000000 0.00000000 0.00000000 -0.64950469 0.76035758
417.446000000 7.203110 0.619213 0.000000 0.00000000 0.00000000 -0.64483113 0.76432507
417.571000000 7.199627 0.610919 0.000000 0.00000000 0.00000000 -0.64034636 0.76808629
417.696000000 7.205642 0.598414 0.000000 0.00000000 0.00000000 -0.63547208 0.77212385
417.821000000 7.196952 0.582607 0.000000 0.00000000 0.00000000 -0.63145389 0.77541343
417.946000000 7.198736 0.573255 0.000000 0.00000000 0.00000000 -0.62713708 0.77890891
418.071000000 7.204043 0.560287 0.000000 0.00000000 0.00000000 -0.62206535 0.78296533
418.196000000 7.213961 0.541797 0.000000 0.00000000 0.00000000 -0.61660096 0.78727584
418.321000000 7.216746 0.535537 0.000000 0.00000000 0.00000000 -0.61084566 0.79174969
418.446000000 7.220110 0.522140 0.000000 0.00000000 0.00000000 -0.60652570 0.79506388
418.571000000 7.213129 0.512643 0.000000 0.00000000 0.00000000 -0.60270667 0.79796282
418.696000000 7.225910 0.499477 0.000000 0.00000000 0.00000000 -0.59640129 0.80268643
418.821000000 7.231735 0.487369 0.000000 0.00000000 0.00000000 -0.59119918 0.80652559
418.946000000 7.233990 0.473597 0.000000 0.00000000 0.00000000 -0.58695194 0.80962178
419.071000000 7.238269 0.462193 0.000000 0.00000000 0.00000000 -0.58062267 0.81417278
419.196000000 7.249107 0.453544 0.000000 0.00000000 0.00000000 -0.57672925 0.81693535
419.321000000 7.248808 0.439755 0.000000 0.00000000 0.00000000 -0.57171887 0.82044959
419.446000000 7.251607 0.424552 0.000000 0.00000000 0.00000000 -0.56712632 0.82363082
419.571000000 7.255050 0.417169 0.000000 0.00000000 0.00000000 -0.56088505 0.82789369
419.696000000 7.260634 0.404674 0.000000 0.00000000 0.00000000 -0.55702351 0.83049673
419.821000000 7.260772 0.399326 0.000000 0.00000000 0.00000000 -0.55223344 0.83368953
419.946000000 7.269299 0.383728 0.000000 0.00000000 0.00000000 -0.54665085 0.83736064
420.071000000 7.272533 0.370267 0.000000 0.00000000 0.00000000 -0.54071351 0.84120681
420.196000000 7.268901 0.361217 0.000000 0.00000000 0.00000000 -0.53754526 0.84323490
420.321000000 7.278050 0.352476 0.000000 0.00000000 0.00000000 -0.53032531 0.84779424
420.446000000 7.289542 0.339842 0.000000 0.00000000 0.00000000 -0.52424082 0.85157006
420.571000000 7.297357 0.328160 0.000000 0.00000000 0.00000000 -0.51939203 0.85453609
420.696000000 7.296639 0.319087 0.000000 0.00000000 0.00000000 -0.51531252 0.85700234
420.821000000 7.312493 0.309580 0.000000 0.00000000 0.00000000 -0.50792336 0.86140226
420.946000000 7.312620 0.297155 0.000000 0.00000000 0.00000000 -0.50460513 0.86335026
421.071000000 7.316850 0.284900 0.000000 0.00000000 0.00000000 -0.49821953 0.86705092
421.196000000 7.327416 0.274773 0.000000 0.00000000 0.00000000 -0.49257427 0.87027041
421.321000000 7.335340 0.257834 0.000000 0.00000000 0.00000000 -0.48531227 0.87434090
421.446000000 7.342825 0.254605 0.000000 0.00000000 0.00000000 -0.48022187 0.87714706
421.571000000 7.348192 0.241811 0.000000 0.00000000 0.00000000 -0.47603170 0.87942812
421.696000000 7.359526 0.227127 0.000000 0.00000000 0.00000000 -0.46825411 0.88359385
421.821000000 7.372573 0.221590 0.000000 0.00000000 0.00000000 -0.46460457 0.88551826
421.946000000 7.369304 0.217263 0.000000 0.00000000 0.00000000 -0.45946782 0.88819442
422.071000000 7.379886 0.192644 0.000000 0.00000000 0.00000000 -0.45366557 0.89117201
422.196000000 7.383391 0.190884 0.000000 0.00000000 0.00000000 -0.44389265 0.89607997
422.321000000 7.392023 0.180108 0.000000 0.00000000 0.00000000 -0.43024081 0.90271415
422.446000000 7.401550 0.170163 0.000000 0.00000000 0.00000000 -0.41242953 0.91098951
422.571000000 7.412595 0.161256 0.000000 0.00000000 0.00000000 -0.39508420 0.91864491
422.696000000 7.423131 0.150134 0.000000 0.00000000 0.00000000 -0.37752898 0.92599777
422.821000000 7.434558 0.145982 0.000000 0.00000000 0.00000000 -0.35992105 0.93298276
422.946000000 7.438484 0.136373 0.000000 0.00000000 0.00000000 -0.34365854 0.93909467
423.071000000 7.440898 0.129372 0.000000 0.00000000 0.00000000 -0.32685422 0.94507477
423.196000000 7.466544 0.122933 0.000000 0.00000000 0.00000000 -0.30731192 0.95160884
423.321000000 7.474210 0.112716 0.000000 0.00000000 0.00000000 -0.28877293 0.95739762
423.446000000 7.478723 0.099795 0.000000 0.00000000 0.00000000 -0.27280624 0.96206900
423.571000000 7.495828 0.096866 0.000000 0.00000000 0.00000000 -0.25334509 0.96737597
423.696000000 7.504053 0.096637 0.000000 0.00000000 0.00000000 -0.23577842 0.97180684
423.821000000 7.519846 0.081980 0.000000 0.00000000 0.00000000 -0.21777121 0.97599985
423.946000000 7.533244 0.079445 0.000000 0.00000000 0.00000000 -0.19813865 0.98017400
424.071000000 7.543980 0.079942 0.000000 0.00000000 0.00000000 -0.17981299 0.98370081
424.196000000 7.551438 0.075469 0.000000 0.00000000 0.00000000 -0.16383592 0.98648760
424.321000000 7.564878 0.058268 0.000000 0.00000000 0.00000000 -0.14411532 0.98956090
424.446000000 7.582932 0.090214 0.000000 0.00000000 0.00000000 -0.12422665 0.99225387
424.571000000 7.578420 0.088441 0.000000 0.00000000 0.00000000 -0.10725735 0.99423129
424.696000000 7.600203 0.060130 0.000000 0.00000000 0.00000000 -0.08864496 0.99606329
424.821000000 7.619113 0.045947 0.000000 0.00000000 0.00000000 -0.06914923 0.99760633
424.946000000 7.627095 0.053444 0.000000 0.00000000 0.00000000 -0.05211207 0.99864124
425.071000000 7.636727 0.051915 0.000000 0.00000000 0.00000000 -0.03413851 0.99941711
425.196000000 7.647698 0.060535 0.000000 0.00000000 0.00000000 -0.01275603 0.99991864
425.321000000 7.665549 0.057715 0.000000 0.00000000 0.00000000 0.00436110 0.99999049
425.446000000 7.680880 0.064395 0.000000 0.00000000 0.00000000 0.02356836 0.99972223
425.571000000 7.686509 0.064920 0.000000 0.00000000 0.00000000 0.03975480 0.99920947
425.696000000 7.708459 0.064438 0.000000 0.00000000 0.00000000 0.05864596 0.99827884
425.821000000 7.710060 0.071301 0.000000 0.00000000 0.00000000 0.06655136 0.99778300
425.946000000 7.742504 0.060753 0.000000 0.00000000 0.00000000 0.07888273 0.99688390
426.071000000 7.739478 0.075394 0.000000 0.00000000 0.00000000 0.08154246 0.99666987
426.196000000 7.755510 0.060898 0.000000 0.00000000 0.00000000 0.08998797 0.99594285
426.321000000 7.763549 0.067706 0.000000 0.00000000 0.00000000 0.09521306 0.99545692
426.446000000 7.777285 0.075091 0.000000 0.00000000 0.00000000 0.10106516 0.99487981
426.571000000 7.786898 0.080878 0.000000 0.00000000 0.00000000 0.10787666 0.99416429
426.696000000 7.804865 0.083482 0.000000 0.00000000 0.00000000 0.11483245 0.99338487
426.821000000 7.818219 0.078671 0.000000 0.00000000 0.00000000 0.11973239 0.99280620
426.946000000 7.837142 0.101918 0.000000 0.00000000 0.00000000 0.12829157 0.99173649
427.071000000 7.846809 0.123931 0.000000 0.00000000 0.00000000 0.13440315 0.99092673
427.196000000 7.847573 0.193574 0.000000 0.00000000 0.00000000 0.13226957 0.99121378
427.321000000 7.871804 0.140754 0.000000 0.00000000 0.00000000 0.14056007 0.99007215
427.446000000 7.879590 0.132873 0.000000 0.00000000 0.00000000 0.14823032 0.98895287
427.571000000 7.893367 0.112152 0.000000 0.00000000 0.00000000 0.15815704 0.98741397
427.696000000 7.902018 0.098079 0.000000 0.00000000 0.00000000 0.16549486 0.98621065
427.821000000 7.912712 0.156871 0.000000 0.00000000 0.00000000 0.16793703 0.98579772
427.946000000 7.925435 0.137182 0.000000 0.00000000 0.00000000 0.17174784 0.98514094
428.071000000 7.934144 0.132558 0.000000 0.00000000 0.00000000 0.17252513 0.98500512
428.196000000 7.949051 0.141021 0.000000 0.00000000 0.00000000 0.17170510 0.98514839
428.321000000 7.961797 0.141316 0.000000 0.00000000 0.00000000 0.17533336 0.98450912
428.446000000 7.970367 0.142465 0.000000 0.00000000 0.00000000 0.17261923 0.98498863
428.571000000 7.974159 0.158778 0.000000 0.00000000 0.00000000 0.17343796 0.98484480
428.696000000 7.997674 0.139950 0.000000 0.00000000 0.00000000 0.16857966 0.98568803
428.821000000 8.001122 0.149047 0.000000 0.00000000 0.00000000 0.16082673 0.98698266
428.946000000 8.019862 0.144106 0.000000 0.00000000 0.00000000 0.14655042 0.98920320
429.071000000 8.027547 0.148532 0.000000 0.00000000 0.00000000 0.13598534 0.99071085
429.196000000 8.048426 0.161489 0.000000 0.00000000 0.00000000 0.12270619 0.99244304
429.321000000 8.050494 0.152320 0.000000 0.00000000 0.00000000 0.11085786 0.99383627
429.446000000 8.069786 0.156690 0.000000 0.00000000 0.00000000 0.10136624 0.99484918
429.571000000 8.081316 0.169710 0.000000 0.00000000 0.00000000 0.08703389 0.99620535
429.696000000 8.085278 0.169197 0.000000 0.00000000 0.00000000 0.07147521 0.99744238
429.821000000 8.106494 0.160407 0.000000 0.00000000 0.00000000 0.06442220 0.99792273
429.946000000 8.119061 0.161173 0.000000 0.00000000 0.00000000 0.04854152 0.99882117
430.071000000 8.128640 0.159930 0.000000 0.00000000 0.00000000 0.03768954 0.99928950
430.196000000 8.135595 0.164954 0.000000 0.00000000 0.00000000 0.02610301 0.99965926
430.321000000 8.150134 0.150340 0.000000 0.00000000 0.00000000 0.01252210 0.99992160
430.446000000 8.159253 0.166427 0.000000 0.00000000 0.00000000 -0.00224659 0.99999748
430.571000000 8.178832 0.181052 0.000000 0.00000000 0.00000000 -0.01360352 0.99990747
430.696000000 8.189633 0.169445 0.000000 0.00000000 0.00000000 -0.02834189 0.99959829
430.821000000 8.206584 0.167379 0.000000 0.00000000 0.00000000 -0.03995708 0.99920140
430.946000000 8.224407 0.167096 0.000000 0.00000000 0.00000000 -0.05166123 0.99866467
431.071000000 8.224163 0.154527 0.000000 0.00000000 0.00000000 -0.06257581 0.99804021
431.196000000 8.230916 0.153635 0.000000 0.00000000 0.00000000 -0.07374114 0.99727742
431.321000000 8.244902 0.144825 0.000000 0.00000000 0.00000000 -0.08493717 0.99638631
431.446000000 8.262415 0.147918 0.000000 0.00000000 0.00000000 -0.09833509 0.99515336
431.571000000 8.262930 0.162100 0.000000 0.00000000 0.00000000 -0.10904869 0.99403641
431.696000000 8.281220 0.151674 0.000000 0.00000000 0.00000000 -0.10791465 0.99416016
431.821000000 8.295606 0.153284 0.000000 0.00000000 0.00000000 -0.11137030 0.99377898
431.946000000 8.307749 0.147252 0.000000 0.00000000 0.00000000 -0.11143833 0.99377135
432.071000000 8.323065 0.141438 0.000000 0.00000000 0.00000000 -0.11177422 0.99373363
432.196000000 8.336117 0.142755 0.000000 0.00000000 0.00000000 -0.11181829 0.99372867
432.321000000 8.350517 0.134990 0.000000 0.00000000 0.00000000 -0.11255219 0.99364581
432.446000000 8.356446 0.138604 0.000000 0.00000000 0.00000000 -0.11043815 0.99388300
432.571000000 8.361779 0.138349 0.000000 0.00000000 0.00000000 -0.11160583 0.99375255
432.696000000 8.381619 0.126901 0.000000 0.00000000 0.00000000 -0.11196794 0.99371182
432.821000000 8.396633 0.126833 0.000000 0.00000000 0.00000000 -0.11139293 0.99377644
432.946000000 8.400183 0.117689 0.000000 0.00000000 0.00000000 -0.11099528 0.99382093
433.071000000 8.420834 0.130683 0.000000 0.00000000 0.00000000 -0.11193258 0.99371580
433.196000000 8.425712 0.111991 0.000000 0.00000000 0.00000000 -0.10850805 0.99409557
433.321000000 8.440184 0.106658 0.000000 0.00000000 0.00000000 -0.10829272 0.99411905
433.446000000 8.452392 0.104416 0.000000 0.00000000 0.00000000 -0.10861041 0.99408439
433.571000000 8.467115 0.108350 0.000000 0.00000000 0.00000000 -0.10824669 0.99412406
433.696000000 8.474836 0.102910 0.000000 0.00000000 0.00000000 -0.10825859 0.99412277
433.821000000 8.487546 0.107678 0.000000 0.00000000 0.00000000 -0.10846652 0.99410010
433.946000000 8.503490 0.099356 0.000000 0.00000000 0.00000000 -0.10833089 0.99411489
434.071000000 8.513439 0.098047 0.000000 0.00000000 0.00000000 -0.10952939 0.99398356
434.196000000 8.523204 0.102521 0.000000 0.00000000 0.00000000 -0.10768245 0.99418534
434.321000000 8.538680 0.096962 0.000000 0.00000000 0.00000000 -0.10829812 0.99411846
434.446000000 8.548336 0.093129 0.000000 0.00000000 0.00000000 -0.10829408 0.99411890
434.571000000 8.561768 0.089652 0.000000 0.00000000 0.00000000 -0.10854828 0.99409118
434.696000000 8.576394 0.082061 0.000000 0.00000000 0.00000000 -0.10698564 0.99426057
434.821000000 8.586018 0.072735 0.000000 0.00000000 0.00000000 -0.10869869 0.99407474
434.946000000 8.592440 0.076403 0.000000 0.00000000 0.00000000 -0.10791291 0.99416035
435.071000000 8.604823 0.063745 0.000000 0.00000000 0.00000000 -0.10668772 0.99429258
435.196000000 8.617678 0.076653 0.000000 0.00000000 0.00000000 -0.11053769 0.99387193
435.321000000 8.633288 0.078229 0.000000 0.00000000 0.00000000 -0.11101344 0.99381891
435.446000000 8.645353 0.062984 0.000000 0.00000000 0.00000000 -0.10890868 0.99405176
435.571000000 8.662403 0.059338 0.000000 0.00000000 0.00000000 -0.11079827 0.99384292
435.696000000 8.671238 0.073794 0.000000 0.00000000 0.00000000 -0.11247652 0.99365438
435.821000000 8.685423 0.065329 0.000000 0.00000000 0.00000000 -0.11139186 0.99377656
435.946000000 8.701486 0.047405 0.000000 0.00000000 0.00000000 -0.11142021 0.99377338
436.071000000 8.710703 0.057600 0.000000 0.00000000 0.00000000 -0.11028093 0.99390046
436.196000000 8.722097 0.047313 0.000000 0.00000000 0.00000000 -0.11150163 0.99376425
436.321000000 8.732933 0.052904 0.000000 0.00000000 0.00000000 -0.11180253 0.99373044
436.446000000 8.742713 0.053051 0.000000 0.00000000 0.00000000 -0.11136654 0.99377940
436.571000000 8.753993 0.045179 0.000000 0.00000000 0.00000000 -0.11085136 0.99383700
436.696000000 8.766936 0.035788 0.000000 0.00000000 0.00000000 -0.10992282 0.99394013
436.821000000 8.782374 0.040009 0.000000 0.00000000 0.00000000 -0.11285985 0.99361092
436.946000000 8.791308 0.033037 0.000000 0.00000000 0.00000000 -0.11157195 0.99375636
437.071000000 8.800304 0.042905 0.000000 0.00000000 0.00000000 -0.11352200 0.99353548
437.196000000 8.816644 0.026868 0.000000 0.00000000 0.00000000 -0.11297893 0.99359738
437.321000000 8.829751 0.022385 0.000000 0.00000000 0.00000000 -0.11127331 0.99378984
437.446000000 8.837397 0.029316 0.000000 0.00000000 0.00000000 -0.11048675 0.99387760
437.571000000 8.848268 0.033535 0.000000 0.00000000 0.00000000 -0.11031705 0.99389645
437.696000000 8.863711 0.022078 0.000000 0.00000000 0.00000000 -0.11161058 0.99375202
437.821000000 8.878686 0.019878 0.000000 0.00000000 0.00000000 -0.11266189 0.99363338
437.946000000 8.888205 0.024245 0.000000 0.00000000 0.00000000 -0.11759397 0.99306176
438.071000000 8.901161 0.019263 0.000000 0.00000000 0.00000000 -0.12808097 0.99176371
438.196000000 8.913388 0.007082 0.000000 0.00000000 0.00000000 -0.13821568 0.99040215
438.321000000 8.926124 0.000395 0.000000 0.00000000 0.00000000 -0.14911174 0.98882035
438.446000000 8.936727 -0.005438 0.000000 0.00000000 0.00000000 -0.15576055 0.98779484
438.571000000 8.950372 -0.008353 0.000000 0.00000000 0.00000000 -0.15903022 0.98727372
438.696000000 8.962132 -0.013192 0.000000 0.00000000 0.00000000 -0.15798512 0.98744149
438.821000000 8.975737 -0.009913 0.000000 0.00000000 0.00000000 -0.15713449 0.98757721
438.946000000 8.988867 -0.018485 0.000000 0.00000000 0.00000000 -0.15821977 0.98740392
439.071000000 8.998895 -0.026960 0.000000 0.00000000 0.00000000 -0.15827483 0.98739510
439.196000000 9.007061 -0.026976 0.000000 0.00000000 0.00000000 -0.15870069 0.98732674
439.321000000 9.019937 -0.024760 0.000000 0.00000000 0.00000000 -0.15868132 0.98732985
439.446000000 9.033278 -0.028315 0.000000 0.00000000 0.00000000 -0.15876522 0.98731637
439.571000000 9.045710 -0.028123 0.000000 0.00000000 0.00000000 -0.15958973 0.98718343
439.696000000 9.056468 -0.032258 0.000000 0.00000000 0.00000000 -0.15904118 0.98727195
439.821000000 9.066852 -0.038440 0.000000 0.00000000 0.00000000 -0.15841670 0.98737235
439.946000000 9.078042 -0.047217 0.000000 0.00000000 0.00000000 -0.15956417 0.98718756
440.071000000 9.092470 -0.050045 0.000000 0.00000000 0.00000000 -0.15831957 0.98738792
440.196000000 9.104806 -0.050638 0.000000 0.00000000 0.00000000 -0.15962597 0.98717757
440.321000000 9.112166 -0.054691 0.000000 0.00000000 0.00000000 -0.15881151 0.98730892
440.446000000 9.127668 -0.071887 0.000000 0.00000000 0.00000000 -0.15979584 0.98715008
440.571000000 9.141362 -0.069405 0.000000 0.00000000 0.00000000 -0.15915704 0.98725328
440.696000000 9.150527 -0.065450 0.000000 0.00000000 0.00000000 -0.15979677 0.98714993
440.821000000 9.162765 -0.074137 0.000000 0.00000000 0.00000000 -0.15936724 0.98721937
440.946000000 9.178610 -0.085664 0.000000 0.00000000 0.00000000 -0.15956479 0.98718746
441.071000000 9.188355 -0.095248 0.000000 0.00000000 0.00000000 -0.15893910 0.98728839
441.196000000 9.196844 -0.090225 0.000000 0.00000000 0.00000000 -0.15434977 0.98801627
441.321000000 9.213040 -0.083917 0.000000 0.00000000 0.00000000 -0.14762135 0.98904395
441.446000000 9.227267 -0.091287 0.000000 0.00000000 0.00000000 -0.13477250 0.99087657
441.571000000 9.237568 -0.086046 0.000000 0.00000000 0.00000000 -0.12219520 0.99250609
441.696000000 9.251291 -0.093088 0.000000 0.00000000 0.00000000 -0.10970906 0.99396374
441.821000000 9.264188 -0.102393 0.000000 0.00000000 0.00000000 -0.09710725 0.99527392
441.946000000 9.273145 -0.102897 0.000000 0.00000000 0.00000000 -0.08443937 0.99642862
442.071000000 9.286109 -0.097497 0.000000 0.00000000 0.00000000 -0.07232954 0.99738079
442.196000000 9.299441 -0.093914 0.000000 0.00000000 0.00000000 -0.05807377 0.99831229
442.321000000 9.316244 -0.108054 0.000000 0.00000000 0.00000000 -0.04542460 0.99896777
442.446000000 9.331404 -0.108406 0.000000 0.00000000 0.00000000 -0.03296148 0.99945662
442.571000000 9.340826 -0.094517 0.000000 0.00000000 0.00000000 -0.02046489 0.99979057
442.696000000 9.349857 -0.094749 0.000000 0.00000000 0.00000000 -0.00813798 0.99996689
442.821000000 9.361766 -0.098047 0.000000 0.00000000 0.00000000 0.00443008 0.99999019
442.946000000 9.374139 -0.103983 0.000000 0.00000000 0.00000000 0.01661731 0.99986192
443.071000000 9.384983 -0.065010 0.000000 0.00000000 0.00000000 0.02700237 0.99963537
443.196000000 9.395004 -0.090843 0.000000 0.00000000 0.00000000 0.03896469 0.99924059
443.321000000 9.411548 -0.084199 0.000000 0.00000000 0.00000000 0.04142673 0.99914154
443.446000000 9.420853 -0.122194 0.000000 0.00000000 0.00000000 0.04137339 0.99914375
443.571000000 9.432971 -0.111208 0.000000 0.00000000 0.00000000 0.03437300 0.99940907
443.696000000 9.448042 -0.088464 0.000000 0.00000000 0.00000000 0.02287302 0.99973838
443.821000000 9.454412 -0.098897 0.000000 0.00000000 0.00000000 0.00733738 0.99997308
443.946000000 9.469098 -0.097118 0.000000 0.00000000 0.00000000 -0.01148017 0.99993410
444.071000000 9.482645 -0.099895 0.000000 0.00000000 0.00000000 -0.03129327 0.99951025
444.196000000 9.497585 -0.098552 0.000000 0.00000000 0.00000000 -0.04874761 0.99881113
444.321000000 9.508359 -0.112201 0.000000 0.00000000 0.00000000 -0.06618066 0.99780766
444.446000000 9.530569 -0.141182 0.000000 0.00000000 0.00000000 -0.08433110 0.99643779
444.571000000 9.532929 -0.108290 0.000000 0.00000000 0.00000000 -0.10455374 0.99451924
444.696000000 9.548358 -0.147835 0.000000 0.00000000 0.00000000 -0.12146847 0.99259529
444.821000000 9.564615 -0.146789 0.000000 0.00000000 0.00000000 -0.14265210 0.98977289
444.946000000 9.571326 -0.152100 0.000000 0.00000000 0.00000000 -0.16686126 0.98598039
445.071000000 9.585809 -0.133552 0.000000 0.00000000 0.00000000 -0.19267534 0.98126256
445.196000000 9.592712 -0.141543 0.000000 0.00000000 0.00000000 -0.21917289 0.97568604
445.321000000 9.606448 -0.144436 0.000000 0.00000000 0.00000000 -0.24286340 0.97006050
445.446000000 9.617216 -0.148855 0.000000 0.00000000 0.00000000 -0.26681020 0.96374910
445.571000000 9.626897 -0.165146 0.000000 0.00000000 0.00000000 -0.29130724 0.95662955
445.696000000 9.636801 -0.157128 0.000000 0.00000000 0.00000000 -0.31556386 0.94890434
445.821000000 9.646904 -0.175615 0.000000 0.00000000 0.00000000 -0.33797985 0.94115335
445.946000000 9.655927 -0.190260 0.000000 0.00000000 0.00000000 -0.36206090 0.93215444
446.071000000 9.664990 -0.208431 0.000000 0.00000000 0.00000000 -0.38475331 0.92301944
446.196000000 9.672549 -0.210920 0.000000 0.00000000 0.00000000 -0.40783490 0.91305569
446.321000000 9.682308 -0.219247 0.000000 0.00000000 0.00000000 -0.43201729 0.90186532
446.446000000 9.692180 -0.221804 0.000000 0.00000000 0.00000000 -0.45376297 0.89112242
446.571000000 9.696902 -0.227196 0.000000 0.00000000 0.00000000 -0.47639658 0.87923052
446.696000000 9.704534 -0.244366 0.000000 0.00000000 0.00000000 -0.49798353 0.86718649
446.821000000 9.709070 -0.245457 0.000000 0.00000000 0.00000000 -0.51882114 0.85488281
446.946000000 9.713335 -0.248992 0.000000 0.00000000 0.00000000 -0.54037455 0.84142459
447.071000000 9.720892 -0.273468 0.000000 0.00000000 0.00000000 -0.56160312 0.82740675
447.196000000 9.724217 -0.285195 0.000000 0.00000000 0.00000000 -0.58099415 0.81390773
447.321000000 9.724933 -0.301987 0.000000 0.00000000 0.00000000 -0.60216082 0.79837482
447.446000000 9.729669 -0.309508 0.000000 0.00000000 0.00000000 -0.62175712 0.78321012
447.571000000 9.734408 -0.315283 0.000000 0.00000000 0.00000000 -0.64133842 0.76725813
447.696000000 9.732573 -0.329138 0.000000 0.00000000 0.00000000 -0.65973326 0.75149985
447.821000000 9.736496 -0.353502 0.000000 0.00000000 0.00000000 -0.67834901 0.73473983
447.946000000 9.734286 -0.354992 0.000000 0.00000000 0.00000000 -0.69655647 0.71750198
448.071000000 9.734452 -0.374475 0.000000 0.00000000 0.00000000 -0.71439372 0.69974396
448.196000000 9.732682 -0.378547 0.000000 0.00000000 0.00000000 -0.73145511 0.68188959
448.321000000 9.737055 -0.398952 0.000000 0.00000000 0.00000000 -0.74804380 0.66364936
448.446000000 9.732333 -0.367638 0.000000 0.00000000 0.00000000 -0.76566171 0.64324345
448.571000000 9.735617 -0.412136 0.000000 0.00000000 0.00000000 -0.78042749 0.62524630
448.696000000 9.724544 -0.423299 0.000000 0.00000000 0.00000000 -0.79586253 0.60547736
448.821000000 9.722599 -0.444597 0.000000 0.00000000 0.00000000 -0.81041183 0.58586062
448.946000000 9.716554 -0.444514 0.000000 0.00000000 0.00000000 -0.82548309 0.56442685
449.071000000 9.711996 -0.466792 0.000000 0.00000000 0.00000000 -0.83865294 0.54466618
449.196000000 9.708338 -0.483462 0.000000 0.00000000 0.00000000 -0.85175534 0.52393972
449.321000000 9.698883 -0.494027 0.000000 0.00000000 0.00000000 -0.86464185 0.50238877
449.446000000 9.699904 -0.490834 0.000000 0.00000000 0.00000000 0.87760108 -0.47939164
449.571000000 9.689638 -0.509368 0.000000 0.00000000 0.00000000 0.88862838 -0.45862795
449.696000000 9.684411 -0.513083 0.000000 0.00000000 0.00000000 0.90031949 -0.43522962
449.821000000 9.674137 -0.530078 0.000000 0.00000000 0.00000000 0.91028143 -0.41399000
449.946000000 9.670134 -0.537627 0.000000 0.00000000 0.00000000 0.92077299 -0.39009885
450.071000000 9.658828 -0.533536 0.000000 0.00000000 0.00000000 0.93032112 -0.36674599
450.196000000 9.646494 -0.555831 0.000000 0.00000000 0.00000000 0.93767233 -0.34752066
450.321000000 9.641601 -0.571547 0.000000 0.00000000 0.00000000 0.94384119 -0.33039947
450.446000000 9.627455 -0.567857 0.000000 0.00000000 0.00000000 0.94786235 -0.31868002
450.571000000 9.617187 -0.593380 0.000000 0.00000000 0.00000000 0.94971898 -0.31310359
450.696000000 9.606758 -0.597187 0.000000 0.00000000 0.00000000 0.95130965 -0.30823685
450.821000000 9.598730 -0.604302 0.000000 0.00000000 0.00000000 0.95165703 -0.30716264
450.946000000 9.584752 -0.618906 0.000000 0.00000000 0.00000000 0.95128983 -0.30829800
451.071000000 9.577139 -0.615877 0.000000 0.00000000 0.00000000 0.95170179 -0.30702393
451.196000000 9.566820 -0.625296 0.000000 0.00000000 0.00000000 0.95152580 -0.30756893
451.321000000 9.559963 -0.625258 0.000000 0.00000000 0.00000000 0.95187662 -0.30648148
451.446000000 9.546682 -0.638437 0.000000 0.00000000 0.00000000 0.95143283 -0.30785640
451.571000000 9.536396 -0.649315 0.000000 0.00000000 0.00000000 0.95171096 -0.30699553
451.696000000 9.528558 -0.643518 0.000000 0.00000000 0.00000000 0.95182637 -0.30663752
451.821000000 9.519195 -0.650291 0.000000 0.00000000 0.00000000 0.95176656 -0.30682309
451.946000000 9.506427 -0.659744 0.000000 0.00000000 0.00000000 0.95151569 -0.30760022
452.071000000 9.499081 -0.645193 0.000000 0.00000000 0.00000000 0.95195564 -0.30623595
452.196000000 9.488338 -0.679628 0.000000 0.00000000 0.00000000 0.95184946 -0.30656584
452.321000000 9.478413 -0.693731 0.000000 0.00000000 0.00000000 0.95075393 -0.30994670
452.446000000 9.466714 -0.694000 0.000000 0.00000000 0.00000000 0.94902858 -0.31519004
452.571000000 9.457809 -0.693131 0.000000 0.00000000 0.00000000 0.94720398 -0.32063159
452.696000000 9.447003 -0.713151 0.000000 0.00000000 0.00000000 0.94502517 -0.32699758
452.821000000 9.438244 -0.713416 0.000000 0.00000000 0.00000000 0.94317009 -0.33231038
452.946000000 9.430330 -0.737327 0.000000 0.00000000 0.00000000 0.94101411 -0.33836733
453.071000000 9.418117 -0.739598 0.000000 0.00000000 0.00000000 0.93886844 -0.34427614
453.196000000 9.412487 -0.732487 0.000000 0.00000000 0.00000000 0.93665624 -0.35025003
453.321000000 9.401608 -0.751080 0.000000 0.00000000 0.00000000 0.93420056 -0.35674825
453.446000000 9.393661 -0.753457 0.000000 0.00000000 0.00000000 0.93216529 -0.36203298
453.571000000 9.383168 -0.760835 0.000000 0.00000000 0.00000000 0.92911034 -0.36980262
453.696000000 9.373061 -0.774855 0.000000 0.00000000 0.00000000 0.92393032 -0.38256080
453.821000000 9.364592 -0.779676 0.000000 0.00000000 0.00000000 0.91913437 -0.39394418
453.946000000 9.355378 -0.795298 0.000000 0.00000000 0.00000000 0.91432897 -0.40497226
454.071000000 9.347845 -0.809921 0.000000 0.00000000 0.00000000 0.90933065 -0.41607424
454.196000000 9.341145 -0.803596 0.000000 0.00000000 0.00000000 0.90409248 -0.42733685
454.321000000 9.333195 -0.807033 0.000000 0.00000000 0.00000000 0.89924292 -0.43744963
454.446000000 9.327302 -0.803984 0.000000 0.00000000 0.00000000 0.89387545 -0.44831538
454.571000000 9.314268 -0.852801 0.000000 0.00000000 0.00000000 0.88741844 -0.46096476
454.696000000 9.310370 -0.836580 0.000000 0.00000000 0.00000000 0.88241686 -0.47046836
454.821000000 9.307265 -0.844230 0.000000 0.00000000 0.00000000 0.87652055 -0.48136444
454.946000000 9.296740 -0.849167 0.000000 0.00000000 0.00000000 0.87026923 -0.49257635
455.071000000 9.289292 -0.868976 0.000000 0.00000000 0.00000000 -0.86414578 0.50324156
455.196000000 9.285345 -0.881531 0.000000 0.00000000 0.00000000 -0.85809579 0.51348965
455.321000000 9.277699 -0.891641 0.000000 0.00000000 0.00000000 -0.85429706 0.51978508
455.446000000 9.274230 -0.891879 0.000000 0.00000000 0.00000000 -0.85113827 0.52494157
455.571000000 9.268181 -0.910623 0.000000 0.00000000 0.00000000 -0.84786531 0.53021166
455.696000000 9.261800 -0.917567 0.000000 0.00000000 0.00000000 -0.84462540 0.53535777
455.821000000 9.255868 -0.936505 0.000000 0.00000000 0.00000000 -0.84081016 0.54133010
455.946000000 9.254291 -0.951557 0.000000 0.00000000 0.00000000 -0.83796124 0.54572975
456.071000000 9.250200 -0.960423 0.000000 0.00000000 0.00000000 -0.83520941 0.54993204
456.196000000 9.241712 -0.972344 0.000000 0.00000000 0.00000000 -0.83045943 0.55707911
456.321000000 9.239678 -0.979029 0.000000 0.00000000 0.00000000 -0.82727560 0.56179630
456.446000000 9.231387 -0.992927 0.000000 0.00000000 0.00000000 -0.82294997 0.56811384
456.571000000 9.226411 -1.006495 0.000000 0.00000000 0.00000000 -0.81920618 0.57349912
456.696000000 9.220136 -1.019995 0.000000 0.00000000 0.00000000 -0.81603507 0.57800239
456.821000000 9.216114 -1.026601 0.000000 0.00000000 0.00000000 -0.81198442 0.58367910
456.946000000 9.215567 -1.046292 0.000000 0.00000000 0.00000000 -0.80913375 0.58762452
457.071000000 9.211809 -1.047297 0.000000 0.00000000 0.00000000 -0.80506277 0.59318963
457.196000000 9.204497 -1.072699 0.000000 0.00000000 0.00000000 -0.80123832 0.59834535
457.321000000 9.204794 -1.079005 0.000000 0.00000000 0.00000000 -0.79812407 0.60249313
457.446000000 9.198227 -1.079698 0.000000 0.00000000 0.00000000 -0.79755927 0.60324059
457.571000000 9.195755 -1.106706 0.000000 0.00000000 0.00000000 -0.79713964 0.60379499
457.696000000 9.191123 -1.120649 0.000000 0.00000000 0.00000000 -0.79721682 0.60369309
457.821000000 9.187215 -1.128584 0.000000 0.00000000 0.00000000 -0.79692557 0.60407751
457.946000000 9.185924 -1.149104 0.000000 0.00000000 0.00000000 -0.79690877 0.60409967
458.071000000 9.181054 -1.156571 0.000000 0.00000000 0.00000000 -0.79750669 0.60331010
458.196000000 9.178182 -1.176604 0.000000 0.00000000 0.00000000 -0.79720436 0.60370953
458.321000000 9.175834 -1.186294 0.000000 0.00000000 0.00000000 -0.79749507 0.60332546
458.446000000 9.173575 -1.195599 0.000000 0.00000000 0.00000000 -0.79762728 0.60315066
458.571000000 9.165642 -1.202163 0.000000 0.00000000 0.00000000 -0.79743301 0.60340749
458.696000000 9.165322 -1.215417 0.000000 0.00000000 0.00000000 -0.79751449 0.60329980
458.821000000 9.158205 -1.231023 0.000000 0.00000000 0.00000000 -0.79736121 0.60350236
458.946000000 9.158648 -1.245155 0.000000 0.00000000 0.00000000 -0.79808767 0.60254135
459.071000000 9.155041 -1.256017 0.000000 0.00000000 0.00000000 -0.79745810 0.60337433
459.196000000 9.151674 -1.260437 0.000000 0.00000000 0.00000000 -0.79815569 0.60245124
459.321000000 9.148710 -1.280540 0.000000 0.00000000 0.00000000 -0.79766196 0.60310480
459.446000000 9.142941 -1.285740 0.000000 0.00000000 0.00000000 -0.79772752 0.60301807
459.571000000 9.140528 -1.302530 0.000000 0.00000000 0.00000000 -0.79767534 0.60308710
459.696000000 9.142042 -1.318545 0.000000 0.00000000 0.00000000 -0.79778101 0.60294731
459.821000000 9.133901 -1.327909 0.000000 0.00000000 0.00000000 -0.79738084 0.60347643
459.946000000 9.133147 -1.339308 0.000000 0.00000000 0.00000000 -0.79753155 0.60327724
460.071000000 9.126365 -1.348686 0.000000 0.00000000 0.00000000 -0.79771385 0.60303616
460.196000000 9.121602 -1.354737 0.000000 0.00000000 0.00000000 -0.79794740 0.60272710
460.321000000 9.123603 -1.378486 0.000000 0.00000000 0.00000000 -0.79828382 0.60228144
460.446000000 9.120036 -1.390283 0.000000 0.00000000 0.00000000 -0.79765746 0.60311075
460.571000000 9.113315 -1.404093 0.000000 0.00000000 0.00000000 -0.79787835 0.60281849
460.696000000 9.110003 -1.409793 0.000000 0.00000000 0.00000000 -0.79851498 0.60197494
460.821000000 9.107516 -1.425777 0.000000 0.00000000 0.00000000 -0.79821870 0.60236775
460.946000000 9.105604 -1.436131 0.000000 0.00000000 0.00000000 -0.79920516 0.60105832
461.071000000 9.098017 -1.451929 0.000000 0.00000000 0.00000000 -0.80177079 0.59763166
461.196000000 9.096601 -1.462036 0.000000 0.00000000 0.00000000 -0.80698965 0.59056558
461.321000000 9.097630 -1.475507 0.000000 0.00000000 0.00000000 -0.81085025 0.58525368
461.446000000 9.086226 -1.482047 0.000000 0.00000000 0.00000000 -0.81276787 0.58258767
461.571000000 9.075510 -1.494594 0.000000 0.00000000 0.00000000 -0.81761384 0.57576697
461.696000000 9.080463 -1.503917 0.000000 0.00000000 0.00000000 -0.82733257 0.56171239
461.821000000 9.077801 -1.519149 0.000000 0.00000000 0.00000000 -0.83403853 0.55170620
461.946000000 9.075603 -1.530166 0.000000 0.00000000 0.00000000 -0.84171752 0.53991815
462.071000000 9.068520 -1.542287 0.000000 0.00000000 0.00000000 -0.84768285 0.53050333
462.196000000 9.059826 -1.559813 0.000000 0.00000000 0.00000000 -0.85262896 0.52251684
462.321000000 9.060370 -1.565106 0.000000 0.00000000 0.00000000 -0.86051028 0.50943308
462.446000000 9.052197 -1.570951 0.000000 0.00000000 0.00000000 0.86659640 -0.49900971
462.571000000 9.039605 -1.584858 0.000000 0.00000000 0.00000000 0.87131015 -0.49073273
462.696000000 9.038920 -1.597180 0.000000 0.00000000 0.00000000 0.87828609 -0.47813549
462.821000000 9.030457 -1.609853 0.000000 0.00000000 0.00000000 0.88420648 -0.46709624
462.946000000 9.026698 -1.623684 0.000000 0.00000000 0.00000000 0.89022427 -0.45552250
463.071000000 9.017914 -1.624728 0.000000 0.00000000 0.00000000 0.89653269 -0.44297759
463.196000000 9.010598 -1.636731 0.000000 0.00000000 0.00000000 0.90063307 -0.43458033
463.321000000 8.997459 -1.645642 0.000000 0.00000000 0.00000000 0.90575528 -0.42380110
463.446000000 8.993696 -1.658302 0.000000 0.00000000 0.00000000 0.91153076 -0.41123190
463.571000000 8.987030 -1.667635 0.000000 0.00000000 0.00000000 0.91654371 -0.39993453
463.696000000 8.976446 -1.674337 0.000000 0.00000000 0.00000000 0.92074311 -0.39016935
463.821000000 8.965262 -1.685915 0.000000 0.00000000 0.00000000 0.92576812 -0.37809177
463.946000000 8.956754 -1.692863 0.000000 0.00000000 0.00000000 0.93041612 -0.36650490
464.071000000 8.946509 -1.699797 0.000000 0.00000000 0.00000000 0.93514134 -0.35427485
464.196000000 8.939626 -1.704553 0.000000 0.00000000 0.00000000 0.93966131 -0.34210616
464.321000000 8.929062 -1.712515 0.000000 0.00000000 0.00000000 0.94368883 -0.33083440
464.446000000 8.919718 -1.722660 0.000000 0.00000000 0.00000000 0.94791972 -0.31850936
464.571000000 8.909447 -1.728447 0.000000 0.00000000 0.00000000 0.95162816 -0.30725208
464.696000000 8.898659 -1.736161 0.000000 0.00000000 0.00000000 0.95524075 -0.29582951
464.821000000 8.888896 -1.737519 0.000000 0.00000000 0.00000000 0.95882986 -0.28398115
464.946000000 8.872032 -1.749145 0.000000 0.00000000 0.00000000 0.96200304 -0.27303874
465.071000000 8.865869 -1.754039 0.000000 0.00000000 0.00000000 0.96569333 -0.25968517
465.196000000 8.857022 -1.759746 0.000000 0.00000000 0.00000000 0.96933797 -0.24573136
465.321000000 8.844874 -1.769004 0.000000 0.00000000 0.00000000 0.97208174 -0.23464248
465.446000000 8.826549 -1.770410 0.000000 0.00000000 0.00000000 0.97475327 -0.22328473
465.571000000 8.819819 -1.776701 0.000000 0.00000000 0.00000000 0.97755754 -0.21066858
465.696000000 8.811480 -1.781804 0.000000 0.00000000 0.00000000 0.98018373 -0.19809054
465.821000000 8.802476 -1.792062 0.000000 0.00000000 0.00000000 0.98245648 -0.18649200
465.946000000 8.787473 -1.790200 0.000000 0.00000000 0.00000000 0.98412242 -0.17749100
466.071000000 8.772143 -1.784864 0.000000 0.00000000 0.00000000 0.98503262 -0.17236805
466.196000000 8.763542 -1.809266 0.000000 0.00000000 0.00000000 0.98527764 -0.17096191
466.321000000 8.753802 -1.807959 0.000000 0.00000000 0.00000000 0.98541308 -0.17017951
466.446000000 8.746083 -1.810822 0.000000 0.00000000 0.00000000 0.98555893 -0.16933281
466.571000000 8.731181 -1.816777 0.000000 0.00000000 0.00000000 0.98548600 -0.16975673
466.696000000 8.721357 -1.808425 0.000000 0.00000000 0.00000000 0.98584797 -0.16764182
466.821000000 8.706880 -1.826444 0.000000 0.00000000 0.00000000 0.98528402 -0.17092515
466.946000000 8.695084 -1.828515 0.000000 0.00000000 0.00000000 0.98549491 -0.16970498
467.071000000 8.685617 -1.832336 0.000000 0.00000000 0.00000000 0.98550048 -0.16967262
467.196000000 8.668898 -1.832381 0.000000 0.00000000 0.00000000 0.98544567 -0.16999068
467.321000000 8.659788 -1.840856 0.000000 0.00000000 0.00000000 0.98552455 -0.16953280
467.446000000 8.647090 -1.847991 0.000000 0.00000000 0.00000000 0.98527418 -0.17098183
467.571000000 8.635303 -1.851744 0.000000 0.00000000 0.00000000 0.98540680 -0.17021585
467.696000000 8.630040 -1.849919 0.000000 0.00000000 0.00000000 0.98569600 -0.16853304
467.821000000 8.609809 -1.860048 0.000000 0.00000000 0.00000000 0.98529896 -0.17083900
467.946000000 8.603598 -1.861434 0.000000 0.00000000 0.00000000 0.98561234 -0.16902167
468.071000000 8.593308 -1.863808 0.000000 0.00000000 0.00000000 0.98567832 -0.16863642
468.196000000 8.577176 -1.870368 0.000000 0.00000000 0.00000000 0.98539498 -0.17028429
468.321000000 8.566963 -1.878899 0.000000 0.00000000 0.00000000 0.98524906 -0.17112650
468.446000000 8.549424 -1.883693 0.000000 0.00000000 0.00000000 0.98522973 -0.17123779
468.571000000 8.540996 -1.886868 0.000000 0.00000000 0.00000000 0.98469926 -0.17426235
468.696000000 8.529666 -1.891153 0.000000 0.00000000 0.00000000 0.98386213 -0.17892822
468.821000000 8.518343 -1.896675 0.000000 0.00000000 0.00000000 0.98182046 -0.18981200
468.946000000 8.504544 -1.901229 0.000000 0.00000000 0.00000000 0.97917734 -0.20300676
469.071000000 8.493990 -1.906868 0.000000 0.00000000 0.00000000 0.97668423 -0.21468097
469.196000000 8.478496 -1.908800 0.000000 0.00000000 0.00000000 0.97384232 -0.22722484
469.321000000 8.474656 -1.912392 0.000000 0.00000000 0.00000000 0.97122028 -0.23818307
469.446000000 8.461954 -1.921874 0.000000 0.00000000 0.00000000 0.96806502 -0.25069927
469.571000000 8.449301 -1.913088 0.000000 0.00000000 0.00000000 0.96501183 -0.26220636
469.696000000 8.445372 -1.932834 0.000000 0.00000000 0.00000000 0.96164798 -0.27428663
469.821000000 8.432512 -1.939407 0.000000 0.00000000 0.00000000 0.95798801 -0.28680824
469.946000000 8.413849 -1.945054 0.000000 0.00000000 0.00000000 0.95427576 -0.29892772
470.071000000 8.410479 -1.955280 0.000000 0.00000000 0.00000000 0.95050743 -0.31070184
470.196000000 8.397253 -1.967094 0.000000 0.00000000 0.00000000 0.94637126 -0.32308116
470.321000000 8.388406 -1.971288 0.000000 0.00000000 0.00000000 0.94213512 -0.33523339
470.446000000 8.375576 -1.978661 0.000000 0.00000000 0.00000000 0.93827082 -0.34590154
470.571000000 8.368281 -1.989842 0.000000 0.00000000 0.00000000 0.93376426 -0.35788869
470.696000000 8.358171 -1.990475 0.000000 0.00000000 0.00000000 0.92938921 -0.36910120
470.821000000 8.352312 -2.009456 0.000000 0.00000000 0.00000000 0.92470115 -0.38069382
470.946000000 8.340554 -2.011404 0.000000 0.00000000 0.00000000 0.91985415 -0.39226056
471.071000000 8.332333 -2.022367 0.000000 0.00000000 0.00000000 0.91470438 -0.40412362
471.196000000 8.321738 -2.031259 0.000000 0.00000000 0.00000000 0.91103387 -0.41233152
471.321000000 8.313822 -2.039463 0.000000 0.00000000 0.00000000 0.90845229 -0.41798857
471.446000000 8.306347 -2.052971 0.000000 0.00000000 0.00000000 0.90744018 -0.42018129
471.571000000 8.297749 -2.060948 0.000000 0.00000000 0.00000000 0.90775240 -0.41950636
471.696000000 8.292823 -2.065610 0.000000 0.00000000 0.00000000 0.90779685 -0.41941015
471.821000000 8.282307 -2.071647 0.000000 0.00000000 0.00000000 0.90785760 -0.41927864
471.946000000 8.274131 -2.094181 0.000000 0.00000000 0.00000000 0.90752125 -0.42000616
472.071000000 8.266946 -2.099944 0.000000 0.00000000 0.00000000 0.90782012 -0.41935979
472.196000000 8.257167 -2.108536 0.000000 0.00000000 0.00000000 0.90762481 -0.41978233
472.321000000 8.249749 -2.116987 0.000000 0.00000000 0.00000000 0.90773747 -0.41953866
472.446000000 8.243929 -2.126094 0.000000 0.00000000 0.00000000 0.90786388 -0.41926504
472.571000000 8.233382 -2.134858 0.000000 0.00000000 0.00000000 0.90752587 -0.41999619
472.696000000 8.227409 -2.140082 0.000000 0.00000000 0.00000000 0.90796214 -0.41905221
472.821000000 8.217964 -2.157202 0.000000 0.00000000 0.00000000 0.90739994 -0.42026818
472.946000000 8.210071 -2.164452 0.000000 0.00000000 0.00000000 0.90784962 -0.41929592
473.071000000 8.201195 -2.175072 0.000000 0.00000000 0.00000000 0.90779912 -0.41940524
473.196000000 8.195515 -2.184915 0.000000 0.00000000 0.00000000 0.90752989 -0.41998750
473.321000000 8.189828 -2.194232 0.000000 0.00000000 0.00000000 0.90740955 -0.42024743
473.446000000 8.178900 -2.205201 0.000000 0.00000000 0.00000000 0.90926171 -0.41622488
473.571000000 8.170325 -2.211211 0.000000 0.00000000 0.00000000 0.91293430 -0.40810656
473.696000000 8.165618 -2.220026 0.000000 0.00000000 0.00000000 0.91815785 -0.39621480
473.821000000 8.159217 -2.225025 0.000000 0.00000000 0.00000000 0.92317879 -0.38437081
473.946000000 8.144596 -2.235321 0.000000 0.00000000 0.00000000 0.92772538 -0.37326347
474.071000000 8.138592 -2.247443 0.000000 0.00000000 0.00000000 0.93220191 -0.36193867
474.196000000 8.124769 -2.258227 0.000000 0.00000000 0.00000000 0.93640820 -0.35091265
474.321000000 8.112974 -2.270176 0.000000 0.00000000 0.00000000 0.94035239 -0.34020198
474.446000000 8.105645 -2.270238 0.000000 0.00000000 0.00000000 0.94522642 -0.32641540
474.571000000 8.098679 -2.277824 0.000000 0.00000000 0.00000000 0.94910912 -0.31494743
474.696000000 8.086225 -2.290858 0.000000 0.00000000 0.00000000 0.95263834 -0.30410557
474.821000000 8.077099 -2.294921 0.000000 0.00000000 0.00000000 0.95643730 -0.29193783
474.946000000 8.067446 -2.298907 0.000000 0.00000000 0.00000000 0.96023552 -0.27919122
475.071000000 8.055755 -2.308820 0.000000 0.00000000 0.00000000 0.96340509 -0.26804967
475.196000000 8.045126 -2.306215 0.000000 0.00000000 0.00000000 0.96692078 -0.25507688
475.321000000 8.033887 -2.320178 0.000000 0.00000000 0.00000000 0.96993924 -0.24334724
475.446000000 8.023375 -2.325998 0.000000 0.00000000 0.00000000 0.97278004 -0.23173044
475.571000000 8.010624 -2.332722 0.000000 0.00000000 0.00000000 0.97559024 -0.21959890
475.696000000 7.999552 -2.331960 0.000000 0.00000000 0.00000000 0.97828476 -0.20726535
475.821000000 7.988302 -2.342168 0.000000 0.00000000 0.00000000 0.98070139 -0.19551158
475.946000000 7.980939 -2.341864 0.000000 0.00000000 0.00000000 0.98343652 -0.18125288
476.071000000 7.966762 -2.351024 0.000000 0.00000000 0.00000000 0.98527979 -0.17094950
476.196000000 7.950879 -2.357283 0.000000 0.00000000 0.00000000 0.98622761 -0.16539380
476.321000000 7.941341 -2.359619 0.000000 0.00000000 0.00000000 0.98682770 -0.16177481
476.446000000 7.928967 -2.363885 0.000000 0.00000000 0.00000000 0.98697350 -0.16088291
476.571000000 7.917766 -2.365416 0.000000 0.00000000 0.00000000 0.98649482 -0.16379248
476.696000000 7.908634 -2.370585 0.000000 0.00000000 0.00000000 0.98534762 -0.17055808
476.821000000 7.895133 -2.372831 0.000000 0.00000000 0.00000000 0.98427120 -0.17666408
476.946000000 7.884075 -2.373938 0.000000 0.00000000 0.00000000 0.98303464 -0.18341999
477.071000000 7.872546 -2.383903 0.000000 0.00000000 0.00000000 0.98197491 -0.18901132
477.196000000 7.863750 -2.384988 0.000000 0.00000000 0.00000000 0.98090639 -0.19448047
477.321000000 7.846797 -2.392499 0.000000 0.00000000 0.00000000 0.97953519 -0.20127298
477.446000000 7.837686 -2.396977 0.000000 0.00000000 0.00000000 0.97836379 -0.20689199
477.571000000 7.827943 -2.405641 0.000000 0.00000000 0.00000000 0.97697828 -0.21333881
477.696000000 7.814878 -2.407225 0.000000 0.00000000 0.00000000 0.97541337 -0.22038319
477.821000000 7.807466 -2.411278 0.000000 0.00000000 0.00000000 0.97323596 -0.22980812
477.946000000 7.799295 -2.413793 0.000000 0.00000000 0.00000000 0.97045739 -0.24127257
478.071000000 7.781866 -2.426273 0.000000 0.00000000 0.00000000 0.96699437 -0.25479773
478.196000000 7.780548 -2.422964 0.000000 0.00000000 0.00000000 0.96426173 -0.26495155
478.321000000 7.761479 -2.436439 0.000000 0.00000000 0.00000000 0.96045714 -0.27842788
478.446000000 7.753164 -2.441189 0.000000 0.00000000 0.00000000 0.95709072 -0.28978845
478.571000000 7.741507 -2.445648 0.000000 0.00000000 0.00000000 0.95315184 -0.30249225
478.696000000 7.729867 -2.454315 0.000000 0.00000000 0.00000000 0.94940298 -0.31406049
478.821000000 7.726300 -2.458087 0.000000 0.00000000 0.00000000 0.94590999 -0.32442918
478.946000000 7.712546 -2.469909 0.000000 0.00000000 0.00000000 0.94141387 -0.33725351
479.071000000 7.706297 -2.478132 0.000000 0.00000000 0.00000000 0.93721573 -0.34875016
479.196000000 7.695099 -2.487332 0.000000 0.00000000 0.00000000 0.93253733 -0.36107359
479.321000000 7.685895 -2.487168 0.000000 0.00000000 0.00000000 0.92815276 -0.37219948
479.446000000 7.677297 -2.497666 0.000000 0.00000000 0.00000000 0.92362280 -0.38330266
479.571000000 7.664633 -2.512111 0.000000 0.00000000 0.00000000 0.91984079 -0.39229188
479.696000000 7.658256 -2.519999 0.000000 0.00000000 0.00000000 0.91828513 -0.39591971
479.821000000 7.649069 -2.529050 0.000000 0.00000000 0.00000000 0.91792140 -0.39676228
479.946000000 7.641586 -2.540164 0.000000 0.00000000 0.00000000 0.91796982 -0.39665023
480.071000000 7.628154 -2.547407 0.000000 0.00000000 0.00000000 0.91767299 -0.39733649
480.196000000 7.617779 -2.563945 0.000000 0.00000000 0.00000000 0.91837037 -0.39572195
480.321000000 7.610414 -2.573304 0.000000 0.00000000 0.00000000 0.92039884 -0.39098080
480.446000000 7.611655 -2.567312 0.000000 0.00000000 0.00000000 0.92500244 -0.37996115
480.571000000 7.595639 -2.588873 0.000000 0.00000000 0.00000000 0.92913213 -0.36974786
480.696000000 7.590625 -2.584480 0.000000 0.00000000 0.00000000 0.93411251 -0.35697874
480.821000000 7.575876 -2.595284 0.000000 0.00000000 0.00000000 0.93811910 -0.34631279
480.946000000 7.572631 -2.602760 0.000000 0.00000000 0.00000000 0.94265689 -0.33376338
481.071000000 7.572371 -2.593573 0.000000 0.00000000 0.00000000 0.94727636 -0.32041768
481.196000000 7.548452 -2.614607 0.000000 0.00000000 0.00000000 0.95139627 -0.30796937
481.321000000 7.536319 -2.629504 0.000000 0.00000000 0.00000000 0.95698069 -0.29015162
481.446000000 7.530750 -2.635677 0.000000 0.00000000 0.00000000 0.96415171 -0.26535162
481.571000000 7.522713 -2.638924 0.000000 0.00000000 0.00000000 0.97116049 -0.23842673
481.696000000 7.510949 -2.645573 0.000000 0.00000000 0.00000000 0.97836454 -0.20688845
481.821000000 7.499381 -2.650395 0.000000 0.00000000 0.00000000 0.98416234 -0.17726954
481.946000000 7.479027 -2.660429 0.000000 0.00000000 0.00000000 0.98903495 -0.14768164
482.071000000 7.475659 -2.659750 0.000000 0.00000000 0.00000000 0.99343333 -0.11441252
482.196000000 7.460561 -2.659668 0.000000 0.00000000 0.00000000 0.99637211 -0.08510355
482.321000000 7.455073 -2.656068 0.000000 0.00000000 0.00000000 0.99856741 -0.05350826
482.446000000 7.439947 -2.663909 0.000000 0.00000000 0.00000000 0.99975076 -0.02232532
482.571000000 7.413226 -2.662391 0.000000 0.00000000 0.00000000 0.99997380 0.00723911
482.696000000 7.404272 -2.659186 0.000000 0.00000000 0.00000000 0.99925150 0.03868391
482.821000000 7.399051 -2.662624 0.000000 0.00000000 0.00000000 0.99749927 0.07067684
482.946000000 7.379296 -2.655200 0.000000 0.00000000 0.00000000 0.99505062 0.09936930
483.071000000 7.382306 -2.658893 0.000000 0.00000000 0.00000000 0.99116122 0.13266290
483.196000000 7.366015 -2.644133 0.000000 0.00000000 0.00000000 0.98647804 0.16389348
483.321000000 7.336791 -2.656337 0.000000 0.00000000 0.00000000 0.98148310 0.19154877
483.446000000 7.336890 -2.644874 0.000000 0.00000000 0.00000000 0.97447174 0.22451018
483.571000000 7.332267 -2.635507 0.000000 0.00000000 0.00000000 0.96675315 0.25571144
483.696000000 7.296918 -2.628180 0.000000 0.00000000 0.00000000 0.95992655 0.28025171
483.821000000 7.293656 -2.626596 0.000000 0.00000000 0.00000000 0.95241355 0.30480885
483.946000000 7.285946 -2.616302 0.000000 0.00000000 0.00000000 0.94506628 0.32687875
484.071000000 7.288091 -2.603669 0.000000 0.00000000 0.00000000 0.93524013 0.35401399
484.196000000 7.266935 -2.600040 0.000000 0.00000000 0.00000000 0.92842795 0.37151251
484.321000000 7.255736 -2.578026 0.000000 0.00000000 0.00000000 0.92231837 0.38643087
484.446000000 7.239518 -2.590936 0.000000 0.00000000 0.00000000 0.91770409 0.39726464
484.571000000 7.234884 -2.570251 0.000000 0.00000000 0.00000000 0.91392063 0.40589294
484.696000000 7.243819 -2.558776 0.000000 0.00000000 0.00000000 0.91217647 0.40979763
484.821000000 7.239165 -2.551617 0.000000 0.00000000 0.00000000 0.91239463 0.40931166
484.946000000 7.230830 -2.542271 0.000000 0.00000000 0.00000000 0.91510398 0.40321794
485.071000000 7.226777 -2.523675 0.000000 0.00000000 0.00000000 0.91769245 0.39729155
485.196000000 7.205558 -2.529489 0.000000 0.00000000 0.00000000 0.92073075 0.39019852
485.321000000 7.192257 -2.520557 0.000000 0.00000000 0.00000000 0.92334999 0.38395938
485.446000000 7.183690 -2.512289 0.000000 0.00000000 0.00000000 0.92712565 0.37475062
485.571000000 7.183345 -2.500903 0.000000 0.00000000 0.00000000 0.93313255 0.35953255
485.696000000 7.169674 -2.496306 0.000000 0.00000000 0.00000000 0.93948684 0.34258499
485.821000000 7.151264 -2.491463 0.000000 0.00000000 0.00000000 0.94640911 0.32297027
485.946000000 7.155335 -2.477987 0.000000 0.00000000 0.00000000 0.95139139 0.30798445
486.071000000 7.144155 -2.475536 0.000000 0.00000000 0.00000000 0.95706578 0.28987081
486.196000000 7.122678 -2.472273 0.000000 0.00000000 0.00000000 0.96311909 0.26907549
486.321000000 7.098962 -2.467751 0.000000 0.00000000 0.00000000 0.96836896 0.24952265
486.446000000 7.089283 -2.468704 0.000000 0.00000000 0.00000000 0.97264518 0.23229582
486.571000000 7.088537 -2.461290 0.000000 0.00000000 0.00000000 0.97626393 0.21658426
486.696000000 7.076986 -2.450165 0.000000 0.00000000 0.00000000 0.98046787 0.19667930
486.821000000 7.052556 -2.444461 0.000000 0.00000000 0.00000000 0.98287059 0.18429707
486.946000000 7.049824 -2.435505 0.000000 0.00000000 0.00000000 0.98437995 0.17605715
487.071000000 7.018502 -2.435740 0.000000 0.00000000 0.00000000 0.98556164 0.16931701
487.196000000 7.033296 -2.435861 0.000000 0.00000000 0.00000000 0.98615206 0.16584362
487.321000000 7.008454 -2.433063 0.000000 0.00000000 0.00000000 0.98726103 0.15910893
487.446000000 7.001339 -2.424669 0.000000 0.00000000 0.00000000 0.98798517 0.15454872
487.571000000 6.988918 -2.424128 0.000000 0.00000000 0.00000000 0.98917450 0.14674405
487.696000000 7.010480 -2.414878 0.000000 0.00000000 0.00000000 0.98941597 0.14510701
487.821000000 6.973922 -2.416958 0.000000 0.00000000 0.00000000 0.99036423 0.13848718
487.946000000 6.956774 -2.413667 0.000000 0.00000000 0.00000000 0.99030189 0.13893224
488.071000000 6.936837 -2.412192 0.000000 0.00000000 0.00000000 0.98944086 0.14493717
488.196000000 6.918070 -2.407659 0.000000 0.00000000 0.00000000 0.98846842 0.15142714
488.321000000 6.931260 -2.405413 0.000000 0.00000000 0.00000000 0.98745365 0.15790909
488.446000000 6.914707 -2.398752 0.000000 0.00000000 0.00000000 0.98650686 0.16371990
488.571000000 6.898540 -2.394302 0.000000 0.00000000 0.00000000 0.98550142 0.16966720
488.696000000 6.891642 -2.390505 0.000000 0.00000000 0.00000000 0.98445546 0.17563442
488.821000000 6.875051 -2.386921 0.000000 0.00000000 0.00000000 0.98367283 0.17996598
488.946000000 6.866789 -2.379143 0.000000 0.00000000 0.00000000 0.98209830 0.18836912
489.071000000 6.856670 -2.378362 0.000000 0.00000000 0.00000000 0.98113766 0.19331035
489.196000000 6.840473 -2.370073 0.000000 0.00000000 0.00000000 0.98006083 0.19869770
489.321000000 6.825949 -2.364999 0.000000 0.00000000 0.00000000 0.97875427 0.20503677
489.446000000 6.825572 -2.364737 0.000000 0.00000000 0.00000000 0.97713491 0.21262023
489.571000000 6.803908 -2.361325 0.000000 0.00000000 0.00000000 0.97615323 0.21708265
489.696000000 6.799866 -2.355149 0.000000 0.00000000 0.00000000 0.97561311 0.21949729
489.821000000 6.790849 -2.348761 0.000000 0.00000000 0.00000000 0.97562778 0.21943208
489.946000000 6.776214 -2.341762 0.000000 0.00000000 0.00000000 0.97571813 0.21903000
490.071000000 6.761133 -2.332921 0.000000 0.00000000 0.00000000 0.97578303 0.21874065
490.196000000 6.749827 -2.331513 0.000000 0.00000000 0.00000000 0.97559557 0.21957524
490.321000000 6.754476 -2.327833 0.000000 0.00000000 0.00000000 0.97516022 0.22150068
490.446000000 6.758473 -2.322503 0.000000 0.00000000 0.00000000 0.97626699 0.21657047
490.571000000 6.702814 -2.314286 0.000000 0.00000000 0.00000000 0.97606938 0.21745932
490.696000000 6.705835 -2.310333 0.000000 0.00000000 0.00000000 0.97561767 0.21947700
490.821000000 6.708295 -2.303374 0.000000 0.00000000 0.00000000 0.97511173 0.22171402
490.946000000 6.705959 -2.298386 0.000000 0.00000000 0.00000000 0.97511295 0.22170867
491.071000000 6.679989 -2.290358 0.000000 0.00000000 0.00000000 0.97535685 0.22063322
491.196000000 6.666751 -2.288866 0.000000 0.00000000 0.00000000 0.97547060 0.22012974
491.321000000 6.646186 -2.285561 0.000000 0.00000000 0.00000000 0.97564239 0.21936712
491.446000000 6.635520 -2.274033 0.000000 0.00000000 0.00000000 0.97582504 0.21855318
491.571000000 6.629765 -2.270627 0.000000 0.00000000 0.00000000 0.97557651 0.21965989
491.696000000 6.618742 -2.265194 0.000000 0.00000000 0.00000000 0.97576054 0.21884096
491.821000000 6.604217 -2.263664 0.000000 0.00000000 0.00000000 0.97578226 0.21874409
491.946000000 6.595785 -2.256728 0.000000 0.00000000 0.00000000 0.97547310 0.22011869
492.071000000 6.590439 -2.245889 0.000000 0.00000000 0.00000000 0.97547581 0.22010667
492.196000000 6.571739 -2.246571 0.000000 0.00000000 0.00000000 0.97543424 0.22029081
492.321000000 6.553992 -2.244815 0.000000 0.00000000 0.00000000 0.97594057 0.21803672
492.446000000 6.543294 -2.245503 0.000000 0.00000000 0.00000000 0.97584125 0.21848077
492.571000000 6.534757 -2.236831 0.000000 0.00000000 0.00000000 0.97579572 0.21868406
492.696000000 6.526003 -2.232019 0.000000 0.00000000 0.00000000 0.97547098 0.22012809
492.821000000 6.509588 -2.226598 0.000000 0.00000000 0.00000000 0.97587458 0.21833187
492.946000000 6.493617 -2.218425 0.000000 0.00000000 0.00000000 0.97562270 0.21945465
493.071000000 6.484877 -2.217284 0.000000 0.00000000 0.00000000 0.97559331 0.21958529
493.196000000 6.472986 -2.210412 0.000000 0.00000000 0.00000000 0.97589455 0.21824258
493.321000000 6.479545 -2.192445 0.000000 0.00000000 0.00000000 0.97550399 0.21998175
493.446000000 6.460095 -2.188243 0.000000 0.00000000 0.00000000 0.97564296 0.21936455
493.571000000 6.450761 -2.180977 0.000000 0.00000000 0.00000000 0.97531949 0.22079832
493.696000000 6.425037 -2.184242 0.000000 0.00000000 0.00000000 0.97581569 0.21859494
493.821000000 6.440449 -2.170474 0.000000 0.00000000 0.00000000 0.97539127 0.22048101
493.946000000 6.419638 -2.168589 0.000000 0.00000000 0.00000000 0.97542725 0.22032176
494.071000000 6.395553 -2.163776 0.000000 0.00000000 0.00000000 0.97567358 0.21922833
494.196000000 6.406293 -2.164595 0.000000 0.00000000 0.00000000 0.97556642 0.21970470
494.321000000 6.398812 -2.144312 0.000000 0.00000000 0.00000000 0.97530512 0.22086179
494.446000000 6.366761 -2.147745 0.000000 0.00000000 0.00000000 0.97586267 0.21838508
494.571000000 6.357937 -2.142631 0.000000 0.00000000 0.00000000 0.97550336 0.21998454
494.696000000 6.350540 -2.141244 0.000000 0.00000000 0.00000000 0.97599477 0.21779397
494.821000000 6.339096 -2.130444 0.000000 0.00000000 0.00000000 0.97543705 0.22027839
494.946000000 6.325841 -2.129348 0.000000 0.00000000 0.00000000 0.97578668 0.21872437
495.071000000 6.306534 -2.126957 0.000000 0.00000000 0.00000000 0.97568178 0.21919183
495.196000000 6.299749 -2.109924 0.000000 0.00000000 0.00000000 0.97587846 0.21831451
495.321000000 6.294569 -2.109584 0.000000 0.00000000 0.00000000 0.97591338 0.21815838
495.446000000 6.274521 -2.110174 0.000000 0.00000000 0.00000000 0.97572269 0.21900964
495.571000000 6.263217 -2.101281 0.000000 0.00000000 0.00000000 0.97590411 0.21819982
495.696000000 6.258546 -2.088085 0.000000 0.00000000 0.00000000 0.97585814 0.21840535
495.821000000 6.252525 -2.085369 0.000000 0.00000000 0.00000000 0.97609266 0.21735483
495.946000000 6.235480 -2.080243 0.000000 0.00000000 0.00000000 0.97595168 0.21798697
496.071000000 6.230174 -2.083114 0.000000 0.00000000 0.00000000 0.97537217 0.22056547
496.196000000 6.218337 -2.070348 0.000000 0.00000000 0.00000000 0.97562634 0.21943850
496.321000000 6.199958 -2.060011 0.000000 0.00000000 0.00000000 0.97615783 0.21706194
496.446000000 6.202117 -2.067795 0.000000 0.00000000 0.00000000 0.97547931 0.22009114
496.571000000 6.169909 -2.060051 0.000000 0.00000000 0.00000000 0.97664464 0.21486099
496.696000000 6.158198 -2.058652 0.000000 0.00000000 0.00000000 0.97628154 0.21650485
496.821000000 6.150409 -2.039829 0.000000 0.00000000 0.00000000 0.97614046 0.21714005
496.946000000 6.148344 -2.039261 0.000000 0.00000000 0.00000000 0.97583945 0.21848883
497.071000000 6.140707 -2.035765 0.000000 0.00000000 0.00000000 0.97632489 0.21630930
497.196000000 6.132163 -2.036239 0.000000 0.00000000 0.00000000 0.97624133 0.21668611
497.321000000 6.108924 -2.035093 0.000000 0.00000000 0.00000000 0.97679565 0.21417343
497.446000000 6.100058 -2.016806 0.000000 0.00000000 0.00000000 0.97675293 0.21436818
497.571000000 6.094574 -2.018380 0.000000 0.00000000 0.00000000 0.97637021 0.21610462
497.696000000 6.074141 -2.009995 0.000000 0.00000000 0.00000000 0.97653662 0.21535143
497.821000000 6.053523 -2.005747 0.000000 0.00000000 0.00000000 0.97718458 0.21239187
497.946000000 6.050621 -1.996372 0.000000 0.00000000 0.00000000 0.97729140 0.21189978
498.071000000 6.041200 -1.997921 0.000000 0.00000000 0.00000000 0.97700460 0.21321822
498.196000000 6.022633 -1.980242 0.000000 0.00000000 0.00000000 0.97703803 0.21306498
498.321000000 6.023362 -1.976301 0.000000 0.00000000 0.00000000 0.97537000 0.22057506
498.446000000 6.012807 -1.975480 0.000000 0.00000000 0.00000000 0.97506214 0.22193202
498.571000000 5.994005 -1.971961 0.000000 0.00000000 0.00000000 0.97492656 0.22252686
498.696000000 5.979481 -1.964865 0.000000 0.00000000 0.00000000 0.97557188 0.21968045
498.821000000 5.973135 -1.951823 0.000000 0.00000000 0.00000000 0.97599823 0.21777847
498.946000000 5.964570 -1.947987 0.000000 0.00000000 0.00000000 0.97561687 0.21948058
499.071000000 5.953589 -1.961487 0.000000 0.00000000 0.00000000 0.97500707 0.22217385
499.196000000 5.965885 -1.943322 0.000000 0.00000000 0.00000000 0.97400878 0.22651025
499.321000000 5.921444 -1.933643 0.000000 0.00000000 0.00000000 0.97586387 0.21837975
499.446000000 5.908710 -1.921315 0.000000 0.00000000 0.00000000 0.97642834 0.21584184
499.571000000 5.895107 -1.926938 0.000000 0.00000000 0.00000000 0.97598422 0.21784122
499.696000000 5.875286 -1.935433 0.000000 0.00000000 0.00000000 0.97594230 0.21802895
499.821000000 5.873862 -1.912828 0.000000 0.00000000 0.00000000 0.97622693 0.21675097
499.946000000 5.867750 -1.916786 0.000000 0.00000000 0.00000000 0.97568420 0.21918108
500.071000000 5.856725 -1.916592 0.000000 0.00000000 0.00000000 0.97521739 0.22124881
500.196000000 5.848781 -1.903195 0.000000 0.00000000 0.00000000 0.97525967 0.22106237
500.321000000 5.852072 -1.897696 0.000000 0.00000000 0.00000000 0.97487322 0.22276043
500.446000000 5.832980 -1.874456 0.000000 0.00000000 0.00000000 0.97625224 0.21663694
500.571000000 5.825642 -1.883838 0.000000 0.00000000 0.00000000 0.97507404 0.22187974
500.696000000 5.815200 -1.875871 0.000000 0.00000000 0.00000000 0.97513900 0.22159408
500.821000000 5.793932 -1.873536 0.000000 0.00000000 0.00000000 0.97534190 0.22069929
500.946000000 5.788018 -1.850357 0.000000 0.00000000 0.00000000 0.97606170 0.21749382
501.071000000 5.769401 -1.858172 0.000000 0.00000000 0.00000000 0.97573684 0.21894663
501.196000000 5.758823 -1.833027 0.000000 0.00000000 0.00000000 0.97680909 0.21411211
501.321000000 5.741915 -1.849106 0.000000 0.00000000 0.00000000 0.97597870 0.21786597
501.446000000 5.747058 -1.835446 0.000000 0.00000000 0.00000000 0.97561724 0.21947894
501.571000000 5.731337 -1.843478 0.000000 0.00000000 0.00000000 0.97493190 0.22250346
501.696000000 5.721438 -1.832225 0.000000 0.00000000 0.00000000 0.97524161 0.22114206
501.821000000 5.709389 -1.822755 0.000000 0.00000000 0.00000000 0.97532621 0.22076861
501.946000000 5.703222 -1.806210 0.000000 0.00000000 0.00000000 0.97567983 0.21920052
502.071000000 5.684611 -1.816860 0.000000 0.00000000 0.00000000 0.97525409 0.22108701
502.196000000 5.671290 -1.817196 0.000000 0.00000000 0.00000000 0.97522290 0.22122455
502.321000000 5.655147 -1.809088 0.000000 0.00000000 0.00000000 0.97576426 0.21882437
502.446000000 5.644381 -1.799318 0.000000 0.00000000 0.00000000 0.97552171 0.21990313
502.571000000 5.628967 -1.775114 0.000000 0.00000000 0.00000000 0.97581510 0.21859756
502.696000000 5.623787 -1.788690 0.000000 0.00000000 0.00000000 0.97535531 0.22064001
502.821000000 5.612252 -1.785559 0.000000 0.00000000 0.00000000 0.97593344 0.21806861
502.946000000 5.599919 -1.776703 0.000000 0.00000000 0.00000000 0.97576700 0.21881216
503.071000000 5.590345 -1.768206 0.000000 0.00000000 0.00000000 0.97517788 0.22142291
503.196000000 5.583167 -1.765404 0.000000 0.00000000 0.00000000 0.97486317 0.22280441
503.321000000 5.570499 -1.766578 0.000000 0.00000000 0.00000000 0.97536147 0.22061280
503.446000000 5.544352 -1.759362 0.000000 0.00000000 0.00000000 0.97598421 0.21784130
503.571000000 5.537685 -1.756448 0.000000 0.00000000 0.00000000 0.97578244 0.21874330
503.696000000 5.528661 -1.748001 0.000000 0.00000000 0.00000000 0.97569981 0.21911157
503.821000000 5.517688 -1.748452 0.000000 0.00000000 0.00000000 0.97619055 0.21691474
503.946000000 5.500528 -1.744365 0.000000 0.00000000 0.00000000 0.97626228 0.21659168
504.071000000 5.483736 -1.732961 0.000000 0.00000000 0.00000000 0.97634813 0.21620439
504.196000000 5.479739 -1.724021 0.000000 0.00000000 0.00000000 0.97574855 0.21889444
504.321000000 5.489218 -1.725763 0.000000 0.00000000 0.00000000 0.97434831 0.22504525
504.446000000 5.471821 -1.721026 0.000000 0.00000000 0.00000000 0.97469314 0.22354705
504.571000000 5.464005 -1.712508 0.000000 0.00000000 0.00000000 0.97518559 0.22138892
504.696000000 5.445678 -1.705125 0.000000 0.00000000 0.00000000 0.97525196 0.22109640
504.821000000 5.427345 -1.703438 0.000000 0.00000000 0.00000000 0.97524028 0.22114791
504.946000000 5.419923 -1.700380 0.000000 0.00000000 0.00000000 0.97504684 0.22199924
505.071000000 5.404593 -1.695640 0.000000 0.00000000 0.00000000 0.97535035 0.22066196
505.196000000 5.401801 -1.687197 0.000000 0.00000000 0.00000000 0.97522647 0.22120881
505.321000000 5.395780 -1.680819 0.000000 0.00000000 0.00000000 0.97486653 0.22278972
505.446000000 5.374609 -1.681456 0.000000 0.00000000 0.00000000 0.97532334 0.22078129
505.571000000 5.372300 -1.667504 0.000000 0.00000000 0.00000000 0.97491813 0.22256378
505.696000000 5.341447 -1.665684 0.000000 0.00000000 0.00000000 0.97516870 0.22146333
505.821000000 5.355954 -1.662844 0.000000 0.00000000 0.00000000 0.97511482 0.22170046
505.946000000 5.341103 -1.658879 0.000000 0.00000000 0.00000000 0.97518528 0.22139032
506.071000000 5.315389 -1.658731 0.000000 0.00000000 0.00000000 0.97541479 0.22037694
506.196000000 5.303911 -1.648729 0.000000 0.00000000 0.00000000 0.97542190 0.22034545
506.321000000 5.300550 -1.642945 0.000000 0.00000000 0.00000000 0.97535619 0.22063613
506.446000000 5.288124 -1.636813 0.000000 0.00000000 0.00000000 0.97588132 0.21830173
506.571000000 5.272756 -1.625742 0.000000 0.00000000 0.00000000 0.97547817 0.22009619
506.696000000 5.247860 -1.618254 0.000000 0.00000000 0.00000000 0.97573688 0.21894642
506.821000000 5.250371 -1.621058 0.000000 0.00000000 0.00000000 0.97544457 0.22024506
506.946000000 5.233044 -1.618104 0.000000 0.00000000 0.00000000 0.97539764 0.22045284
507.071000000 5.232121 -1.611539 0.000000 0.00000000 0.00000000 0.97511684 0.22169158
507.196000000 5.239873 -1.605010 0.000000 0.00000000 0.00000000 0.97471730 0.22344170
507.321000000 5.202375 -1.600379 0.000000 0.00000000 0.00000000 0.97519813 0.22133369
507.446000000 5.187997 -1.599064 0.000000 0.00000000 0.00000000 0.97582946 0.21853343
507.571000000 5.175227 -1.592170 0.000000 0.00000000 0.00000000 0.97570693 0.21907986
507.696000000 5.171425 -1.591038 0.000000 0.00000000 0.00000000 0.97598349 0.21784449
507.821000000 5.155204 -1.580502 0.000000 0.00000000 0.00000000 0.97648580 0.21558172
507.946000000 5.157688 -1.570851 0.000000 0.00000000 0.00000000 0.97851898 0.20615676
508.071000000 5.146067 -1.568154 0.000000 0.00000000 0.00000000 0.98006973 0.19865377
508.196000000 5.137926 -1.561926 0.000000 0.00000000 0.00000000 0.98293432 0.18395687
508.321000000 5.116319 -1.576084 0.000000 0.00000000 0.00000000 0.98618939 0.16562153
508.446000000 5.096069 -1.564203 0.000000 0.00000000 0.00000000 0.98927220 0.14608395
508.571000000 5.087884 -1.559434 0.000000 0.00000000 0.00000000 0.99186976 0.12725712
508.696000000 5.074074 -1.557492 0.000000 0.00000000 0.00000000 0.99492421 0.10062713
508.821000000 5.065694 -1.551650 0.000000 0.00000000 0.00000000 0.99709796 0.07612918
508.946000000 5.048141 -1.557532 0.000000 0.00000000 0.00000000 0.99874057 0.05017235
509.071000000 5.032699 -1.542142 0.000000 0.00000000 0.00000000 0.99967166 0.02562362
509.196000000 5.032496 -1.569816 0.000000 0.00000000 0.00000000 0.99999334 0.00365027
509.321000000 5.017950 -1.567217 0.000000 0.00000000 0.00000000 0.99977728 -0.02110409
509.446000000 5.009588 -1.566535 0.000000 0.00000000 0.00000000 0.99880562 -0.04886029
509.571000000 4.992684 -1.563019 0.000000 0.00000000 0.00000000 0.99682679 -0.07960121
509.696000000 4.974235 -1.579695 0.000000 0.00000000 0.00000000 0.99331710 -0.11541720
509.821000000 4.973519 -1.590939 0.000000 0.00000000 0.00000000 0.98941700 -0.14509998
509.946000000 4.947968 -1.597439 0.000000 0.00000000 0.00000000 0.98268338 -0.18529269
510.071000000 4.943500 -1.594746 0.000000 0.00000000 0.00000000 0.97500508 -0.22218257
510.196000000 4.928141 -1.568451 0.000000 0.00000000 0.00000000 0.96489695 -0.26262878
510.321000000 4.928181 -1.593124 0.000000 0.00000000 0.00000000 0.95517171 -0.29605238
510.446000000 4.909443 -1.586469 0.000000 0.00000000 0.00000000 0.94199614 -0.33562371
510.571000000 4.903674 -1.611495 0.000000 0.00000000 0.00000000 0.93033426 -0.36671264
510.696000000 4.895716 -1.605029 0.000000 0.00000000 0.00000000 0.91355611 -0.40671272
510.821000000 4.891099 -1.613399 0.000000 0.00000000 0.00000000 0.89833195 -0.43931733
510.946000000 4.877425 -1.618212 0.000000 0.00000000 0.00000000 0.88113334 -0.47286789
511.071000000 4.877797 -1.638532 0.000000 0.00000000 0.00000000 -0.86259224 0.50589981
511.196000000 4.867733 -1.643773 0.000000 0.00000000 0.00000000 -0.84772652 0.53043354
511.321000000 4.869314 -1.652778 0.000000 0.00000000 0.00000000 -0.83219901 0.55447706
511.446000000 4.877295 -1.661944 0.000000 0.00000000 0.00000000 -0.81566075 0.57853049
511.571000000 4.858821 -1.675736 0.000000 0.00000000 0.00000000 -0.79731194 0.60356746
511.696000000 4.863221 -1.687528 0.000000 0.00000000 0.00000000 -0.77856463 0.62756444
511.821000000 4.852762 -1.706415 0.000000 0.00000000 0.00000000 -0.75531557 0.65536127
511.946000000 4.861678 -1.710535 0.000000 0.00000000 0.00000000 -0.73980593 0.67282032
512.071000000 4.861640 -1.724659 0.000000 0.00000000 0.00000000 -0.72427450 0.68951174
512.196000000 4.852631 -1.735445 0.000000 0.00000000 0.00000000 -0.71064216 0.70355363
512.321000000 4.859714 -1.745363 0.000000 0.00000000 0.00000000 -0.69696539 0.71710477
512.446000000 4.849716 -1.758142 0.000000 0.00000000 0.00000000 -0.69105321 0.72280389
512.571000000 4.861075 -1.767289 0.000000 0.00000000 0.00000000 -0.68716156 0.72650464
512.696000000 4.858872 -1.784520 0.000000 0.00000000 0.00000000 -0.68595274 0.72764610
512.821000000 4.858686 -1.790456 0.000000 0.00000000 0.00000000 -0.68482489 0.72870767
512.946000000 4.854815 -1.808281 0.000000 0.00000000 0.00000000 -0.68479651 0.72873434
513.071000000 4.863307 -1.815289 0.000000 0.00000000 0.00000000 -0.68632085 0.72729890
513.196000000 4.855871 -1.832070 0.000000 0.00000000 0.00000000 -0.68477921 0.72875060
513.321000000 4.862041 -1.843449 0.000000 0.00000000 0.00000000 -0.68739121 0.72628736
513.446000000 4.868574 -1.851034 0.000000 0.00000000 0.00000000 -0.69017268 0.72364471
513.571000000 4.867820 -1.862361 0.000000 0.00000000 0.00000000 -0.69618272 0.71786462
513.696000000 4.865960 -1.873674 0.000000 0.00000000 0.00000000 -0.70538459 0.70882479
513.821000000 4.858167 -1.885851 0.000000 0.00000000 0.00000000 -0.71750972 0.69654849
513.946000000 4.861256 -1.896998 0.000000 0.00000000 0.00000000 -0.73132880 0.68202506
514.071000000 4.855658 -1.911212 0.000000 0.00000000 0.00000000 -0.74314596 0.66912935
514.196000000 4.857557 -1.923585 0.000000 0.00000000 0.00000000 -0.75566243 0.65496130
514.321000000 4.847601 -1.940529 0.000000 0.00000000 0.00000000 -0.76692634 0.64173514
514.446000000 4.840270 -1.948279 0.000000 0.00000000 0.00000000 -0.77787539 0.62841855
514.571000000 4.842672 -1.959815 0.000000 0.00000000 0.00000000 -0.78974951 0.61342947
514.696000000 4.830345 -1.975580 0.000000 0.00000000 0.00000000 -0.80068607 0.59908414
514.821000000 4.843722 -1.984928 0.000000 0.00000000 0.00000000 -0.81226047 0.58329489
514.946000000 4.827938 -1.995758 0.000000 0.00000000 0.00000000 -0.82264474 0.56855575
515.071000000 4.833513 -2.007422 0.000000 0.00000000 0.00000000 -0.83316800 0.55301997
515.196000000 4.826902 -2.022194 0.000000 0.00000000 0.00000000 -0.84411743 0.53615835
515.321000000 4.827459 -2.036048 0.000000 0.00000000 0.00000000 -0.85423860 0.51988116
515.446000000 4.821288 -2.045238 0.000000 0.00000000 0.00000000 -0.86313355 0.50497572
515.571000000 4.803275 -2.052631 0.000000 0.00000000 0.00000000 0.87285652 -0.48797694
515.696000000 4.793196 -2.064334 0.000000 0.00000000 0.00000000 0.88200488 -0.47124027
515.821000000 4.798025 -2.074998 0.000000 0.00000000 0.00000000 0.88973865 -0.45647030
515.946000000 4.788840 -2.085492 0.000000 0.00000000 0.00000000 0.89857750 -0.43881486
516.071000000 4.777042 -2.090329 0.000000 0.00000000 0.00000000 0.90702312 -0.42108083
516.196000000 4.771727 -2.106145 0.000000 0.00000000 0.00000000 0.91377038 -0.40623107
516.321000000 4.753713 -2.115448 0.000000 0.00000000 0.00000000 0.92211192 -0.38692325
516.446000000 4.745346 -2.122531 0.000000 0.00000000 0.00000000 0.92911845 -0.36978223
516.571000000 4.747991 -2.131039 0.000000 0.00000000 0.00000000 0.93494240 -0.35479954
516.696000000 4.733685 -2.138225 0.000000 0.00000000 0.00000000 0.94197804 -0.33567451
516.821000000 4.722908 -2.148552 0.000000 0.00000000 0.00000000 0.94814973 -0.31782399
516.946000000 4.703520 -2.148936 0.000000 0.00000000 0.00000000 0.95293201 -0.30318409
517.071000000 4.701891 -2.159521 0.000000 0.00000000 0.00000000 0.95895718 -0.28355094
517.196000000 4.681964 -2.167489 0.000000 0.00000000 0.00000000 0.96400489 -0.26588451
517.321000000 4.680691 -2.176680 0.000000 0.00000000 0.00000000 0.96909957 -0.24666986
517.446000000 4.659339 -2.178585 0.000000 0.00000000 0.00000000 0.97340279 -0.22910045
517.571000000 4.653773 -2.181515 0.000000 0.00000000 0.00000000 0.97730877 -0.21181966
517.696000000 4.645064 -2.192392 0.000000 0.00000000 0.00000000 0.98152777 -0.19131972
517.821000000 4.639787 -2.192776 0.000000 0.00000000 0.00000000 0.98470125 -0.17425108
517.946000000 4.619287 -2.198743 0.000000 0.00000000 0.00000000 0.98780562 -0.15569218
518.071000000 4.610699 -2.203518 0.000000 0.00000000 0.00000000 0.99075266 -0.13568036
518.196000000 4.605158 -2.204088 0.000000 0.00000000 0.00000000 0.99271664 -0.12047267
518.321000000 4.590324 -2.207079 0.000000 0.00000000 0.00000000 0.99393774 -0.10994441
518.446000000 4.582511 -2.204291 0.000000 0.00000000 0.00000000 0.99434085 -0.10623689
518.571000000 4.572194 -2.212869 0.000000 0.00000000 0.00000000 0.99383676 -0.11085352
518.696000000 4.565536 -2.219410 0.000000 0.00000000 0.00000000 0.99383089 -0.11090613
518.821000000 4.542750 -2.214802 0.000000 0.00000000 0.00000000 0.99319867 -0.11643195
518.946000000 4.528837 -2.219381 0.000000 0.00000000 0.00000000 0.99207516 -0.12564581
519.071000000 4.526979 -2.221914 0.000000 0.00000000 0.00000000 0.99036755 -0.13846339
519.196000000 4.516104 -2.224993 0.000000 0.00000000 0.00000000 0.98867354 -0.15008210
519.321000000 4.499346 -2.231080 0.000000 0.00000000 0.00000000 0.98659248 -0.16320317
519.446000000 4.477765 -2.233493 0.000000 0.00000000 0.00000000 0.98421815 -0.17695943
519.571000000 4.474222 -2.238751 0.000000 0.00000000 0.00000000 0.98251245 -0.18619692
519.696000000 4.465534 -2.244513 0.000000 0.00000000 0.00000000 0.98006129 -0.19869542
519.821000000 4.447140 -2.245564 0.000000 0.00000000 0.00000000 0.97704039 -0.21305416
519.946000000 4.423532 -2.254205 0.000000 0.00000000 0.00000000 0.97427170 -0.22537670
520.071000000 4.430151 -2.259367 0.000000 0.00000000 0.00000000 0.97174616 -0.23602840
520.196000000 4.418333 -2.265977 0.000000 0.00000000 0.00000000 0.96914779 -0.24648036
520.321000000 4.396326 -2.265294 0.000000 0.00000000 0.00000000 0.96532461 -0.26105249
520.446000000 4.389622 -2.272307 0.000000 0.00000000 0.00000000 0.96235071 -0.27181079
520.571000000 4.387606 -2.287308 0.000000 0.00000000 0.00000000 0.95957714 -0.28144574
520.696000000 4.368233 -2.288464 0.000000 0.00000000 0.00000000 0.95791277 -0.28705943
520.821000000 4.365103 -2.297590 0.000000 0.00000000 0.00000000 0.95618285 -0.29277016
520.946000000 4.350202 -2.307395 0.000000 0.00000000 0.00000000 0.95412483 -0.29940910
521.071000000 4.337559 -2.313476 0.000000 0.00000000 0.00000000 0.95222154 -0.30540814
521.196000000 4.323035 -2.317068 0.000000 0.00000000 0.00000000 0.95042588 -0.31095121
521.321000000 4.323605 -2.321430 0.000000 0.00000000 0.00000000 0.94796142 -0.31838523
521.446000000 4.301689 -2.332339 0.000000 0.00000000 0.00000000 0.94566051 -0.32515565
521.571000000 4.300501 -2.336698 0.000000 0.00000000 0.00000000 0.94368180 -0.33085445
521.696000000 4.284493 -2.348622 0.000000 0.00000000 0.00000000 0.94138519 -0.33733354
521.821000000 4.274593 -2.358038 0.000000 0.00000000 0.00000000 0.93998905 -0.34120461
521.946000000 4.269041 -2.366697 0.000000 0.00000000 0.00000000 0.93720589 -0.34877660
522.071000000 4.257978 -2.376157 0.000000 0.00000000 0.00000000 0.93521699 -0.35407510
522.196000000 4.246391 -2.387625 0.000000 0.00000000 0.00000000 0.93345843 -0.35868559
522.321000000 4.244216 -2.390550 0.000000 0.00000000 0.00000000 0.93031439 -0.36676306
522.446000000 4.234022 -2.404914 0.000000 0.00000000 0.00000000 0.92822957 -0.37200790
522.571000000 4.221622 -2.411961 0.000000 0.00000000 0.00000000 0.92587503 -0.37782990
522.696000000 4.205135 -2.422536 0.000000 0.00000000 0.00000000 0.92378235 -0.38291796
522.821000000 4.198708 -2.429269 0.000000 0.00000000 0.00000000 0.92126354 -0.38893892
522.946000000 4.191645 -2.440019 0.000000 0.00000000 0.00000000 0.91835254 -0.39576333
523.071000000 4.188727 -2.449698 0.000000 0.00000000 0.00000000 0.91801602 -0.39654331
523.196000000 4.173439 -2.460003 0.000000 0.00000000 0.00000000 0.92025210 -0.39132606
523.321000000 4.170485 -2.468352 0.000000 0.00000000 0.00000000 0.92328726 -0.38411019
523.446000000 4.166779 -2.479523 0.000000 0.00000000 0.00000000 0.92532160 -0.37918326
523.571000000 4.152725 -2.481768 0.000000 0.00000000 0.00000000 0.92798929 -0.37260687
523.696000000 4.141886 -2.492728 0.000000 0.00000000 0.00000000 0.93006315 -0.36739970
523.821000000 4.139851 -2.504317 0.000000 0.00000000 0.00000000 0.93182168 -0.36291647
523.946000000 4.138301 -2.512761 0.000000 0.00000000 0.00000000 0.93134812 -0.36413003
524.071000000 4.108676 -2.512358 0.000000 0.00000000 0.00000000 0.93142133 -0.36394273
524.196000000 4.122927 -2.526908 0.000000 0.00000000 0.00000000 0.93108203 -0.36480989
524.321000000 4.108977 -2.538546 0.000000 0.00000000 0.00000000 0.93143108 -0.36391776
524.446000000 4.097369 -2.547130 0.000000 0.00000000 0.00000000 0.93166143 -0.36332764
524.571000000 4.080849 -2.551502 0.000000 0.00000000 0.00000000 0.93103760 -0.36492326
524.696000000 4.076892 -2.559159 0.000000 0.00000000 0.00000000 0.93125006 -0.36438074
524.821000000 4.068520 -2.572686 0.000000 0.00000000 0.00000000 0.93135972 -0.36410036
524.946000000 4.064846 -2.579953 0.000000 0.00000000 0.00000000 0.93150219 -0.36373572
525.071000000 4.048623 -2.573208 0.000000 0.00000000 0.00000000 0.93188050 -0.36276540
525.196000000 4.042367 -2.582232 0.000000 0.00000000 0.00000000 0.93118917 -0.36453632
525.322000000 4.032053 -2.603911 0.000000 0.00000000 0.00000000 0.93147196 -0.36381313
525.446000000 4.040078 -2.607492 0.000000 0.00000000 0.00000000 0.93100261 -0.36501253
525.571000000 4.013054 -2.622987 0.000000 0.00000000 0.00000000 0.93152305 -0.36368228
525.696000000 4.009099 -2.623583 0.000000 0.00000000 0.00000000 0.93169275 -0.36324732
525.821000000 3.995986 -2.631021 0.000000 0.00000000 0.00000000 0.93148900 -0.36376950
525.946000000 3.992006 -2.647721 0.000000 0.00000000 0.00000000 0.93108964 -0.36479046
526.071000000 3.978908 -2.647565 0.000000 0.00000000 0.00000000 0.92878131 -0.37062823
526.197000000 3.970165 -2.663137 0.000000 0.00000000 0.00000000 0.92589393 -0.37778358
526.322000000 3.957701 -2.669228 0.000000 0.00000000 0.00000000 0.92339027 -0.38386249
526.447000000 3.958054 -2.668922 0.000000 0.00000000 0.00000000 0.92195262 -0.38730268
526.572000000 3.930368 -2.686984 0.000000 0.00000000 0.00000000 0.92179212 -0.38768453
526.697000000 3.941313 -2.681015 0.000000 0.00000000 0.00000000 0.92159852 -0.38814452
526.822000000 3.930465 -2.705890 0.000000 0.00000000 0.00000000 0.92181069 -0.38764037
526.947000000 3.918805 -2.713964 0.000000 0.00000000 0.00000000 0.92158204 -0.38818365
527.072000000 3.911218 -2.721305 0.000000 0.00000000 0.00000000 0.92175773 -0.38776628
527.197000000 3.892582 -2.727701 0.000000 0.00000000 0.00000000 0.92379792 -0.38288040
527.322000000 3.874219 -2.738693 0.000000 0.00000000 0.00000000 0.92573268 -0.37817854
527.447000000 3.883547 -2.751425 0.000000 0.00000000 0.00000000 0.92829499 -0.37184462
527.572000000 3.861405 -2.744779 0.000000 0.00000000 0.00000000 0.93055936 -0.36614107
527.697000000 3.859610 -2.767186 0.000000 0.00000000 0.00000000 0.93261389 -0.36087578
527.822000000 3.850594 -2.762855 0.000000 0.00000000 0.00000000 0.93513807 -0.35428349
527.947000000 3.843383 -2.784106 0.000000 0.00000000 0.00000000 0.93728830 -0.34855509
528.072000000 3.821114 -2.787144 0.000000 0.00000000 0.00000000 0.93913535 -0.34354736
528.197000000 3.822266 -2.787384 0.000000 0.00000000 0.00000000 0.94127850 -0.33763114
528.322000000 3.818172 -2.799180 0.000000 0.00000000 0.00000000 0.94225152 -0.33490607
528.447000000 3.796423 -2.804603 0.000000 0.00000000 0.00000000 0.94202470 -0.33554353
528.572000000 3.795338 -2.814398 0.000000 0.00000000 0.00000000 0.94255130 -0.33406143
528.697000000 3.776581 -2.813350 0.000000 0.00000000 0.00000000 0.94230170 -0.33476484
528.822000000 3.780080 -2.829105 0.000000 0.00000000 0.00000000 0.94217900 -0.33511003
528.947000000 3.768663 -2.843445 0.000000 0.00000000 0.00000000 0.94171127 -0.33642217
529.072000000 3.746651 -2.843323 0.000000 0.00000000 0.00000000 0.94188228 -0.33594310
529.197000000 3.747556 -2.852649 0.000000 0.00000000 0.00000000 0.94252021 -0.33414915
529.322000000 3.742057 -2.860505 0.000000 0.00000000 0.00000000 0.94315359 -0.33235719
529.447000000 3.732546 -2.870190 0.000000 0.00000000 0.00000000 0.94180741 -0.33615296
529.572000000 3.727958 -2.880606 0.000000 0.00000000 0.00000000 0.94186398 -0.33599441
529.697000000 3.704762 -2.879592 0.000000 0.00000000 0.00000000 0.94230911 -0.33474400
529.822000000 3.693343 -2.893301 0.000000 0.00000000 0.00000000 0.94253202 -0.33411584
529.947000000 3.688342 -2.893863 0.000000 0.00000000 0.00000000 0.94208231 -0.33538174
530.072000000 3.688479 -2.903677 0.000000 0.00000000 0.00000000 0.94295947 -0.33290755
530.197000000 3.662201 -2.914555 0.000000 0.00000000 0.00000000 0.94164629 -0.33660401
530.322000000 3.662228 -2.924262 0.000000 0.00000000 0.00000000 0.94180124 -0.33617023
530.447000000 3.660172 -2.919500 0.000000 0.00000000 0.00000000 0.94220476 -0.33503761
530.572000000 3.641467 -2.931670 0.000000 0.00000000 0.00000000 0.94198928 -0.33564296
530.697000000 3.637537 -2.941972 0.000000 0.00000000 0.00000000 0.94213103 -0.33524487
530.822000000 3.638544 -2.950552 0.000000 0.00000000 0.00000000 0.94204959 -0.33547366
530.947000000 3.635590 -2.959314 0.000000 0.00000000 0.00000000 0.94264061 -0.33380935
531.072000000 3.600122 -2.975243 0.000000 0.00000000 0.00000000 0.94218991 -0.33507935
531.197000000 3.594905 -2.977011 0.000000 0.00000000 0.00000000 0.94206551 -0.33542893
531.322000000 3.598770 -2.983097 0.000000 0.00000000 0.00000000 0.94211258 -0.33529672
531.447000000 3.584932 -2.995432 0.000000 0.00000000 0.00000000 0.94255017 -0.33406462
531.572000000 3.561473 -2.991102 0.000000 0.00000000 0.00000000 0.94246153 -0.33431461
531.697000000 3.563129 -3.004682 0.000000 0.00000000 0.00000000 0.94222939 -0.33496833
531.822000000 3.561350 -3.015667 0.000000 0.00000000 0.00000000 0.94322059 -0.33216700
531.947000000 3.541211 -3.019435 0.000000 0.00000000 0.00000000 0.94297047 -0.33287639
532.072000000 3.515932 -3.027237 0.000000 0.00000000 0.00000000 0.94259873 -0.33392760
532.197000000 3.509731 -3.031845 0.000000 0.00000000 0.00000000 0.94201859 -0.33556070
532.322000000 3.525107 -3.044731 0.000000 0.00000000 0.00000000 0.94468245 -0.32798637
532.447000000 3.483819 -3.051051 0.000000 0.00000000 0.00000000 0.94583899 -0.32463612
532.572000000 3.476463 -3.057860 0.000000 0.00000000 0.00000000 0.94834078 -0.31725347
532.697000000 3.453727 -3.069760 0.000000 0.00000000 0.00000000 0.94960307 -0.31345497
532.822000000 3.449572 -3.072750 0.000000 0.00000000 0.00000000 0.95178345 -0.30677070
532.947000000 3.451808 -3.084639 0.000000 0.00000000 0.00000000 0.95367064 -0.30085265
533.072000000 3.453663 -3.089731 0.000000 0.00000000 0.00000000 0.95589695 -0.29370228
533.197000000 3.438315 -3.101658 0.000000 0.00000000 0.00000000 0.95733425 -0.28898293
533.322000000 3.385256 -3.103624 0.000000 0.00000000 0.00000000 0.95838581 -0.28547618
533.447000000 3.412258 -3.115442 0.000000 0.00000000 0.00000000 0.96076622 -0.27735947
533.572000000 3.407786 -3.120926 0.000000 0.00000000 0.00000000 0.96245142 -0.27145399
533.697000000 3.374874 -3.126876 0.000000 0.00000000 0.00000000 0.96388001 -0.26633685
533.822000000 3.370528 -3.129462 0.000000 0.00000000 0.00000000 0.96598867 -0.25858439
533.947000000 3.358628 -3.136097 0.000000 0.00000000 0.00000000 0.96710937 -0.25436089
534.072000000 3.333834 -3.147480 0.000000 0.00000000 0.00000000 0.96884290 -0.24767605
534.197000000 3.330150 -3.157998 0.000000 0.00000000 0.00000000 0.97058419 -0.24076198
534.322000000 3.318708 -3.159182 0.000000 0.00000000 0.00000000 0.97243890 -0.23315786
534.447000000 3.298538 -3.169881 0.000000 0.00000000 0.00000000 0.97363645 -0.22810537
534.572000000 3.293518 -3.173000 0.000000 0.00000000 0.00000000 0.97489582 -0.22266148
534.697000000 3.285732 -3.177761 0.000000 0.00000000 0.00000000 0.97657143 -0.21519348
534.822000000 3.272692 -3.180844 0.000000 0.00000000 0.00000000 0.97798314 -0.20868392
534.947000000 3.264263 -3.190777 0.000000 0.00000000 0.00000000 0.97919929 -0.20290085
535.072000000 3.248413 -3.191494 0.000000 0.00000000 0.00000000 0.98035160 -0.19725805
535.197000000 3.247194 -3.201736 0.000000 0.00000000 0.00000000 0.98144101 -0.19176429
535.322000000 3.228873 -3.210934 0.000000 0.00000000 0.00000000 0.98253381 -0.18608415
535.447000000 3.227333 -3.211918 0.000000 0.00000000 0.00000000 0.98371336 -0.17974436
535.572000000 3.225828 -3.204418 0.000000 0.00000000 0.00000000 0.98490140 -0.17311625
535.697000000 3.215208 -3.208476 0.000000 0.00000000 0.00000000 0.98601471 -0.16665832
535.822000000 3.206986 -3.209265 0.000000 0.00000000 0.00000000 0.98686228 -0.16156375
535.947000000 3.200175 -3.213208 0.000000 0.00000000 0.00000000 0.98810282 -0.15379471
536.072000000 3.176166 -3.215470 0.000000 0.00000000 0.00000000 0.98885441 -0.14888572
536.197000000 3.174179 -3.227260 0.000000 0.00000000 0.00000000 0.98964900 -0.14350908
536.322000000 3.163903 -3.228274 0.000000 0.00000000 0.00000000 0.99081211 -0.13524555
536.447000000 3.145347 -3.232500 0.000000 0.00000000 0.00000000 0.99156071 -0.12964318
536.572000000 3.137775 -3.233370 0.000000 0.00000000 0.00000000 0.99241312 -0.12294796
536.697000000 3.111076 -3.233744 0.000000 0.00000000 0.00000000 0.99252261 -0.12206090
536.822000000 3.110326 -3.236593 0.000000 0.00000000 0.00000000 0.99280077 -0.11977745
536.947000000 3.106038 -3.242815 0.000000 0.00000000 0.00000000 0.99269326 -0.12066523
537.072000000 3.088562 -3.241646 0.000000 0.00000000 0.00000000 0.99253061 -0.12199586
537.197000000 3.078915 -3.245605 0.000000 0.00000000 0.00000000 0.99259419 -0.12147744
537.322000000 3.066497 -3.247545 0.000000 0.00000000 0.00000000 0.99265660 -0.12096644
537.448000000 3.051333 -3.257745 0.000000 0.00000000 0.00000000 0.99260990 -0.12134906
537.573000000 3.040773 -3.258142 0.000000 0.00000000 0.00000000 0.99247643 -0.12243588
537.698000000 3.023139 -3.261012 0.000000 0.00000000 0.00000000 0.99250714 -0.12218662
537.823000000 3.009295 -3.263242 0.000000 0.00000000 0.00000000 0.99261078 -0.12134179
537.948000000 2.993250 -3.265042 0.000000 0.00000000 0.00000000 0.99254255 -0.12189871
538.073000000 2.981272 -3.267712 0.000000 0.00000000 0.00000000 0.99248760 -0.12234530
538.198000000 2.982080 -3.275790 0.000000 0.00000000 0.00000000 0.99259767 -0.12144903
538.323000000 2.965973 -3.275918 0.000000 0.00000000 0.00000000 0.99254826 -0.12185220
538.448000000 2.952419 -3.276596 0.000000 0.00000000 0.00000000 0.99261885 -0.12127583
538.573000000 2.947600 -3.280530 0.000000 0.00000000 0.00000000 0.99262470 -0.12122787
538.698000000 2.898317 -3.291044 0.000000 0.00000000 0.00000000 0.99214840 -0.12506618
538.823000000 2.890274 -3.293112 0.000000 0.00000000 0.00000000 0.99230185 -0.12384284
538.948000000 2.876420 -3.291719 0.000000 0.00000000 0.00000000 0.99223681 -0.12436285
539.073000000 2.852950 -3.296308 0.000000 0.00000000 0.00000000 0.99200916 -0.12616586
539.199000000 2.846253 -3.307720 0.000000 0.00000000 0.00000000 0.99214745 -0.12507371
539.323000000 2.836898 -3.304000 0.000000 0.00000000 0.00000000 0.99210746 -0.12539055
539.448000000 2.833547 -3.308499 0.000000 0.00000000 0.00000000 0.99220199 -0.12464032
539.573000000 2.814897 -3.313738 0.000000 0.00000000 0.00000000 0.99201727 -0.12610206
539.698000000 2.793427 -3.319078 0.000000 0.00000000 0.00000000 0.99207149 -0.12567480
539.823000000 2.765041 -3.325370 0.000000 0.00000000 0.00000000 0.99177814 -0.12796925
539.948000000 2.759649 -3.331946 0.000000 0.00000000 0.00000000 0.99193672 -0.12673413
540.073000000 2.743822 -3.334556 0.000000 0.00000000 0.00000000 0.99177516 -0.12799231
540.198000000 2.731672 -3.342601 0.000000 0.00000000 0.00000000 0.99162964 -0.12911492
540.323000000 2.736507 -3.346142 0.000000 0.00000000 0.00000000 0.99225997 -0.12417787
540.448000000 2.762134 -3.343614 0.000000 0.00000000 0.00000000 0.99294654 -0.11856292
540.573000000 2.748903 -3.345578 0.000000 0.00000000 0.00000000 0.99285816 -0.11930078
540.698000000 2.739246 -3.352887 0.000000 0.00000000 0.00000000 0.99304507 -0.11773484
540.823000000 2.726088 -3.346021 0.000000 0.00000000 0.00000000 0.99279319 -0.11984026
540.948000000 2.711480 -3.350096 0.000000 0.00000000 0.00000000 0.99225005 -0.12425714
541.073000000 2.700588 -3.354818 0.000000 0.00000000 0.00000000 0.99123468 -0.13211285
541.198000000 2.689915 -3.358240 0.000000 0.00000000 0.00000000 0.99051189 -0.13742709
541.323000000 2.676279 -3.360584 0.000000 0.00000000 0.00000000 0.98970240 -0.14314037
541.448000000 2.659626 -3.365532 0.000000 0.00000000 0.00000000 0.98888610 -0.14867509
541.573000000 2.658391 -3.367223 0.000000 0.00000000 0.00000000 0.98803795 -0.15421095
541.698000000 2.637886 -3.370379 0.000000 0.00000000 0.00000000 0.98679623 -0.16196665
541.823000000 2.628280 -3.375720 0.000000 0.00000000 0.00000000 0.98577319 -0.16808099
541.948000000 2.620948 -3.375803 0.000000 0.00000000 0.00000000 0.98489544 -0.17315012
542.073000000 2.610662 -3.390138 0.000000 0.00000000 0.00000000 0.98347291 -0.18105532
542.198000000 2.590548 -3.389707 0.000000 0.00000000 0.00000000 0.98209988 -0.18836088
542.323000000 2.578394 -3.393817 0.000000 0.00000000 0.00000000 0.98040418 -0.19699654
542.448000000 2.565240 -3.396556 0.000000 0.00000000 0.00000000 0.97912285 -0.20326939
542.573000000 2.551585 -3.401411 0.000000 0.00000000 0.00000000 0.97835319 -0.20694213
542.698000000 2.539406 -3.410589 0.000000 0.00000000 0.00000000 0.97680756 -0.21411911
542.823000000 2.533903 -3.413870 0.000000 0.00000000 0.00000000 0.97558464 -0.21962379
542.948000000 2.516017 -3.422113 0.000000 0.00000000 0.00000000 0.97350821 -0.22865207
543.073000000 2.510188 -3.425730 0.000000 0.00000000 0.00000000 0.97293475 -0.23108000
543.198000000 2.537616 -3.430504 0.000000 0.00000000 0.00000000 0.97197714 -0.23507540
543.323000000 2.493716 -3.437268 0.000000 0.00000000 0.00000000 0.96947461 -0.24519174
543.448000000 2.512329 -3.448696 0.000000 0.00000000 0.00000000 0.96812123 -0.25048211
543.573000000 2.493089 -3.445974 0.000000 0.00000000 0.00000000 0.96810740 -0.25053554
543.698000000 2.452183 -3.459279 0.000000 0.00000000 0.00000000 0.96959801 -0.24470330
543.823000000 2.441025 -3.460136 0.000000 0.00000000 0.00000000 0.97186851 -0.23552410
543.948000000 2.450762 -3.462018 0.000000 0.00000000 0.00000000 0.97252935 -0.23278029
544.073000000 2.451691 -3.472101 0.000000 0.00000000 0.00000000 0.97360744 -0.22822915
544.198000000 2.465071 -3.485345 0.000000 0.00000000 0.00000000 0.97545696 -0.22019018
544.323000000 2.458494 -3.490309 0.000000 0.00000000 0.00000000 0.97621576 -0.21680127
544.448000000 2.436359 -3.494206 0.000000 0.00000000 0.00000000 0.97754574 -0.21072333
544.573000000 2.395591 -3.496522 0.000000 0.00000000 0.00000000 0.97826485 -0.20735930
544.698000000 2.381592 -3.507030 0.000000 0.00000000 0.00000000 0.97973148 -0.20031530
544.823000000 2.377598 -3.517920 0.000000 0.00000000 0.00000000 0.98091063 -0.19445907
544.948000000 2.371938 -3.521907 0.000000 0.00000000 0.00000000 0.98222698 -0.18769701
545.073000000 2.355655 -3.521001 0.000000 0.00000000 0.00000000 0.98369778 -0.17982955
545.198000000 2.377906 -3.528147 0.000000 0.00000000 0.00000000 0.98502138 -0.17243224
545.323000000 2.351023 -3.530919 0.000000 0.00000000 0.00000000 0.98525268 -0.17110570
545.448000000 2.302417 -3.530497 0.000000 0.00000000 0.00000000 0.98630577 -0.16492703
545.573000000 2.286790 -3.541035 0.000000 0.00000000 0.00000000 0.98809997 -0.15381300
545.698000000 2.276421 -3.549378 0.000000 0.00000000 0.00000000 0.98859210 -0.15061757
545.823000000 2.264181 -3.553670 0.000000 0.00000000 0.00000000 0.98954615 -0.14421658
545.948000000 2.253968 -3.547851 0.000000 0.00000000 0.00000000 0.99041770 -0.13810424
546.073000000 2.287646 -3.559360 0.000000 0.00000000 0.00000000 0.99053786 -0.13723972
546.198000000 2.232477 -3.552108 0.000000 0.00000000 0.00000000 0.99154114 -0.12979275
546.323000000 2.214796 -3.554986 0.000000 0.00000000 0.00000000 0.99226665 -0.12412448
546.448000000 2.195361 -3.561983 0.000000 0.00000000 0.00000000 0.99390470 -0.11024269
546.573000000 2.183368 -3.566691 0.000000 0.00000000 0.00000000 0.99439859 -0.10569506
546.698000000 2.226460 -3.565990 0.000000 0.00000000 0.00000000 0.99460387 -0.10374554
546.823000000 2.172397 -3.565702 0.000000 0.00000000 0.00000000 0.99516814 -0.09818545
546.948000000 2.152425 -3.576860 0.000000 0.00000000 0.00000000 0.99591471 -0.09029891
547.073000000 2.151917 -3.570365 0.000000 0.00000000 0.00000000 0.99505397 -0.09933580
547.198000000 2.128565 -3.580542 0.000000 0.00000000 0.00000000 0.99475106 -0.10232460
547.323000000 2.120292 -3.572440 0.000000 0.00000000 0.00000000 0.99390118 -0.11027444
547.448000000 2.102265 -3.584253 0.000000 0.00000000 0.00000000 0.99369249 -0.11213937
547.573000000 2.095342 -3.581031 0.000000 0.00000000 0.00000000 0.99250226 -0.12222629
547.698000000 2.087923 -3.585902 0.000000 0.00000000 0.00000000 0.99159143 -0.12940799
547.823000000 2.074762 -3.589374 0.000000 0.00000000 0.00000000 0.99105727 -0.13343719
547.948000000 2.061037 -3.594837 0.000000 0.00000000 0.00000000 0.98987599 -0.14193490
548.073000000 2.051377 -3.598746 0.000000 0.00000000 0.00000000 0.98874171 -0.14963232
548.198000000 2.034540 -3.599282 0.000000 0.00000000 0.00000000 0.98827015 -0.15271580
548.323000000 2.025643 -3.606879 0.000000 0.00000000 0.00000000 0.98708573 -0.16019290
548.448000000 2.005139 -3.605711 0.000000 0.00000000 0.00000000 0.98602814 -0.16657884
548.573000000 1.996917 -3.612171 0.000000 0.00000000 0.00000000 0.98532164 -0.17070811
548.698000000 1.984781 -3.612617 0.000000 0.00000000 0.00000000 0.98432279 -0.17637645
548.823000000 1.973288 -3.616527 0.000000 0.00000000 0.00000000 0.98279598 -0.18469453
548.948000000 1.961934 -3.626332 0.000000 0.00000000 0.00000000 0.98188511 -0.18947727
549.073000000 1.946265 -3.627445 0.000000 0.00000000 0.00000000 0.98031964 -0.19741681
549.198000000 1.933869 -3.635991 0.000000 0.00000000 0.00000000 0.97945747 -0.20165083
549.323000000 1.927581 -3.640795 0.000000 0.00000000 0.00000000 0.97778772 -0.20959767
549.448000000 1.914105 -3.643129 0.000000 0.00000000 0.00000000 0.97651657 -0.21544231
549.573000000 1.903174 -3.649470 0.000000 0.00000000 0.00000000 0.97503301 -0.22205996
549.698000000 1.889740 -3.655995 0.000000 0.00000000 0.00000000 0.97363069 -0.22812997
549.823000000 1.882380 -3.660591 0.000000 0.00000000 0.00000000 0.97238553 -0.23338032
549.948000000 1.868609 -3.665236 0.000000 0.00000000 0.00000000 0.97080135 -0.23988486
550.073000000 1.859966 -3.672144 0.000000 0.00000000 0.00000000 0.96928598 -0.24593636
550.198000000 1.846652 -3.679600 0.000000 0.00000000 0.00000000 0.96777726 -0.25180781
550.323000000 1.840903 -3.683957 0.000000 0.00000000 0.00000000 0.96782830 -0.25161158
550.448000000 1.825602 -3.688871 0.000000 0.00000000 0.00000000 0.96860700 -0.24859700
550.573000000 1.819269 -3.696627 0.000000 0.00000000 0.00000000 0.97023524 -0.24216436
550.698000000 1.804988 -3.699908 0.000000 0.00000000 0.00000000 0.97306601 -0.23052667
550.823000000 1.796058 -3.703993 0.000000 0.00000000 0.00000000 0.97593532 -0.21806020
550.948000000 1.787716 -3.711419 0.000000 0.00000000 0.00000000 0.97843943 -0.20653400
551.073000000 1.774752 -3.715910 0.000000 0.00000000 0.00000000 0.98086203 -0.19470408
551.198000000 1.762277 -3.721547 0.000000 0.00000000 0.00000000 0.98326346 -0.18218937
551.323000000 1.746452 -3.723952 0.000000 0.00000000 0.00000000 0.98537133 -0.17042109
551.448000000 1.736605 -3.727378 0.000000 0.00000000 0.00000000 0.98743148 -0.15804767
551.573000000 1.720814 -3.731970 0.000000 0.00000000 0.00000000 0.98922885 -0.14637717
551.698000000 1.713227 -3.732905 0.000000 0.00000000 0.00000000 0.99111075 -0.13303939
551.823000000 1.694565 -3.738145 0.000000 0.00000000 0.00000000 0.99264723 -0.12104328
551.948000000 1.686854 -3.739135 0.000000 0.00000000 0.00000000 0.99409618 -0.10850245
552.073000000 1.673279 -3.743643 0.000000 0.00000000 0.00000000 0.99539107 -0.09589897
552.198000000 1.658934 -3.743661 0.000000 0.00000000 0.00000000 0.99649248 -0.08368234
552.323000000 1.646913 -3.747170 0.000000 0.00000000 0.00000000 0.99709639 -0.07614982
552.448000000 1.635918 -3.746935 0.000000 0.00000000 0.00000000 0.99737313 -0.07243504
552.573000000 1.621218 -3.748995 0.000000 0.00000000 0.00000000 0.99738213 -0.07231106
552.698000000 1.609928 -3.752348 0.000000 0.00000000 0.00000000 0.99733658 -0.07293658
552.823000000 1.600310 -3.753671 0.000000 0.00000000 0.00000000 0.99737391 -0.07242436
552.948000000 1.584434 -3.754741 0.000000 0.00000000 0.00000000 0.99736855 -0.07249814
553.073000000 1.571523 -3.760156 0.000000 0.00000000 0.00000000 0.99732514 -0.07309281
553.198000000 1.558816 -3.760266 0.000000 0.00000000 0.00000000 0.99721408 -0.07459275
553.323000000 1.546029 -3.759542 0.000000 0.00000000 0.00000000 0.99681982 -0.07968844
553.448000000 1.534636 -3.764250 0.000000 0.00000000 0.00000000 0.99632198 -0.08568845
553.573000000 1.524843 -3.767362 0.000000 0.00000000 0.00000000 0.99574694 -0.09213053
553.698000000 1.507701 -3.769234 0.000000 0.00000000 0.00000000 0.99520863 -0.09777416
553.823000000 1.496367 -3.772763 0.000000 0.00000000 0.00000000 0.99521961 -0.09766232
553.948000000 1.484923 -3.773792 0.000000 0.00000000 0.00000000 0.99563809 -0.09329943
554.073000000 1.473393 -3.775817 0.000000 0.00000000 0.00000000 0.99645477 -0.08413017
554.198000000 1.456623 -3.777870 0.000000 0.00000000 0.00000000 0.99749532 -0.07073251
554.323000000 1.447244 -3.778735 0.000000 0.00000000 0.00000000 0.99829475 -0.05837458
554.448000000 1.434813 -3.779119 0.000000 0.00000000 0.00000000 0.99891622 -0.04654435
554.573000000 1.422689 -3.779512 0.000000 0.00000000 0.00000000 0.99921276 -0.03967179
554.698000000 1.413796 -3.781210 0.000000 0.00000000 0.00000000 0.99931896 -0.03690001
554.823000000 1.402531 -3.781722 0.000000 0.00000000 0.00000000 0.99931870 -0.03690724
554.948000000 1.382589 -3.782204 0.000000 0.00000000 0.00000000 0.99929313 -0.03759308
555.073000000 1.373220 -3.782461 0.000000 0.00000000 0.00000000 0.99933225 -0.03653847
555.198000000 1.359382 -3.784307 0.000000 0.00000000 0.00000000 0.99932218 -0.03681279
555.323000000 1.348649 -3.784362 0.000000 0.00000000 0.00000000 0.99927877 -0.03797293
555.448000000 1.335017 -3.787884 0.000000 0.00000000 0.00000000 0.99928610 -0.03777952
555.573000000 1.319831 -3.789937 0.000000 0.00000000 0.00000000 0.99916384 -0.04088554
555.698000000 1.305750 -3.791529 0.000000 0.00000000 0.00000000 0.99884392 -0.04807101
555.823000000 1.298446 -3.791219 0.000000 0.00000000 0.00000000 0.99830154 -0.05825840
555.948000000 1.282321 -3.793969 0.000000 0.00000000 0.00000000 0.99751187 -0.07049877
556.073000000 1.267486 -3.796128 0.000000 0.00000000 0.00000000 0.99651715 -0.08338803
556.198000000 1.265473 -3.796786 0.000000 0.00000000 0.00000000 0.99550316 -0.09472832
556.323000000 1.242991 -3.803662 0.000000 0.00000000 0.00000000 0.99412561 -0.10823248
556.448000000 1.231470 -3.805887 0.000000 0.00000000 0.00000000 0.99265767 -0.12095766
556.573000000 1.219908 -3.809325 0.000000 0.00000000 0.00000000 0.99104933 -0.13349619
556.698000000 1.208294 -3.814258 0.000000 0.00000000 0.00000000 0.98925630 -0.14619155
556.823000000 1.197759 -3.816747 0.000000 0.00000000 0.00000000 0.98815082 -0.15348604
556.948000000 1.182775 -3.820669 0.000000 0.00000000 0.00000000 0.98764906 -0.15668230
557.073000000 1.175270 -3.824669 0.000000 0.00000000 0.00000000 0.98777397 -0.15589285
557.198000000 1.161481 -3.829630 0.000000 0.00000000 0.00000000 0.98773891 -0.15611486
557.323000000 1.153738 -3.835080 0.000000 0.00000000 0.00000000 0.98768124 -0.15647930
557.448000000 1.143081 -3.835483 0.000000 0.00000000 0.00000000 0.98772967 -0.15617332
557.573000000 1.132479 -3.840519 0.000000 0.00000000 0.00000000 0.98767364 -0.15652724
557.698000000 1.119115 -3.846043 0.000000 0.00000000 0.00000000 0.98762131 -0.15685713
557.823000000 1.107005 -3.851170 0.000000 0.00000000 0.00000000 0.98754337 -0.15734701
557.948000000 1.095880 -3.852725 0.000000 0.00000000 0.00000000 0.98762346 -0.15684358
558.073000000 1.081726 -3.857993 0.000000 0.00000000 0.00000000 0.98767709 -0.15650550
558.198000000 1.075817 -3.859107 0.000000 0.00000000 0.00000000 0.98765674 -0.15663387
558.323000000 1.061107 -3.864674 0.000000 0.00000000 0.00000000 0.98786864 -0.15529181
558.448000000 1.047107 -3.862813 0.000000 0.00000000 0.00000000 0.98807146 -0.15399609
558.573000000 1.040253 -3.866204 0.000000 0.00000000 0.00000000 0.98805677 -0.15409030
558.698000000 1.024600 -3.868919 0.000000 0.00000000 0.00000000 0.98807780 -0.15395536
558.823000000 1.011579 -3.871666 0.000000 0.00000000 0.00000000 0.98814830 -0.15350224
558.948000000 0.999885 -3.881812 0.000000 0.00000000 0.00000000 0.98785323 -0.15538982
559.073000000 0.988051 -3.884296 0.000000 0.00000000 0.00000000 0.98794244 -0.15482163
559.198000000 0.977510 -3.887750 0.000000 0.00000000 0.00000000 0.98804037 -0.15419539
559.323000000 0.965404 -3.892306 0.000000 0.00000000 0.00000000 0.98799625 -0.15447789
559.448000000 0.952560 -3.896744 0.000000 0.00000000 0.00000000 0.98794963 -0.15477573
559.573000000 0.941981 -3.896552 0.000000 0.00000000 0.00000000 0.98817199 -0.15334968
559.698000000 0.928275 -3.903555 0.000000 0.00000000 0.00000000 0.98881172 -0.14916895
559.823000000 0.917647 -3.905943 0.000000 0.00000000 0.00000000 0.98975778 -0.14275690
559.948000000 0.904462 -3.910758 0.000000 0.00000000 0.00000000 0.99057539 -0.13696857
560.073000000 0.892261 -3.910830 0.000000 0.00000000 0.00000000 0.99143385 -0.13060980
560.198000000 0.880482 -3.916606 0.000000 0.00000000 0.00000000 0.99256195 -0.12174062
560.323000000 0.867212 -3.922701 0.000000 0.00000000 0.00000000 0.99409869 -0.10847948
560.448000000 0.856446 -3.925230 0.000000 0.00000000 0.00000000 0.99577061 -0.09187428
560.573000000 0.843392 -3.923242 0.000000 0.00000000 0.00000000 0.99734522 -0.07281833
560.698000000 0.832525 -3.928449 0.000000 0.00000000 0.00000000 0.99851297 -0.05451460
560.823000000 0.820051 -3.924691 0.000000 0.00000000 0.00000000 0.99938560 -0.03504876
560.948000000 0.804899 -3.928807 0.000000 0.00000000 0.00000000 0.99985242 -0.01717948
561.073000000 0.792027 -3.927587 0.000000 0.00000000 0.00000000 0.99999803 0.00198330
561.198000000 0.782030 -3.928534 0.000000 0.00000000 0.00000000 0.99978841 0.02057043
561.323000000 0.770374 -3.928153 0.000000 0.00000000 0.00000000 0.99927297 0.03812512
561.448000000 0.757954 -3.921969 0.000000 0.00000000 0.00000000 0.99831161 0.05808555
561.573000000 0.744829 -3.923519 0.000000 0.00000000 0.00000000 0.99714920 0.07545505
561.698000000 0.734182 -3.919932 0.000000 0.00000000 0.00000000 0.99551935 0.09455805
561.823000000 0.722948 -3.917592 0.000000 0.00000000 0.00000000 0.99351699 0.11368373
561.948000000 0.711934 -3.916444 0.000000 0.00000000 0.00000000 0.99127874 0.13178183
562.073000000 0.696500 -3.912815 0.000000 0.00000000 0.00000000 0.98863730 0.15032065
562.198000000 0.685907 -3.909202 0.000000 0.00000000 0.00000000 0.98565050 0.16879895
562.323000000 0.676106 -3.900413 0.000000 0.00000000 0.00000000 0.98234352 0.18708610
562.448000000 0.667515 -3.897614 0.000000 0.00000000 0.00000000 0.97878957 0.20486820
562.573000000 0.652812 -3.895446 0.000000 0.00000000 0.00000000 0.97499242 0.22223813
562.698000000 0.645309 -3.883768 0.000000 0.00000000 0.00000000 0.97028037 0.24198349
562.823000000 0.632920 -3.874631 0.000000 0.00000000 0.00000000 0.96544761 0.26059721
562.948000000 0.619948 -3.870981 0.000000 0.00000000 0.00000000 0.96040675 0.27860163
563.073000000 0.609117 -3.868916 0.000000 0.00000000 0.00000000 0.95546557 0.29510259
563.198000000 0.599616 -3.859515 0.000000 0.00000000 0.00000000 0.94952955 0.31367760
563.323000000 0.590083 -3.849191 0.000000 0.00000000 0.00000000 0.94410637 0.32964097
563.448000000 0.580730 -3.839426 0.000000 0.00000000 0.00000000 0.93721985 0.34873910
563.573000000 0.572879 -3.828075 0.000000 0.00000000 0.00000000 0.93030519 0.36678639
563.698000000 0.552848 -3.826576 0.000000 0.00000000 0.00000000 0.92354656 0.38348632
563.823000000 0.551414 -3.814502 0.000000 0.00000000 0.00000000 0.91598202 0.40121931
563.948000000 0.541984 -3.809339 0.000000 0.00000000 0.00000000 0.90883203 0.41716225
564.073000000 0.535298 -3.804972 0.000000 0.00000000 0.00000000 0.90124583 0.43330815
564.198000000 0.524488 -3.786258 0.000000 0.00000000 0.00000000 0.89238862 0.45126771
564.323000000 0.513836 -3.778652 0.000000 0.00000000 0.00000000 0.88403242 0.46742559
564.448000000 0.509375 -3.765412 0.000000 0.00000000 0.00000000 0.87469293 0.48467750
564.573000000 0.502429 -3.759157 0.000000 0.00000000 0.00000000 0.86689233 0.49849542
564.698000000 0.497760 -3.744089 0.000000 0.00000000 0.00000000 0.86013768 0.51006192
564.823000000 0.487739 -3.736095 0.000000 0.00000000 0.00000000 0.85586557 0.51719834
564.948000000 0.484215 -3.723002 0.000000 0.00000000 0.00000000 0.85449212 0.51946435
565.073000000 0.477733 -3.714607 0.000000 0.00000000 0.00000000 0.85458046 0.51931901
565.198000000 0.474074 -3.705834 0.000000 0.00000000 0.00000000 0.85525343 0.51820996
565.323000000 0.466413 -3.690420 0.000000 0.00000000 0.00000000 0.85509703 0.51846800
565.448000000 0.459963 -3.683804 0.000000 0.00000000 0.00000000 0.85503082 0.51857719
565.573000000 0.456500 -3.674041 0.000000 0.00000000 0.00000000 0.85587140 0.51718870
565.698000000 0.451866 -3.662590 0.000000 0.00000000 0.00000000 0.85419894 0.51994632
565.823000000 0.445452 -3.651565 0.000000 0.00000000 0.00000000 0.85119260 0.52485346
565.948000000 0.440312 -3.634791 0.000000 0.00000000 0.00000000 0.84501486 0.53474282
566.073000000 0.435864 -3.626123 0.000000 0.00000000 0.00000000 0.83785223 0.54589709
566.198000000 0.428846 -3.620721 0.000000 0.00000000 0.00000000 0.82878168 0.55957209
566.323000000 0.423755 -3.607172 0.000000 0.00000000 0.00000000 0.81761711 0.57576233
566.448000000 0.420741 -3.595009 0.000000 0.00000000 0.00000000 0.80681468 0.59080460
566.573000000 0.417093 -3.579156 0.000000 0.00000000 0.00000000 0.79497347 0.60664419
566.698000000 0.413360 -3.570250 0.000000 0.00000000 0.00000000 0.78388635 0.62090433
566.823000000 0.414081 -3.558838 0.000000 0.00000000 0.00000000 0.77200553 0.63561582
566.948000000 0.410678 -3.545117 0.000000 0.00000000 0.00000000 0.76004778 0.64986720
567.073000000 0.408659 -3.532163 0.000000 0.00000000 0.00000000 0.74753449 0.66422299
567.198000000 0.410723 -3.517455 0.000000 0.00000000 0.00000000 0.73454635 0.67855852
567.323000000 0.408276 -3.506569 0.000000 0.00000000 0.00000000 0.72161310 0.69229656
567.448000000 0.406447 -3.493347 0.000000 0.00000000 0.00000000 0.70823444 0.70597732
567.573000000 0.406363 -3.485269 0.000000 0.00000000 0.00000000 0.69582738 0.71820907
567.698000000 0.409070 -3.471385 0.000000 0.00000000 0.00000000 0.68156124 0.73176108
567.823000000 0.409915 -3.459687 0.000000 0.00000000 0.00000000 0.67028634 0.74210257
567.948000000 0.409497 -3.447118 0.000000 0.00000000 0.00000000 0.66056247 0.75077108
568.073000000 0.415324 -3.429772 0.000000 0.00000000 0.00000000 0.65030283 0.75967508
568.198000000 0.416895 -3.418806 0.000000 0.00000000 0.00000000 0.64139023 0.76721481
568.323000000 0.421970 -3.408607 0.000000 0.00000000 0.00000000 0.63192159 0.77503233
568.448000000 0.423247 -3.397098 0.000000 0.00000000 0.00000000 0.62267145 0.78248340
568.573000000 0.427390 -3.385955 0.000000 0.00000000 0.00000000 0.61259282 0.79039866
568.698000000 0.427069 -3.373900 0.000000 0.00000000 0.00000000 0.60272424 0.79794955
568.823000000 0.434181 -3.357856 0.000000 0.00000000 0.00000000 0.59262388 0.80547932
568.948000000 0.435439 -3.343917 0.000000 0.00000000 0.00000000 0.58410392 0.81167889
569.073000000 0.440665 -3.336575 0.000000 0.00000000 0.00000000 0.58038737 0.81434053
569.198000000 0.446011 -3.326462 0.000000 0.00000000 0.00000000 0.57960986 0.81489411
569.323000000 0.448587 -3.313622 0.000000 0.00000000 0.00000000 0.58253507 0.81280557
569.448000000 0.454619 -3.299206 0.000000 0.00000000 0.00000000 0.58683256 0.80970831
569.573000000 0.459428 -3.287215 0.000000 0.00000000 0.00000000 0.59225516 0.80575047
569.698000000 0.460119 -3.275729 0.000000 0.00000000 0.00000000 0.59696429 0.80226781
569.823000000 0.464051 -3.264914 0.000000 0.00000000 0.00000000 0.60243919 0.79816479
569.948000000 0.463941 -3.252978 0.000000 0.00000000 0.00000000 0.60728628 0.79448309
570.073000000 0.471406 -3.239093 0.000000 0.00000000 0.00000000 0.61208295 0.79079356
570.198000000 0.472975 -3.226513 0.000000 0.00000000 0.00000000 0.61733246 0.78670238
570.323000000 0.473071 -3.219945 0.000000 0.00000000 0.00000000 0.62332863 0.78195999
570.448000000 0.476657 -3.204095 0.000000 0.00000000 0.00000000 0.62724810 0.77881951
570.573000000 0.477386 -3.191929 0.000000 0.00000000 0.00000000 0.63210900 0.77487948
570.698000000 0.482600 -3.178172 0.000000 0.00000000 0.00000000 0.63710593 0.77077625
570.823000000 0.483312 -3.168627 0.000000 0.00000000 0.00000000 0.64227938 0.76647061
570.948000000 0.487784 -3.153612 0.000000 0.00000000 0.00000000 0.64657930 0.76284678
571.073000000 0.488403 -3.143236 0.000000 0.00000000 0.00000000 0.65139627 0.75873770
571.198000000 0.492594 -3.126244 0.000000 0.00000000 0.00000000 0.65596961 0.75478730
571.323000000 0.493301 -3.118266 0.000000 0.00000000 0.00000000 0.66129576 0.75012527
571.448000000 0.494288 -3.103851 0.000000 0.00000000 0.00000000 0.66523895 0.74663053
571.573000000 0.496420 -3.093562 0.000000 0.00000000 0.00000000 0.67034724 0.74204755
571.698000000 0.498290 -3.076944 0.000000 0.00000000 0.00000000 0.67409346 0.73864606
571.823000000 0.499105 -3.067610 0.000000 0.00000000 0.00000000 0.67924084 0.73391545
571.948000000 0.503351 -3.050489 0.000000 0.00000000 0.00000000 0.68339605 0.73004784
572.073000000 0.501487 -3.041114 0.000000 0.00000000 0.00000000 0.68803824 0.72567443
572.198000000 0.500017 -3.029503 0.000000 0.00000000 0.00000000 0.69271837 0.72120819
572.323000000 0.501536 -3.011235 0.000000 0.00000000 0.00000000 0.69679986 0.71726561
572.448000000 0.500346 -3.002243 0.000000 0.00000000 0.00000000 0.70156161 0.71260881
572.573000000 0.500872 -2.993811 0.000000 0.00000000 0.00000000 0.70678273 0.70743069
572.698000000 0.500262 -2.976537 0.000000 0.00000000 0.00000000 0.71052983 0.70366708
572.823000000 0.503000 -2.964799 0.000000 0.00000000 0.00000000 0.71482843 0.69929987
572.948000000 0.499907 -2.953860 0.000000 0.00000000 0.00000000 0.71952690 0.69446457
573.073000000 0.501520 -2.941589 0.000000 0.00000000 0.00000000 0.72348407 0.69034107
573.198000000 0.501036 -2.927255 0.000000 0.00000000 0.00000000 0.72773485 0.68585858
573.323000000 0.496954 -2.916009 0.000000 0.00000000 0.00000000 0.73225540 0.68103013
573.448000000 0.498203 -2.900329 0.000000 0.00000000 0.00000000 0.73540684 0.67762584
573.573000000 0.494198 -2.892292 0.000000 0.00000000 0.00000000 0.73523214 0.67781538
573.698000000 0.494057 -2.881389 0.000000 0.00000000 0.00000000 0.73646388 0.67647686
573.823000000 0.490385 -2.867492 0.000000 0.00000000 0.00000000 0.73645262 0.67648913
573.948000000 0.490234 -2.853759 0.000000 0.00000000 0.00000000 0.73583401 0.67716195
574.073000000 0.486803 -2.840260 0.000000 0.00000000 0.00000000 0.73621489 0.67674783
574.198000000 0.489888 -2.826962 0.000000 0.00000000 0.00000000 0.73544566 0.67758371
574.323000000 0.489224 -2.813377 0.000000 0.00000000 0.00000000 0.73556416 0.67745507
574.448000000 0.486473 -2.803283 0.000000 0.00000000 0.00000000 0.73573790 0.67726637
574.573000000 0.489634 -2.786913 0.000000 0.00000000 0.00000000 0.73552062 0.67750234
574.698000000 0.489624 -2.776307 0.000000 0.00000000 0.00000000 0.73571552 0.67729068
574.823000000 0.484734 -2.765074 0.000000 0.00000000 0.00000000 0.73590325 0.67708670
574.948000000 0.487710 -2.750657 0.000000 0.00000000 0.00000000 0.73557342 0.67744501
575.073000000 0.485735 -2.737278 0.000000 0.00000000 0.00000000 0.73584962 0.67714499
575.198000000 0.479970 -2.727368 0.000000 0.00000000 0.00000000 0.73599900 0.67698263
575.323000000 0.479421 -2.714787 0.000000 0.00000000 0.00000000 0.73558901 0.67742808
575.448000000 0.474200 -2.700443 0.000000 0.00000000 0.00000000 0.73610974 0.67686221
575.573000000 0.478296 -2.686706 0.000000 0.00000000 0.00000000 0.73580596 0.67719243
575.698000000 0.471743 -2.679483 0.000000 0.00000000 0.00000000 0.73641093 0.67653451
575.823000000 0.469192 -2.669425 0.000000 0.00000000 0.00000000 0.73569266 0.67731552
575.948000000 0.468877 -2.653289 0.000000 0.00000000 0.00000000 0.73623349 0.67672761
576.073000000 0.465681 -2.642915 0.000000 0.00000000 0.00000000 0.73693249 0.67596635
576.198000000 0.471576 -2.632535 0.000000 0.00000000 0.00000000 0.73603724 0.67694105
576.323000000 0.469952 -2.610291 0.000000 0.00000000 0.00000000 0.73683974 0.67606745
576.448000000 0.470405 -2.603601 0.000000 0.00000000 0.00000000 0.73564004 0.67737267
576.573000000 0.469055 -2.593045 0.000000 0.00000000 0.00000000 0.73580878 0.67718936
576.698000000 0.468736 -2.582841 0.000000 0.00000000 0.00000000 0.73555003 0.67747041
576.823000000 0.467036 -2.566607 0.000000 0.00000000 0.00000000 0.73547346 0.67755354
576.948000000 0.465292 -2.555742 0.000000 0.00000000 0.00000000 0.73555174 0.67746855
577.073000000 0.463192 -2.541045 0.000000 0.00000000 0.00000000 0.73554103 0.67748018
577.198000000 0.464370 -2.532480 0.000000 0.00000000 0.00000000 0.73569973 0.67730783
577.323000000 0.464286 -2.519760 0.000000 0.00000000 0.00000000 0.73571244 0.67729403
577.448000000 0.463002 -2.505502 0.000000 0.00000000 0.00000000 0.73543684 0.67759328
577.573000000 0.457785 -2.494516 0.000000 0.00000000 0.00000000 0.73519383 0.67785694
577.698000000 0.460918 -2.478062 0.000000 0.00000000 0.00000000 0.73507218 0.67798885
577.823000000 0.464561 -2.469904 0.000000 0.00000000 0.00000000 0.73547161 0.67755554
577.948000000 0.456833 -2.458872 0.000000 0.00000000 0.00000000 0.73536081 0.67767580
578.073000000 0.457760 -2.444949 0.000000 0.00000000 0.00000000 0.73521644 0.67783242
578.198000000 0.456907 -2.430457 0.000000 0.00000000 0.00000000 0.73559530 0.67742125
578.323000000 0.452890 -2.417581 0.000000 0.00000000 0.00000000 0.73571895 0.67728696
578.448000000 0.457040 -2.406434 0.000000 0.00000000 0.00000000 0.73546620 0.67756141
578.573000000 0.452863 -2.395945 0.000000 0.00000000 0.00000000 0.73556704 0.67745194
578.698000000 0.453087 -2.384871 0.000000 0.00000000 0.00000000 0.73571581 0.67729038
578.823000000 0.451712 -2.368613 0.000000 0.00000000 0.00000000 0.73587102 0.67712173
578.948000000 0.451515 -2.358012 0.000000 0.00000000 0.00000000 0.73565735 0.67735387
579.073000000 0.446043 -2.344685 0.000000 0.00000000 0.00000000 0.73554666 0.67747407
579.198000000 0.447884 -2.333440 0.000000 0.00000000 0.00000000 0.73609765 0.67687535
579.323000000 0.447704 -2.319703 0.000000 0.00000000 0.00000000 0.73606983 0.67690561
579.448000000 0.446249 -2.307857 0.000000 0.00000000 0.00000000 0.73568850 0.67732003
579.573000000 0.446536 -2.296204 0.000000 0.00000000 0.00000000 0.73599358 0.67698851
579.698000000 0.445232 -2.284826 0.000000 0.00000000 0.00000000 0.73592756 0.67706028
579.823000000 0.446486 -2.268597 0.000000 0.00000000 0.00000000 0.73582037 0.67717677
579.948000000 0.442114 -2.259773 0.000000 0.00000000 0.00000000 0.73588491 0.67710664
580.073000000 0.439102 -2.244179 0.000000 0.00000000 0.00000000 0.73559193 0.67742491
580.198000000 0.439964 -2.231434 0.000000 0.00000000 0.00000000 0.73548376 0.67754235
580.323000000 0.443392 -2.220658 0.000000 0.00000000 0.00000000 0.73544107 0.67758869
580.448000000 0.439105 -2.205620 0.000000 0.00000000 0.00000000 0.73582078 0.67717633
580.573000000 0.439819 -2.195068 0.000000 0.00000000 0.00000000 0.73561000 0.67740529
580.698000000 0.436902 -2.181382 0.000000 0.00000000 0.00000000 0.73585790 0.67713599
580.823000000 0.436799 -2.169216 0.000000 0.00000000 0.00000000 0.73566407 0.67734658
580.948000000 0.436067 -2.158480 0.000000 0.00000000 0.00000000 0.73569058 0.67731778
581.073000000 0.434320 -2.145848 0.000000 0.00000000 0.00000000 0.73568906 0.67731943
581.198000000 0.434377 -2.134529 0.000000 0.00000000 0.00000000 0.73558149 0.67743625
581.323000000 0.429314 -2.123025 0.000000 0.00000000 0.00000000 0.73561197 0.67740315
581.448000000 0.428372 -2.107898 0.000000 0.00000000 0.00000000 0.73560011 0.67741604
581.573000000 0.427762 -2.095653 0.000000 0.00000000 0.00000000 0.73562844 0.67738526
581.698000000 0.428936 -2.079523 0.000000 0.00000000 0.00000000 0.73823037 0.67454868
581.823000000 0.428885 -2.071039 0.000000 0.00000000 0.00000000 0.74442911 0.66770150
581.948000000 0.427012 -2.058407 0.000000 0.00000000 0.00000000 0.75329567 0.65768201
582.073000000 0.423287 -2.046273 0.000000 0.00000000 0.00000000 0.76128498 0.64841744
582.198000000 0.423048 -2.033722 0.000000 0.00000000 0.00000000 0.76924534 0.63895353
582.323000000 0.417601 -2.019059 0.000000 0.00000000 0.00000000 0.77743915 0.62895816
582.448000000 0.415695 -2.005022 0.000000 0.00000000 0.00000000 0.78493868 0.61957346
582.573000000 0.415704 -1.994846 0.000000 0.00000000 0.00000000 0.79240458 0.60999589
582.698000000 0.412033 -1.984397 0.000000 0.00000000 0.00000000 0.80008915 0.59988111
582.823000000 0.410650 -1.972340 0.000000 0.00000000 0.00000000 0.80734600 0.59007832
582.948000000 0.404908 -1.961519 0.000000 0.00000000 0.00000000 0.81510179 0.57931777
583.073000000 0.400664 -1.943894 0.000000 0.00000000 0.00000000 0.82207887 0.56937363
583.198000000 0.400036 -1.934712 0.000000 0.00000000 0.00000000 0.82892670 0.55935725
583.323000000 0.391633 -1.926486 0.000000 0.00000000 0.00000000 0.83560050 0.54933760
583.448000000 0.388936 -1.913759 0.000000 0.00000000 0.00000000 0.84246542 0.53875041
583.573000000 0.378707 -1.902835 0.000000 0.00000000 0.00000000 0.84913570 0.52817475
583.698000000 0.374574 -1.890978 0.000000 0.00000000 0.00000000 0.85569681 0.51747751
583.823000000 0.375202 -1.884003 0.000000 0.00000000 0.00000000 0.86170907 0.50740268
583.948000000 0.363917 -1.867294 0.000000 0.00000000 0.00000000 0.86836000 0.49593438
584.073000000 0.353929 -1.861328 0.000000 0.00000000 0.00000000 0.87443817 0.48513698
584.198000000 0.346739 -1.848012 0.000000 0.00000000 0.00000000 0.88085616 0.47338401
584.323000000 0.345793 -1.835523 0.000000 0.00000000 0.00000000 0.88635541 0.46300550
584.448000000 0.333923 -1.832086 0.000000 0.00000000 0.00000000 0.89226082 0.45152036
584.573000000 0.329425 -1.818529 0.000000 0.00000000 0.00000000 0.89744745 0.44112139
584.698000000 0.320518 -1.803113 0.000000 0.00000000 0.00000000 0.90318612 0.42924915
584.823000000 0.311823 -1.796821 0.000000 0.00000000 0.00000000 0.90842073 0.41805714
584.948000000 0.299393 -1.790011 0.000000 0.00000000 0.00000000 0.91343453 0.40698571
585.073000000 0.294697 -1.780772 0.000000 0.00000000 0.00000000 0.91776227 0.39713024
585.198000000 0.286895 -1.768171 0.000000 0.00000000 0.00000000 0.92054426 0.39063829
585.323000000 0.275333 -1.762125 0.000000 0.00000000 0.00000000 0.92129292 0.38886933
585.448000000 0.271505 -1.752695 0.000000 0.00000000 0.00000000 0.92144715 0.38850374
585.573000000 0.258101 -1.742184 0.000000 0.00000000 0.00000000 0.92139235 0.38863367
585.698000000 0.250020 -1.736341 0.000000 0.00000000 0.00000000 0.92147691 0.38843315
585.823000000 0.245326 -1.724763 0.000000 0.00000000 0.00000000 0.92163357 0.38806129
585.948000000 0.230649 -1.719064 0.000000 0.00000000 0.00000000 0.92151043 0.38835361
586.073000000 0.222832 -1.707042 0.000000 0.00000000 0.00000000 0.92165907 0.38800071
586.198000000 0.217241 -1.694321 0.000000 0.00000000 0.00000000 0.92136684 0.38869415
586.323000000 0.208911 -1.688245 0.000000 0.00000000 0.00000000 0.92141506 0.38857984
586.448000000 0.200558 -1.678867 0.000000 0.00000000 0.00000000 0.92128223 0.38889465
586.573000000 0.190173 -1.672010 0.000000 0.00000000 0.00000000 0.92131403 0.38881931
586.698000000 0.181528 -1.659793 0.000000 0.00000000 0.00000000 0.92136865 0.38868986
586.823000000 0.173973 -1.652119 0.000000 0.00000000 0.00000000 0.92136350 0.38870208
586.948000000 0.164826 -1.646160 0.000000 0.00000000 0.00000000 0.92123832 0.38899867
587.073000000 0.154965 -1.631935 0.000000 0.00000000 0.00000000 0.92146321 0.38846564
587.198000000 0.146558 -1.628943 0.000000 0.00000000 0.00000000 0.92152352 0.38832255
587.323000000 0.138107 -1.615221 0.000000 0.00000000 0.00000000 0.92173891 0.38781102
587.448000000 0.130368 -1.610035 0.000000 0.00000000 0.00000000 0.92158896 0.38816721
587.573000000 0.118010 -1.603128 0.000000 0.00000000 0.00000000 0.92161910 0.38809566
587.698000000 0.108155 -1.592117 0.000000 0.00000000 0.00000000 0.92164805 0.38802689
587.823000000 0.100042 -1.580521 0.000000 0.00000000 0.00000000 0.92166103 0.38799607
587.948000000 0.093415 -1.580189 0.000000 0.00000000 0.00000000 0.92256883 0.38583254
588.073000000 0.086074 -1.570065 0.000000 0.00000000 0.00000000 0.92521555 0.37944193
588.198000000 0.074311 -1.559556 0.000000 0.00000000 0.00000000 0.92743195 0.37399196
588.323000000 0.066647 -1.550802 0.000000 0.00000000 0.00000000 0.92987299 0.36788072
588.448000000 0.054474 -1.542453 0.000000 0.00000000 0.00000000 0.93219089 0.36196705
588.573000000 0.050175 -1.535451 0.000000 0.00000000 0.00000000 0.93570273 0.35278946
588.698000000 0.037738 -1.525305 0.000000 0.00000000 0.00000000 0.94006986 0.34098192
588.823000000 0.028837 -1.515347 0.000000 0.00000000 0.00000000 0.94452460 0.32844067
588.948000000 0.019067 -1.512785 0.000000 0.00000000 0.00000000 0.94820243 0.31766673
589.073000000 0.008520 -1.503508 0.000000 0.00000000 0.00000000 0.95223362 0.30537047
589.198000000 -0.005993 -1.495521 0.000000 0.00000000 0.00000000 0.95622426 0.29263487
589.323000000 -0.010693 -1.483149 0.000000 0.00000000 0.00000000 0.95986617 0.28045844
589.448000000 -0.023816 -1.478874 0.000000 0.00000000 0.00000000 0.96338633 0.26811709
589.573000000 -0.042199 -1.477930 0.000000 0.00000000 0.00000000 0.96632133 0.25733848
589.698000000 -0.045212 -1.467982 0.000000 0.00000000 0.00000000 0.96958509 0.24475448
589.823000000 -0.055319 -1.459676 0.000000 0.00000000 0.00000000 0.97277253 0.23176196
589.948000000 -0.066990 -1.454106 0.000000 0.00000000 0.00000000 0.97559652 0.21957099
590.073000000 -0.077025 -1.453428 0.000000 0.00000000 0.00000000 0.97806172 0.20831533
590.198000000 -0.090891 -1.450280 0.000000 0.00000000 0.00000000 0.98044258 0.19680538
590.323000000 -0.097817 -1.441111 0.000000 0.00000000 0.00000000 0.98298512 0.18368520
590.448000000 -0.118172 -1.430535 0.000000 0.00000000 0.00000000 0.98565241 0.16878784
590.573000000 -0.124154 -1.422044 0.000000 0.00000000 0.00000000 0.98749026 0.15767999
590.698000000 -0.137534 -1.443241 0.000000 0.00000000 0.00000000 0.98895457 0.14821894
590.823000000 -0.154538 -1.423367 0.000000 0.00000000 0.00000000 0.99112625 0.13292390
590.948000000 -0.166383 -1.412842 0.000000 0.00000000 0.00000000 0.99264093 0.12109493
591.073000000 -0.165922 -1.404289 0.000000 0.00000000 0.00000000 0.99375495 0.11158446
591.198000000 -0.191985 -1.408600 0.000000 0.00000000 0.00000000 0.99536715 0.09614696
591.323000000 -0.193527 -1.416225 0.000000 0.00000000 0.00000000 0.99638947 0.08490006
591.448000000 -0.205075 -1.411803 0.000000 0.00000000 0.00000000 0.99720833 0.07466959
591.573000000 -0.229321 -1.408301 0.000000 0.00000000 0.00000000 0.99826324 0.05891102
591.698000000 -0.232424 -1.401184 0.000000 0.00000000 0.00000000 0.99882807 0.04839920
591.823000000 -0.244839 -1.405912 0.000000 0.00000000 0.00000000 0.99935743 0.03584311
591.948000000 -0.256055 -1.406144 0.000000 0.00000000 0.00000000 0.99965117 0.02641100
592.073000000 -0.274106 -1.409789 0.000000 0.00000000 0.00000000 0.99977006 0.02144367
592.198000000 -0.284464 -1.401085 0.000000 0.00000000 0.00000000 0.99991451 0.01307577
592.323000000 -0.298274 -1.406715 0.000000 0.00000000 0.00000000 0.99996585 0.00826410
592.448000000 -0.307467 -1.402030 0.000000 0.00000000 0.00000000 0.99999953 -0.00096826
592.573000000 -0.324843 -1.403271 0.000000 0.00000000 0.00000000 0.99998930 -0.00462510
592.698000000 -0.340412 -1.394039 0.000000 0.00000000 0.00000000 0.99998087 -0.00618467
592.823000000 -0.342935 -1.413948 0.000000 0.00000000 0.00000000 0.99998290 -0.00584746
592.948000000 -0.362434 -1.408370 0.000000 0.00000000 0.00000000 0.99995763 -0.00920535
593.073000000 -0.370672 -1.401970 0.000000 0.00000000 0.00000000 0.99998315 -0.00580493
593.198000000 -0.387082 -1.394982 0.000000 0.00000000 0.00000000 0.99997884 -0.00650499
593.323000000 -0.388064 -1.395861 0.000000 0.00000000 0.00000000 0.99997723 -0.00674799
593.448000000 -0.403622 -1.410961 0.000000 0.00000000 0.00000000 0.99997251 -0.00741475
593.573000000 -0.424178 -1.406280 0.000000 0.00000000 0.00000000 0.99998822 -0.00485401
593.698000000 -0.430335 -1.407389 0.000000 0.00000000 0.00000000 0.99998715 -0.00507033
593.823000000 -0.432199 -1.396215 0.000000 0.00000000 0.00000000 0.99996541 -0.00831682
593.948000000 -0.448758 -1.399478 0.000000 0.00000000 0.00000000 0.99997242 -0.00742737
594.073000000 -0.468429 -1.408504 0.000000 0.00000000 0.00000000 0.99999270 -0.00381984
594.198000000 -0.469284 -1.408973 0.000000 0.00000000 0.00000000 0.99999818 0.00190781
594.323000000 -0.472134 -1.414009 0.000000 0.00000000 0.00000000 0.99997704 0.00677620
594.448000000 -0.495717 -1.408383 0.000000 0.00000000 0.00000000 0.99991304 0.01318751
594.573000000 -0.506818 -1.383417 0.000000 0.00000000 0.00000000 0.99987453 0.01584065
594.698000000 -0.521144 -1.391762 0.000000 0.00000000 0.00000000 0.99975500 0.02213457
594.823000000 -0.534128 -1.408916 0.000000 0.00000000 0.00000000 0.99954264 0.03024090
594.948000000 -0.554100 -1.385163 0.000000 0.00000000 0.00000000 0.99940468 0.03450046
595.073000000 -0.566980 -1.396737 0.000000 0.00000000 0.00000000 0.99920136 0.03995796
595.198000000 -0.579117 -1.391735 0.000000 0.00000000 0.00000000 0.99887043 0.04751707
595.323000000 -0.595521 -1.372306 0.000000 0.00000000 0.00000000 0.99868893 0.05119014
595.448000000 -0.596711 -1.372396 0.000000 0.00000000 0.00000000 0.99835777 0.05728670
595.573000000 -0.616292 -1.396401 0.000000 0.00000000 0.00000000 0.99781565 0.06606004
595.698000000 -0.620039 -1.379343 0.000000 0.00000000 0.00000000 0.99738441 0.07227958
595.823000000 -0.643860 -1.382666 0.000000 0.00000000 0.00000000 0.99703543 0.07694379
595.948000000 -0.653317 -1.385672 0.000000 0.00000000 0.00000000 0.99612766 0.08791860
596.073000000 -0.673499 -1.391460 0.000000 0.00000000 0.00000000 0.99564492 0.09322652
596.198000000 -0.679665 -1.379000 0.000000 0.00000000 0.00000000 0.99502167 0.09965876
596.323000000 -0.687045 -1.381880 0.000000 0.00000000 0.00000000 0.99440815 0.10560503
596.448000000 -0.709495 -1.407023 0.000000 0.00000000 0.00000000 0.99416092 0.10790763
596.573000000 -0.721349 -1.393627 0.000000 0.00000000 0.00000000 0.99502852 0.09959041
596.698000000 -0.727263 -1.384647 0.000000 0.00000000 0.00000000 0.99543712 0.09541980
596.823000000 -0.739410 -1.361236 0.000000 0.00000000 0.00000000 0.99656932 0.08276224
596.948000000 -0.751316 -1.363873 0.000000 0.00000000 0.00000000 0.99705132 0.07673764
597.073000000 -0.765999 -1.362652 0.000000 0.00000000 0.00000000 0.99748342 0.07090012
597.198000000 -0.782572 -1.361102 0.000000 0.00000000 0.00000000 0.99794403 0.06409149
597.323000000 -0.793517 -1.355820 0.000000 0.00000000 0.00000000 0.99833347 0.05770858
597.448000000 -0.803562 -1.353154 0.000000 0.00000000 0.00000000 0.99847095 0.05527886
597.573000000 -0.814375 -1.358715 0.000000 0.00000000 0.00000000 0.99819308 0.06008799
597.698000000 -0.825360 -1.347019 0.000000 0.00000000 0.00000000 0.99788674 0.06497731
597.823000000 -0.840886 -1.355035 0.000000 0.00000000 0.00000000 0.99739378 0.07215019
597.948000000 -0.855661 -1.341765 0.000000 0.00000000 0.00000000 0.99701985 0.07714539
598.073000000 -0.866427 -1.353176 0.000000 0.00000000 0.00000000 0.99638700 0.08492909
598.198000000 -0.876083 -1.341625 0.000000 0.00000000 0.00000000 0.99594706 0.08994143
598.323000000 -0.890291 -1.348495 0.000000 0.00000000 0.00000000 0.99535034 0.09632081
598.448000000 -0.900725 -1.340541 0.000000 0.00000000 0.00000000 0.99472504 0.10257730
598.573000000 -0.913586 -1.329988 0.000000 0.00000000 0.00000000 0.99442199 0.10547467
598.698000000 -0.924709 -1.338061 0.000000 0.00000000 0.00000000 0.99338880 0.11479849
598.823000000 -0.938729 -1.334984 0.000000 0.00000000 0.00000000 0.99273396 0.12032987
598.948000000 -0.946767 -1.328843 0.000000 0.00000000 0.00000000 0.99193622 0.12673802
599.073000000 -0.962182 -1.326079 0.000000 0.00000000 0.00000000 0.99119446 0.13241425
599.198000000 -0.969066 -1.308468 0.000000 0.00000000 0.00000000 0.99058590 0.13689257
599.323000000 -0.985477 -1.314478 0.000000 0.00000000 0.00000000 0.98945259 0.14485708
599.448000000 -0.991177 -1.306570 0.000000 0.00000000 0.00000000 0.98871528 0.14980688
599.573000000 -1.009887 -1.311870 0.000000 0.00000000 0.00000000 0.98761533 0.15689475
599.698000000 -1.020363 -1.304850 0.000000 0.00000000 0.00000000 0.98645905 0.16400772
599.823000000 -1.037322 -1.294187 0.000000 0.00000000 0.00000000 0.98547402 0.16982624
599.948000000 -1.042365 -1.295087 0.000000 0.00000000 0.00000000 0.98420663 0.17702345
600.073000000 -1.056955 -1.297633 0.000000 0.00000000 0.00000000 0.98305087 0.18333299
600.198000000 -1.067274 -1.286615 0.000000 0.00000000 0.00000000 0.98213343 0.18818590
600.323000000 -1.083617 -1.285791 0.000000 0.00000000 0.00000000 0.98104287 0.19379081
600.448000000 -1.088333 -1.278159 0.000000 0.00000000 0.00000000 0.97966791 0.20062598
600.573000000 -1.105312 -1.277375 0.000000 0.00000000 0.00000000 0.97845707 0.20645038
600.698000000 -1.113605 -1.271059 0.000000 0.00000000 0.00000000 0.97699447 0.21326465
600.823000000 -1.124052 -1.263711 0.000000 0.00000000 0.00000000 0.97591172 0.21816580
600.948000000 -1.137133 -1.260253 0.000000 0.00000000 0.00000000 0.97415701 0.22587191
601.073000000 -1.149152 -1.251473 0.000000 0.00000000 0.00000000 0.97294231 0.23104817
601.198000000 -1.163414 -1.247653 0.000000 0.00000000 0.00000000 0.97134921 0.23765672
601.323000000 -1.172249 -1.250278 0.000000 0.00000000 0.00000000 0.96950963 0.24505322
601.448000000 -1.185425 -1.240442 0.000000 0.00000000 0.00000000 0.96812809 0.25045558
601.573000000 -1.195622 -1.237519 0.000000 0.00000000 0.00000000 0.96649958 0.25666820
601.698000000 -1.201317 -1.233116 0.000000 0.00000000 0.00000000 0.96470992 0.26331496
601.823000000 -1.218813 -1.224301 0.000000 0.00000000 0.00000000 0.96346183 0.26784566
601.948000000 -1.225183 -1.222210 0.000000 0.00000000 0.00000000 0.96128517 0.27555549
602.073000000 -1.234477 -1.210993 0.000000 0.00000000 0.00000000 0.96004177 0.27985676
602.198000000 -1.243465 -1.206237 0.000000 0.00000000 0.00000000 0.95779209 0.28746184
602.323000000 -1.258118 -1.197821 0.000000 0.00000000 0.00000000 0.95632751 0.29229728
602.448000000 -1.262061 -1.191722 0.000000 0.00000000 0.00000000 0.95399151 0.29983361
602.573000000 -1.280141 -1.180703 0.000000 0.00000000 0.00000000 0.95284723 0.30345043
602.698000000 -1.286254 -1.179302 0.000000 0.00000000 0.00000000 0.95035311 0.31117352
602.823000000 -1.304196 -1.164996 0.000000 0.00000000 0.00000000 0.94881191 0.31584166
602.948000000 -1.302452 -1.159822 0.000000 0.00000000 0.00000000 0.94633097 0.32319914
603.073000000 -1.320367 -1.151559 0.000000 0.00000000 0.00000000 0.94472146 0.32787401
603.198000000 -1.323350 -1.148590 0.000000 0.00000000 0.00000000 0.94194419 0.33576947
603.323000000 -1.339233 -1.133069 0.000000 0.00000000 0.00000000 0.94088604 0.33872328
603.448000000 -1.348376 -1.131877 0.000000 0.00000000 0.00000000 0.93846254 0.34538105
603.573000000 -1.356015 -1.117649 0.000000 0.00000000 0.00000000 0.93626681 0.35128970
603.698000000 -1.365413 -1.113518 0.000000 0.00000000 0.00000000 0.93421230 0.35671749
603.823000000 -1.375245 -1.104902 0.000000 0.00000000 0.00000000 0.93158093 0.36353400
603.948000000 -1.385562 -1.094451 0.000000 0.00000000 0.00000000 0.92956363 0.36866172
604.073000000 -1.393008 -1.083896 0.000000 0.00000000 0.00000000 0.92701175 0.37503228
604.198000000 -1.400482 -1.078174 0.000000 0.00000000 0.00000000 0.92498386 0.38000638
604.323000000 -1.412350 -1.067894 0.000000 0.00000000 0.00000000 0.92534127 0.37913525
604.448000000 -1.422452 -1.060956 0.000000 0.00000000 0.00000000 0.92786423 0.37291818
604.573000000 -1.431613 -1.052158 0.000000 0.00000000 0.00000000 0.92963055 0.36849292
604.698000000 -1.442431 -1.045162 0.000000 0.00000000 0.00000000 0.93207019 0.36227774
604.823000000 -1.449251 -1.035375 0.000000 0.00000000 0.00000000 0.93431888 0.35643825
604.948000000 -1.452793 -1.035854 0.000000 0.00000000 0.00000000 0.93652683 0.35059593
605.073000000 -1.466421 -1.022517 0.000000 0.00000000 0.00000000 0.93873056 0.34465190
605.198000000 -1.478702 -1.006752 0.000000 0.00000000 0.00000000 0.94025657 0.34046672
605.323000000 -1.486814 -0.998496 0.000000 0.00000000 0.00000000 0.94023113 0.34053696
605.448000000 -1.495033 -0.988857 0.000000 0.00000000 0.00000000 0.93865095 0.34486866
605.573000000 -1.508010 -0.989809 0.000000 0.00000000 0.00000000 0.93694835 0.34946785
605.698000000 -1.510545 -0.979268 0.000000 0.00000000 0.00000000 0.93448701 0.35599724
605.823000000 -1.523097 -0.966604 0.000000 0.00000000 0.00000000 0.93242545 0.36136238
605.948000000 -1.533373 -0.953832 0.000000 0.00000000 0.00000000 0.92985214 0.36793341
606.073000000 -1.539517 -0.955748 0.000000 0.00000000 0.00000000 0.92766894 0.37340372
606.198000000 -1.551532 -0.942747 0.000000 0.00000000 0.00000000 0.92509315 0.37974027
606.323000000 -1.559404 -0.935027 0.000000 0.00000000 0.00000000 0.92281832 0.38523544
606.448000000 -1.563391 -0.922242 0.000000 0.00000000 0.00000000 0.92066178 0.39036123
606.573000000 -1.578518 -0.912016 0.000000 0.00000000 0.00000000 0.91795366 0.39668764
606.698000000 -1.584639 -0.904824 0.000000 0.00000000 0.00000000 0.91543178 0.40247317
606.823000000 -1.591264 -0.895213 0.000000 0.00000000 0.00000000 0.91321004 0.40748918
606.948000000 -1.602500 -0.889906 0.000000 0.00000000 0.00000000 0.91047359 0.41356721
607.073000000 -1.605850 -0.876883 0.000000 0.00000000 0.00000000 0.90767144 0.41968149
607.198000000 -1.613272 -0.867324 0.000000 0.00000000 0.00000000 0.90536985 0.42462388
607.323000000 -1.627256 -0.849994 0.000000 0.00000000 0.00000000 0.90175344 0.43225078
607.448000000 -1.630688 -0.842340 0.000000 0.00000000 0.00000000 0.90049748 0.43486123
607.573000000 -1.642951 -0.829760 0.000000 0.00000000 0.00000000 0.90049272 0.43487109
607.698000000 -1.651605 -0.821994 0.000000 0.00000000 0.00000000 0.90048753 0.43488183
607.823000000 -1.659904 -0.809829 0.000000 0.00000000 0.00000000 0.90046967 0.43491881
607.948000000 -1.664446 -0.801991 0.000000 0.00000000 0.00000000 0.90062942 0.43458791
608.073000000 -1.671163 -0.790645 0.000000 0.00000000 0.00000000 0.90040570 0.43505123
608.198000000 -1.677592 -0.779813 0.000000 0.00000000 0.00000000 0.90047192 0.43491416
608.323000000 -1.684662 -0.771080 0.000000 0.00000000 0.00000000 0.90026295 0.43534655
608.448000000 -1.695249 -0.764396 0.000000 0.00000000 0.00000000 0.90005075 0.43578510
608.573000000 -1.704611 -0.752926 0.000000 0.00000000 0.00000000 0.90016165 0.43555596
608.698000000 -1.706814 -0.740563 0.000000 0.00000000 0.00000000 0.90013729 0.43560631
608.823000000 -1.716469 -0.729886 0.000000 0.00000000 0.00000000 0.90026110 0.43535038
608.948000000 -1.724048 -0.723794 0.000000 0.00000000 0.00000000 0.90037184 0.43512130
609.073000000 -1.730287 -0.711931 0.000000 0.00000000 0.00000000 0.90045482 0.43494957
609.198000000 -1.741720 -0.702904 0.000000 0.00000000 0.00000000 0.90056185 0.43472792
609.323000000 -1.745809 -0.692695 0.000000 0.00000000 0.00000000 0.90034316 0.43518065
609.448000000 -1.752497 -0.682289 0.000000 0.00000000 0.00000000 0.90042285 0.43501574
609.573000000 -1.760758 -0.672207 0.000000 0.00000000 0.00000000 0.90036530 0.43513483
609.698000000 -1.767494 -0.663564 0.000000 0.00000000 0.00000000 0.90047992 0.43489759
609.823000000 -1.775452 -0.653540 0.000000 0.00000000 0.00000000 0.90058406 0.43468190
609.948000000 -1.784436 -0.642058 0.000000 0.00000000 0.00000000 0.90060896 0.43463030
610.073000000 -1.796324 -0.633481 0.000000 0.00000000 0.00000000 0.90025080 0.43537167
610.198000000 -1.798878 -0.626271 0.000000 0.00000000 0.00000000 0.89910512 0.43773278
610.323000000 -1.806776 -0.616359 0.000000 0.00000000 0.00000000 0.89589144 0.44427304
610.448000000 -1.810274 -0.604072 0.000000 0.00000000 0.00000000 0.89349423 0.44907467
610.573000000 -1.821083 -0.592939 0.000000 0.00000000 0.00000000 0.89048818 0.45500638
610.698000000 -1.828642 -0.584648 0.000000 0.00000000 0.00000000 0.88751650 0.46077594
610.823000000 -1.835450 -0.576502 0.000000 0.00000000 0.00000000 0.88453988 0.46646457
610.948000000 -1.842064 -0.565732 0.000000 0.00000000 0.00000000 0.88146639 0.47224676
611.073000000 -1.850137 -0.553305 0.000000 0.00000000 0.00000000 0.87884335 0.47711043
611.198000000 -1.852529 -0.542899 0.000000 0.00000000 0.00000000 0.87571553 0.48282741
611.323000000 -1.861400 -0.534184 0.000000 0.00000000 0.00000000 0.87272720 0.48820819
611.448000000 -1.866183 -0.524569 0.000000 0.00000000 0.00000000 0.86939110 0.49412459
611.573000000 -1.875001 -0.507962 0.000000 0.00000000 0.00000000 0.86687673 0.49852255
611.698000000 -1.880687 -0.500706 0.000000 0.00000000 0.00000000 0.86344942 0.50443542
611.823000000 -1.885137 -0.487871 0.000000 0.00000000 0.00000000 0.86057187 0.50932902
611.948000000 -1.892115 -0.480139 0.000000 0.00000000 0.00000000 0.85710342 0.51514437
612.073000000 -1.899692 -0.468255 0.000000 0.00000000 0.00000000 0.85383736 0.52053988
612.198000000 -1.901376 -0.451910 0.000000 0.00000000 0.00000000 0.85103757 0.52510481
612.323000000 -1.905779 -0.444584 0.000000 0.00000000 0.00000000 0.84780229 0.53031244
612.448000000 -1.913958 -0.431592 0.000000 0.00000000 0.00000000 0.84470138 0.53523787
612.573000000 -1.916777 -0.423096 0.000000 0.00000000 0.00000000 0.84114946 0.54080272
612.698000000 -1.919240 -0.413459 0.000000 0.00000000 0.00000000 0.83774495 0.54606172
612.823000000 -1.931131 -0.399965 0.000000 0.00000000 0.00000000 0.83419920 0.55146323
612.948000000 -1.928795 -0.389453 0.000000 0.00000000 0.00000000 0.83075327 0.55664083
613.073000000 -1.939192 -0.374791 0.000000 0.00000000 0.00000000 0.82763677 0.56126409
613.198000000 -1.942763 -0.368723 0.000000 0.00000000 0.00000000 0.82348989 0.56733094
613.323000000 -1.947753 -0.354087 0.000000 0.00000000 0.00000000 0.82123227 0.57059404
613.448000000 -1.953802 -0.342856 0.000000 0.00000000 0.00000000 0.82084057 0.57115738
613.573000000 -1.958605 -0.332979 0.000000 0.00000000 0.00000000 0.82047794 0.57167819
613.698000000 -1.959466 -0.321352 0.000000 0.00000000 0.00000000 0.82060645 0.57149371
613.823000000 -1.966864 -0.310215 0.000000 0.00000000 0.00000000 0.82045893 0.57170547
613.948000000 -1.969664 -0.295110 0.000000 0.00000000 0.00000000 0.82069052 0.57137297
614.073000000 -1.974328 -0.281936 0.000000 0.00000000 0.00000000 0.82065807 0.57141958
614.198000000 -1.980917 -0.271107 0.000000 0.00000000 0.00000000 0.82065647 0.57142187
614.323000000 -1.987187 -0.262791 0.000000 0.00000000 0.00000000 0.82058943 0.57151814
614.448000000 -1.986122 -0.249175 0.000000 0.00000000 0.00000000 0.82078132 0.57124252
614.573000000 -1.988371 -0.235842 0.000000 0.00000000 0.00000000 0.82078398 0.57123870
614.698000000 -1.992342 -0.222760 0.000000 0.00000000 0.00000000 0.82084229 0.57115491
614.823000000 -1.999649 -0.211997 0.000000 0.00000000 0.00000000 0.82069672 0.57136406
614.948000000 -2.005077 -0.202448 0.000000 0.00000000 0.00000000 0.82072144 0.57132855
615.073000000 -2.008971 -0.190615 0.000000 0.00000000 0.00000000 0.82059084 0.57151612
615.198000000 -2.011113 -0.174879 0.000000 0.00000000 0.00000000 0.82105537 0.57084856
615.323000000 -2.019227 -0.165850 0.000000 0.00000000 0.00000000 0.82089452 0.57107985
615.448000000 -2.024980 -0.155931 0.000000 0.00000000 0.00000000 0.82080551 0.57120777
615.573000000 -2.027244 -0.140918 0.000000 0.00000000 0.00000000 0.82104006 0.57087058
615.698000000 -2.031267 -0.130633 0.000000 0.00000000 0.00000000 0.82103401 0.57087928
615.823000000 -2.038769 -0.120693 0.000000 0.00000000 0.00000000 0.82073699 0.57130622
615.948000000 -2.038860 -0.108393 0.000000 0.00000000 0.00000000 0.82102030 0.57089900
616.073000000 -2.044727 -0.096242 0.000000 0.00000000 0.00000000 0.82104981 0.57085656
616.198000000 -2.048249 -0.085121 0.000000 0.00000000 0.00000000 0.82079254 0.57122641
616.323000000 -2.052744 -0.070321 0.000000 0.00000000 0.00000000 0.82115060 0.57071157
616.448000000 -2.058625 -0.059106 0.000000 0.00000000 0.00000000 0.82111722 0.57075959
616.573000000 -2.063418 -0.050821 0.000000 0.00000000 0.00000000 0.82095263 0.57099630
616.698000000 -2.064584 -0.036786 0.000000 0.00000000 0.00000000 0.82106871 0.57082937
616.823000000 -2.069544 -0.025457 0.000000 0.00000000 0.00000000 0.82090671 0.57106232
616.948000000 -2.073808 -0.011936 0.000000 0.00000000 0.00000000 0.82111713 0.57075973
617.073000000 -2.079157 -0.000648 0.000000 0.00000000 0.00000000 0.82106339 0.57083702
617.198000000 -2.080386 0.010968 0.000000 0.00000000 0.00000000 0.82135341 0.57041965
617.323000000 -2.083811 0.021617 0.000000 0.00000000 0.00000000 0.82042764 0.57175037
617.448000000 -2.092282 0.030250 0.000000 0.00000000 0.00000000 0.81695734 0.57669810
617.573000000 -2.095733 0.046925 0.000000 0.00000000 0.00000000 0.81150011 0.58435227
617.698000000 -2.100478 0.056963 0.000000 0.00000000 0.00000000 0.80384940 0.59483287
617.823000000 -2.101854 0.068103 0.000000 0.00000000 0.00000000 0.79632566 0.60486812
617.948000000 -2.107171 0.082673 0.000000 0.00000000 0.00000000 0.78887544 0.61455312
618.073000000 -2.108794 0.094570 0.000000 0.00000000 0.00000000 0.78113380 0.62436366
618.198000000 -2.111743 0.106302 0.000000 0.00000000 0.00000000 0.77306255 0.63432980
618.323000000 -2.113623 0.118562 0.000000 0.00000000 0.00000000 0.76480667 0.64425985
618.448000000 -2.116174 0.130112 0.000000 0.00000000 0.00000000 0.75873914 0.65139459
618.573000000 -2.118170 0.141035 0.000000 0.00000000 0.00000000 0.75607231 0.65448809
618.698000000 -2.120301 0.156544 0.000000 0.00000000 0.00000000 0.75583887 0.65475767
618.823000000 -2.120110 0.167987 0.000000 0.00000000 0.00000000 0.75558107 0.65505515
618.948000000 -2.124743 0.179250 0.000000 0.00000000 0.00000000 0.75535334 0.65531773
619.073000000 -2.126811 0.190680 0.000000 0.00000000 0.00000000 0.75535926 0.65531091
619.198000000 -2.124981 0.205276 0.000000 0.00000000 0.00000000 0.75560267 0.65503023
619.323000000 -2.128741 0.217544 0.000000 0.00000000 0.00000000 0.75581333 0.65478715
619.448000000 -2.129402 0.229016 0.000000 0.00000000 0.00000000 0.75543980 0.65521806
619.573000000 -2.130376 0.240605 0.000000 0.00000000 0.00000000 0.75551207 0.65513473
619.698000000 -2.132975 0.253091 0.000000 0.00000000 0.00000000 0.75710251 0.65329610
619.823000000 -2.137392 0.267231 0.000000 0.00000000 0.00000000 0.76240373 0.64710165
619.948000000 -2.137948 0.277366 0.000000 0.00000000 0.00000000 0.76968417 0.63842484
620.073000000 -2.139100 0.290223 0.000000 0.00000000 0.00000000 0.77775822 0.62856356
620.198000000 -2.144938 0.302144 0.000000 0.00000000 0.00000000 0.78518397 0.61926257
620.323000000 -2.144590 0.315294 0.000000 0.00000000 0.00000000 0.79326127 0.60888140
620.448000000 -2.154348 0.323655 0.000000 0.00000000 0.00000000 0.80004969 0.59993374
620.573000000 -2.156066 0.338471 0.000000 0.00000000 0.00000000 0.80807226 0.58908337
620.698000000 -2.157202 0.350920 0.000000 0.00000000 0.00000000 0.81545375 0.57882223
620.823000000 -2.166591 0.358584 0.000000 0.00000000 0.00000000 0.82210633 0.56933398
620.948000000 -2.166346 0.372158 0.000000 0.00000000 0.00000000 0.82935545 0.55872134
621.073000000 -2.174902 0.383127 0.000000 0.00000000 0.00000000 0.83613993 0.54851620
621.198000000 -2.178273 0.398256 0.000000 0.00000000 0.00000000 0.84357539 0.53701077
621.323000000 -2.182277 0.411333 0.000000 0.00000000 0.00000000 0.85037426 0.52617831
621.448000000 -2.188939 0.420469 0.000000 0.00000000 0.00000000 0.85686487 0.51554107
621.573000000 -2.191603 0.432611 0.000000 0.00000000 0.00000000 0.86315110 0.50494572
621.698000000 -2.197017 0.446778 0.000000 0.00000000 0.00000000 0.86975950 0.49347584
621.823000000 -2.204473 0.453016 0.000000 0.00000000 0.00000000 0.87543087 0.48334334
621.948000000 -2.214444 0.463489 0.000000 0.00000000 0.00000000 0.88135542 0.47245383
622.073000000 -2.223606 0.473371 0.000000 0.00000000 0.00000000 0.88701863 0.46173364
622.198000000 -2.230821 0.483352 0.000000 0.00000000 0.00000000 0.89228144 0.45147959
622.323000000 -2.233437 0.495621 0.000000 0.00000000 0.00000000 0.89821454 0.43955733
622.448000000 -2.243036 0.501938 0.000000 0.00000000 0.00000000 0.90327004 0.42907253
622.573000000 -2.250761 0.516455 0.000000 0.00000000 0.00000000 0.90892186 0.41696650
622.698000000 -2.260602 0.522521 0.000000 0.00000000 0.00000000 0.91390899 0.40591916
622.823000000 -2.269734 0.532602 0.000000 0.00000000 0.00000000 0.91887576 0.39454700
622.948000000 -2.279046 0.539289 0.000000 0.00000000 0.00000000 0.92370139 0.38311321
623.073000000 -2.285428 0.550372 0.000000 0.00000000 0.00000000 0.92833855 0.37173584
623.198000000 -2.292913 0.559386 0.000000 0.00000000 0.00000000 0.93312323 0.35955672
623.323000000 -2.305105 0.568164 0.000000 0.00000000 0.00000000 0.93738117 0.34830525
623.448000000 -2.315464 0.574216 0.000000 0.00000000 0.00000000 0.94155853 0.33684943
623.573000000 -2.327286 0.583619 0.000000 0.00000000 0.00000000 0.94571142 0.32500755
623.698000000 -2.332087 0.591465 0.000000 0.00000000 0.00000000 0.94895195 0.31542067
623.823000000 -2.344867 0.598723 0.000000 0.00000000 0.00000000 0.94990289 0.31254518
623.948000000 -2.354149 0.605747 0.000000 0.00000000 0.00000000 0.94920057 0.31467168
624.073000000 -2.367268 0.613384 0.000000 0.00000000 0.00000000 0.94656155 0.32252322
624.198000000 -2.374009 0.622123 0.000000 0.00000000 0.00000000 0.94285999 0.33318919
624.323000000 -2.381785 0.630378 0.000000 0.00000000 0.00000000 0.93873004 0.34465333
624.448000000 -2.397661 0.635276 0.000000 0.00000000 0.00000000 0.93407312 0.35708180
624.573000000 -2.403620 0.646024 0.000000 0.00000000 0.00000000 0.92981341 0.36803127
624.698000000 -2.411902 0.655146 0.000000 0.00000000 0.00000000 0.92521877 0.37943408
624.823000000 -2.418927 0.661493 0.000000 0.00000000 0.00000000 0.92023465 0.39136707
624.948000000 -2.430615 0.671604 0.000000 0.00000000 0.00000000 0.91531046 0.40274900
625.073000000 -2.435418 0.681671 0.000000 0.00000000 0.00000000 0.91042848 0.41366652
625.198000000 -2.450661 0.691423 0.000000 0.00000000 0.00000000 0.90478488 0.42586890
625.323000000 -2.455372 0.702003 0.000000 0.00000000 0.00000000 0.89965777 0.43659580
625.448000000 -2.465993 0.711712 0.000000 0.00000000 0.00000000 0.89387204 0.44832218
625.573000000 -2.473825 0.720080 0.000000 0.00000000 0.00000000 0.88807921 0.45969046
625.698000000 -2.481406 0.729723 0.000000 0.00000000 0.00000000 0.88222066 0.47083619
625.823000000 -2.487016 0.741832 0.000000 0.00000000 0.00000000 0.87649829 0.48140498
625.948000000 -2.493434 0.750382 0.000000 0.00000000 0.00000000 0.87032824 0.49247209
626.073000000 -2.501262 0.761419 0.000000 0.00000000 0.00000000 0.86411693 0.50329110
626.198000000 -2.505326 0.774122 0.000000 0.00000000 0.00000000 0.85791644 0.51378923
626.323000000 -2.507211 0.785104 0.000000 0.00000000 0.00000000 0.85195098 0.52362155
626.448000000 -2.513588 0.794860 0.000000 0.00000000 0.00000000 0.84492429 0.53488591
626.573000000 -2.519851 0.806808 0.000000 0.00000000 0.00000000 0.83823727 0.54530567
626.698000000 -2.521652 0.820977 0.000000 0.00000000 0.00000000 0.83148219 0.55555141
626.823000000 -2.530709 0.830545 0.000000 0.00000000 0.00000000 0.82432930 0.56611059
626.948000000 -2.534825 0.841005 0.000000 0.00000000 0.00000000 0.81809828 0.57507843
627.073000000 -2.534470 0.854166 0.000000 0.00000000 0.00000000 0.81433115 0.58040053
627.198000000 -2.543049 0.865243 0.000000 0.00000000 0.00000000 0.81264250 0.58276253
627.323000000 -2.548010 0.875604 0.000000 0.00000000 0.00000000 0.81265280 0.58274816
627.448000000 -2.551375 0.889000 0.000000 0.00000000 0.00000000 0.81290001 0.58240328
627.573000000 -2.555126 0.898149 0.000000 0.00000000 0.00000000 0.81274807 0.58261528
627.698000000 -2.562100 0.912478 0.000000 0.00000000 0.00000000 0.81255852 0.58287962
627.823000000 -2.562200 0.924441 0.000000 0.00000000 0.00000000 0.81291418 0.58238350
627.948000000 -2.566341 0.936979 0.000000 0.00000000 0.00000000 0.81274419 0.58262069
628.073000000 -2.569395 0.949116 0.000000 0.00000000 0.00000000 0.81316939 0.58202710
628.198000000 -2.574779 0.958804 0.000000 0.00000000 0.00000000 0.81285744 0.58246269
628.323000000 -2.578717 0.970450 0.000000 0.00000000 0.00000000 0.81314782 0.58205723
628.448000000 -2.585508 0.980213 0.000000 0.00000000 0.00000000 0.81264213 0.58276304
628.573000000 -2.584051 0.993573 0.000000 0.00000000 0.00000000 0.81277533 0.58257726
628.698000000 -2.588322 1.007874 0.000000 0.00000000 0.00000000 0.81320052 0.58198360
628.823000000 -2.595726 1.015966 0.000000 0.00000000 0.00000000 0.81279031 0.58255636
628.948000000 -2.599200 1.029677 0.000000 0.00000000 0.00000000 0.81295163 0.58233122
629.073000000 -2.604800 1.040305 0.000000 0.00000000 0.00000000 0.81241832 0.58307502
629.198000000 -2.609233 1.052591 0.000000 0.00000000 0.00000000 0.81258217 0.58284665
629.323000000 -2.611490 1.062585 0.000000 0.00000000 0.00000000 0.81247945 0.58298983
629.448000000 -2.613312 1.077807 0.000000 0.00000000 0.00000000 0.81315906 0.58204153
629.573000000 -2.617290 1.088930 0.000000 0.00000000 0.00000000 0.81294764 0.58233679
629.698000000 -2.621371 1.100234 0.000000 0.00000000 0.00000000 0.81303361 0.58221676
629.823000000 -2.628257 1.112028 0.000000 0.00000000 0.00000000 0.81274830 0.58261496
629.948000000 -2.629986 1.123946 0.000000 0.00000000 0.00000000 0.81300670 0.58225432
630.073000000 -2.638517 1.134943 0.000000 0.00000000 0.00000000 0.81259738 0.58282545
630.198000000 -2.634222 1.150065 0.000000 0.00000000 0.00000000 0.81337413 0.58174094
630.323000000 -2.641264 1.159562 0.000000 0.00000000 0.00000000 0.81313600 0.58207375
630.448000000 -2.646871 1.171197 0.000000 0.00000000 0.00000000 0.81333274 0.58179881
630.573000000 -2.650802 1.182667 0.000000 0.00000000 0.00000000 0.81598415 0.57807427
630.698000000 -2.651293 1.197604 0.000000 0.00000000 0.00000000 0.81985321 0.57257376
630.823000000 -2.658651 1.207356 0.000000 0.00000000 0.00000000 0.82301996 0.56801245
630.948000000 -2.662105 1.219958 0.000000 0.00000000 0.00000000 0.82955423 0.55842616
631.073000000 -2.666050 1.233056 0.000000 0.00000000 0.00000000 0.83626068 0.54833208
631.198000000 -2.673263 1.240232 0.000000 0.00000000 0.00000000 0.84270803 0.53837085
631.323000000 -2.676789 1.255748 0.000000 0.00000000 0.00000000 0.84978761 0.52712523
631.448000000 -2.682156 1.266536 0.000000 0.00000000 0.00000000 0.85628374 0.51650572
631.573000000 -2.688824 1.275406 0.000000 0.00000000 0.00000000 0.86270592 0.50570594
631.698000000 -2.699028 1.287035 0.000000 0.00000000 0.00000000 0.86854359 0.49561279
631.823000000 -2.705240 1.296835 0.000000 0.00000000 0.00000000 0.87449213 0.48503970
631.948000000 -2.711449 1.308599 0.000000 0.00000000 0.00000000 0.88082618 0.47343980
632.073000000 -2.718041 1.320372 0.000000 0.00000000 0.00000000 0.88647265 0.46278098
632.198000000 -2.725448 1.328708 0.000000 0.00000000 0.00000000 0.89244214 0.45116186
632.323000000 -2.728940 1.338619 0.000000 0.00000000 0.00000000 0.89816532 0.43965789
632.448000000 -2.739783 1.348996 0.000000 0.00000000 0.00000000 0.90361899 0.42833717
632.573000000 -2.744854 1.357574 0.000000 0.00000000 0.00000000 0.90876973 0.41729794
632.698000000 -2.755963 1.366441 0.000000 0.00000000 0.00000000 0.91374646 0.40628487
632.823000000 -2.760733 1.375917 0.000000 0.00000000 0.00000000 0.91890531 0.39447818
632.948000000 -2.773901 1.386469 0.000000 0.00000000 0.00000000 0.92369570 0.38312693
633.073000000 -2.778878 1.393414 0.000000 0.00000000 0.00000000 0.92839920 0.37158434
633.198000000 -2.791843 1.403551 0.000000 0.00000000 0.00000000 0.93274968 0.36052468
633.323000000 -2.798770 1.411041 0.000000 0.00000000 0.00000000 0.93726705 0.34861222
633.448000000 -2.805242 1.421096 0.000000 0.00000000 0.00000000 0.94184105 0.33605868
633.573000000 -2.818378 1.427683 0.000000 0.00000000 0.00000000 0.94566606 0.32513952
633.698000000 -2.828928 1.436099 0.000000 0.00000000 0.00000000 0.95006356 0.31205645
633.823000000 -2.840610 1.442051 0.000000 0.00000000 0.00000000 0.95528027 0.29570190
633.948000000 -2.847958 1.450396 0.000000 0.00000000 0.00000000 0.96201357 0.27300164
634.073000000 -2.856457 1.453568 0.000000 0.00000000 0.00000000 0.96880596 0.24782051
634.198000000 -2.874325 1.462619 0.000000 0.00000000 0.00000000 0.97454767 0.22418036
634.323000000 -2.887635 1.466983 0.000000 0.00000000 0.00000000 0.97967773 0.20057802
634.448000000 -2.898318 1.471639 0.000000 0.00000000 0.00000000 0.98438032 0.17605505
634.573000000 -2.909478 1.477391 0.000000 0.00000000 0.00000000 0.98852963 0.15102704
634.698000000 -2.924406 1.479262 0.000000 0.00000000 0.00000000 0.99224564 0.12429232
634.823000000 -2.936638 1.482004 0.000000 0.00000000 0.00000000 0.99569496 0.09269056
634.948000000 -2.946069 1.484150 0.000000 0.00000000 0.00000000 0.99844347 0.05577304
635.073000000 -2.958391 1.483205 0.000000 0.00000000 0.00000000 0.99982650 0.01862738
635.198000000 -2.972273 1.485235 0.000000 0.00000000 0.00000000 0.99983433 -0.01820224
635.323000000 -2.984211 1.482327 0.000000 0.00000000 0.00000000 0.99844371 -0.05576884
635.448000000 -2.998085 1.480167 0.000000 0.00000000 0.00000000 0.99564313 -0.09324571
635.573000000 -3.008827 1.477488 0.000000 0.00000000 0.00000000 0.99155916 -0.12965505
635.698000000 -3.021038 1.475005 0.000000 0.00000000 0.00000000 0.98598361 -0.16684218
635.823000000 -3.031264 1.470342 0.000000 0.00000000 0.00000000 0.97908479 -0.20345261
635.948000000 -3.042105 1.465050 0.000000 0.00000000 0.00000000 0.97064909 -0.24050020
636.073000000 -3.055713 1.459084 0.000000 0.00000000 0.00000000 0.96172247 -0.27402535
636.198000000 -3.061958 1.452207 0.000000 0.00000000 0.00000000 0.95270679 -0.30389107
636.323000000 -3.074648 1.443455 0.000000 0.00000000 0.00000000 0.94451550 -0.32846684
636.448000000 -3.083159 1.435238 0.000000 0.00000000 0.00000000 0.93597792 -0.35205871
636.573000000 -3.097606 1.425229 0.000000 0.00000000 0.00000000 0.92696281 -0.37515324
636.698000000 -3.101911 1.416609 0.000000 0.00000000 0.00000000 0.91734426 -0.39809484
636.823000000 -3.111311 1.408093 0.000000 0.00000000 0.00000000 0.90906632 -0.41665145
636.948000000 -3.115743 1.398917 0.000000 0.00000000 0.00000000 0.90255209 -0.43058069
637.073000000 -3.124886 1.388615 0.000000 0.00000000 0.00000000 0.89754538 -0.44092208
637.198000000 -3.135479 1.377217 0.000000 0.00000000 0.00000000 0.89207012 -0.45189701
637.323000000 -3.137500 1.369068 0.000000 0.00000000 0.00000000 0.88606641 -0.46355831
637.448000000 -3.146831 1.358964 0.000000 0.00000000 0.00000000 0.88047729 -0.47408832
637.573000000 -3.153795 1.346429 0.000000 0.00000000 0.00000000 0.87433422 -0.48532430
637.698000000 -3.161100 1.337318 0.000000 0.00000000 0.00000000 0.86855622 -0.49559065
637.823000000 -3.166904 1.325541 0.000000 0.00000000 0.00000000 -0.86236359 0.50628949
637.948000000 -3.172926 1.315639 0.000000 0.00000000 0.00000000 -0.85782840 0.51393622
638.073000000 -3.178302 1.302377 0.000000 0.00000000 0.00000000 -0.85636676 0.51636807
638.198000000 -3.186481 1.291448 0.000000 0.00000000 0.00000000 -0.85675361 0.51572594
638.323000000 -3.188941 1.283689 0.000000 0.00000000 0.00000000 -0.85623976 0.51657863
638.448000000 -3.195381 1.271417 0.000000 0.00000000 0.00000000 -0.85639231 0.51632569
638.573000000 -3.203286 1.259628 0.000000 0.00000000 0.00000000 -0.85684778 0.51556947
638.698000000 -3.209523 1.250461 0.000000 0.00000000 0.00000000 -0.85656202 0.51604409
638.823000000 -3.213684 1.237060 0.000000 0.00000000 0.00000000 -0.85658180 0.51601126
638.948000000 -3.214480 1.227730 0.000000 0.00000000 0.00000000 -0.85620056 0.51664359
639.073000000 -3.223112 1.216189 0.000000 0.00000000 0.00000000 -0.85635998 0.51637930
639.198000000 -3.229528 1.204434 0.000000 0.00000000 0.00000000 -0.85645463 0.51622230
639.323000000 -3.239705 1.193622 0.000000 0.00000000 0.00000000 -0.85657453 0.51602333
639.448000000 -3.243587 1.183253 0.000000 0.00000000 0.00000000 -0.85670827 0.51580126
639.573000000 -3.247766 1.172293 0.000000 0.00000000 0.00000000 -0.85649089 0.51616214
639.698000000 -3.253352 1.162291 0.000000 0.00000000 0.00000000 -0.85651519 0.51612181
639.823000000 -3.259053 1.149860 0.000000 0.00000000 0.00000000 -0.85648268 0.51617576
639.948000000 -3.266754 1.138315 0.000000 0.00000000 0.00000000 -0.85652198 0.51611055
640.073000000 -3.276159 1.127265 0.000000 0.00000000 0.00000000 -0.85675279 0.51572731
640.198000000 -3.280037 1.117132 0.000000 0.00000000 0.00000000 -0.85641051 0.51629549
640.323000000 -3.283921 1.106263 0.000000 0.00000000 0.00000000 -0.85650312 0.51614185
640.448000000 -3.288989 1.094962 0.000000 0.00000000 0.00000000 -0.85651991 0.51611399
640.573000000 -3.299730 1.083413 0.000000 0.00000000 0.00000000 -0.85670327 0.51580956
640.698000000 -3.303861 1.071186 0.000000 0.00000000 0.00000000 -0.85658599 0.51600430
640.823000000 -3.308445 1.063437 0.000000 0.00000000 0.00000000 -0.85636977 0.51636306
640.948000000 -3.315996 1.049143 0.000000 0.00000000 0.00000000 -0.85662673 0.51593667
641.073000000 -3.322090 1.038047 0.000000 0.00000000 0.00000000 -0.85679889 0.51565071
641.198000000 -3.323639 1.028504 0.000000 0.00000000 0.00000000 -0.85627279 0.51652387
641.323000000 -3.331022 1.017206 0.000000 0.00000000 0.00000000 -0.85614369 0.51673783
641.448000000 -3.334596 1.006640 0.000000 0.00000000 0.00000000 -0.85621535 0.51661909
641.573000000 -3.343166 0.996798 0.000000 0.00000000 0.00000000 -0.85628979 0.51649569
641.698000000 -3.348430 0.983471 0.000000 0.00000000 0.00000000 -0.85652003 0.51611378
641.823000000 -3.352064 0.973254 0.000000 0.00000000 0.00000000 -0.85610536 0.51680133
641.948000000 -3.359367 0.962156 0.000000 0.00000000 0.00000000 -0.85640582 0.51630327
642.073000000 -3.358864 0.951431 0.000000 0.00000000 0.00000000 -0.85612561 0.51676777
642.198000000 -3.366625 0.940626 0.000000 0.00000000 0.00000000 -0.85613589 0.51675076
642.323000000 -3.375960 0.929961 0.000000 0.00000000 0.00000000 -0.85609669 0.51681569
642.448000000 -3.382244 0.917390 0.000000 0.00000000 0.00000000 -0.85619811 0.51664765
642.573000000 -3.386660 0.908555 0.000000 0.00000000 0.00000000 -0.85639314 0.51632431
642.698000000 -3.397251 0.897024 0.000000 0.00000000 0.00000000 -0.85621708 0.51661621
642.823000000 -3.395099 0.884448 0.000000 0.00000000 0.00000000 -0.85596109 0.51704024
642.948000000 -3.405297 0.874002 0.000000 0.00000000 0.00000000 -0.85628398 0.51650532
643.073000000 -3.407558 0.864097 0.000000 0.00000000 0.00000000 -0.85614983 0.51672765
643.198000000 -3.416329 0.850515 0.000000 0.00000000 0.00000000 -0.85622736 0.51659918
643.323000000 -3.426348 0.840365 0.000000 0.00000000 0.00000000 -0.85666465 0.51587370
643.448000000 -3.424945 0.829535 0.000000 0.00000000 0.00000000 -0.85773936 0.51408481
643.573000000 -3.433646 0.819415 0.000000 0.00000000 0.00000000 -0.86195437 0.50698586
643.698000000 -3.444748 0.806676 0.000000 0.00000000 0.00000000 0.86779949 -0.49691453
643.823000000 -3.443685 0.797080 0.000000 0.00000000 0.00000000 0.87356156 -0.48671367
643.948000000 -3.453495 0.786547 0.000000 0.00000000 0.00000000 0.87985068 -0.47525024
644.073000000 -3.462953 0.775792 0.000000 0.00000000 0.00000000 0.88566688 -0.46432119
644.198000000 -3.467755 0.765476 0.000000 0.00000000 0.00000000 0.89116834 -0.45367278
644.323000000 -3.478535 0.754663 0.000000 0.00000000 0.00000000 0.89673446 -0.44256898
644.448000000 -3.477549 0.744989 0.000000 0.00000000 0.00000000 0.90228658 -0.43113679
644.573000000 -3.491872 0.736755 0.000000 0.00000000 0.00000000 0.90761872 -0.41979550
644.698000000 -3.501113 0.726368 0.000000 0.00000000 0.00000000 0.91287254 -0.40824470
644.823000000 -3.507980 0.719450 0.000000 0.00000000 0.00000000 0.91794057 -0.39671791
644.948000000 -3.517651 0.709617 0.000000 0.00000000 0.00000000 0.92249755 -0.38600295
645.073000000 -3.523125 0.699816 0.000000 0.00000000 0.00000000 0.92732720 -0.37425160
645.198000000 -3.535059 0.691316 0.000000 0.00000000 0.00000000 0.93239305 -0.36144598
645.323000000 -3.540994 0.685303 0.000000 0.00000000 0.00000000 0.93650862 -0.35064456
645.448000000 -3.558156 0.676160 0.000000 0.00000000 0.00000000 0.94107820 -0.33818903
645.573000000 -3.564589 0.667725 0.000000 0.00000000 0.00000000 0.94505511 -0.32691107
645.698000000 -3.576922 0.659675 0.000000 0.00000000 0.00000000 0.94930974 -0.31434221
645.823000000 -3.583683 0.653216 0.000000 0.00000000 0.00000000 0.95299813 -0.30297617
645.948000000 -3.597566 0.647166 0.000000 0.00000000 0.00000000 0.95655467 -0.29155300
646.073000000 -3.603615 0.639441 0.000000 0.00000000 0.00000000 0.96020266 -0.27930424
646.198000000 -3.616746 0.632676 0.000000 0.00000000 0.00000000 0.96359634 -0.26736135
646.323000000 -3.619140 0.627183 0.000000 0.00000000 0.00000000 0.96671502 -0.25585555
646.448000000 -3.639017 0.618917 0.000000 0.00000000 0.00000000 0.97005135 -0.24289995
646.573000000 -3.643792 0.614653 0.000000 0.00000000 0.00000000 0.97279384 -0.23167249
646.698000000 -3.662752 0.609144 0.000000 0.00000000 0.00000000 0.97577404 -0.21878077
646.823000000 -3.670863 0.605911 0.000000 0.00000000 0.00000000 0.97834794 -0.20696691
646.948000000 -3.677895 0.597882 0.000000 0.00000000 0.00000000 0.98086931 -0.19466738
647.073000000 -3.692771 0.595618 0.000000 0.00000000 0.00000000 0.98305534 -0.18330900
647.198000000 -3.702357 0.589605 0.000000 0.00000000 0.00000000 0.98531249 -0.17076095
647.323000000 -3.717349 0.584781 0.000000 0.00000000 0.00000000 0.98741391 -0.15815741
647.448000000 -3.724349 0.579900 0.000000 0.00000000 0.00000000 0.98927444 -0.14606875
647.573000000 -3.739376 0.576885 0.000000 0.00000000 0.00000000 0.99101083 -0.13378168
647.698000000 -3.750580 0.573990 0.000000 0.00000000 0.00000000 0.99262849 -0.12119687
647.823000000 -3.760480 0.572389 0.000000 0.00000000 0.00000000 0.99407835 -0.10866574
647.948000000 -3.770840 0.569144 0.000000 0.00000000 0.00000000 0.99531955 -0.09663846
648.073000000 -3.784848 0.567352 0.000000 0.00000000 0.00000000 0.99643627 -0.08434900
648.198000000 -3.804792 0.566283 0.000000 0.00000000 0.00000000 0.99744825 -0.07139326
648.323000000 -3.809779 0.563904 0.000000 0.00000000 0.00000000 0.99824447 -0.05922813
648.448000000 -3.825740 0.562825 0.000000 0.00000000 0.00000000 0.99891509 -0.04656859
648.573000000 -3.840769 0.561466 0.000000 0.00000000 0.00000000 0.99940653 -0.03444683
648.698000000 -3.847484 0.560150 0.000000 0.00000000 0.00000000 0.99975269 -0.02223871
648.823000000 -3.854460 0.559531 0.000000 0.00000000 0.00000000 0.99994958 -0.01004183
648.948000000 -3.870992 0.560109 0.000000 0.00000000 0.00000000 0.99999376 0.00353406
649.073000000 -3.884384 0.560602 0.000000 0.00000000 0.00000000 0.99987837 0.01559663
649.198000000 -3.898183 0.562297 0.000000 0.00000000 0.00000000 0.99965262 0.02635589
649.323000000 -3.906375 0.563000 0.000000 0.00000000 0.00000000 0.99941282 0.03426394
649.448000000 -3.922592 0.562945 0.000000 0.00000000 0.00000000 0.99932786 0.03665819
649.573000000 -3.928753 0.564508 0.000000 0.00000000 0.00000000 0.99939440 0.03479702
649.698000000 -3.942519 0.566312 0.000000 0.00000000 0.00000000 0.99960546 0.02808767
649.823000000 -3.962111 0.566502 0.000000 0.00000000 0.00000000 0.99975020 0.02235024
649.948000000 -3.972891 0.567791 0.000000 0.00000000 0.00000000 0.99986743 0.01628280
650.073000000 -3.976511 0.566616 0.000000 0.00000000 0.00000000 0.99994942 0.01005796
650.198000000 -3.988210 0.567250 0.000000 0.00000000 0.00000000 0.99999391 0.00349058
650.323000000 -4.002261 0.567334 0.000000 0.00000000 0.00000000 0.99999598 -0.00283473
650.448000000 -4.016664 0.568101 0.000000 0.00000000 0.00000000 0.99996577 -0.00827350
650.573000000 -4.024048 0.567956 0.000000 0.00000000 0.00000000 0.99988742 -0.01500521
650.698000000 -4.046223 0.567052 0.000000 0.00000000 0.00000000 0.99977997 -0.02097641
650.823000000 -4.059676 0.564506 0.000000 0.00000000 0.00000000 0.99963149 -0.02714563
650.948000000 -4.078380 0.564169 0.000000 0.00000000 0.00000000 0.99945507 -0.03300857
651.073000000 -4.084077 0.562532 0.000000 0.00000000 0.00000000 0.99923607 -0.03908035
651.198000000 -4.094341 0.563581 0.000000 0.00000000 0.00000000 0.99897550 -0.04525431
651.323000000 -4.109783 0.560656 0.000000 0.00000000 0.00000000 0.99866998 -0.05155833
651.448000000 -4.122631 0.559656 0.000000 0.00000000 0.00000000 0.99834939 -0.05743252
651.573000000 -4.136452 0.557420 0.000000 0.00000000 0.00000000 0.99795031 -0.06399354
651.698000000 -4.144264 0.556604 0.000000 0.00000000 0.00000000 0.99750109 -0.07065115
651.823000000 -4.157419 0.555108 0.000000 0.00000000 0.00000000 0.99703916 -0.07689543
651.948000000 -4.168235 0.552764 0.000000 0.00000000 0.00000000 0.99662022 -0.08214708
652.073000000 -4.183926 0.550663 0.000000 0.00000000 0.00000000 0.99605145 -0.08877781
652.198000000 -4.197528 0.548974 0.000000 0.00000000 0.00000000 0.99548383 -0.09493126
652.323000000 -4.212744 0.544100 0.000000 0.00000000 0.00000000 0.99483249 -0.10152989
652.448000000 -4.222025 0.541588 0.000000 0.00000000 0.00000000 0.99412807 -0.10820991
652.573000000 -4.238314 0.539575 0.000000 0.00000000 0.00000000 0.99344411 -0.11431889
652.698000000 -4.242837 0.539540 0.000000 0.00000000 0.00000000 0.99294688 -0.11856008
652.823000000 -4.262730 0.535108 0.000000 0.00000000 0.00000000 0.99200521 -0.12619695
652.948000000 -4.269187 0.531694 0.000000 0.00000000 0.00000000 0.99128719 -0.13171827
653.073000000 -4.285606 0.527541 0.000000 0.00000000 0.00000000 0.99038467 -0.13834087
653.198000000 -4.294948 0.523638 0.000000 0.00000000 0.00000000 0.98950973 -0.14446622
653.323000000 -4.308269 0.518544 0.000000 0.00000000 0.00000000 0.98853944 -0.15096280
653.448000000 -4.310556 0.517027 0.000000 0.00000000 0.00000000 0.98769940 -0.15636461
653.573000000 -4.327685 0.512081 0.000000 0.00000000 0.00000000 0.98668557 -0.16263942
653.698000000 -4.337929 0.510444 0.000000 0.00000000 0.00000000 0.98556208 -0.16931449
653.823000000 -4.355194 0.505922 0.000000 0.00000000 0.00000000 0.98451770 -0.17528517
653.948000000 -4.362248 0.502700 0.000000 0.00000000 0.00000000 0.98332444 -0.18185994
654.073000000 -4.376230 0.496257 0.000000 0.00000000 0.00000000 0.98216663 -0.18801252
654.198000000 -4.392043 0.491016 0.000000 0.00000000 0.00000000 0.98095069 -0.19425690
654.323000000 -4.404120 0.486001 0.000000 0.00000000 0.00000000 0.98013421 -0.19833542
654.448000000 -4.418926 0.481981 0.000000 0.00000000 0.00000000 0.98005198 -0.19874132
654.573000000 -4.423942 0.476872 0.000000 0.00000000 0.00000000 0.98008020 -0.19860212
654.698000000 -4.433589 0.473254 0.000000 0.00000000 0.00000000 0.98008371 -0.19858481
654.823000000 -4.451970 0.466570 0.000000 0.00000000 0.00000000 0.98026890 -0.19766864
654.948000000 -4.459126 0.461908 0.000000 0.00000000 0.00000000 0.98135271 -0.19221566
655.073000000 -4.469797 0.457138 0.000000 0.00000000 0.00000000 0.98235726 -0.18701393
655.198000000 -4.485329 0.452368 0.000000 0.00000000 0.00000000 0.98362161 -0.18024574
655.323000000 -4.499845 0.450172 0.000000 0.00000000 0.00000000 0.98478554 -0.17377410
655.448000000 -4.502033 0.444771 0.000000 0.00000000 0.00000000 0.98586587 -0.16753655
655.573000000 -4.520495 0.440085 0.000000 0.00000000 0.00000000 0.98681713 -0.16183931
655.698000000 -4.526915 0.437686 0.000000 0.00000000 0.00000000 0.98801679 -0.15434646
655.823000000 -4.543038 0.433121 0.000000 0.00000000 0.00000000 0.98896309 -0.14816207
655.948000000 -4.550348 0.428082 0.000000 0.00000000 0.00000000 0.98973236 -0.14293304
656.073000000 -4.564027 0.425342 0.000000 0.00000000 0.00000000 0.99066351 -0.13632977
656.198000000 -4.573828 0.421042 0.000000 0.00000000 0.00000000 0.99142880 -0.13064816
656.323000000 -4.586013 0.419282 0.000000 0.00000000 0.00000000 0.99223870 -0.12434778
656.448000000 -4.601057 0.416367 0.000000 0.00000000 0.00000000 0.99298187 -0.11826665
656.573000000 -4.612027 0.414553 0.000000 0.00000000 0.00000000 0.99365189 -0.11249857
656.698000000 -4.622775 0.410217 0.000000 0.00000000 0.00000000 0.99442481 -0.10544811
656.823000000 -4.639173 0.407654 0.000000 0.00000000 0.00000000 0.99499935 -0.09988137
656.948000000 -4.648407 0.406134 0.000000 0.00000000 0.00000000 0.99561143 -0.09358349
657.073000000 -4.661481 0.405906 0.000000 0.00000000 0.00000000 0.99623396 -0.08670577
657.198000000 -4.675130 0.401949 0.000000 0.00000000 0.00000000 0.99669438 -0.08124230
657.323000000 -4.687551 0.399078 0.000000 0.00000000 0.00000000 0.99714082 -0.07556583
657.448000000 -4.697995 0.397160 0.000000 0.00000000 0.00000000 0.99761414 -0.06903638
657.573000000 -4.710980 0.397885 0.000000 0.00000000 0.00000000 0.99805034 -0.06241404
657.698000000 -4.722803 0.394301 0.000000 0.00000000 0.00000000 0.99839611 -0.05661457
657.823000000 -4.734444 0.393432 0.000000 0.00000000 0.00000000 0.99874901 -0.05000411
657.948000000 -4.751876 0.392097 0.000000 0.00000000 0.00000000 0.99903604 -0.04389744
658.073000000 -4.760202 0.391606 0.000000 0.00000000 0.00000000 0.99928869 -0.03771093
658.198000000 -4.775282 0.390206 0.000000 0.00000000 0.00000000 0.99950417 -0.03148679
658.323000000 -4.786570 0.387728 0.000000 0.00000000 0.00000000 0.99965929 -0.02610181
658.448000000 -4.801535 0.389432 0.000000 0.00000000 0.00000000 0.99982045 -0.01894890
658.573000000 -4.807931 0.387898 0.000000 0.00000000 0.00000000 0.99991584 -0.01297378
658.698000000 -4.826307 0.388593 0.000000 0.00000000 0.00000000 0.99998094 -0.00617353
658.823000000 -4.832179 0.386998 0.000000 0.00000000 0.00000000 0.99999992 -0.00038795
658.948000000 -4.849423 0.389716 0.000000 0.00000000 0.00000000 0.99998107 0.00615276
659.073000000 -4.862857 0.386508 0.000000 0.00000000 0.00000000 0.99994211 0.01076016
659.198000000 -4.875445 0.387972 0.000000 0.00000000 0.00000000 0.99993478 0.01142125
659.323000000 -4.884835 0.389253 0.000000 0.00000000 0.00000000 0.99993507 0.01139507
659.448000000 -4.898646 0.388329 0.000000 0.00000000 0.00000000 0.99993115 0.01173427
659.573000000 -4.910410 0.388203 0.000000 0.00000000 0.00000000 0.99993557 0.01135136
659.698000000 -4.925366 0.388530 0.000000 0.00000000 0.00000000 0.99993501 0.01140040
659.823000000 -4.935289 0.389372 0.000000 0.00000000 0.00000000 0.99993178 0.01168081
659.948000000 -4.946147 0.389325 0.000000 0.00000000 0.00000000 0.99993665 0.01125575
660.073000000 -4.959667 0.392662 0.000000 0.00000000 0.00000000 0.99993132 0.01171953
660.198000000 -4.974555 0.389454 0.000000 0.00000000 0.00000000 0.99993647 0.01127198
660.323000000 -4.985604 0.390644 0.000000 0.00000000 0.00000000 0.99993838 0.01110161
660.448000000 -4.997962 0.390569 0.000000 0.00000000 0.00000000 0.99992968 0.01185925
660.573000000 -5.007874 0.391923 0.000000 0.00000000 0.00000000 0.99993437 0.01145694
660.698000000 -5.023175 0.392503 0.000000 0.00000000 0.00000000 0.99994204 0.01076686
660.823000000 -5.036540 0.391815 0.000000 0.00000000 0.00000000 0.99993752 0.01117866
660.948000000 -5.046721 0.392006 0.000000 0.00000000 0.00000000 0.99993513 0.01139059
661.073000000 -5.060965 0.394123 0.000000 0.00000000 0.00000000 0.99992860 0.01194934
661.198000000 -5.072676 0.392230 0.000000 0.00000000 0.00000000 0.99993295 0.01158025
661.323000000 -5.085790 0.390775 0.000000 0.00000000 0.00000000 0.99994340 0.01063985
661.448000000 -5.096876 0.394263 0.000000 0.00000000 0.00000000 0.99993679 0.01124392
661.573000000 -5.104525 0.393338 0.000000 0.00000000 0.00000000 0.99993493 0.01140776
661.698000000 -5.120996 0.393303 0.000000 0.00000000 0.00000000 0.99993531 0.01137440
661.823000000 -5.136306 0.395052 0.000000 0.00000000 0.00000000 0.99993099 0.01174802
661.948000000 -5.145790 0.394901 0.000000 0.00000000 0.00000000 0.99993733 0.01119553
662.073000000 -5.157676 0.396629 0.000000 0.00000000 0.00000000 0.99993205 0.01165768
662.198000000 -5.170927 0.394386 0.000000 0.00000000 0.00000000 0.99993445 0.01144950
662.323000000 -5.185733 0.394298 0.000000 0.00000000 0.00000000 0.99993951 0.01099890
662.448000000 -5.198682 0.394826 0.000000 0.00000000 0.00000000 0.99993362 0.01152230
662.573000000 -5.211372 0.394939 0.000000 0.00000000 0.00000000 0.99993511 0.01139197
662.698000000 -5.225080 0.396734 0.000000 0.00000000 0.00000000 0.99993374 0.01151137
662.823000000 -5.236314 0.394968 0.000000 0.00000000 0.00000000 0.99993534 0.01137164
662.948000000 -5.248591 0.396539 0.000000 0.00000000 0.00000000 0.99993027 0.01180948
663.073000000 -5.260110 0.398321 0.000000 0.00000000 0.00000000 0.99993358 0.01152506
663.198000000 -5.269682 0.397456 0.000000 0.00000000 0.00000000 0.99992799 0.01200071
663.323000000 -5.285736 0.398278 0.000000 0.00000000 0.00000000 0.99993073 0.01177035
663.448000000 -5.301327 0.394375 0.000000 0.00000000 0.00000000 0.99993751 0.01117959
663.573000000 -5.311514 0.398021 0.000000 0.00000000 0.00000000 0.99993147 0.01170696
663.698000000 -5.323396 0.396850 0.000000 0.00000000 0.00000000 0.99993433 0.01146061
663.823000000 -5.339385 0.396956 0.000000 0.00000000 0.00000000 0.99993125 0.01172616
663.948000000 -5.348719 0.399394 0.000000 0.00000000 0.00000000 0.99985273 0.01716142
664.073000000 -5.363922 0.397637 0.000000 0.00000000 0.00000000 0.99967367 0.02554518
664.198000000 -5.372111 0.398700 0.000000 0.00000000 0.00000000 0.99927662 0.03802939
664.323000000 -5.389907 0.403805 0.000000 0.00000000 0.00000000 0.99869896 0.05099399
664.448000000 -5.399989 0.405685 0.000000 0.00000000 0.00000000 0.99800916 0.06306916
664.573000000 -5.410571 0.403340 0.000000 0.00000000 0.00000000 0.99719635 0.07482944
664.698000000 -5.423392 0.406054 0.000000 0.00000000 0.00000000 0.99615486 0.08760992
664.823000000 -5.435629 0.409483 0.000000 0.00000000 0.00000000 0.99499164 0.09995815
664.948000000 -5.448883 0.413026 0.000000 0.00000000 0.00000000 0.99364547 0.11255520
665.073000000 -5.459366 0.415252 0.000000 0.00000000 0.00000000 0.99218466 0.12477823
665.198000000 -5.470490 0.416506 0.000000 0.00000000 0.00000000 0.99058422 0.13690473
665.323000000 -5.484494 0.422103 0.000000 0.00000000 0.00000000 0.98872041 0.14977299
665.448000000 -5.496263 0.427241 0.000000 0.00000000 0.00000000 0.98671970 0.16243225
665.573000000 -5.506968 0.431604 0.000000 0.00000000 0.00000000 0.98461537 0.17473572
665.698000000 -5.517606 0.437222 0.000000 0.00000000 0.00000000 0.98230515 0.18728747
665.823000000 -5.530264 0.439986 0.000000 0.00000000 0.00000000 0.98004097 0.19879561
665.948000000 -5.542383 0.447994 0.000000 0.00000000 0.00000000 0.97730876 0.21181970
666.073000000 -5.554001 0.450539 0.000000 0.00000000 0.00000000 0.97467618 0.22362100
666.198000000 -5.565078 0.454921 0.000000 0.00000000 0.00000000 0.97189440 0.23541724
666.323000000 -5.576218 0.462676 0.000000 0.00000000 0.00000000 0.96887643 0.24754488
666.448000000 -5.586397 0.467423 0.000000 0.00000000 0.00000000 0.96572218 0.25957787
666.573000000 -5.596191 0.475263 0.000000 0.00000000 0.00000000 0.96228383 0.27204747
666.698000000 -5.604130 0.480361 0.000000 0.00000000 0.00000000 0.95903027 0.28330361
666.823000000 -5.616545 0.489031 0.000000 0.00000000 0.00000000 0.95534997 0.29547663
666.948000000 -5.629166 0.495277 0.000000 0.00000000 0.00000000 0.95163275 0.30723787
667.073000000 -5.638210 0.502502 0.000000 0.00000000 0.00000000 0.94771636 0.31911393
667.198000000 -5.648695 0.510922 0.000000 0.00000000 0.00000000 0.94365867 0.33092040
667.323000000 -5.657939 0.520980 0.000000 0.00000000 0.00000000 0.93939876 0.34282644
667.448000000 -5.666547 0.526441 0.000000 0.00000000 0.00000000 0.93502716 0.35457609
667.573000000 -5.675382 0.533699 0.000000 0.00000000 0.00000000 0.93063479 0.36594928
667.698000000 -5.682771 0.545147 0.000000 0.00000000 0.00000000 0.92605503 0.37738851
667.823000000 -5.693747 0.554189 0.000000 0.00000000 0.00000000 0.92111103 0.38929997
667.948000000 -5.701915 0.563553 0.000000 0.00000000 0.00000000 0.91623841 0.40063347
668.073000000 -5.711639 0.572084 0.000000 0.00000000 0.00000000 0.91124769 0.41185876
668.198000000 -5.719984 0.580264 0.000000 0.00000000 0.00000000 0.90605107 0.42316835
668.323000000 -5.726332 0.592553 0.000000 0.00000000 0.00000000 0.90062416 0.43459880
668.448000000 -5.734263 0.600985 0.000000 0.00000000 0.00000000 0.89518802 0.44568870
668.573000000 -5.741523 0.610997 0.000000 0.00000000 0.00000000 0.88955788 0.45682248
668.698000000 -5.749942 0.621968 0.000000 0.00000000 0.00000000 0.88381276 0.46784079
668.823000000 -5.756907 0.630056 0.000000 0.00000000 0.00000000 0.87804013 0.47858701
668.948000000 -5.764000 0.641234 0.000000 0.00000000 0.00000000 0.87204757 0.48942113
669.073000000 -5.766061 0.652253 0.000000 0.00000000 0.00000000 0.86568671 0.50058617
669.198000000 -5.773635 0.664043 0.000000 0.00000000 0.00000000 0.85926590 0.51152920
669.323000000 -5.781429 0.671712 0.000000 0.00000000 0.00000000 0.85327848 0.52145550
669.448000000 -5.788276 0.684665 0.000000 0.00000000 0.00000000 0.84675898 0.53197671
669.573000000 -5.789553 0.695622 0.000000 0.00000000 0.00000000 0.83990195 0.54273817
669.698000000 -5.799033 0.707206 0.000000 0.00000000 0.00000000 0.83297261 0.55331423
669.823000000 -5.801453 0.719178 0.000000 0.00000000 0.00000000 0.82628917 0.56324613
669.948000000 -5.807609 0.730765 0.000000 0.00000000 0.00000000 0.81925546 0.57342872
670.073000000 -5.811440 0.742590 0.000000 0.00000000 0.00000000 0.81192535 0.58376128
670.198000000 -5.814875 0.754575 0.000000 0.00000000 0.00000000 0.80430924 0.59421095
670.323000000 -5.818266 0.768732 0.000000 0.00000000 0.00000000 0.79672123 0.60434699
670.448000000 -5.818664 0.776894 0.000000 0.00000000 0.00000000 0.78950696 0.61374160
670.573000000 -5.823583 0.793048 0.000000 0.00000000 0.00000000 0.78168570 0.62367256
670.698000000 -5.824938 0.800825 0.000000 0.00000000 0.00000000 0.77424212 0.63288951
670.823000000 -5.827280 0.813390 0.000000 0.00000000 0.00000000 0.76600952 0.64282922
670.948000000 -5.831953 0.826728 0.000000 0.00000000 0.00000000 0.75799788 0.65225701
671.073000000 -5.831757 0.839583 0.000000 0.00000000 0.00000000 0.74991214 0.66153744
671.198000000 -5.834136 0.853629 0.000000 0.00000000 0.00000000 0.74127594 0.67120040
671.323000000 -5.833013 0.865271 0.000000 0.00000000 0.00000000 0.73283689 0.68040436
671.448000000 -5.835135 0.875330 0.000000 0.00000000 0.00000000 0.72439907 0.68938088
671.573000000 -5.835165 0.891088 0.000000 0.00000000 0.00000000 0.71541966 0.69869501
671.698000000 -5.834561 0.901384 0.000000 0.00000000 0.00000000 0.70706053 0.70715303
671.823000000 -5.835049 0.914333 0.000000 0.00000000 0.00000000 0.69794859 0.71614786
671.948000000 -5.832873 0.926355 0.000000 0.00000000 0.00000000 0.68904843 0.72471529
672.073000000 -5.833415 0.937524 0.000000 0.00000000 0.00000000 0.68039047 0.73284979
672.198000000 -5.830603 0.955258 0.000000 0.00000000 0.00000000 0.67037633 0.74202128
672.323000000 -5.832626 0.964420 0.000000 0.00000000 0.00000000 0.66165103 0.74981192
672.448000000 -5.830849 0.978667 0.000000 0.00000000 0.00000000 0.65180302 0.75838831
672.573000000 -5.828685 0.990233 0.000000 0.00000000 0.00000000 0.64273679 0.76608708
672.698000000 -5.823998 1.000658 0.000000 0.00000000 0.00000000 0.63308951 0.77407859
672.823000000 -5.822657 1.012566 0.000000 0.00000000 0.00000000 0.62526248 0.78041453
672.948000000 -5.821826 1.022638 0.000000 0.00000000 0.00000000 0.62116741 0.78367790
673.073000000 -5.816497 1.037167 0.000000 0.00000000 0.00000000 0.61567089 0.78800340
673.198000000 -5.815113 1.051620 0.000000 0.00000000 0.00000000 0.61048559 0.79202737
673.323000000 -5.812235 1.064500 0.000000 0.00000000 0.00000000 0.60582286 0.79559956
673.448000000 -5.809391 1.072564 0.000000 0.00000000 0.00000000 0.60121666 0.79908606
673.573000000 -5.805745 1.086028 0.000000 0.00000000 0.00000000 0.59623401 0.80281069
673.698000000 -5.802367 1.098956 0.000000 0.00000000 0.00000000 0.59111669 0.80658605
673.823000000 -5.801307 1.111924 0.000000 0.00000000 0.00000000 0.58594639 0.81034982
673.948000000 -5.794681 1.121450 0.000000 0.00000000 0.00000000 0.58058061 0.81420277
674.073000000 -5.791696 1.133450 0.000000 0.00000000 0.00000000 0.57593634 0.81749454
674.198000000 -5.785068 1.145034 0.000000 0.00000000 0.00000000 0.57075313 0.82112171
674.323000000 -5.783145 1.154865 0.000000 0.00000000 0.00000000 0.56599861 0.82440619
674.448000000 -5.777107 1.167437 0.000000 0.00000000 0.00000000 0.56061846 0.82807424
674.573000000 -5.772394 1.178865 0.000000 0.00000000 0.00000000 0.55569760 0.83138450
674.698000000 -5.766787 1.189460 0.000000 0.00000000 0.00000000 0.55040093 0.83490049
674.823000000 -5.760147 1.202338 0.000000 0.00000000 0.00000000 0.54496010 0.83846198
674.948000000 -5.754496 1.214597 0.000000 0.00000000 0.00000000 0.53962522 0.84190535
675.073000000 -5.753884 1.222509 0.000000 0.00000000 0.00000000 0.53496395 0.84487489
675.198000000 -5.744746 1.234844 0.000000 0.00000000 0.00000000 0.52939243 0.84837707
675.323000000 -5.740228 1.246862 0.000000 0.00000000 0.00000000 0.52389452 0.85178315
675.448000000 -5.735636 1.257627 0.000000 0.00000000 0.00000000 0.51877193 0.85491267
675.573000000 -5.728889 1.271471 0.000000 0.00000000 0.00000000 0.51747599 0.85569772
675.698000000 -5.721527 1.282263 0.000000 0.00000000 0.00000000 0.51678229 0.85611685
675.823000000 -5.718094 1.292447 0.000000 0.00000000 0.00000000 0.51744567 0.85571606
675.948000000 -5.712952 1.303386 0.000000 0.00000000 0.00000000 0.51769955 0.85556249
676.073000000 -5.704853 1.313814 0.000000 0.00000000 0.00000000 0.52043938 0.85389862
676.198000000 -5.700759 1.325681 0.000000 0.00000000 0.00000000 0.52771037 0.84942437
676.323000000 -5.693438 1.338364 0.000000 0.00000000 0.00000000 0.53770330 0.84313413
676.448000000 -5.688356 1.351492 0.000000 0.00000000 0.00000000 0.54825421 0.83631174
676.573000000 -5.686276 1.361234 0.000000 0.00000000 0.00000000 0.55875044 0.82933585
676.698000000 -5.678223 1.373140 0.000000 0.00000000 0.00000000 0.56867308 0.82256363
676.823000000 -5.675584 1.382489 0.000000 0.00000000 0.00000000 0.57957435 0.81491937
676.948000000 -5.672162 1.394710 0.000000 0.00000000 0.00000000 0.58906513 0.80808556
677.073000000 -5.667229 1.407763 0.000000 0.00000000 0.00000000 0.59901672 0.80073652
677.198000000 -5.665637 1.419863 0.000000 0.00000000 0.00000000 0.60912151 0.79307691
677.323000000 -5.663846 1.430422 0.000000 0.00000000 0.00000000 0.61934975 0.78511521
677.448000000 -5.659793 1.441489 0.000000 0.00000000 0.00000000 0.62912749 0.77730213
677.573000000 -5.658068 1.455349 0.000000 0.00000000 0.00000000 0.63871970 0.76943950
677.698000000 -5.656331 1.468500 0.000000 0.00000000 0.00000000 0.64827695 0.76140462
677.823000000 -5.653324 1.479609 0.000000 0.00000000 0.00000000 0.65777279 0.75321640
677.948000000 -5.651758 1.490459 0.000000 0.00000000 0.00000000 0.66696605 0.74508811
678.073000000 -5.652428 1.504127 0.000000 0.00000000 0.00000000 0.67692592 0.73605115
678.198000000 -5.648726 1.517916 0.000000 0.00000000 0.00000000 0.68522993 0.72832681
678.323000000 -5.649655 1.530201 0.000000 0.00000000 0.00000000 0.69403863 0.71993776
678.448000000 -5.650006 1.542142 0.000000 0.00000000 0.00000000 0.70276538 0.71142169
678.573000000 -5.646953 1.554159 0.000000 0.00000000 0.00000000 0.71197590 0.70220390
678.698000000 -5.647408 1.567395 0.000000 0.00000000 0.00000000 0.72057628 0.69337568
678.823000000 -5.649357 1.581909 0.000000 0.00000000 0.00000000 0.72915625 0.68434725
678.948000000 -5.651398 1.593434 0.000000 0.00000000 0.00000000 0.73783012 0.67498645
679.073000000 -5.652804 1.602844 0.000000 0.00000000 0.00000000 0.74612956 0.66580078
679.198000000 -5.653871 1.616878 0.000000 0.00000000 0.00000000 0.75407217 0.65679157
679.323000000 -5.654492 1.629325 0.000000 0.00000000 0.00000000 0.76252026 0.64696433
679.448000000 -5.657448 1.641286 0.000000 0.00000000 0.00000000 0.77008614 0.63793992
679.573000000 -5.657478 1.653466 0.000000 0.00000000 0.00000000 0.77851107 0.62763087
679.698000000 -5.659645 1.666307 0.000000 0.00000000 0.00000000 0.78596217 0.61827459
679.823000000 -5.666339 1.680561 0.000000 0.00000000 0.00000000 0.79360873 0.60842845
679.948000000 -5.670383 1.691681 0.000000 0.00000000 0.00000000 0.80090355 0.59879338
680.073000000 -5.671252 1.703124 0.000000 0.00000000 0.00000000 0.80830453 0.58876463
680.198000000 -5.673084 1.715541 0.000000 0.00000000 0.00000000 0.81596980 0.57809453
680.323000000 -5.681022 1.726067 0.000000 0.00000000 0.00000000 0.82284933 0.56825961
680.448000000 -5.687362 1.740334 0.000000 0.00000000 0.00000000 0.83006975 0.55765958
680.573000000 -5.690272 1.749832 0.000000 0.00000000 0.00000000 0.83692570 0.54731652
680.698000000 -5.696947 1.760757 0.000000 0.00000000 0.00000000 0.84394764 0.53642557
680.823000000 -5.700529 1.771227 0.000000 0.00000000 0.00000000 0.85037552 0.52617628
680.948000000 -5.706182 1.784110 0.000000 0.00000000 0.00000000 0.85663716 0.51591935
681.073000000 -5.709301 1.794463 0.000000 0.00000000 0.00000000 0.86288257 0.50540446
681.198000000 -5.720882 1.805925 0.000000 0.00000000 0.00000000 0.86947265 0.49398109
681.323000000 -5.725523 1.815621 0.000000 0.00000000 0.00000000 0.87550658 0.48320619
681.448000000 -5.730205 1.828005 0.000000 0.00000000 0.00000000 0.88138276 0.47240284
681.573000000 -5.741234 1.837983 0.000000 0.00000000 0.00000000 0.88691390 0.46193477
681.698000000 -5.749984 1.847701 0.000000 0.00000000 0.00000000 0.89287338 0.45030782
681.823000000 -5.754959 1.854496 0.000000 0.00000000 0.00000000 0.89862787 0.43871170
681.948000000 -5.765242 1.868952 0.000000 0.00000000 0.00000000 0.90390543 0.42773236
682.073000000 -5.770912 1.879276 0.000000 0.00000000 0.00000000 0.90900675 0.41678140
682.198000000 -5.778226 1.885039 0.000000 0.00000000 0.00000000 0.91412876 0.40542399
682.323000000 -5.787665 1.894079 0.000000 0.00000000 0.00000000 0.91954181 0.39299219
682.448000000 -5.794341 1.903755 0.000000 0.00000000 0.00000000 0.92398472 0.38242940
682.573000000 -5.804961 1.914723 0.000000 0.00000000 0.00000000 0.92870779 0.37081241
682.698000000 -5.814441 1.920284 0.000000 0.00000000 0.00000000 0.93325943 0.35920306
682.823000000 -5.822518 1.926796 0.000000 0.00000000 0.00000000 0.93765571 0.34756550
682.948000000 -5.834371 1.936377 0.000000 0.00000000 0.00000000 0.94178808 0.33620710
683.073000000 -5.844343 1.946770 0.000000 0.00000000 0.00000000 0.94605546 0.32400473
683.198000000 -5.852326 1.950400 0.000000 0.00000000 0.00000000 0.95000304 0.31224066
683.323000000 -5.865498 1.957417 0.000000 0.00000000 0.00000000 0.95347026 0.30148708
683.448000000 -5.873410 1.963968 0.000000 0.00000000 0.00000000 0.95775903 0.28757196
683.573000000 -5.885280 1.971524 0.000000 0.00000000 0.00000000 0.96258653 0.27097448
683.698000000 -5.897657 1.980011 0.000000 0.00000000 0.00000000 0.96717736 0.25410224
683.823000000 -5.908579 1.986110 0.000000 0.00000000 0.00000000 0.97187983 0.23547738
683.948000000 -5.917974 1.988088 0.000000 0.00000000 0.00000000 0.97651521 0.21544846
684.073000000 -5.929340 1.994948 0.000000 0.00000000 0.00000000 0.98028980 0.19756492
684.198000000 -5.941119 1.996804 0.000000 0.00000000 0.00000000 0.98375809 0.17949937
684.323000000 -5.953245 2.004041 0.000000 0.00000000 0.00000000 0.98694633 0.16104949
684.448000000 -5.963217 2.006503 0.000000 0.00000000 0.00000000 0.98975965 0.14274393
684.573000000 -5.976213 2.011352 0.000000 0.00000000 0.00000000 0.99212900 0.12521999
684.698000000 -5.988157 2.013372 0.000000 0.00000000 0.00000000 0.99427169 0.10688223
684.823000000 -5.998616 2.018638 0.000000 0.00000000 0.00000000 0.99611127 0.08810408
684.948000000 -6.014408 2.019500 0.000000 0.00000000 0.00000000 0.99759679 0.06928670
685.073000000 -6.027520 2.018502 0.000000 0.00000000 0.00000000 0.99869823 0.05100835
685.198000000 -6.035731 2.017791 0.000000 0.00000000 0.00000000 0.99952068 0.03095812
685.323000000 -6.050424 2.024931 0.000000 0.00000000 0.00000000 0.99992410 0.01232045
685.448000000 -6.062833 2.021762 0.000000 0.00000000 0.00000000 0.99997558 -0.00698890
685.573000000 -6.076740 2.020762 0.000000 0.00000000 0.00000000 0.99969392 -0.02473984
685.698000000 -6.088429 2.022006 0.000000 0.00000000 0.00000000 0.99906151 -0.04331391
685.823000000 -6.103051 2.020237 0.000000 0.00000000 0.00000000 0.99809261 -0.06173437
685.948000000 -6.115234 2.018373 0.000000 0.00000000 0.00000000 0.99675787 -0.08045960
686.073000000 -6.127613 2.016202 0.000000 0.00000000 0.00000000 0.99507967 -0.09907801
686.198000000 -6.136082 2.013846 0.000000 0.00000000 0.00000000 0.99298565 -0.11823491
686.323000000 -6.149418 2.007175 0.000000 0.00000000 0.00000000 0.99056163 -0.13706808
686.448000000 -6.165485 2.005897 0.000000 0.00000000 0.00000000 0.98778865 -0.15579979
686.573000000 -6.175731 2.001862 0.000000 0.00000000 0.00000000 0.98475143 -0.17396730
686.698000000 -6.187317 1.997838 0.000000 0.00000000 0.00000000 0.98153088 -0.19130377
686.823000000 -6.198910 1.992913 0.000000 0.00000000 0.00000000 0.97950673 -0.20141141
686.948000000 -6.196612 1.988513 0.000000 0.00000000 0.00000000 0.98030795 -0.19747485
687.073000000 -6.206911 1.986669 0.000000 0.00000000 0.00000000 0.98030906 -0.19746934
687.198000000 -6.218589 1.983874 0.000000 0.00000000 0.00000000 0.97654614 -0.21530824
687.323000000 -6.226542 1.975479 0.000000 0.00000000 0.00000000 0.97238212 -0.23339453
687.448000000 -6.242612 1.968388 0.000000 0.00000000 0.00000000 0.96748356 -0.25293392
687.573000000 -6.254508 1.966218 0.000000 0.00000000 0.00000000 0.96255788 -0.27107623
687.698000000 -6.264531 1.958565 0.000000 0.00000000 0.00000000 0.95779671 -0.28744646
687.823000000 -6.270396 1.950289 0.000000 0.00000000 0.00000000 0.95208273 -0.30584060
687.948000000 -6.286202 1.945636 0.000000 0.00000000 0.00000000 0.94628432 -0.32333572
688.073000000 -6.296382 1.935563 0.000000 0.00000000 0.00000000 0.93998968 -0.34120288
688.198000000 -6.305728 1.925947 0.000000 0.00000000 0.00000000 0.93315585 -0.35947207
688.323000000 -6.315337 1.916677 0.000000 0.00000000 0.00000000 0.92613054 -0.37720315
688.448000000 -6.319926 1.909398 0.000000 0.00000000 0.00000000 0.91893537 -0.39440814
688.573000000 -6.331744 1.901464 0.000000 0.00000000 0.00000000 0.91115537 -0.41206296
688.698000000 -6.338623 1.892499 0.000000 0.00000000 0.00000000 0.90343709 -0.42872069
688.823000000 -6.341883 1.882357 0.000000 0.00000000 0.00000000 0.89598475 -0.44408482
688.948000000 -6.356619 1.872295 0.000000 0.00000000 0.00000000 0.88681026 -0.46213370
689.073000000 -6.363376 1.858508 0.000000 0.00000000 0.00000000 0.87807080 -0.47853075
689.198000000 -6.366857 1.852502 0.000000 0.00000000 0.00000000 0.86924550 -0.49438069
689.323000000 -6.375009 1.838842 0.000000 0.00000000 0.00000000 -0.85961531 0.51094180
689.448000000 -6.379819 1.821516 0.000000 0.00000000 0.00000000 -0.84957983 0.52746006
689.573000000 -6.384010 1.817418 0.000000 0.00000000 0.00000000 -0.84017865 0.54230972
689.698000000 -6.386905 1.803716 0.000000 0.00000000 0.00000000 -0.82969157 0.55822208
689.823000000 -6.392451 1.793654 0.000000 0.00000000 0.00000000 -0.81923443 0.57345875
689.948000000 -6.398530 1.783377 0.000000 0.00000000 0.00000000 -0.80794281 0.58926091
690.073000000 -6.400540 1.770073 0.000000 0.00000000 0.00000000 -0.79690081 0.60411017
690.198000000 -6.404426 1.758463 0.000000 0.00000000 0.00000000 -0.78555177 0.61879594
690.323000000 -6.407095 1.745111 0.000000 0.00000000 0.00000000 -0.77417784 0.63296815
690.448000000 -6.407444 1.734778 0.000000 0.00000000 0.00000000 -0.76194727 0.64763907
690.573000000 -6.405372 1.722644 0.000000 0.00000000 0.00000000 -0.74984188 0.66161707
690.698000000 -6.406126 1.709004 0.000000 0.00000000 0.00000000 -0.73762697 0.67520845
690.823000000 -6.404658 1.698460 0.000000 0.00000000 0.00000000 -0.72453751 0.68923537
690.948000000 -6.408645 1.685308 0.000000 0.00000000 0.00000000 -0.71156796 0.70261728
691.073000000 -6.405179 1.668576 0.000000 0.00000000 0.00000000 -0.69783770 0.71625592
691.198000000 -6.405937 1.661550 0.000000 0.00000000 0.00000000 -0.69467105 0.71932756
691.323000000 -6.409770 1.662920 0.000000 0.00000000 0.00000000 -0.69439796 0.71959119
691.448000000 -6.408007 1.661336 0.000000 0.00000000 0.00000000 -0.69420337 0.71977891
691.573000000 -6.410028 1.664222 0.000000 0.00000000 0.00000000 -0.69446992 0.71952174
691.698000000 -6.408940 1.664413 0.000000 0.00000000 0.00000000 -0.69423531 0.71974810
691.823000000 -6.409607 1.665458 0.000000 0.00000000 0.00000000 -0.69229629 0.72161337
691.948000000 -6.409589 1.663050 0.000000 0.00000000 0.00000000 -0.68807345 0.72564105
692.073000000 -6.405695 1.663363 0.000000 0.00000000 0.00000000 -0.68367255 0.72978890
692.198000000 -6.407492 1.664154 0.000000 0.00000000 0.00000000 -0.67865752 0.73445488
692.323000000 -6.411475 1.665482 0.000000 0.00000000 0.00000000 -0.67420917 0.73854045
692.448000000 -6.409936 1.665774 0.000000 0.00000000 0.00000000 -0.67010644 0.74226501
692.573000000 -6.408575 1.663456 0.000000 0.00000000 0.00000000 -0.66558538 0.74632171
692.698000000 -6.408420 1.661196 0.000000 0.00000000 0.00000000 -0.66057864 0.75075686
692.823000000 -6.413522 1.664657 0.000000 0.00000000 0.00000000 -0.65564498 0.75506931
692.948000000 -6.409411 1.663312 0.000000 0.00000000 0.00000000 -0.65128876 0.75882999
693.073000000 -6.409738 1.663653 0.000000 0.00000000 0.00000000 -0.64638082 0.76301496
693.198000000 -6.412897 1.660700 0.000000 0.00000000 0.00000000 -0.64139633 0.76720972
693.323000000 -6.408357 1.665082 0.000000 0.00000000 0.00000000 -0.63686241 0.77097747
693.448000000 -6.411931 1.661670 0.000000 0.00000000 0.00000000 -0.63232245 0.77470531
693.573000000 -6.411189 1.664478 0.000000 0.00000000 0.00000000 -0.62728625 0.77878878
693.698000000 -6.408363 1.663839 0.000000 0.00000000 0.00000000 -0.62206634 0.78296453
693.823000000 -6.409527 1.661392 0.000000 0.00000000 0.00000000 -0.61756964 0.78651620
693.948000000 -6.410310 1.661233 0.000000 0.00000000 0.00000000 -0.61288338 0.79017338
694.073000000 -6.411828 1.660170 0.000000 0.00000000 0.00000000 -0.60749520 0.79432335
694.198000000 -6.408096 1.658519 0.000000 0.00000000 0.00000000 -0.60251426 0.79810812
694.323000000 -6.404816 1.653280 0.000000 0.00000000 0.00000000 -0.59730709 0.80201262
694.448000000 -6.407994 1.648482 0.000000 0.00000000 0.00000000 -0.59298988 0.80520991
694.573000000 -6.404516 1.646573 0.000000 0.00000000 0.00000000 -0.58746368 0.80925053
694.698000000 -6.406850 1.644381 0.000000 0.00000000 0.00000000 -0.58254122 0.81280116
694.823000000 -6.404346 1.640215 0.000000 0.00000000 0.00000000 -0.57766236 0.81627581
694.948000000 -6.402655 1.636680 0.000000 0.00000000 0.00000000 -0.57656740 0.81704959
695.073000000 -6.396259 1.632321 0.000000 0.00000000 0.00000000 -0.57661777 0.81701405
695.198000000 -6.401663 1.625692 0.000000 0.00000000 0.00000000 -0.57651891 0.81708380
695.323000000 -6.401380 1.624006 0.000000 0.00000000 0.00000000 -0.57686186 0.81684172
695.448000000 -6.398496 1.619765 0.000000 0.00000000 0.00000000 -0.57696850 0.81676640
695.573000000 -6.399127 1.618861 0.000000 0.00000000 0.00000000 -0.57679585 0.81688834
695.698000000 -6.397768 1.613624 0.000000 0.00000000 0.00000000 -0.57711908 0.81666001
695.823000000 -6.393961 1.607869 0.000000 0.00000000 0.00000000 -0.57723133 0.81658067
695.948000000 -6.392603 1.598206 0.000000 0.00000000 0.00000000 -0.57729412 0.81653628
696.073000000 -6.387632 1.596296 0.000000 0.00000000 0.00000000 -0.57727324 0.81655104
696.198000000 -6.388686 1.590625 0.000000 0.00000000 0.00000000 -0.57703156 0.81672185
696.323000000 -6.381950 1.582655 0.000000 0.00000000 0.00000000 -0.57653494 0.81707250
696.448000000 -6.380115 1.574917 0.000000 0.00000000 0.00000000 -0.57650178 0.81709590
696.573000000 -6.381342 1.571200 0.000000 0.00000000 0.00000000 -0.57614054 0.81735065
696.698000000 -6.379438 1.563088 0.000000 0.00000000 0.00000000 -0.57598860 0.81745773
696.823000000 -6.374957 1.558277 0.000000 0.00000000 0.00000000 -0.57584064 0.81756196
696.948000000 -6.371232 1.555421 0.000000 0.00000000 0.00000000 -0.57645856 0.81712639
697.073000000 -6.372178 1.546129 0.000000 0.00000000 0.00000000 -0.57598017 0.81746366
697.198000000 -6.370832 1.540226 0.000000 0.00000000 0.00000000 -0.57672181 0.81694061
697.323000000 -6.367820 1.537220 0.000000 0.00000000 0.00000000 -0.57700920 0.81673764
697.448000000 -6.362437 1.529626 0.000000 0.00000000 0.00000000 -0.57651511 0.81708649
697.573000000 -6.360037 1.521955 0.000000 0.00000000 0.00000000 -0.57649592 0.81710002
697.698000000 -6.355997 1.510675 0.000000 0.00000000 0.00000000 -0.57648058 0.81711085
697.823000000 -6.355417 1.503402 0.000000 0.00000000 0.00000000 -0.57586043 0.81754802
697.948000000 -6.355208 1.492881 0.000000 0.00000000 0.00000000 -0.57596389 0.81747514
698.073000000 -6.347489 1.485953 0.000000 0.00000000 0.00000000 -0.57631395 0.81722839
698.198000000 -6.347100 1.478312 0.000000 0.00000000 0.00000000 -0.57688481 0.81682551
698.323000000 -6.344278 1.473732 0.000000 0.00000000 0.00000000 -0.57724646 0.81656997
698.448000000 -6.344098 1.465182 0.000000 0.00000000 0.00000000 -0.57699290 0.81674916
698.573000000 -6.338419 1.456611 0.000000 0.00000000 0.00000000 -0.57664369 0.81699575
698.698000000 -6.333656 1.446490 0.000000 0.00000000 0.00000000 -0.57679104 0.81689173
698.823000000 -6.331999 1.439121 0.000000 0.00000000 0.00000000 -0.57692039 0.81680038
698.948000000 -6.325777 1.427887 0.000000 0.00000000 0.00000000 -0.57684814 0.81685141
699.073000000 -6.323819 1.418645 0.000000 0.00000000 0.00000000 -0.57624186 0.81727922
699.198000000 -6.323044 1.409573 0.000000 0.00000000 0.00000000 -0.57694661 0.81678186
699.323000000 -6.319764 1.404725 0.000000 0.00000000 0.00000000 -0.58100752 0.81389819
699.448000000 -6.315789 1.395336 0.000000 0.00000000 0.00000000 -0.58572503 0.81050983
699.573000000 -6.314182 1.388185 0.000000 0.00000000 0.00000000 -0.59089250 0.80675030
699.698000000 -6.310275 1.381755 0.000000 0.00000000 0.00000000 -0.59670364 0.80246169
699.823000000 -6.310219 1.371844 0.000000 0.00000000 0.00000000 -0.60111269 0.79916428
699.948000000 -6.304203 1.359249 0.000000 0.00000000 0.00000000 -0.60604537 0.79543008
700.073000000 -6.304760 1.353876 0.000000 0.00000000 0.00000000 -0.61088892 0.79171632
700.198000000 -6.300815 1.345866 0.000000 0.00000000 0.00000000 -0.61607494 0.78768754
700.323000000 -6.301851 1.336048 0.000000 0.00000000 0.00000000 -0.62077413 0.78398946
700.448000000 -6.299488 1.325492 0.000000 0.00000000 0.00000000 -0.62831527 0.77795882
700.573000000 -6.297424 1.320621 0.000000 0.00000000 0.00000000 -0.63814539 0.76991588
700.698000000 -6.294774 1.308898 0.000000 0.00000000 0.00000000 -0.64756419 0.76201090
700.823000000 -6.295917 1.300798 0.000000 0.00000000 0.00000000 -0.65702326 0.75387030
700.948000000 -6.293950 1.296328 0.000000 0.00000000 0.00000000 -0.66651822 0.74548874
701.073000000 -6.292568 1.279963 0.000000 0.00000000 0.00000000 -0.67529451 0.73754819
701.198000000 -6.288928 1.277137 0.000000 0.00000000 0.00000000 -0.68512986 0.72842094
701.323000000 -6.290604 1.264258 0.000000 0.00000000 0.00000000 -0.69381354 0.72015468
701.448000000 -6.290338 1.253453 0.000000 0.00000000 0.00000000 -0.70328083 0.71091214
701.573000000 -6.294203 1.241414 0.000000 0.00000000 0.00000000 -0.71184812 0.70233344
701.698000000 -6.291230 1.229604 0.000000 0.00000000 0.00000000 -0.72041403 0.69354425
701.823000000 -6.287967 1.219205 0.000000 0.00000000 0.00000000 -0.72932355 0.68416896
701.948000000 -6.293503 1.207473 0.000000 0.00000000 0.00000000 -0.73763777 0.67519665
702.073000000 -6.293098 1.195043 0.000000 0.00000000 0.00000000 -0.74579926 0.66617075
702.198000000 -6.294645 1.183429 0.000000 0.00000000 0.00000000 -0.75368531 0.65723546
702.323000000 -6.295399 1.172495 0.000000 0.00000000 0.00000000 -0.76193294 0.64765592
702.448000000 -6.298484 1.163080 0.000000 0.00000000 0.00000000 -0.76992891 0.63812967
702.573000000 -6.300980 1.151340 0.000000 0.00000000 0.00000000 -0.77758560 0.62877709
702.698000000 -6.305624 1.139907 0.000000 0.00000000 0.00000000 -0.78513668 0.61932253
702.823000000 -6.310363 1.128043 0.000000 0.00000000 0.00000000 -0.79316778 0.60900318
702.948000000 -6.313942 1.118167 0.000000 0.00000000 0.00000000 -0.80045215 0.59939666
703.073000000 -6.312392 1.108718 0.000000 0.00000000 0.00000000 -0.80802672 0.58914584
703.198000000 -6.317319 1.099193 0.000000 0.00000000 0.00000000 -0.81513864 0.57926592
703.323000000 -6.324248 1.088722 0.000000 0.00000000 0.00000000 -0.82270979 0.56846161
703.448000000 -6.325429 1.077229 0.000000 0.00000000 0.00000000 -0.82956288 0.55841331
703.573000000 -6.332042 1.065196 0.000000 0.00000000 0.00000000 -0.83605614 0.54864390
703.698000000 -6.332857 1.055816 0.000000 0.00000000 0.00000000 -0.84306279 0.53781514
703.823000000 -6.342251 1.048788 0.000000 0.00000000 0.00000000 -0.84967700 0.52730351
703.948000000 -6.350311 1.033481 0.000000 0.00000000 0.00000000 -0.85586181 0.51720456
704.073000000 -6.350522 1.028986 0.000000 0.00000000 0.00000000 -0.86279954 0.50554620
704.198000000 -6.359039 1.017129 0.000000 0.00000000 0.00000000 0.86869460 -0.49534806
704.323000000 -6.365045 1.003504 0.000000 0.00000000 0.00000000 0.87452201 -0.48498582
704.448000000 -6.362182 0.997541 0.000000 0.00000000 0.00000000 0.88108033 -0.47296664
704.573000000 -6.373541 0.987625 0.000000 0.00000000 0.00000000 0.88648197 -0.46276314
704.698000000 -6.379936 0.978145 0.000000 0.00000000 0.00000000 0.89229908 -0.45144474
704.823000000 -6.386752 0.970450 0.000000 0.00000000 0.00000000 0.89815483 -0.43967931
704.948000000 -6.391580 0.963481 0.000000 0.00000000 0.00000000 0.90362591 -0.42832256
705.073000000 -6.402510 0.950121 0.000000 0.00000000 0.00000000 0.90851003 -0.41786305
705.198000000 -6.409578 0.945874 0.000000 0.00000000 0.00000000 0.91398058 -0.40575793
705.323000000 -6.412472 0.938888 0.000000 0.00000000 0.00000000 0.91906936 -0.39409582
705.448000000 -6.425880 0.928411 0.000000 0.00000000 0.00000000 0.92372786 -0.38304941
705.573000000 -6.429930 0.919143 0.000000 0.00000000 0.00000000 0.92834418 -0.37172178
705.698000000 -6.439838 0.913353 0.000000 0.00000000 0.00000000 0.93314209 -0.35950777
705.823000000 -6.447054 0.906840 0.000000 0.00000000 0.00000000 0.93738401 -0.34829759
705.948000000 -6.460201 0.897493 0.000000 0.00000000 0.00000000 0.94162146 -0.33667348
706.073000000 -6.461918 0.891666 0.000000 0.00000000 0.00000000 0.94562223 -0.32526695
706.198000000 -6.477172 0.888002 0.000000 0.00000000 0.00000000 0.94820645 -0.31765472
706.323000000 -6.485568 0.879217 0.000000 0.00000000 0.00000000 0.94859387 -0.31649593
706.448000000 -6.497966 0.870944 0.000000 0.00000000 0.00000000 0.94848042 -0.31683575
706.573000000 -6.502690 0.863644 0.000000 0.00000000 0.00000000 0.94716760 -0.32073905
706.698000000 -6.516232 0.859634 0.000000 0.00000000 0.00000000 0.94523148 -0.32640075
706.823000000 -6.522118 0.850082 0.000000 0.00000000 0.00000000 0.94301635 -0.33274640
706.948000000 -6.529549 0.845095 0.000000 0.00000000 0.00000000 0.94102489 -0.33833734
707.073000000 -6.537346 0.839001 0.000000 0.00000000 0.00000000 0.93901815 -0.34386758
707.198000000 -6.548248 0.828275 0.000000 0.00000000 0.00000000 0.93662136 -0.35034331
707.323000000 -6.555912 0.822271 0.000000 0.00000000 0.00000000 0.93438329 -0.35626936
707.448000000 -6.562781 0.816926 0.000000 0.00000000 0.00000000 0.93231019 -0.36165965
707.573000000 -6.570678 0.807435 0.000000 0.00000000 0.00000000 0.93004374 -0.36744884
707.698000000 -6.578610 0.798832 0.000000 0.00000000 0.00000000 0.92770302 -0.37331904
707.823000000 -6.589019 0.789804 0.000000 0.00000000 0.00000000 0.92517223 -0.37954755
707.948000000 -6.594978 0.782937 0.000000 0.00000000 0.00000000 0.92287752 -0.38509360
708.073000000 -6.604194 0.776127 0.000000 0.00000000 0.00000000 0.92057364 -0.39056904
708.198000000 -6.608677 0.768940 0.000000 0.00000000 0.00000000 0.91835124 -0.39576635
708.323000000 -6.618529 0.756536 0.000000 0.00000000 0.00000000 0.91554535 -0.40221476
708.448000000 -6.625364 0.747921 0.000000 0.00000000 0.00000000 0.91301293 -0.40793063
708.573000000 -6.633807 0.739666 0.000000 0.00000000 0.00000000 0.91046225 -0.41359219
708.698000000 -6.639478 0.734061 0.000000 0.00000000 0.00000000 0.90808275 -0.41879077
708.823000000 -6.646740 0.720731 0.000000 0.00000000 0.00000000 0.90522648 -0.42492942
708.948000000 -6.655226 0.712398 0.000000 0.00000000 0.00000000 0.90248786 -0.43071529
709.073000000 -6.662058 0.703411 0.000000 0.00000000 0.00000000 0.89975999 -0.43638510
709.198000000 -6.667450 0.697596 0.000000 0.00000000 0.00000000 0.89744812 -0.44112003
709.323000000 -6.674435 0.691691 0.000000 0.00000000 0.00000000 0.89498803 -0.44609015
709.448000000 -6.681813 0.679604 0.000000 0.00000000 0.00000000 0.89180245 -0.45242501
709.573000000 -6.691130 0.668636 0.000000 0.00000000 0.00000000 0.88879195 -0.45831088
709.698000000 -6.698917 0.662153 0.000000 0.00000000 0.00000000 0.88633321 -0.46304798
709.823000000 -6.702387 0.651631 0.000000 0.00000000 0.00000000 0.88322798 -0.46894385
709.948000000 -6.708651 0.641823 0.000000 0.00000000 0.00000000 0.88030627 -0.47440580
710.073000000 -6.715260 0.631709 0.000000 0.00000000 0.00000000 0.87704564 -0.48040706
710.198000000 -6.722585 0.624237 0.000000 0.00000000 0.00000000 0.87446351 -0.48509130
710.323000000 -6.723104 0.612815 0.000000 0.00000000 0.00000000 0.87140664 -0.49056137
710.448000000 -6.727994 0.605006 0.000000 0.00000000 0.00000000 0.86831867 -0.49600674
710.573000000 -6.735729 0.595813 0.000000 0.00000000 0.00000000 -0.86549173 0.50092322
710.698000000 -6.740213 0.586102 0.000000 0.00000000 0.00000000 -0.86216299 0.50663101
710.823000000 -6.749895 0.576362 0.000000 0.00000000 0.00000000 -0.85895596 0.51204947
710.948000000 -6.755192 0.568460 0.000000 0.00000000 0.00000000 -0.85600123 0.51697379
711.073000000 -6.759432 0.555269 0.000000 0.00000000 0.00000000 -0.85237668 0.52292830
711.198000000 -6.764152 0.547005 0.000000 0.00000000 0.00000000 -0.84944637 0.52767497
711.323000000 -6.768633 0.538466 0.000000 0.00000000 0.00000000 -0.84609336 0.53303473
711.448000000 -6.775600 0.524323 0.000000 0.00000000 0.00000000 -0.84257654 0.53857662
711.573000000 -6.776127 0.511103 0.000000 0.00000000 0.00000000 -0.83897784 0.54416558
711.698000000 -6.786464 0.506945 0.000000 0.00000000 0.00000000 -0.83613106 0.54852972
711.823000000 -6.786055 0.495531 0.000000 0.00000000 0.00000000 -0.83248361 0.55404967
711.948000000 -6.791311 0.485325 0.000000 0.00000000 0.00000000 -0.82894076 0.55933641
712.073000000 -6.797937 0.475892 0.000000 0.00000000 0.00000000 -0.82553670 0.56434843
712.198000000 -6.795879 0.458503 0.000000 0.00000000 0.00000000 -0.82154155 0.57014865
712.323000000 -6.796130 0.448182 0.000000 0.00000000 0.00000000 -0.81797332 0.57525615
712.448000000 -6.805745 0.441775 0.000000 0.00000000 0.00000000 -0.81463672 0.57997156
712.573000000 -6.807041 0.428800 0.000000 0.00000000 0.00000000 -0.81099680 0.58505059
712.698000000 -6.810979 0.418080 0.000000 0.00000000 0.00000000 -0.80738972 0.59001851
712.823000000 -6.813421 0.411901 0.000000 0.00000000 0.00000000 -0.80393321 0.59471959
712.948000000 -6.814308 0.399674 0.000000 0.00000000 0.00000000 -0.79980119 0.60026499
713.073000000 -6.819681 0.387205 0.000000 0.00000000 0.00000000 -0.79633219 0.60485952
713.198000000 -6.821442 0.380708 0.000000 0.00000000 0.00000000 -0.79266901 0.60965223
713.323000000 -6.825822 0.363161 0.000000 0.00000000 0.00000000 -0.78849404 0.61504239
713.448000000 -6.829648 0.356634 0.000000 0.00000000 0.00000000 -0.78501051 0.61948245
713.573000000 -6.828402 0.344739 0.000000 0.00000000 0.00000000 -0.78080409 0.62477594
713.698000000 -6.833848 0.331573 0.000000 0.00000000 0.00000000 -0.77697608 0.62953012
713.823000000 -6.837598 0.320558 0.000000 0.00000000 0.00000000 -0.77311673 0.63426377
713.948000000 -6.839068 0.311619 0.000000 0.00000000 0.00000000 -0.76905875 0.63917810
714.073000000 -6.838525 0.301580 0.000000 0.00000000 0.00000000 -0.76534550 0.64361966
714.198000000 -6.840476 0.286338 0.000000 0.00000000 0.00000000 -0.76054013 0.64929092
714.323000000 -6.843593 0.274983 0.000000 0.00000000 0.00000000 -0.75658416 0.65389632
714.448000000 -6.842258 0.266043 0.000000 0.00000000 0.00000000 -0.75259127 0.65848795
714.573000000 -6.847794 0.251300 0.000000 0.00000000 0.00000000 -0.74828045 0.66338252
714.698000000 -6.850355 0.239492 0.000000 0.00000000 0.00000000 -0.74401506 0.66816285
714.823000000 -6.851920 0.232857 0.000000 0.00000000 0.00000000 -0.73997277 0.67263683
714.948000000 -6.854216 0.223334 0.000000 0.00000000 0.00000000 -0.73829246 0.67448072
715.073000000 -6.847282 0.205111 0.000000 0.00000000 0.00000000 -0.73871135 0.67402192
715.198000000 -6.853534 0.197369 0.000000 0.00000000 0.00000000 -0.73880650 0.67391762
715.323000000 -6.848176 0.187143 0.000000 0.00000000 0.00000000 -0.73893983 0.67377142
715.448000000 -6.851142 0.176020 0.000000 0.00000000 0.00000000 -0.73906920 0.67362951
715.573000000 -6.857442 0.160478 0.000000 0.00000000 0.00000000 -0.73868823 0.67404726
715.698000000 -6.858858 0.149036 0.000000 0.00000000 0.00000000 -0.73822006 0.67455996
715.823000000 -6.857619 0.141323 0.000000 0.00000000 0.00000000 -0.73893628 0.67377531
715.948000000 -6.860091 0.127910 0.000000 0.00000000 0.00000000 -0.73871190 0.67402131
716.073000000 -6.859927 0.115441 0.000000 0.00000000 0.00000000 -0.73852324 0.67422802
716.198000000 -6.857410 0.107298 0.000000 0.00000000 0.00000000 -0.73886631 0.67385205
716.323000000 -6.861990 0.106328 0.000000 0.00000000 0.00000000 -0.73951242 0.67314291
716.448000000 -6.860704 0.090108 0.000000 0.00000000 0.00000000 -0.73904260 0.67365870
716.573000000 -6.859888 0.074618 0.000000 0.00000000 0.00000000 -0.73884998 0.67386995
716.698000000 -6.863217 0.062829 0.000000 0.00000000 0.00000000 -0.73571944 0.67728643
716.823000000 -6.866391 0.051706 0.000000 0.00000000 0.00000000 -0.73114506 0.68222203
716.948000000 -6.866058 0.044264 0.000000 0.00000000 0.00000000 -0.72707976 0.68655300
717.073000000 -6.866884 0.039925 0.000000 0.00000000 0.00000000 -0.72332882 0.69050374
717.198000000 -6.868713 0.020504 0.000000 0.00000000 0.00000000 -0.71832441 0.69570830
717.323000000 -6.869587 0.019129 0.000000 0.00000000 0.00000000 -0.71482276 0.69930567
717.448000000 -6.866756 0.001832 0.000000 0.00000000 0.00000000 -0.70975192 0.70445171
717.573000000 -6.868157 -0.013068 0.000000 0.00000000 0.00000000 -0.70513711 0.70907098
717.698000000 -6.864171 -0.022418 0.000000 0.00000000 0.00000000 -0.70083176 0.71332660
717.823000000 -6.867673 -0.017528 0.000000 0.00000000 0.00000000 -0.69805727 0.71604193
717.948000000 -6.867036 -0.045594 0.000000 0.00000000 0.00000000 -0.69171902 0.72216674
718.073000000 -6.865358 -0.050401 0.000000 0.00000000 0.00000000 -0.68795834 0.72575018
718.198000000 -6.867539 -0.065247 0.000000 0.00000000 0.00000000 -0.68353922 0.72991378
718.323000000 -6.866543 -0.082674 0.000000 0.00000000 0.00000000 -0.68198994 0.73136155
718.448000000 -6.866441 -0.096613 0.000000 0.00000000 0.00000000 -0.68203283 0.73132155
718.573000000 -6.866578 -0.110429 0.000000 0.00000000 0.00000000 -0.68165670 0.73167215
718.698000000 -6.867057 -0.119482 0.000000 0.00000000 0.00000000 -0.68176823 0.73156823
718.823000000 -6.864421 -0.129591 0.000000 0.00000000 0.00000000 -0.68215133 0.73121103
718.948000000 -6.861000 -0.140972 0.000000 0.00000000 0.00000000 -0.68218588 0.73117879
719.073000000 -6.859203 -0.155336 0.000000 0.00000000 0.00000000 -0.68201174 0.73134123
719.198000000 -6.863860 -0.163507 0.000000 0.00000000 0.00000000 -0.68226565 0.73110436
719.323000000 -6.861840 -0.176595 0.000000 0.00000000 0.00000000 -0.68196456 0.73138522
719.448000000 -6.860806 -0.182673 0.000000 0.00000000 0.00000000 -0.68232691 0.73104719
719.573000000 -6.858927 -0.195537 0.000000 0.00000000 0.00000000 -0.68224886 0.73112003
719.698000000 -6.857786 -0.206727 0.000000 0.00000000 0.00000000 -0.68221274 0.73115373
719.823000000 -6.852444 -0.208169 0.000000 0.00000000 0.00000000 -0.68340728 0.73003732
719.948000000 -6.853399 -0.232952 0.000000 0.00000000 0.00000000 -0.68193986 0.73140825
720.073000000 -6.854927 -0.234849 0.000000 0.00000000 0.00000000 -0.68281035 0.73059566
720.198000000 -6.851537 -0.246539 0.000000 0.00000000 0.00000000 -0.68266006 0.73073610
720.323000000 -6.853985 -0.260904 0.000000 0.00000000 0.00000000 -0.68264080 0.73075409
720.448000000 -6.851769 -0.271949 0.000000 0.00000000 0.00000000 -0.68284781 0.73056065
720.573000000 -6.852402 -0.284180 0.000000 0.00000000 0.00000000 -0.68264389 0.73075120
720.698000000 -6.850949 -0.304581 0.000000 0.00000000 0.00000000 -0.68188446 0.73145990
720.823000000 -6.852135 -0.314612 0.000000 0.00000000 0.00000000 -0.68198872 0.73136269
720.948000000 -6.849408 -0.323827 0.000000 0.00000000 0.00000000 -0.68214655 0.73121549
721.073000000 -6.849714 -0.336713 0.000000 0.00000000 0.00000000 -0.68187747 0.73146641
721.198000000 -6.849545 -0.348331 0.000000 0.00000000 0.00000000 -0.68177296 0.73156383
721.323000000 -6.849181 -0.357877 0.000000 0.00000000 0.00000000 -0.68190469 0.73144104
721.448000000 -6.846289 -0.367385 0.000000 0.00000000 0.00000000 -0.68246324 0.73091992
721.573000000 -6.846533 -0.385305 0.000000 0.00000000 0.00000000 -0.68186923 0.73147409
721.698000000 -6.844851 -0.395651 0.000000 0.00000000 0.00000000 -0.68216077 0.73120222
721.823000000 -6.841242 -0.404607 0.000000 0.00000000 0.00000000 -0.68238353 0.73099433
721.948000000 -6.842942 -0.414293 0.000000 0.00000000 0.00000000 -0.68236568 0.73101100
722.073000000 -6.841331 -0.425907 0.000000 0.00000000 0.00000000 -0.68224878 0.73112010
722.198000000 -6.839663 -0.437569 0.000000 0.00000000 0.00000000 -0.68222329 0.73114389
722.323000000 -6.841759 -0.446269 0.000000 0.00000000 0.00000000 -0.68271389 0.73068581
722.448000000 -6.840120 -0.461074 0.000000 0.00000000 0.00000000 -0.68264985 0.73074563
722.573000000 -6.842749 -0.467944 0.000000 0.00000000 0.00000000 -0.68295907 0.73045664
722.698000000 -6.837381 -0.478442 0.000000 0.00000000 0.00000000 -0.68308285 0.73034090
722.823000000 -6.838156 -0.492484 0.000000 0.00000000 0.00000000 -0.68271735 0.73068258
722.948000000 -6.840836 -0.500515 0.000000 0.00000000 0.00000000 -0.68303614 0.73038458
723.073000000 -6.837781 -0.515165 0.000000 0.00000000 0.00000000 -0.68280724 0.73059857
723.198000000 -6.836835 -0.522888 0.000000 0.00000000 0.00000000 -0.68311863 0.73030742
723.323000000 -6.837544 -0.534443 0.000000 0.00000000 0.00000000 -0.68298386 0.73043346
723.448000000 -6.834778 -0.547882 0.000000 0.00000000 0.00000000 -0.68284197 0.73056611
723.573000000 -6.835330 -0.557819 0.000000 0.00000000 0.00000000 -0.68300746 0.73041140
723.698000000 -6.835146 -0.570676 0.000000 0.00000000 0.00000000 -0.68274814 0.73065380
723.823000000 -6.831650 -0.576602 0.000000 0.00000000 0.00000000 -0.68351568 0.72993583
723.948000000 -6.834219 -0.592168 0.000000 0.00000000 0.00000000 -0.68284637 0.73056200
724.073000000 -6.832749 -0.603415 0.000000 0.00000000 0.00000000 -0.68281813 0.73058839
724.198000000 -6.833228 -0.613709 0.000000 0.00000000 0.00000000 -0.68303180 0.73038864
724.323000000 -6.825721 -0.622272 0.000000 0.00000000 0.00000000 -0.68328075 0.73015575
724.448000000 -6.827332 -0.635890 0.000000 0.00000000 0.00000000 -0.68322117 0.73021149
724.573000000 -6.826424 -0.646363 0.000000 0.00000000 0.00000000 -0.68306944 0.73035343
724.698000000 -6.824795 -0.655630 0.000000 0.00000000 0.00000000 -0.68330800 0.73013025
724.823000000 -6.827512 -0.668007 0.000000 0.00000000 0.00000000 -0.68328091 0.73015560
724.948000000 -6.824650 -0.678076 0.000000 0.00000000 0.00000000 -0.68324548 0.73018875
725.073000000 -6.824198 -0.691032 0.000000 0.00000000 0.00000000 -0.68300177 0.73041672
725.198000000 -6.823229 -0.703256 0.000000 0.00000000 0.00000000 -0.68313772 0.73028956
725.323000000 -6.824113 -0.712728 0.000000 0.00000000 0.00000000 -0.68300160 0.73041688
725.448000000 -6.825957 -0.723843 0.000000 0.00000000 0.00000000 -0.68295710 0.73045849
725.573000000 -6.820278 -0.736829 0.000000 0.00000000 0.00000000 -0.68296395 0.73045208
725.698000000 -6.817350 -0.745156 0.000000 0.00000000 0.00000000 -0.68333759 0.73010255
725.823000000 -6.820910 -0.759291 0.000000 0.00000000 0.00000000 -0.68300464 0.73041403
725.948000000 -6.818874 -0.769643 0.000000 0.00000000 0.00000000 -0.68311204 0.73031359
726.073000000 -6.821826 -0.783140 0.000000 0.00000000 0.00000000 -0.68272963 0.73067110
726.198000000 -6.817313 -0.793532 0.000000 0.00000000 0.00000000 -0.68312335 0.73030301
726.323000000 -6.813189 -0.801030 0.000000 0.00000000 0.00000000 -0.68324686 0.73018746
726.448000000 -6.812263 -0.812428 0.000000 0.00000000 0.00000000 -0.68309912 0.73032567
726.573000000 -6.813173 -0.826150 0.000000 0.00000000 0.00000000 -0.68301986 0.73039980
726.698000000 -6.816001 -0.838754 0.000000 0.00000000 0.00000000 -0.68294946 0.73046563
726.823000000 -6.811783 -0.850425 0.000000 0.00000000 0.00000000 -0.68273131 0.73066953
726.948000000 -6.812540 -0.860096 0.000000 0.00000000 0.00000000 -0.68274189 0.73065964
727.073000000 -6.810045 -0.872438 0.000000 0.00000000 0.00000000 -0.68275525 0.73064716
727.198000000 -6.810519 -0.881247 0.000000 0.00000000 0.00000000 -0.68313034 0.73029648
727.323000000 -6.810356 -0.897253 0.000000 0.00000000 0.00000000 -0.68249421 0.73089100
727.448000000 -6.808525 -0.908199 0.000000 0.00000000 0.00000000 -0.68271080 0.73068870
727.573000000 -6.810508 -0.916783 0.000000 0.00000000 0.00000000 -0.68264464 0.73075050
727.698000000 -6.807626 -0.924219 0.000000 0.00000000 0.00000000 -0.68286898 0.73054086
727.823000000 -6.806579 -0.936185 0.000000 0.00000000 0.00000000 -0.68301934 0.73040029
727.948000000 -6.804296 -0.948793 0.000000 0.00000000 0.00000000 -0.68278070 0.73062337
728.073000000 -6.806539 -0.958265 0.000000 0.00000000 0.00000000 -0.68273276 0.73066818
728.198000000 -6.805286 -0.971896 0.000000 0.00000000 0.00000000 -0.68259143 0.73080020
728.323000000 -6.803783 -0.987132 0.000000 0.00000000 0.00000000 -0.68295108 0.73046411
728.448000000 -6.801397 -0.986812 0.000000 0.00000000 0.00000000 -0.68331233 0.73012619
728.573000000 -6.800935 -1.005893 0.000000 0.00000000 0.00000000 -0.68288578 0.73052516
728.698000000 -6.801729 -1.013542 0.000000 0.00000000 0.00000000 -0.68258519 0.73080603
728.823000000 -6.800127 -1.028736 0.000000 0.00000000 0.00000000 -0.68239464 0.73098396
728.948000000 -6.799536 -1.037632 0.000000 0.00000000 0.00000000 -0.68279952 0.73060579
729.073000000 -6.798783 -1.055071 0.000000 0.00000000 0.00000000 -0.68278969 0.73061498
729.198000000 -6.802343 -1.059221 0.000000 0.00000000 0.00000000 -0.68200756 0.73134512
729.323000000 -6.798350 -1.072283 0.000000 0.00000000 0.00000000 -0.68273744 0.73066380
729.448000000 -6.798080 -1.082939 0.000000 0.00000000 0.00000000 -0.68289574 0.73051585
729.573000000 -6.794217 -1.092682 0.000000 0.00000000 0.00000000 -0.68317828 0.73025162
729.698000000 -6.795158 -1.105169 0.000000 0.00000000 0.00000000 -0.68315215 0.73027608
729.823000000 -6.795085 -1.123652 0.000000 0.00000000 0.00000000 -0.68302641 0.73039368
729.948000000 -6.793426 -1.123804 0.000000 0.00000000 0.00000000 -0.68315918 0.73026949
730.073000000 -6.795604 -1.145171 0.000000 0.00000000 0.00000000 -0.68245423 0.73092833
730.198000000 -6.791352 -1.147712 0.000000 0.00000000 0.00000000 -0.68346880 0.72997973
730.323000000 -6.790947 -1.161311 0.000000 0.00000000 0.00000000 -0.68351148 0.72993976
730.448000000 -6.789340 -1.176446 0.000000 0.00000000 0.00000000 -0.68336663 0.73007538
730.573000000 -6.789842 -1.183512 0.000000 0.00000000 0.00000000 -0.68340768 0.73003695
730.698000000 -6.787919 -1.197635 0.000000 0.00000000 0.00000000 -0.68336638 0.73007560
730.823000000 -6.791307 -1.214967 0.000000 0.00000000 0.00000000 -0.68281641 0.73059000
730.948000000 -6.789269 -1.221779 0.000000 0.00000000 0.00000000 -0.68295734 0.73045826
731.073000000 -6.787329 -1.230861 0.000000 0.00000000 0.00000000 -0.68323277 0.73020064
731.198000000 -6.786286 -1.242728 0.000000 0.00000000 0.00000000 -0.68311076 0.73031479
731.323000000 -6.786034 -1.251992 0.000000 0.00000000 0.00000000 -0.68317630 0.73025348
731.448000000 -6.785382 -1.262035 0.000000 0.00000000 0.00000000 -0.68319486 0.73023611
731.573000000 -6.784928 -1.277602 0.000000 0.00000000 0.00000000 -0.68311772 0.73030828
731.698000000 -6.784147 -1.284097 0.000000 0.00000000 0.00000000 -0.68347051 0.72997813
731.823000000 -6.780768 -1.294904 0.000000 0.00000000 0.00000000 -0.68383662 0.72963517
731.948000000 -6.781412 -1.307522 0.000000 0.00000000 0.00000000 -0.68351004 0.72994111
732.073000000 -6.781067 -1.322213 0.000000 0.00000000 0.00000000 -0.68311372 0.73031202
732.198000000 -6.780195 -1.331966 0.000000 0.00000000 0.00000000 -0.68232828 0.73104591
732.323000000 -6.775868 -1.343040 0.000000 0.00000000 0.00000000 -0.68331852 0.73012040
732.448000000 -6.775845 -1.350939 0.000000 0.00000000 0.00000000 -0.68343878 0.73000783
732.573000000 -6.772304 -1.360801 0.000000 0.00000000 0.00000000 -0.68386211 0.72961128
732.698000000 -6.774151 -1.374123 0.000000 0.00000000 0.00000000 -0.68358438 0.72987149
732.823000000 -6.773458 -1.387090 0.000000 0.00000000 0.00000000 -0.68321422 0.73021800
732.948000000 -6.773883 -1.400078 0.000000 0.00000000 0.00000000 -0.68284142 0.73056662
733.073000000 -6.771232 -1.407760 0.000000 0.00000000 0.00000000 -0.68344851 0.72999872
733.198000000 -6.773379 -1.422562 0.000000 0.00000000 0.00000000 -0.68269287 0.73070544
733.323000000 -6.770545 -1.429901 0.000000 0.00000000 0.00000000 -0.68328403 0.73015268
733.448000000 -6.768295 -1.446366 0.000000 0.00000000 0.00000000 -0.68323823 0.73019553
733.573000000 -6.767371 -1.455805 0.000000 0.00000000 0.00000000 -0.68303840 0.73038246
733.698000000 -6.767528 -1.465047 0.000000 0.00000000 0.00000000 -0.68332790 0.73011163
733.823000000 -6.767512 -1.482249 0.000000 0.00000000 0.00000000 -0.68100798 0.73227599
733.948000000 -6.766338 -1.488730 0.000000 0.00000000 0.00000000 -0.67698984 0.73599236
734.073000000 -6.764931 -1.501859 0.000000 0.00000000 0.00000000 -0.66886786 0.74338132
734.198000000 -6.760568 -1.503509 0.000000 0.00000000 0.00000000 -0.66096572 0.75041609
734.323000000 -6.766272 -1.521961 0.000000 0.00000000 0.00000000 -0.65023698 0.75973145
734.448000000 -6.757928 -1.528426 0.000000 0.00000000 0.00000000 -0.64205214 0.76666097
734.573000000 -6.757949 -1.544971 0.000000 0.00000000 0.00000000 -0.63136872 0.77548278
734.698000000 -6.754124 -1.554711 0.000000 0.00000000 0.00000000 -0.62216207 0.78288847
734.823000000 -6.753193 -1.564263 0.000000 0.00000000 0.00000000 -0.61234794 0.79058839
734.948000000 -6.752105 -1.576669 0.000000 0.00000000 0.00000000 -0.60192048 0.79855603
735.073000000 -6.740851 -1.581826 0.000000 0.00000000 0.00000000 -0.59400352 0.80446244
735.198000000 -6.740498 -1.594552 0.000000 0.00000000 0.00000000 -0.58153784 0.81351936
735.323000000 -6.740848 -1.605159 0.000000 0.00000000 0.00000000 -0.57101440 0.82094004
735.448000000 -6.739803 -1.619109 0.000000 0.00000000 0.00000000 -0.55993171 0.82853876
735.573000000 -6.731223 -1.622256 0.000000 0.00000000 0.00000000 -0.55045165 0.83486705
735.698000000 -6.723691 -1.634692 0.000000 0.00000000 0.00000000 -0.54040464 0.84140527
735.823000000 -6.720048 -1.647031 0.000000 0.00000000 0.00000000 -0.52955728 0.84827418
735.948000000 -6.713851 -1.658711 0.000000 0.00000000 0.00000000 -0.51904758 0.85474535
736.073000000 -6.707756 -1.666592 0.000000 0.00000000 0.00000000 -0.50869034 0.86094956
736.198000000 -6.705318 -1.675782 0.000000 0.00000000 0.00000000 -0.49754137 0.86744025
736.323000000 -6.698865 -1.686490 0.000000 0.00000000 0.00000000 -0.48679154 0.87351817
736.448000000 -6.691600 -1.695852 0.000000 0.00000000 0.00000000 -0.47603598 0.87942580
736.573000000 -6.688408 -1.702832 0.000000 0.00000000 0.00000000 -0.46471414 0.88546076
736.698000000 -6.680412 -1.714286 0.000000 0.00000000 0.00000000 -0.45397713 0.89101334
736.823000000 -6.673944 -1.720475 0.000000 0.00000000 0.00000000 -0.44280506 0.89661791
736.948000000 -6.669456 -1.731260 0.000000 0.00000000 0.00000000 -0.43084425 0.90242630
737.073000000 -6.656542 -1.739070 0.000000 0.00000000 0.00000000 -0.42094076 0.90708813
737.198000000 -6.653488 -1.740630 0.000000 0.00000000 0.00000000 -0.40859490 0.91271584
737.323000000 -6.646794 -1.752861 0.000000 0.00000000 0.00000000 -0.39666077 0.91796527
737.448000000 -6.636668 -1.763172 0.000000 0.00000000 0.00000000 -0.38594230 0.92252292
737.573000000 -6.627023 -1.764324 0.000000 0.00000000 0.00000000 -0.37460679 0.92718377
737.698000000 -6.623820 -1.774473 0.000000 0.00000000 0.00000000 -0.36223083 0.93208842
737.823000000 -6.612996 -1.782254 0.000000 0.00000000 0.00000000 -0.35145548 0.93620460
737.948000000 -6.603082 -1.791254 0.000000 0.00000000 0.00000000 -0.34049164 0.94024754
738.073000000 -6.591878 -1.793984 0.000000 0.00000000 0.00000000 -0.33471534 0.94231929
738.198000000 -6.589482 -1.812501 0.000000 0.00000000 0.00000000 -0.32739178 0.94488868
738.323000000 -6.576662 -1.820927 0.000000 0.00000000 0.00000000 -0.32202724 0.94673040
738.448000000 -6.572218 -1.826956 0.000000 0.00000000 0.00000000 -0.31491458 0.94912002
738.573000000 -6.557826 -1.835315 0.000000 0.00000000 0.00000000 -0.30995827 0.95075016
738.698000000 -6.552249 -1.837980 0.000000 0.00000000 0.00000000 -0.30415781 0.95262166
738.823000000 -6.541757 -1.845834 0.000000 0.00000000 0.00000000 -0.29793808 0.95458520
738.948000000 -6.531922 -1.854942 0.000000 0.00000000 0.00000000 -0.29225919 0.95633915
739.073000000 -6.523983 -1.859895 0.000000 0.00000000 0.00000000 -0.28569395 0.95832091
739.198000000 -6.510804 -1.860861 0.000000 0.00000000 0.00000000 -0.28149773 0.95956190
739.323000000 -6.507082 -1.867509 0.000000 0.00000000 0.00000000 -0.27413368 0.96169160
739.448000000 -6.493878 -1.875681 0.000000 0.00000000 0.00000000 -0.26878981 0.96319886
739.573000000 -6.484925 -1.881648 0.000000 0.00000000 0.00000000 -0.26253085 0.96492360
739.698000000 -6.476376 -1.887837 0.000000 0.00000000 0.00000000 -0.25684830 0.96645173
739.823000000 -6.467034 -1.894539 0.000000 0.00000000 0.00000000 -0.25038538 0.96814625
739.948000000 -6.457239 -1.897089 0.000000 0.00000000 0.00000000 -0.24431998 0.96969467
740.073000000 -6.446317 -1.903267 0.000000 0.00000000 0.00000000 -0.23876195 0.97107813
740.198000000 -6.439412 -1.909700 0.000000 0.00000000 0.00000000 -0.23193112 0.97273221
740.323000000 -6.428729 -1.912790 0.000000 0.00000000 0.00000000 -0.22637043 0.97404129
740.448000000 -6.417302 -1.920897 0.000000 0.00000000 0.00000000 -0.22002562 0.97549409
740.573000000 -6.408452 -1.921869 0.000000 0.00000000 0.00000000 -0.21442149 0.97674123
740.698000000 -6.395849 -1.929754 0.000000 0.00000000 0.00000000 -0.21238567 0.97718592
740.823000000 -6.386235 -1.933115 0.000000 0.00000000 0.00000000 -0.21478570 0.97666120
740.948000000 -6.377333 -1.937804 0.000000 0.00000000 0.00000000 -0.21997716 0.97550502
741.073000000 -6.364973 -1.943364 0.000000 0.00000000 0.00000000 -0.22587617 0.97415602
741.198000000 -6.357767 -1.948756 0.000000 0.00000000 0.00000000 -0.23223085 0.97266070
741.323000000 -6.348336 -1.954888 0.000000 0.00000000 0.00000000 -0.23800268 0.97126450
741.448000000 -6.337467 -1.959415 0.000000 0.00000000 0.00000000 -0.24453668 0.96964004
741.573000000 -6.326014 -1.965334 0.000000 0.00000000 0.00000000 -0.25120070 0.96793502
741.698000000 -6.318381 -1.971297 0.000000 0.00000000 0.00000000 -0.25911783 0.96584572
741.823000000 -6.308238 -1.976753 0.000000 0.00000000 0.00000000 -0.27093276 0.96259828
741.948000000 -6.298583 -1.983296 0.000000 0.00000000 0.00000000 -0.28229991 0.95932620
742.073000000 -6.286963 -1.984703 0.000000 0.00000000 0.00000000 -0.29512647 0.95545820
742.198000000 -6.278123 -1.996651 0.000000 0.00000000 0.00000000 -0.30426700 0.95258679
742.323000000 -6.270348 -2.001123 0.000000 0.00000000 0.00000000 -0.31006720 0.95071464
742.448000000 -6.263321 -2.008548 0.000000 0.00000000 0.00000000 -0.31095063 0.95042606
742.573000000 -6.252542 -2.014754 0.000000 0.00000000 0.00000000 -0.31120315 0.95034341
742.698000000 -6.244813 -2.021349 0.000000 0.00000000 0.00000000 -0.31112562 0.95036879
742.823000000 -6.234251 -2.027790 0.000000 0.00000000 0.00000000 -0.31158037 0.95021980
742.948000000 -6.224004 -2.033380 0.000000 0.00000000 0.00000000 -0.31151265 0.95024201
743.073000000 -6.215842 -2.040579 0.000000 0.00000000 0.00000000 -0.31147603 0.95025401
743.198000000 -6.203847 -2.047340 0.000000 0.00000000 0.00000000 -0.31145093 0.95026224
743.323000000 -6.196722 -2.051527 0.000000 0.00000000 0.00000000 -0.31142536 0.95027062
743.448000000 -6.190103 -2.061819 0.000000 0.00000000 0.00000000 -0.31096361 0.95042182
743.573000000 -6.181205 -2.066790 0.000000 0.00000000 0.00000000 -0.31133737 0.95029945
743.698000000 -6.170284 -2.073385 0.000000 0.00000000 0.00000000 -0.31118917 0.95034799
743.823000000 -6.163957 -2.081894 0.000000 0.00000000 0.00000000 -0.31115533 0.95035907
743.948000000 -6.151768 -2.085362 0.000000 0.00000000 0.00000000 -0.31321856 0.94968107
744.073000000 -6.141921 -2.094140 0.000000 0.00000000 0.00000000 -0.31845252 0.94793881
744.198000000 -6.133600 -2.105108 0.000000 0.00000000 0.00000000 -0.32906219 0.94430825
744.323000000 -6.124438 -2.110871 0.000000 0.00000000 0.00000000 -0.34126545 0.93996696
744.448000000 -6.118808 -2.117814 0.000000 0.00000000 0.00000000 -0.35267018 0.93574769
744.573000000 -6.108291 -2.128911 0.000000 0.00000000 0.00000000 -0.36403226 0.93138634
744.698000000 -6.101746 -2.134886 0.000000 0.00000000 0.00000000 -0.37559605 0.92678347
744.823000000 -6.093653 -2.141450 0.000000 0.00000000 0.00000000 -0.38763332 0.92181365
744.948000000 -6.085052 -2.151834 0.000000 0.00000000 0.00000000 -0.39827466 0.91726621
745.073000000 -6.078431 -2.158136 0.000000 0.00000000 0.00000000 -0.40982292 0.91216510
745.198000000 -6.070796 -2.172008 0.000000 0.00000000 0.00000000 -0.42069885 0.90720035
745.323000000 -6.062143 -2.176283 0.000000 0.00000000 0.00000000 -0.43236991 0.90169632
745.448000000 -6.054322 -2.185421 0.000000 0.00000000 0.00000000 -0.44380218 0.89612478
745.573000000 -6.049933 -2.194360 0.000000 0.00000000 0.00000000 -0.45491956 0.89053253
745.698000000 -6.043911 -2.205008 0.000000 0.00000000 0.00000000 -0.46549846 0.88504869
745.823000000 -6.036027 -2.212708 0.000000 0.00000000 0.00000000 -0.47667839 0.87907776
745.948000000 -6.030148 -2.221951 0.000000 0.00000000 0.00000000 -0.48774046 0.87298869
746.073000000 -6.025567 -2.231054 0.000000 0.00000000 0.00000000 -0.49885832 0.86668355
746.198000000 -6.019135 -2.240868 0.000000 0.00000000 0.00000000 -0.50881836 0.86087390
746.323000000 -6.016204 -2.252858 0.000000 0.00000000 0.00000000 -0.51932650 0.85457591
746.448000000 -6.008899 -2.259042 0.000000 0.00000000 0.00000000 -0.53026422 0.84783245
746.573000000 -6.003835 -2.274090 0.000000 0.00000000 0.00000000 -0.54044096 0.84138194
746.698000000 -5.999651 -2.282183 0.000000 0.00000000 0.00000000 -0.55082760 0.83461905
746.823000000 -5.995420 -2.292108 0.000000 0.00000000 0.00000000 -0.56146792 0.82749851
746.948000000 -5.993126 -2.301341 0.000000 0.00000000 0.00000000 -0.57143456 0.82064764
747.073000000 -5.987798 -2.313623 0.000000 0.00000000 0.00000000 -0.58168661 0.81341299
747.198000000 -5.984698 -2.321856 0.000000 0.00000000 0.00000000 -0.58986878 0.80749912
747.323000000 -5.982623 -2.333485 0.000000 0.00000000 0.00000000 -0.59446241 0.80412340
747.448000000 -5.978203 -2.344519 0.000000 0.00000000 0.00000000 -0.59554958 0.80331855
747.573000000 -5.973545 -2.355635 0.000000 0.00000000 0.00000000 -0.59526063 0.80353269
747.698000000 -5.972117 -2.364479 0.000000 0.00000000 0.00000000 -0.59570807 0.80320103
747.823000000 -5.965203 -2.378415 0.000000 0.00000000 0.00000000 -0.59510669 0.80364670
747.948000000 -5.965294 -2.387893 0.000000 0.00000000 0.00000000 -0.59524118 0.80354709
748.073000000 -5.961747 -2.398244 0.000000 0.00000000 0.00000000 -0.59571919 0.80319278
748.198000000 -5.959058 -2.409989 0.000000 0.00000000 0.00000000 -0.59509208 0.80365753
748.323000000 -5.955538 -2.420364 0.000000 0.00000000 0.00000000 -0.59518577 0.80358814
748.448000000 -5.950976 -2.429311 0.000000 0.00000000 0.00000000 -0.59548309 0.80336784
748.573000000 -5.949488 -2.442292 0.000000 0.00000000 0.00000000 -0.59536256 0.80345717
748.698000000 -5.944598 -2.451444 0.000000 0.00000000 0.00000000 -0.59560497 0.80327749
748.823000000 -5.941482 -2.461055 0.000000 0.00000000 0.00000000 -0.59560514 0.80327736
748.948000000 -5.938967 -2.475476 0.000000 0.00000000 0.00000000 -0.59513655 0.80362459
749.073000000 -5.935095 -2.485360 0.000000 0.00000000 0.00000000 -0.59506574 0.80367703
749.198000000 -5.933280 -2.492884 0.000000 0.00000000 0.00000000 -0.59480039 0.80387343
749.323000000 -5.927809 -2.503918 0.000000 0.00000000 0.00000000 -0.59479381 0.80387830
749.448000000 -5.924416 -2.514537 0.000000 0.00000000 0.00000000 -0.59501873 0.80371183
749.573000000 -5.922003 -2.526163 0.000000 0.00000000 0.00000000 -0.59498018 0.80374037
749.698000000 -5.918923 -2.537829 0.000000 0.00000000 0.00000000 -0.59491663 0.80378741
749.823000000 -5.914504 -2.546294 0.000000 0.00000000 0.00000000 -0.59475823 0.80390463
749.948000000 -5.911199 -2.560229 0.000000 0.00000000 0.00000000 -0.59465422 0.80398157
750.073000000 -5.910316 -2.568203 0.000000 0.00000000 0.00000000 -0.59506490 0.80367765
750.198000000 -5.906202 -2.577990 0.000000 0.00000000 0.00000000 -0.59487220 0.80382029
750.323000000 -5.900781 -2.594341 0.000000 0.00000000 0.00000000 -0.59399813 0.80446642
750.448000000 -5.898890 -2.601118 0.000000 0.00000000 0.00000000 -0.59509051 0.80365869
750.573000000 -5.896538 -2.611951 0.000000 0.00000000 0.00000000 -0.59461917 0.80400749
750.698000000 -5.890781 -2.622903 0.000000 0.00000000 0.00000000 -0.59508181 0.80366513
750.823000000 -5.890181 -2.635253 0.000000 0.00000000 0.00000000 -0.59453023 0.80407326
750.948000000 -5.885762 -2.643299 0.000000 0.00000000 0.00000000 -0.59499058 0.80373267
751.073000000 -5.883319 -2.654296 0.000000 0.00000000 0.00000000 -0.59481940 0.80385937
751.198000000 -5.880124 -2.667167 0.000000 0.00000000 0.00000000 -0.59434966 0.80420674
751.323000000 -5.876071 -2.678799 0.000000 0.00000000 0.00000000 -0.59414394 0.80435874
751.448000000 -5.872136 -2.688750 0.000000 0.00000000 0.00000000 -0.59471869 0.80393388
751.573000000 -5.868431 -2.700055 0.000000 0.00000000 0.00000000 -0.59443651 0.80414255
751.698000000 -5.866001 -2.711086 0.000000 0.00000000 0.00000000 -0.59478786 0.80388271
751.823000000 -5.862142 -2.719795 0.000000 0.00000000 0.00000000 -0.59466207 0.80397576
751.948000000 -5.859266 -2.730082 0.000000 0.00000000 0.00000000 -0.59446301 0.80412296
752.073000000 -5.855826 -2.742467 0.000000 0.00000000 0.00000000 -0.59458231 0.80403475
752.198000000 -5.854169 -2.752638 0.000000 0.00000000 0.00000000 -0.59473257 0.80392361
752.323000000 -5.850212 -2.763623 0.000000 0.00000000 0.00000000 -0.59432280 0.80422659
752.448000000 -5.846994 -2.774644 0.000000 0.00000000 0.00000000 -0.59435905 0.80419980
752.573000000 -5.842824 -2.784301 0.000000 0.00000000 0.00000000 -0.59448915 0.80410363
752.698000000 -5.842144 -2.795716 0.000000 0.00000000 0.00000000 -0.59443433 0.80414416
752.823000000 -5.837542 -2.806495 0.000000 0.00000000 0.00000000 -0.59441704 0.80415694
752.948000000 -5.833276 -2.817832 0.000000 0.00000000 0.00000000 -0.59419976 0.80431750
753.073000000 -5.829863 -2.827729 0.000000 0.00000000 0.00000000 -0.59452838 0.80407463
753.198000000 -5.826150 -2.838579 0.000000 0.00000000 0.00000000 -0.59467199 0.80396842
753.323000000 -5.824278 -2.850236 0.000000 0.00000000 0.00000000 -0.59484883 0.80383759
753.448000000 -5.819238 -2.862547 0.000000 0.00000000 0.00000000 -0.59445907 0.80412587
753.573000000 -5.816828 -2.873496 0.000000 0.00000000 0.00000000 -0.59488253 0.80381265
753.698000000 -5.815364 -2.882871 0.000000 0.00000000 0.00000000 -0.59465252 0.80398282
753.823000000 -5.811109 -2.892681 0.000000 0.00000000 0.00000000 -0.59109377 0.80660285
753.948000000 -5.806966 -2.906135 0.000000 0.00000000 0.00000000 -0.58633094 0.81007162
754.073000000 -5.801926 -2.914633 0.000000 0.00000000 0.00000000 -0.58197860 0.81320410
754.198000000 -5.798870 -2.927144 0.000000 0.00000000 0.00000000 -0.57691301 0.81680559
754.323000000 -5.795751 -2.938088 0.000000 0.00000000 0.00000000 -0.57130519 0.82073771
754.448000000 -5.792059 -2.946831 0.000000 0.00000000 0.00000000 -0.56602458 0.82438837
754.573000000 -5.788279 -2.957093 0.000000 0.00000000 0.00000000 -0.56277126 0.82661267
754.698000000 -5.785145 -2.967092 0.000000 0.00000000 0.00000000 -0.56242716 0.82684683
754.823000000 -5.776272 -2.977350 0.000000 0.00000000 0.00000000 -0.56258512 0.82673937
754.948000000 -5.775805 -2.988081 0.000000 0.00000000 0.00000000 -0.56280865 0.82658722
755.073000000 -5.772602 -2.998303 0.000000 0.00000000 0.00000000 -0.56301551 0.82644633
755.198000000 -5.766662 -3.010421 0.000000 0.00000000 0.00000000 -0.56225292 0.82696533
755.323000000 -5.760113 -3.020872 0.000000 0.00000000 0.00000000 -0.56425636 0.82559964
755.448000000 -5.756866 -3.029922 0.000000 0.00000000 0.00000000 -0.56927728 0.82214559
755.573000000 -5.754427 -3.043823 0.000000 0.00000000 0.00000000 -0.57392031 0.81891116
755.698000000 -5.751330 -3.052814 0.000000 0.00000000 0.00000000 -0.57955153 0.81493559
755.823000000 -5.747915 -3.064618 0.000000 0.00000000 0.00000000 -0.58457597 0.81133898
755.948000000 -5.742593 -3.071345 0.000000 0.00000000 0.00000000 -0.58932289 0.80789760
756.073000000 -5.737023 -3.084695 0.000000 0.00000000 0.00000000 -0.59446698 0.80412002
756.198000000 -5.734183 -3.096694 0.000000 0.00000000 0.00000000 -0.59902855 0.80072767
756.323000000 -5.736274 -3.107138 0.000000 0.00000000 0.00000000 -0.60473585 0.79642611
756.448000000 -5.732481 -3.118282 0.000000 0.00000000 0.00000000 -0.60937510 0.79288207
756.573000000 -5.730255 -3.129469 0.000000 0.00000000 0.00000000 -0.61424266 0.78911720
756.698000000 -5.727659 -3.138396 0.000000 0.00000000 0.00000000 -0.61747847 0.78658778
756.823000000 -5.721786 -3.152868 0.000000 0.00000000 0.00000000 -0.61703841 0.78693303
756.948000000 -5.719338 -3.161326 0.000000 0.00000000 0.00000000 -0.61664464 0.78724163
757.073000000 -5.717410 -3.174655 0.000000 0.00000000 0.00000000 -0.61750394 0.78656779
757.198000000 -5.712618 -3.183760 0.000000 0.00000000 0.00000000 -0.61701115 0.78695441
757.323000000 -5.713302 -3.192392 0.000000 0.00000000 0.00000000 -0.61842910 0.78584060
757.448000000 -5.708689 -3.205051 0.000000 0.00000000 0.00000000 -0.61751282 0.78656081
757.573000000 -5.705699 -3.217104 0.000000 0.00000000 0.00000000 -0.61725042 0.78676675
757.698000000 -5.703944 -3.225636 0.000000 0.00000000 0.00000000 -0.61755344 0.78652893
757.823000000 -5.703030 -3.237138 0.000000 0.00000000 0.00000000 -0.61739767 0.78665120
757.948000000 -5.701647 -3.249032 0.000000 0.00000000 0.00000000 -0.61796794 0.78620329
758.073000000 -5.697783 -3.256863 0.000000 0.00000000 0.00000000 -0.61838019 0.78587909
758.198000000 -5.697128 -3.268609 0.000000 0.00000000 0.00000000 -0.61814264 0.78606595
758.323000000 -5.691827 -3.283519 0.000000 0.00000000 0.00000000 -0.61759887 0.78649325
758.448000000 -5.691973 -3.289469 0.000000 0.00000000 0.00000000 -0.61828371 0.78595499
758.573000000 -5.687455 -3.302605 0.000000 0.00000000 0.00000000 -0.61803225 0.78615275
758.698000000 -5.683819 -3.315205 0.000000 0.00000000 0.00000000 -0.61769627 0.78641676
758.823000000 -5.683496 -3.323425 0.000000 0.00000000 0.00000000 -0.61817658 0.78603926
758.948000000 -5.679248 -3.335929 0.000000 0.00000000 0.00000000 -0.61781919 0.78632020
759.073000000 -5.675639 -3.348898 0.000000 0.00000000 0.00000000 -0.61767977 0.78642972
759.198000000 -5.671491 -3.361232 0.000000 0.00000000 0.00000000 -0.61676010 0.78715118
759.323000000 -5.668378 -3.370974 0.000000 0.00000000 0.00000000 -0.61728327 0.78674097
759.448000000 -5.666795 -3.381603 0.000000 0.00000000 0.00000000 -0.61703874 0.78693278
759.573000000 -5.665714 -3.392586 0.000000 0.00000000 0.00000000 -0.61746038 0.78660199
759.698000000 -5.662842 -3.401662 0.000000 0.00000000 0.00000000 -0.61786930 0.78628082
759.823000000 -5.660787 -3.412911 0.000000 0.00000000 0.00000000 -0.61762078 0.78647605
759.948000000 -5.660231 -3.426851 0.000000 0.00000000 0.00000000 -0.61753627 0.78654241
760.073000000 -5.657106 -3.434583 0.000000 0.00000000 0.00000000 -0.61748076 0.78658598
760.198000000 -5.652557 -3.446784 0.000000 0.00000000 0.00000000 -0.61762949 0.78646921
760.323000000 -5.648480 -3.455824 0.000000 0.00000000 0.00000000 -0.61767070 0.78643684
760.448000000 -5.649606 -3.466297 0.000000 0.00000000 0.00000000 -0.61783467 0.78630803
760.573000000 -5.649487 -3.477990 0.000000 0.00000000 0.00000000 -0.61797560 0.78619728
760.698000000 -5.641543 -3.492877 0.000000 0.00000000 0.00000000 -0.61706966 0.78690853
760.823000000 -5.640831 -3.499966 0.000000 0.00000000 0.00000000 -0.61760244 0.78649045
760.948000000 -5.637584 -3.512469 0.000000 0.00000000 0.00000000 -0.61762838 0.78647008
761.073000000 -5.634601 -3.523425 0.000000 0.00000000 0.00000000 -0.61754473 0.78653577
761.198000000 -5.632666 -3.532495 0.000000 0.00000000 0.00000000 -0.61830167 0.78594087
761.323000000 -5.630809 -3.544953 0.000000 0.00000000 0.00000000 -0.61806901 0.78612384
761.448000000 -5.624421 -3.556378 0.000000 0.00000000 0.00000000 -0.61729898 0.78672865
761.573000000 -5.623909 -3.569148 0.000000 0.00000000 0.00000000 -0.61789743 0.78625872
761.698000000 -5.625850 -3.574278 0.000000 0.00000000 0.00000000 -0.61841233 0.78585380
761.823000000 -5.617312 -3.588034 0.000000 0.00000000 0.00000000 -0.61799722 0.78618028
761.948000000 -5.618834 -3.598999 0.000000 0.00000000 0.00000000 -0.61787317 0.78627778
762.073000000 -5.616450 -3.608693 0.000000 0.00000000 0.00000000 -0.61775699 0.78636906
762.198000000 -5.613283 -3.621165 0.000000 0.00000000 0.00000000 -0.61806587 0.78612632
762.323000000 -5.611910 -3.632434 0.000000 0.00000000 0.00000000 -0.61794672 0.78621998
762.448000000 -5.606032 -3.644513 0.000000 0.00000000 0.00000000 -0.61752574 0.78655068
762.573000000 -5.601930 -3.654239 0.000000 0.00000000 0.00000000 -0.61765105 0.78645228
762.698000000 -5.605302 -3.663724 0.000000 0.00000000 0.00000000 -0.61845552 0.78581981
762.823000000 -5.598431 -3.677751 0.000000 0.00000000 0.00000000 -0.61736701 0.78667527
762.948000000 -5.595427 -3.687909 0.000000 0.00000000 0.00000000 -0.61763054 0.78646838
763.073000000 -5.591591 -3.696600 0.000000 0.00000000 0.00000000 -0.61788434 0.78626900
763.198000000 -5.589002 -3.710472 0.000000 0.00000000 0.00000000 -0.61749028 0.78657851
763.323000000 -5.586832 -3.719693 0.000000 0.00000000 0.00000000 -0.61723237 0.78678091
763.448000000 -5.580435 -3.732568 0.000000 0.00000000 0.00000000 -0.61769796 0.78641543
763.573000000 -5.579037 -3.742631 0.000000 0.00000000 0.00000000 -0.61757891 0.78650893
763.698000000 -5.577429 -3.752050 0.000000 0.00000000 0.00000000 -0.61755883 0.78652469
763.823000000 -5.577852 -3.761760 0.000000 0.00000000 0.00000000 -0.61850203 0.78578320
763.948000000 -5.572240 -3.775323 0.000000 0.00000000 0.00000000 -0.61766307 0.78644284
764.073000000 -5.571421 -3.786441 0.000000 0.00000000 0.00000000 -0.61790712 0.78625110
764.198000000 -5.565442 -3.795807 0.000000 0.00000000 0.00000000 -0.61770178 0.78641243
764.323000000 -5.563859 -3.808151 0.000000 0.00000000 0.00000000 -0.61746410 0.78659907
764.448000000 -5.559930 -3.818485 0.000000 0.00000000 0.00000000 -0.61756630 0.78651883
764.573000000 -5.557753 -3.830532 0.000000 0.00000000 0.00000000 -0.61761970 0.78647689
764.698000000 -5.554758 -3.840138 0.000000 0.00000000 0.00000000 -0.61782275 0.78631740
764.823000000 -5.556717 -3.851605 0.000000 0.00000000 0.00000000 -0.61783674 0.78630641
764.948000000 -5.549479 -3.865261 0.000000 0.00000000 0.00000000 -0.61736074 0.78668018
765.073000000 -5.547453 -3.873744 0.000000 0.00000000 0.00000000 -0.61768163 0.78642825
765.198000000 -5.544137 -3.885677 0.000000 0.00000000 0.00000000 -0.61724957 0.78676742
765.323000000 -5.539054 -3.893767 0.000000 0.00000000 0.00000000 -0.61781274 0.78632526
765.448000000 -5.542402 -3.904041 0.000000 0.00000000 0.00000000 -0.61802204 0.78616077
765.573000000 -5.539398 -3.915309 0.000000 0.00000000 0.00000000 -0.61793589 0.78622849
765.698000000 -5.537398 -3.926594 0.000000 0.00000000 0.00000000 -0.61805915 0.78613160
765.823000000 -5.534898 -3.937007 0.000000 0.00000000 0.00000000 -0.61813993 0.78606808
765.948000000 -5.529011 -3.948829 0.000000 0.00000000 0.00000000 -0.61792732 0.78623523
766.073000000 -5.526607 -3.958926 0.000000 0.00000000 0.00000000 -0.61802346 0.78615965
766.198000000 -5.527454 -3.970553 0.000000 0.00000000 0.00000000 -0.61822850 0.78599842
766.323000000 -5.521312 -3.982707 0.000000 0.00000000 0.00000000 -0.61748722 0.78658091
766.448000000 -5.519113 -3.993027 0.000000 0.00000000 0.00000000 -0.61821420 0.78600967
766.573000000 -5.516632 -4.003145 0.000000 0.00000000 0.00000000 -0.61784959 0.78629631
766.698000000 -5.513905 -4.014270 0.000000 0.00000000 0.00000000 -0.61792268 0.78623887
766.823000000 -5.510859 -4.024075 0.000000 0.00000000 0.00000000 -0.61803281 0.78615230
766.948000000 -5.506421 -4.036782 0.000000 0.00000000 0.00000000 -0.61769080 0.78642106
767.073000000 -5.505615 -4.046363 0.000000 0.00000000 0.00000000 -0.61790862 0.78624992
767.198000000 -5.501655 -4.057614 0.000000 0.00000000 0.00000000 -0.61762082 0.78647601
767.323000000 -5.501584 -4.068387 0.000000 0.00000000 0.00000000 -0.61776046 0.78636634
767.448000000 -5.498295 -4.080559 0.000000 0.00000000 0.00000000 -0.61788135 0.78627135
767.573000000 -5.498756 -4.090052 0.000000 0.00000000 0.00000000 -0.61804604 0.78614191
767.698000000 -5.493677 -4.101539 0.000000 0.00000000 0.00000000 -0.61774913 0.78637524
767.823000000 -5.491124 -4.112500 0.000000 0.00000000 0.00000000 -0.61766584 0.78644066
767.948000000 -5.486131 -4.124055 0.000000 0.00000000 0.00000000 -0.61759068 0.78649968
768.073000000 -5.487683 -4.133731 0.000000 0.00000000 0.00000000 -0.61781096 0.78632666
768.198000000 -5.481453 -4.144735 0.000000 0.00000000 0.00000000 -0.61611894 0.78765313
768.323000000 -5.478667 -4.156261 0.000000 0.00000000 0.00000000 -0.61175215 0.79104950
768.448000000 -5.477161 -4.165984 0.000000 0.00000000 0.00000000 -0.60701298 0.79469192
768.573000000 -5.470530 -4.176769 0.000000 0.00000000 0.00000000 -0.60176090 0.79867629
768.698000000 -5.467932 -4.189426 0.000000 0.00000000 0.00000000 -0.59670031 0.80246417
768.823000000 -5.466934 -4.198833 0.000000 0.00000000 0.00000000 -0.59212223 0.80584816
768.948000000 -5.464400 -4.210487 0.000000 0.00000000 0.00000000 -0.58696742 0.80961055
769.073000000 -5.458155 -4.221424 0.000000 0.00000000 0.00000000 -0.58196901 0.81321097
769.198000000 -5.455848 -4.231443 0.000000 0.00000000 0.00000000 -0.57693561 0.81678963
769.323000000 -5.453578 -4.241205 0.000000 0.00000000 0.00000000 -0.57157391 0.82055059
769.448000000 -5.450479 -4.250729 0.000000 0.00000000 0.00000000 -0.56665737 0.82395353
769.573000000 -5.447703 -4.262013 0.000000 0.00000000 0.00000000 -0.56130179 0.82761120
769.698000000 -5.436355 -4.272049 0.000000 0.00000000 0.00000000 -0.55591980 0.83123594
769.823000000 -5.436589 -4.280922 0.000000 0.00000000 0.00000000 -0.55109872 0.83444005
769.948000000 -5.430434 -4.292700 0.000000 0.00000000 0.00000000 -0.54603834 0.83776019
770.073000000 -5.428189 -4.302782 0.000000 0.00000000 0.00000000 -0.54027246 0.84149014
770.198000000 -5.423789 -4.311543 0.000000 0.00000000 0.00000000 -0.53560649 0.84446769
770.323000000 -5.417473 -4.322661 0.000000 0.00000000 0.00000000 -0.53024171 0.84784652
770.448000000 -5.413263 -4.331004 0.000000 0.00000000 0.00000000 -0.52492569 0.85114806
770.573000000 -5.407481 -4.341595 0.000000 0.00000000 0.00000000 -0.51953736 0.85444773
770.698000000 -5.401020 -4.354007 0.000000 0.00000000 0.00000000 -0.51411882 0.85771898
770.823000000 -5.396581 -4.362350 0.000000 0.00000000 0.00000000 -0.50923348 0.86062841
770.948000000 -5.393064 -4.371694 0.000000 0.00000000 0.00000000 -0.50369795 0.86387984
771.073000000 -5.387723 -4.382220 0.000000 0.00000000 0.00000000 -0.49805416 0.86714592
771.198000000 -5.381682 -4.392298 0.000000 0.00000000 0.00000000 -0.49282371 0.87012918
771.323000000 -5.373163 -4.401632 0.000000 0.00000000 0.00000000 -0.48711681 0.87333683
771.448000000 -5.367887 -4.410078 0.000000 0.00000000 0.00000000 -0.48180759 0.87627704
771.573000000 -5.363068 -4.420158 0.000000 0.00000000 0.00000000 -0.47648930 0.87918027
771.698000000 -5.355116 -4.430160 0.000000 0.00000000 0.00000000 -0.47121260 0.88201966
771.823000000 -5.353444 -4.438176 0.000000 0.00000000 0.00000000 -0.46525657 0.88517587
771.948000000 -5.344113 -4.447829 0.000000 0.00000000 0.00000000 -0.46003557 0.88790049
772.073000000 -5.339188 -4.457006 0.000000 0.00000000 0.00000000 -0.45427694 0.89086052
772.198000000 -5.330533 -4.466418 0.000000 0.00000000 0.00000000 -0.44874783 0.89365843
772.323000000 -5.321920 -4.473806 0.000000 0.00000000 0.00000000 -0.44290622 0.89656795
772.448000000 -5.315086 -4.482957 0.000000 0.00000000 0.00000000 -0.43714130 0.89939284
772.573000000 -5.306683 -4.493062 0.000000 0.00000000 0.00000000 -0.43160231 0.90206399
772.698000000 -5.301126 -4.501468 0.000000 0.00000000 0.00000000 -0.42588852 0.90477564
772.823000000 -5.293705 -4.509275 0.000000 0.00000000 0.00000000 -0.42068432 0.90720709
772.948000000 -5.288835 -4.518656 0.000000 0.00000000 0.00000000 -0.41472620 0.90994625
773.073000000 -5.281129 -4.525960 0.000000 0.00000000 0.00000000 -0.40922890 0.91243176
773.198000000 -5.273894 -4.534059 0.000000 0.00000000 0.00000000 -0.40333717 0.91505143
773.323000000 -5.262650 -4.543071 0.000000 0.00000000 0.00000000 -0.39775650 0.91749102
773.448000000 -5.254510 -4.552421 0.000000 0.00000000 0.00000000 -0.39181591 0.92004364
773.573000000 -5.248559 -4.560726 0.000000 0.00000000 0.00000000 -0.38629948 0.92237341
773.698000000 -5.241438 -4.566412 0.000000 0.00000000 0.00000000 -0.38086220 0.92463181
773.823000000 -5.234015 -4.575574 0.000000 0.00000000 0.00000000 -0.37440968 0.92726339
773.948000000 -5.224569 -4.581483 0.000000 0.00000000 0.00000000 -0.36906240 0.92940462
774.073000000 -5.214437 -4.591269 0.000000 0.00000000 0.00000000 -0.36288038 0.93183573
774.198000000 -5.208692 -4.598260 0.000000 0.00000000 0.00000000 -0.35724959 0.93400896
774.323000000 -5.196798 -4.605962 0.000000 0.00000000 0.00000000 -0.35198069 0.93600726
774.448000000 -5.189044 -4.612820 0.000000 0.00000000 0.00000000 -0.34620576 0.93815861
774.573000000 -5.186560 -4.619487 0.000000 0.00000000 0.00000000 -0.34071493 0.94016665
774.698000000 -5.173924 -4.628162 0.000000 0.00000000 0.00000000 -0.33448724 0.94240028
774.823000000 -5.162699 -4.634986 0.000000 0.00000000 0.00000000 -0.32819349 0.94461052
774.948000000 -5.155057 -4.641929 0.000000 0.00000000 0.00000000 -0.32253902 0.94655617
775.073000000 -5.151204 -4.648266 0.000000 0.00000000 0.00000000 -0.31695441 0.94844077
775.198000000 -5.137328 -4.655397 0.000000 0.00000000 0.00000000 -0.31074437 0.95049352
775.323000000 -5.129589 -4.662224 0.000000 0.00000000 0.00000000 -0.30495998 0.95236517
775.448000000 -5.119936 -4.667954 0.000000 0.00000000 0.00000000 -0.29896273 0.95426479
775.573000000 -5.111284 -4.675034 0.000000 0.00000000 0.00000000 -0.29300459 0.95611103
775.698000000 -5.101373 -4.680322 0.000000 0.00000000 0.00000000 -0.28721789 0.95786527
775.823000000 -5.092755 -4.686179 0.000000 0.00000000 0.00000000 -0.28113644 0.95966781
775.948000000 -5.089507 -4.691899 0.000000 0.00000000 0.00000000 -0.27562952 0.96126394
776.073000000 -5.073865 -4.698786 0.000000 0.00000000 0.00000000 -0.26912134 0.96310628
776.198000000 -5.064640 -4.703536 0.000000 0.00000000 0.00000000 -0.26343507 0.96467713
776.323000000 -5.058361 -4.709507 0.000000 0.00000000 0.00000000 -0.25765540 0.96623687
776.448000000 -5.046431 -4.717270 0.000000 0.00000000 0.00000000 -0.25090595 0.96801147
776.573000000 -5.034065 -4.719822 0.000000 0.00000000 0.00000000 -0.24519809 0.96947300
776.698000000 -5.027735 -4.726477 0.000000 0.00000000 0.00000000 -0.23838269 0.97117130
776.823000000 -5.016613 -4.731669 0.000000 0.00000000 0.00000000 -0.22744105 0.97379185
776.948000000 -5.006587 -4.736957 0.000000 0.00000000 0.00000000 -0.21050032 0.97759379
777.073000000 -4.999216 -4.739726 0.000000 0.00000000 0.00000000 -0.19240707 0.98131520
777.198000000 -4.986347 -4.744750 0.000000 0.00000000 0.00000000 -0.17382195 0.98477710
777.323000000 -4.970680 -4.749392 0.000000 0.00000000 0.00000000 -0.15483694 0.98794004
777.448000000 -4.958543 -4.752848 0.000000 0.00000000 0.00000000 -0.13644707 0.99064736
777.573000000 -4.958545 -4.753840 0.000000 0.00000000 0.00000000 -0.12662083 0.99195119
777.698000000 -4.958780 -4.752263 0.000000 0.00000000 0.00000000 -0.12674276 0.99193562
777.823000000 -4.955104 -4.752938 0.000000 0.00000000 0.00000000 -0.12678980 0.99192961
777.948000000 -4.959366 -4.752307 0.000000 0.00000000 0.00000000 -0.12724773 0.99187097
778.073000000 -4.956960 -4.752750 0.000000 0.00000000 0.00000000 -0.12668514 0.99194298
778.198000000 -4.961178 -4.752313 0.000000 0.00000000 0.00000000 -0.12276654 0.99243558
778.323000000 -4.955578 -4.753378 0.000000 0.00000000 0.00000000 -0.11637157 0.99320575
778.448000000 -4.959293 -4.754119 0.000000 0.00000000 0.00000000 -0.11039279 0.99388804
778.573000000 -4.965716 -4.753035 0.000000 0.00000000 0.00000000 -0.10404470 0.99457262
778.698000000 -4.958028 -4.754882 0.000000 0.00000000 0.00000000 -0.09782953 0.99520319
778.823000000 -4.956024 -4.754304 0.000000 0.00000000 0.00000000 -0.09143885 0.99581069
778.948000000 -4.949127 -4.754970 0.000000 0.00000000 0.00000000 -0.08531740 0.99635382
779.073000000 -4.951418 -4.756741 0.000000 0.00000000 0.00000000 -0.07919905 0.99685882
779.198000000 -4.952314 -4.755538 0.000000 0.00000000 0.00000000 -0.07333028 0.99730771
779.323000000 -4.947304 -4.756194 0.000000 0.00000000 0.00000000 -0.06726763 0.99773497
779.448000000 -4.939269 -4.756808 0.000000 0.00000000 0.00000000 -0.06087382 0.99814547
779.573000000 -4.941991 -4.758018 0.000000 0.00000000 0.00000000 -0.05456516 0.99851021
779.698000000 -4.935904 -4.758694 0.000000 0.00000000 0.00000000 -0.04800558 0.99884707
779.823000000 -4.928062 -4.757562 0.000000 0.00000000 0.00000000 -0.04213993 0.99911172
779.948000000 -4.923661 -4.756613 0.000000 0.00000000 0.00000000 -0.03610172 0.99934812
780.073000000 -4.923534 -4.758920 0.000000 0.00000000 0.00000000 -0.02940285 0.99956764
780.198000000 -4.914338 -4.759923 0.000000 0.00000000 0.00000000 -0.02271540 0.99974197
780.323000000 -4.916268 -4.757710 0.000000 0.00000000 0.00000000 -0.01689773 0.99985722
780.448000000 -4.913208 -4.759096 0.000000 0.00000000 0.00000000 -0.01033346 0.99994661
780.573000000 -4.903702 -4.759616 0.000000 0.00000000 0.00000000 -0.00392951 0.99999228
780.698000000 -4.901101 -4.758999 0.000000 0.00000000 0.00000000 0.00213226 0.99999773
780.823000000 -4.897636 -4.756669 0.000000 0.00000000 0.00000000 0.00787791 0.99996897
780.948000000 -4.893227 -4.757787 0.000000 0.00000000 0.00000000 0.01425201 0.99989843
781.073000000 -4.891771 -4.758126 0.000000 0.00000000 0.00000000 0.02017438 0.99979648
781.198000000 -4.891005 -4.758489 0.000000 0.00000000 0.00000000 0.02667202 0.99964424
781.323000000 -4.880150 -4.758834 0.000000 0.00000000 0.00000000 0.03322349 0.99944795
781.448000000 -4.878648 -4.757237 0.000000 0.00000000 0.00000000 0.03934119 0.99922584
781.573000000 -4.876142 -4.757365 0.000000 0.00000000 0.00000000 0.04568696 0.99895581
781.698000000 -4.870591 -4.758407 0.000000 0.00000000 0.00000000 0.05204413 0.99864479
781.823000000 -4.868437 -4.756755 0.000000 0.00000000 0.00000000 0.05786340 0.99832451
781.948000000 -4.860113 -4.757306 0.000000 0.00000000 0.00000000 0.06455798 0.99791396
782.073000000 -4.861989 -4.754900 0.000000 0.00000000 0.00000000 0.06796185 0.99768792
782.198000000 -4.859227 -4.754596 0.000000 0.00000000 0.00000000 0.06793429 0.99768980
782.323000000 -4.851930 -4.755045 0.000000 0.00000000 0.00000000 0.06830526 0.99766447
782.448000000 -4.847939 -4.755132 0.000000 0.00000000 0.00000000 0.06851579 0.99765003
782.573000000 -4.839319 -4.754357 0.000000 0.00000000 0.00000000 0.06839152 0.99765856
782.698000000 -4.838287 -4.754460 0.000000 0.00000000 0.00000000 0.06832665 0.99766300
782.823000000 -4.833208 -4.753185 0.000000 0.00000000 0.00000000 0.06854846 0.99764779
782.948000000 -4.828166 -4.751585 0.000000 0.00000000 0.00000000 0.06809151 0.99767908
783.073000000 -4.822382 -4.752339 0.000000 0.00000000 0.00000000 0.07146455 0.99744314
783.198000000 -4.812197 -4.749507 0.000000 0.00000000 0.00000000 0.07677080 0.99704877
783.323000000 -4.809350 -4.748674 0.000000 0.00000000 0.00000000 0.08325372 0.99652838
783.448000000 -4.801885 -4.746972 0.000000 0.00000000 0.00000000 0.08885140 0.99604489
783.573000000 -4.795890 -4.747765 0.000000 0.00000000 0.00000000 0.09515642 0.99546233
783.698000000 -4.788532 -4.745959 0.000000 0.00000000 0.00000000 0.10179279 0.99480562
783.823000000 -4.781955 -4.743851 0.000000 0.00000000 0.00000000 0.10802121 0.99414859
783.948000000 -4.777125 -4.743878 0.000000 0.00000000 0.00000000 0.11392597 0.99348924
784.073000000 -4.769597 -4.741861 0.000000 0.00000000 0.00000000 0.12037789 0.99272814
784.198000000 -4.759019 -4.739545 0.000000 0.00000000 0.00000000 0.12647457 0.99196985
784.323000000 -4.761304 -4.737998 0.000000 0.00000000 0.00000000 0.13248560 0.99118493
784.448000000 -4.755211 -4.736703 0.000000 0.00000000 0.00000000 0.13872495 0.99033095
784.573000000 -4.747451 -4.734641 0.000000 0.00000000 0.00000000 0.14443731 0.98951395
784.698000000 -4.744537 -4.732680 0.000000 0.00000000 0.00000000 0.15084686 0.98855714
784.823000000 -4.735652 -4.730964 0.000000 0.00000000 0.00000000 0.15725993 0.98755725
784.948000000 -4.735635 -4.727430 0.000000 0.00000000 0.00000000 0.16266364 0.98668158
785.073000000 -4.723547 -4.727374 0.000000 0.00000000 0.00000000 0.16936513 0.98555337
785.198000000 -4.714608 -4.724985 0.000000 0.00000000 0.00000000 0.17558192 0.98446482
785.323000000 -4.713414 -4.721361 0.000000 0.00000000 0.00000000 0.18151432 0.98338830
785.448000000 -4.706721 -4.718850 0.000000 0.00000000 0.00000000 0.18738431 0.98228668
785.573000000 -4.698072 -4.717888 0.000000 0.00000000 0.00000000 0.19417068 0.98096776
785.698000000 -4.694880 -4.714561 0.000000 0.00000000 0.00000000 0.19988329 0.97981971
785.823000000 -4.693377 -4.712932 0.000000 0.00000000 0.00000000 0.20602881 0.97854593
785.948000000 -4.686177 -4.710851 0.000000 0.00000000 0.00000000 0.21239758 0.97718333
786.073000000 -4.676859 -4.707202 0.000000 0.00000000 0.00000000 0.21795136 0.97595963
786.198000000 -4.670218 -4.705283 0.000000 0.00000000 0.00000000 0.22409509 0.97456728
786.323000000 -4.666008 -4.702109 0.000000 0.00000000 0.00000000 0.23018320 0.97314731
786.448000000 -4.660878 -4.699775 0.000000 0.00000000 0.00000000 0.23628004 0.97168500
786.573000000 -4.655655 -4.695147 0.000000 0.00000000 0.00000000 0.24160847 0.97037382
786.698000000 -4.651447 -4.694173 0.000000 0.00000000 0.00000000 0.24857673 0.96861221
786.823000000 -4.642310 -4.690821 0.000000 0.00000000 0.00000000 0.25459874 0.96704678
786.948000000 -4.638357 -4.686685 0.000000 0.00000000 0.00000000 0.26007181 0.96558928
787.073000000 -4.631962 -4.683702 0.000000 0.00000000 0.00000000 0.26643493 0.96385291
787.198000000 -4.633638 -4.655004 0.000000 0.00000000 0.00000000 0.26952688 0.96299287
787.323000000 -4.628166 -4.650168 0.000000 0.00000000 0.00000000 0.27547666 0.96130776
787.448000000 -4.623501 -4.648762 0.000000 0.00000000 0.00000000 0.28169155 0.95950501
787.573000000 -4.619197 -4.644143 0.000000 0.00000000 0.00000000 0.28443920 0.95869408
787.698000000 -4.612796 -4.640224 0.000000 0.00000000 0.00000000 0.28433373 0.95872537
787.823000000 -4.607174 -4.637503 0.000000 0.00000000 0.00000000 0.28473814 0.95860534
787.948000000 -4.602932 -4.633663 0.000000 0.00000000 0.00000000 0.28451376 0.95867196
788.073000000 -4.596666 -4.631787 0.000000 0.00000000 0.00000000 0.28509151 0.95850030
788.198000000 -4.592564 -4.627967 0.000000 0.00000000 0.00000000 0.28491532 0.95855269
788.323000000 -4.589172 -4.624805 0.000000 0.00000000 0.00000000 0.28490339 0.95855624
788.448000000 -4.581203 -4.621293 0.000000 0.00000000 0.00000000 0.28471681 0.95861167
788.573000000 -4.576275 -4.617179 0.000000 0.00000000 0.00000000 0.28494799 0.95854298
788.698000000 -4.570766 -4.614126 0.000000 0.00000000 0.00000000 0.28468866 0.95862003
788.823000000 -4.563827 -4.611687 0.000000 0.00000000 0.00000000 0.28501281 0.95852371
788.948000000 -4.561281 -4.607587 0.000000 0.00000000 0.00000000 0.28482470 0.95857962
789.073000000 -4.555595 -4.602769 0.000000 0.00000000 0.00000000 0.28248608 0.95927140
789.198000000 -4.548675 -4.601068 0.000000 0.00000000 0.00000000 0.27760243 0.96069604
789.323000000 -4.544666 -4.597102 0.000000 0.00000000 0.00000000 0.27128669 0.96249859
789.448000000 -4.542689 -4.593832 0.000000 0.00000000 0.00000000 0.26603593 0.96396311
789.573000000 -4.534964 -4.590990 0.000000 0.00000000 0.00000000 0.25968659 0.96569295
789.698000000 -4.527988 -4.589112 0.000000 0.00000000 0.00000000 0.25394117 0.96721967
789.823000000 -4.520553 -4.584982 0.000000 0.00000000 0.00000000 0.24789982 0.96878567
789.948000000 -4.519634 -4.584066 0.000000 0.00000000 0.00000000 0.24199878 0.97027655
790.073000000 -4.511019 -4.577514 0.000000 0.00000000 0.00000000 0.23532658 0.97191636
790.198000000 -4.499702 -4.573955 0.000000 0.00000000 0.00000000 0.23030047 0.97311957
790.323000000 -4.496052 -4.571385 0.000000 0.00000000 0.00000000 0.22444623 0.97448647
790.448000000 -4.496711 -4.568072 0.000000 0.00000000 0.00000000 0.22149908 0.97516058
790.573000000 -4.488666 -4.566464 0.000000 0.00000000 0.00000000 0.22171863 0.97511068
790.698000000 -4.485100 -4.563216 0.000000 0.00000000 0.00000000 0.22198717 0.97504959
790.823000000 -4.478698 -4.559549 0.000000 0.00000000 0.00000000 0.22138351 0.97518682
790.948000000 -4.468134 -4.557626 0.000000 0.00000000 0.00000000 0.22149710 0.97516103
791.073000000 -4.460269 -4.554250 0.000000 0.00000000 0.00000000 0.22149285 0.97516200
791.198000000 -4.463090 -4.552437 0.000000 0.00000000 0.00000000 0.22191150 0.97506681
791.323000000 -4.453382 -4.549575 0.000000 0.00000000 0.00000000 0.22165237 0.97512575
791.448000000 -4.448627 -4.547916 0.000000 0.00000000 0.00000000 0.22191739 0.97506547
791.573000000 -4.446154 -4.544291 0.000000 0.00000000 0.00000000 0.22158516 0.97514102
791.698000000 -4.441477 -4.543140 0.000000 0.00000000 0.00000000 0.22174574 0.97510452
791.823000000 -4.434538 -4.539187 0.000000 0.00000000 0.00000000 0.22197501 0.97505236
791.948000000 -4.427880 -4.536137 0.000000 0.00000000 0.00000000 0.22184010 0.97508306
792.073000000 -4.419695 -4.533816 0.000000 0.00000000 0.00000000 0.22201049 0.97504428
792.198000000 -4.413873 -4.530328 0.000000 0.00000000 0.00000000 0.22455623 0.97446113
792.323000000 -4.406776 -4.528017 0.000000 0.00000000 0.00000000 0.23100530 0.97295249
792.448000000 -4.400235 -4.525207 0.000000 0.00000000 0.00000000 0.23670204 0.97158229
792.573000000 -4.398936 -4.521527 0.000000 0.00000000 0.00000000 0.24265120 0.97011360
792.698000000 -4.393825 -4.519015 0.000000 0.00000000 0.00000000 0.24872628 0.96857382
792.823000000 -4.387399 -4.516064 0.000000 0.00000000 0.00000000 0.25494324 0.96695602
792.948000000 -4.380273 -4.513395 0.000000 0.00000000 0.00000000 0.26069726 0.96542060
793.073000000 -4.378063 -4.510181 0.000000 0.00000000 0.00000000 0.26694081 0.96371292
793.198000000 -4.374288 -4.505797 0.000000 0.00000000 0.00000000 0.27141741 0.96246173
793.323000000 -4.368646 -4.503055 0.000000 0.00000000 0.00000000 0.27714372 0.96082848
793.448000000 -4.362826 -4.500292 0.000000 0.00000000 0.00000000 0.28289727 0.95915022
793.573000000 -4.358516 -4.495213 0.000000 0.00000000 0.00000000 0.28973536 0.95710680
793.698000000 -4.350901 -4.491902 0.000000 0.00000000 0.00000000 0.29528554 0.95540905
793.823000000 -4.348788 -4.488970 0.000000 0.00000000 0.00000000 0.30113952 0.95358009
793.948000000 -4.337750 -4.486055 0.000000 0.00000000 0.00000000 0.30687184 0.95175085
794.073000000 -4.333586 -4.482421 0.000000 0.00000000 0.00000000 0.31259758 0.94988565
794.198000000 -4.333179 -4.477905 0.000000 0.00000000 0.00000000 0.31897649 0.94776263
794.323000000 -4.326039 -4.473791 0.000000 0.00000000 0.00000000 0.32485307 0.94576450
794.448000000 -4.319550 -4.470315 0.000000 0.00000000 0.00000000 0.33012037 0.94393885
794.573000000 -4.323919 -4.466886 0.000000 0.00000000 0.00000000 0.33629469 0.94175681
794.698000000 -4.312672 -4.461915 0.000000 0.00000000 0.00000000 0.34288082 0.93937891
794.823000000 -4.305106 -4.458836 0.000000 0.00000000 0.00000000 0.34841248 0.93734132
794.948000000 -4.303526 -4.454398 0.000000 0.00000000 0.00000000 0.35389935 0.93528351
795.073000000 -4.293152 -4.449839 0.000000 0.00000000 0.00000000 0.35975139 0.93304820
795.198000000 -4.296636 -4.444203 0.000000 0.00000000 0.00000000 0.36565746 0.93074949
795.323000000 -4.292760 -4.442258 0.000000 0.00000000 0.00000000 0.37155754 0.92840993
795.448000000 -4.286155 -4.438439 0.000000 0.00000000 0.00000000 0.37693503 0.92623970
795.573000000 -4.283140 -4.432141 0.000000 0.00000000 0.00000000 0.38230978 0.92403422
795.698000000 -4.273041 -4.429799 0.000000 0.00000000 0.00000000 0.38864783 0.92138638
795.823000000 -4.275234 -4.424270 0.000000 0.00000000 0.00000000 0.39461173 0.91884797
795.948000000 -4.267921 -4.419260 0.000000 0.00000000 0.00000000 0.40026487 0.91639950
796.073000000 -4.263921 -4.415528 0.000000 0.00000000 0.00000000 0.40605302 0.91384952
796.198000000 -4.258113 -4.408683 0.000000 0.00000000 0.00000000 0.41123868 0.91152770
796.323000000 -4.259645 -4.403772 0.000000 0.00000000 0.00000000 0.41757565 0.90864216
796.448000000 -4.253574 -4.399877 0.000000 0.00000000 0.00000000 0.42316125 0.90605439
796.573000000 -4.245130 -4.394445 0.000000 0.00000000 0.00000000 0.42859773 0.90349543
796.698000000 -4.242992 -4.388894 0.000000 0.00000000 0.00000000 0.43420196 0.90081555
796.823000000 -4.242551 -4.385339 0.000000 0.00000000 0.00000000 0.43967649 0.89815621
796.948000000 -4.237679 -4.379894 0.000000 0.00000000 0.00000000 0.44535638 0.89535339
797.073000000 -4.229425 -4.376009 0.000000 0.00000000 0.00000000 0.45107696 0.89248506
797.198000000 -4.227271 -4.369453 0.000000 0.00000000 0.00000000 0.45675545 0.88959230
797.323000000 -4.228001 -4.364943 0.000000 0.00000000 0.00000000 0.46188566 0.88693948
797.448000000 -4.221867 -4.361134 0.000000 0.00000000 0.00000000 0.46732148 0.88408746
797.573000000 -4.218852 -4.353490 0.000000 0.00000000 0.00000000 0.47300606 0.88105917
797.698000000 -4.213009 -4.349013 0.000000 0.00000000 0.00000000 0.47849149 0.87809219
797.823000000 -4.211483 -4.343910 0.000000 0.00000000 0.00000000 0.48397698 0.87508073
797.948000000 -4.207368 -4.338752 0.000000 0.00000000 0.00000000 0.48920740 0.87216749
798.073000000 -4.201913 -4.334005 0.000000 0.00000000 0.00000000 0.49492176 0.86893754
798.198000000 -4.203016 -4.327397 0.000000 0.00000000 0.00000000 0.50072368 0.86560718
798.323000000 -4.197179 -4.322588 0.000000 0.00000000 0.00000000 0.50607650 0.86248860
798.448000000 -4.189996 -4.316906 0.000000 0.00000000 0.00000000 0.51126215 0.85942482
798.573000000 -4.192396 -4.311108 0.000000 0.00000000 0.00000000 0.51695783 0.85601086
798.698000000 -4.186089 -4.304961 0.000000 0.00000000 0.00000000 0.52191224 0.85299919
798.823000000 -4.188086 -4.297805 0.000000 0.00000000 0.00000000 0.52757308 0.84950965
798.948000000 -4.178301 -4.294781 0.000000 0.00000000 0.00000000 0.53240353 0.84649068
799.073000000 -4.173585 -4.288508 0.000000 0.00000000 0.00000000 0.53832320 0.84273847
799.198000000 -4.174467 -4.283154 0.000000 0.00000000 0.00000000 0.54307189 0.83968620
799.323000000 -4.171732 -4.276032 0.000000 0.00000000 0.00000000 0.54777315 0.83662690
799.448000000 -4.170280 -4.271532 0.000000 0.00000000 0.00000000 0.55375645 0.83267868
799.573000000 -4.163507 -4.265440 0.000000 0.00000000 0.00000000 0.55861915 0.82942428
799.698000000 -4.167056 -4.258986 0.000000 0.00000000 0.00000000 0.56371831 0.82596711
799.823000000 -4.168311 -4.253091 0.000000 0.00000000 0.00000000 0.56895782 0.82236671
799.948000000 -4.165869 -4.247401 0.000000 0.00000000 0.00000000 0.57372283 0.81904952
800.073000000 -4.159218 -4.242649 0.000000 0.00000000 0.00000000 0.57933568 0.81508906
800.198000000 -4.155967 -4.235572 0.000000 0.00000000 0.00000000 0.58427732 0.81155407
800.323000000 -4.154527 -4.231177 0.000000 0.00000000 0.00000000 0.58912040 0.80804527
800.448000000 -4.150788 -4.222860 0.000000 0.00000000 0.00000000 0.59409403 0.80439560
800.573000000 -4.153773 -4.218870 0.000000 0.00000000 0.00000000 0.59936266 0.80047761
800.698000000 -4.152137 -4.211029 0.000000 0.00000000 0.00000000 0.60406241 0.79693701
800.823000000 -4.147109 -4.206500 0.000000 0.00000000 0.00000000 0.60888390 0.79325935
800.948000000 -4.147395 -4.198693 0.000000 0.00000000 0.00000000 0.61395137 0.78934385
801.073000000 -4.139004 -4.195666 0.000000 0.00000000 0.00000000 0.61882592 0.78552816
801.198000000 -4.143606 -4.186980 0.000000 0.00000000 0.00000000 0.62336081 0.78193434
801.323000000 -4.142096 -4.179813 0.000000 0.00000000 0.00000000 0.62784949 0.77833477
801.448000000 -4.138137 -4.176311 0.000000 0.00000000 0.00000000 0.63335366 0.77386248
801.573000000 -4.145830 -4.168332 0.000000 0.00000000 0.00000000 0.63789775 0.77012107
801.698000000 -4.138603 -4.162317 0.000000 0.00000000 0.00000000 0.64257292 0.76622454
801.823000000 -4.139280 -4.156951 0.000000 0.00000000 0.00000000 0.64750997 0.76205698
801.948000000 -4.148161 -4.148311 0.000000 0.00000000 0.00000000 0.65192990 0.75827924
802.073000000 -4.136763 -4.144401 0.000000 0.00000000 0.00000000 0.65675302 0.75410574
802.198000000 -4.142114 -4.136990 0.000000 0.00000000 0.00000000 0.65978180 0.75145724
802.323000000 -4.139671 -4.130062 0.000000 0.00000000 0.00000000 0.66008104 0.75119440
802.448000000 -4.133659 -4.123100 0.000000 0.00000000 0.00000000 0.66058597 0.75075041
802.573000000 -4.135130 -4.118538 0.000000 0.00000000 0.00000000 0.66027548 0.75102350
802.698000000 -4.136140 -4.113038 0.000000 0.00000000 0.00000000 0.65841318 0.75265669
802.823000000 -4.137397 -4.105205 0.000000 0.00000000 0.00000000 0.65434122 0.75619943
802.948000000 -4.133343 -4.098594 0.000000 0.00000000 0.00000000 0.64909992 0.76070316
803.073000000 -4.131470 -4.093016 0.000000 0.00000000 0.00000000 0.64465943 0.76446989
803.198000000 -4.126199 -4.090314 0.000000 0.00000000 0.00000000 0.63938687 0.76888519
803.323000000 -4.122059 -4.083049 0.000000 0.00000000 0.00000000 0.63461144 0.77283136
803.448000000 -4.130410 -4.076685 0.000000 0.00000000 0.00000000 0.62984825 0.77671822
803.573000000 -4.120588 -4.069995 0.000000 0.00000000 0.00000000 0.62487594 0.78072406
803.698000000 -4.122673 -4.064650 0.000000 0.00000000 0.00000000 0.61981568 0.78474743
803.823000000 -4.121065 -4.059085 0.000000 0.00000000 0.00000000 0.61510944 0.78844174
803.948000000 -4.120536 -4.053770 0.000000 0.00000000 0.00000000 0.61005313 0.79236051
804.073000000 -4.119008 -4.045563 0.000000 0.00000000 0.00000000 0.60545350 0.79588068
804.198000000 -4.119639 -4.041308 0.000000 0.00000000 0.00000000 0.60010239 0.79992320
804.323000000 -4.111068 -4.035577 0.000000 0.00000000 0.00000000 0.59503827 0.80369737
804.448000000 -4.110041 -4.029251 0.000000 0.00000000 0.00000000 0.59241989 0.80562936
804.573000000 -4.107743 -4.022689 0.000000 0.00000000 0.00000000 0.59313776 0.80510099
804.698000000 -4.103747 -4.016714 0.000000 0.00000000 0.00000000 0.59275440 0.80538328
804.823000000 -4.105807 -4.008759 0.000000 0.00000000 0.00000000 0.59258136 0.80551060
804.948000000 -4.103508 -4.004731 0.000000 0.00000000 0.00000000 0.59287652 0.80529338
805.073000000 -4.106082 -3.998366 0.000000 0.00000000 0.00000000 0.59249302 0.80557558
805.198000000 -4.099634 -3.992257 0.000000 0.00000000 0.00000000 0.59303346 0.80517782
805.323000000 -4.097139 -3.986644 0.000000 0.00000000 0.00000000 0.59342429 0.80488982
805.448000000 -4.095625 -3.981215 0.000000 0.00000000 0.00000000 0.59344730 0.80487285
805.573000000 -4.089007 -3.975493 0.000000 0.00000000 0.00000000 0.59352122 0.80481834
805.698000000 -4.092805 -3.967728 0.000000 0.00000000 0.00000000 0.59336713 0.80493195
805.823000000 -4.088965 -3.961919 0.000000 0.00000000 0.00000000 0.59371383 0.80467626
805.948000000 -4.088766 -3.955187 0.000000 0.00000000 0.00000000 0.59352551 0.80481518
806.073000000 -4.082557 -3.950349 0.000000 0.00000000 0.00000000 0.59277599 0.80536738
806.198000000 -4.079494 -3.945457 0.000000 0.00000000 0.00000000 0.59292289 0.80525924
806.323000000 -4.075100 -3.939187 0.000000 0.00000000 0.00000000 0.59299104 0.80520906
806.448000000 -4.073120 -3.933030 0.000000 0.00000000 0.00000000 0.59293786 0.80524822
806.573000000 -4.072154 -3.927233 0.000000 0.00000000 0.00000000 0.59314405 0.80509635
806.698000000 -4.072989 -3.922242 0.000000 0.00000000 0.00000000 0.59269722 0.80542536
806.823000000 -4.062833 -3.917085 0.000000 0.00000000 0.00000000 0.59240372 0.80564125
806.948000000 -4.070120 -3.910139 0.000000 0.00000000 0.00000000 0.59316363 0.80508193
807.073000000 -4.070082 -3.903853 0.000000 0.00000000 0.00000000 0.59326584 0.80500661
807.198000000 -4.070305 -3.895467 0.000000 0.00000000 0.00000000 0.59367827 0.80470250
807.323000000 -4.062337 -3.891753 0.000000 0.00000000 0.00000000 0.59278515 0.80536064
807.448000000 -4.067514 -3.883637 0.000000 0.00000000 0.00000000 0.59302454 0.80518439
807.573000000 -4.065888 -3.879312 0.000000 0.00000000 0.00000000 0.59303012 0.80518027
807.698000000 -4.058753 -3.872708 0.000000 0.00000000 0.00000000 0.59297334 0.80522210
807.823000000 -4.056830 -3.867931 0.000000 0.00000000 0.00000000 0.59255453 0.80553034
807.948000000 -4.057185 -3.860985 0.000000 0.00000000 0.00000000 0.59270813 0.80541733
808.073000000 -4.052812 -3.855066 0.000000 0.00000000 0.00000000 0.59253790 0.80554257
808.198000000 -4.052066 -3.848606 0.000000 0.00000000 0.00000000 0.59261391 0.80548665
808.323000000 -4.055275 -3.841754 0.000000 0.00000000 0.00000000 0.59253334 0.80554592
808.448000000 -4.046751 -3.838435 0.000000 0.00000000 0.00000000 0.59308003 0.80514351
808.573000000 -4.050827 -3.830742 0.000000 0.00000000 0.00000000 0.59349421 0.80483826
808.698000000 -4.033929 -3.824305 0.000000 0.00000000 0.00000000 0.59316297 0.80508242
808.823000000 -4.035680 -3.818668 0.000000 0.00000000 0.00000000 0.59277725 0.80536646
808.948000000 -4.034005 -3.811935 0.000000 0.00000000 0.00000000 0.59247435 0.80558932
809.073000000 -4.038866 -3.805909 0.000000 0.00000000 0.00000000 0.59294627 0.80524203
809.198000000 -4.027621 -3.800213 0.000000 0.00000000 0.00000000 0.59242061 0.80562884
809.323000000 -4.024978 -3.795134 0.000000 0.00000000 0.00000000 0.59288959 0.80528376
809.448000000 -4.026178 -3.788179 0.000000 0.00000000 0.00000000 0.59294002 0.80524663
809.573000000 -4.027135 -3.782866 0.000000 0.00000000 0.00000000 0.59284639 0.80531556
809.698000000 -4.022375 -3.776702 0.000000 0.00000000 0.00000000 0.59282711 0.80532976
809.823000000 -4.014368 -3.772451 0.000000 0.00000000 0.00000000 0.59258503 0.80550790
809.948000000 -4.028814 -3.764767 0.000000 0.00000000 0.00000000 0.59303070 0.80517985
810.073000000 -4.022182 -3.759437 0.000000 0.00000000 0.00000000 0.59299814 0.80520383
810.198000000 -4.019702 -3.753164 0.000000 0.00000000 0.00000000 0.59277343 0.80536927
810.323000000 -4.014844 -3.747641 0.000000 0.00000000 0.00000000 0.59264868 0.80546108
810.448000000 -4.013721 -3.741232 0.000000 0.00000000 0.00000000 0.59290151 0.80527499
810.573000000 -4.013372 -3.734246 0.000000 0.00000000 0.00000000 0.59282138 0.80533397
810.698000000 -4.005128 -3.729241 0.000000 0.00000000 0.00000000 0.59269373 0.80542793
810.823000000 -4.009784 -3.722088 0.000000 0.00000000 0.00000000 0.59279590 0.80535273
810.948000000 -4.005527 -3.717098 0.000000 0.00000000 0.00000000 0.59282403 0.80533202
811.073000000 -4.003764 -3.711929 0.000000 0.00000000 0.00000000 0.59290992 0.80526879
811.198000000 -4.004465 -3.705802 0.000000 0.00000000 0.00000000 0.59272846 0.80540237
811.323000000 -3.999127 -3.701362 0.000000 0.00000000 0.00000000 0.59301808 0.80518914
811.448000000 -4.009819 -3.693909 0.000000 0.00000000 0.00000000 0.59334239 0.80495019
811.573000000 -3.999826 -3.688539 0.000000 0.00000000 0.00000000 0.59318619 0.80506530
811.698000000 -4.006544 -3.681778 0.000000 0.00000000 0.00000000 0.59351664 0.80482172
811.823000000 -4.001864 -3.675556 0.000000 0.00000000 0.00000000 0.59301242 0.80519331
811.948000000 -3.994661 -3.669758 0.000000 0.00000000 0.00000000 0.59259188 0.80550287
812.073000000 -3.991460 -3.665644 0.000000 0.00000000 0.00000000 0.59289316 0.80528114
812.198000000 -3.990713 -3.659732 0.000000 0.00000000 0.00000000 0.59267823 0.80543933
812.323000000 -3.987760 -3.651687 0.000000 0.00000000 0.00000000 0.59305109 0.80516483
812.448000000 -3.987055 -3.647979 0.000000 0.00000000 0.00000000 0.59287251 0.80529633
812.573000000 -3.993981 -3.641333 0.000000 0.00000000 0.00000000 0.59341969 0.80489321
812.698000000 -3.983512 -3.635757 0.000000 0.00000000 0.00000000 0.59298262 0.80521526
812.823000000 -3.986642 -3.627876 0.000000 0.00000000 0.00000000 0.59347840 0.80484992
812.948000000 -3.980795 -3.624262 0.000000 0.00000000 0.00000000 0.59290978 0.80526889
813.073000000 -3.976681 -3.616863 0.000000 0.00000000 0.00000000 0.59345975 0.80486367
813.198000000 -3.979429 -3.612097 0.000000 0.00000000 0.00000000 0.59256153 0.80552519
813.323000000 -3.974587 -3.606458 0.000000 0.00000000 0.00000000 0.59184826 0.80604940
813.448000000 -3.975100 -3.600158 0.000000 0.00000000 0.00000000 0.59243462 0.80561853
813.573000000 -3.980252 -3.592317 0.000000 0.00000000 0.00000000 0.59260953 0.80548988
813.698000000 -3.975189 -3.588368 0.000000 0.00000000 0.00000000 0.59259683 0.80549922
813.823000000 -3.969701 -3.581399 0.000000 0.00000000 0.00000000 0.59211288 0.80585504
813.948000000 -3.960462 -3.576573 0.000000 0.00000000 0.00000000 0.59182938 0.80606326
814.073000000 -3.965622 -3.569912 0.000000 0.00000000 0.00000000 0.59216491 0.80581680
814.198000000 -3.963443 -3.565005 0.000000 0.00000000 0.00000000 0.59184012 0.80605538
814.323000000 -3.956490 -3.556881 0.000000 0.00000000 0.00000000 0.59199751 0.80593979
814.448000000 -3.962106 -3.551186 0.000000 0.00000000 0.00000000 0.59189655 0.80601395
814.573000000 -3.952372 -3.546119 0.000000 0.00000000 0.00000000 0.59161088 0.80622365
814.698000000 -3.951077 -3.538987 0.000000 0.00000000 0.00000000 0.59196483 0.80596379
814.823000000 -3.970238 -3.532521 0.000000 0.00000000 0.00000000 0.59256984 0.80551908
814.948000000 -3.953945 -3.527383 0.000000 0.00000000 0.00000000 0.59233421 0.80569236
815.073000000 -3.966164 -3.520939 0.000000 0.00000000 0.00000000 0.59274529 0.80538998
815.198000000 -3.958908 -3.516277 0.000000 0.00000000 0.00000000 0.59226203 0.80574542
815.323000000 -3.957430 -3.508287 0.000000 0.00000000 0.00000000 0.59279147 0.80535600
815.448000000 -3.956122 -3.502736 0.000000 0.00000000 0.00000000 0.59236580 0.80566913
815.573000000 -3.951505 -3.495954 0.000000 0.00000000 0.00000000 0.59262707 0.80547698
815.698000000 -3.948398 -3.492004 0.000000 0.00000000 0.00000000 0.59228662 0.80572735
815.823000000 -3.949742 -3.484782 0.000000 0.00000000 0.00000000 0.59240864 0.80563764
815.948000000 -3.949300 -3.478988 0.000000 0.00000000 0.00000000 0.59263764 0.80546919
816.073000000 -3.947332 -3.473041 0.000000 0.00000000 0.00000000 0.59256913 0.80551960
816.198000000 -3.940363 -3.466667 0.000000 0.00000000 0.00000000 0.59219051 0.80579799
816.323000000 -3.937858 -3.462185 0.000000 0.00000000 0.00000000 0.59255042 0.80553336
816.448000000 -3.930095 -3.457559 0.000000 0.00000000 0.00000000 0.59257416 0.80551590
816.573000000 -3.932487 -3.451262 0.000000 0.00000000 0.00000000 0.59252689 0.80555067
816.698000000 -3.929641 -3.445225 0.000000 0.00000000 0.00000000 0.59226487 0.80574333
816.823000000 -3.930630 -3.437729 0.000000 0.00000000 0.00000000 0.59252979 0.80554854
816.948000000 -3.925822 -3.432710 0.000000 0.00000000 0.00000000 0.59257083 0.80551835
817.073000000 -3.927644 -3.426782 0.000000 0.00000000 0.00000000 0.59278435 0.80536123
817.198000000 -3.918843 -3.421526 0.000000 0.00000000 0.00000000 0.59257452 0.80551563
817.323000000 -3.921979 -3.415870 0.000000 0.00000000 0.00000000 0.59261799 0.80548366
817.448000000 -3.915434 -3.408766 0.000000 0.00000000 0.00000000 0.59245606 0.80560276
817.573000000 -3.918108 -3.403026 0.000000 0.00000000 0.00000000 0.59259541 0.80550027
817.698000000 -3.916609 -3.395927 0.000000 0.00000000 0.00000000 0.59295330 0.80523685
817.823000000 -3.915420 -3.390998 0.000000 0.00000000 0.00000000 0.59237009 0.80566598
817.948000000 -3.913933 -3.385783 0.000000 0.00000000 0.00000000 0.59254609 0.80553655
818.073000000 -3.913863 -3.379699 0.000000 0.00000000 0.00000000 0.59227774 0.80573388
818.198000000 -3.907694 -3.374672 0.000000 0.00000000 0.00000000 0.59235937 0.80567386
818.323000000 -3.904418 -3.366513 0.000000 0.00000000 0.00000000 0.59218380 0.80580292
818.448000000 -3.907623 -3.361710 0.000000 0.00000000 0.00000000 0.59264542 0.80546347
818.573000000 -3.905073 -3.355801 0.000000 0.00000000 0.00000000 0.59246611 0.80559537
818.698000000 -3.899267 -3.350740 0.000000 0.00000000 0.00000000 0.59233332 0.80569302
818.823000000 -3.902237 -3.343900 0.000000 0.00000000 0.00000000 0.59233462 0.80569206
818.948000000 -3.895880 -3.337436 0.000000 0.00000000 0.00000000 0.59259796 0.80549839
819.073000000 -3.891949 -3.331413 0.000000 0.00000000 0.00000000 0.59277267 0.80536983
819.198000000 -3.898970 -3.326398 0.000000 0.00000000 0.00000000 0.59264824 0.80546140
819.323000000 -3.885302 -3.319270 0.000000 0.00000000 0.00000000 0.59269558 0.80542657
819.448000000 -3.889943 -3.314380 0.000000 0.00000000 0.00000000 0.59241241 0.80563486
819.573000000 -3.887600 -3.308501 0.000000 0.00000000 0.00000000 0.59244845 0.80560836
819.698000000 -3.881813 -3.302590 0.000000 0.00000000 0.00000000 0.59230092 0.80571684
819.823000000 -3.881183 -3.294909 0.000000 0.00000000 0.00000000 0.59269944 0.80542372
819.948000000 -3.882927 -3.290513 0.000000 0.00000000 0.00000000 0.59227281 0.80573750
820.073000000 -3.880360 -3.283341 0.000000 0.00000000 0.00000000 0.59269295 0.80542850
820.198000000 -3.881977 -3.278167 0.000000 0.00000000 0.00000000 0.59253981 0.80554117
820.323000000 -3.875560 -3.272557 0.000000 0.00000000 0.00000000 0.59302881 0.80518124
820.448000000 -3.878679 -3.266387 0.000000 0.00000000 0.00000000 0.59234271 0.80568611
820.573000000 -3.871091 -3.261442 0.000000 0.00000000 0.00000000 0.59287105 0.80529741
820.698000000 -3.875280 -3.255286 0.000000 0.00000000 0.00000000 0.59254692 0.80553594
820.823000000 -3.872765 -3.249149 0.000000 0.00000000 0.00000000 0.59292048 0.80526101
820.948000000 -3.866725 -3.243037 0.000000 0.00000000 0.00000000 0.59250430 0.80556728
821.073000000 -3.858633 -3.237964 0.000000 0.00000000 0.00000000 0.59281094 0.80534166
821.198000000 -3.864820 -3.231549 0.000000 0.00000000 0.00000000 0.59267006 0.80544534
821.323000000 -3.864969 -3.226044 0.000000 0.00000000 0.00000000 0.59219474 0.80579488
821.448000000 -3.858601 -3.218708 0.000000 0.00000000 0.00000000 0.59245980 0.80560002
821.573000000 -3.854054 -3.214240 0.000000 0.00000000 0.00000000 0.59244910 0.80560788
821.698000000 -3.851037 -3.207630 0.000000 0.00000000 0.00000000 0.59276679 0.80537415
821.823000000 -3.860120 -3.201721 0.000000 0.00000000 0.00000000 0.59065130 0.80692691
821.948000000 -3.853214 -3.194908 0.000000 0.00000000 0.00000000 0.58580302 0.81045347
822.073000000 -3.853125 -3.188056 0.000000 0.00000000 0.00000000 0.58078039 0.81406028
822.198000000 -3.850303 -3.183678 0.000000 0.00000000 0.00000000 0.57616503 0.81733338
822.323000000 -3.848212 -3.179005 0.000000 0.00000000 0.00000000 0.57135127 0.82070563
822.448000000 -3.840830 -3.171941 0.000000 0.00000000 0.00000000 0.56574789 0.82457827
822.573000000 -3.838724 -3.167395 0.000000 0.00000000 0.00000000 0.56080325 0.82794910
822.698000000 -3.836398 -3.160963 0.000000 0.00000000 0.00000000 0.55595897 0.83120974
822.823000000 -3.839317 -3.155367 0.000000 0.00000000 0.00000000 0.55092173 0.83455692
822.948000000 -3.831022 -3.151131 0.000000 0.00000000 0.00000000 0.54592649 0.83783308
823.073000000 -3.828668 -3.143561 0.000000 0.00000000 0.00000000 0.54046539 0.84136625
823.198000000 -3.828230 -3.139146 0.000000 0.00000000 0.00000000 0.53506761 0.84480924
823.323000000 -3.825001 -3.133065 0.000000 0.00000000 0.00000000 0.52953592 0.84828752
823.448000000 -3.827007 -3.128962 0.000000 0.00000000 0.00000000 0.52451397 0.85140184
823.573000000 -3.820914 -3.121509 0.000000 0.00000000 0.00000000 0.51959516 0.85441259
823.698000000 -3.816300 -3.118886 0.000000 0.00000000 0.00000000 0.51435032 0.85758017
823.823000000 -3.812370 -3.111985 0.000000 0.00000000 0.00000000 0.50887387 0.86084109
823.948000000 -3.806333 -3.104542 0.000000 0.00000000 0.00000000 0.50321441 0.86416159
824.073000000 -3.805965 -3.099718 0.000000 0.00000000 0.00000000 0.49766477 0.86736946
824.198000000 -3.804982 -3.095066 0.000000 0.00000000 0.00000000 0.49249905 0.87031298
824.323000000 -3.805649 -3.089062 0.000000 0.00000000 0.00000000 0.48707400 0.87336070
824.448000000 -3.803687 -3.085157 0.000000 0.00000000 0.00000000 0.48193808 0.87620528
824.573000000 -3.798852 -3.078953 0.000000 0.00000000 0.00000000 0.47613708 0.87937107
824.698000000 -3.791439 -3.075588 0.000000 0.00000000 0.00000000 0.47076208 0.88226020
824.823000000 -3.787987 -3.070174 0.000000 0.00000000 0.00000000 0.46524782 0.88518047
824.948000000 -3.782226 -3.064250 0.000000 0.00000000 0.00000000 0.45964675 0.88810183
825.073000000 -3.783089 -3.058743 0.000000 0.00000000 0.00000000 0.45410988 0.89094569
825.198000000 -3.778551 -3.054575 0.000000 0.00000000 0.00000000 0.44844900 0.89380842
825.323000000 -3.773361 -3.048360 0.000000 0.00000000 0.00000000 0.44325700 0.89639458
825.448000000 -3.768456 -3.043365 0.000000 0.00000000 0.00000000 0.43758136 0.89917882
825.573000000 -3.764319 -3.038420 0.000000 0.00000000 0.00000000 0.43149969 0.90211308
825.698000000 -3.768250 -3.034087 0.000000 0.00000000 0.00000000 0.42602654 0.90471067
825.823000000 -3.758217 -3.030139 0.000000 0.00000000 0.00000000 0.42073940 0.90718155
825.948000000 -3.758742 -3.024434 0.000000 0.00000000 0.00000000 0.41501319 0.90981540
826.073000000 -3.749355 -3.019950 0.000000 0.00000000 0.00000000 0.40931156 0.91239468
826.198000000 -3.746250 -3.016047 0.000000 0.00000000 0.00000000 0.40378625 0.91485336
826.323000000 -3.743134 -3.010032 0.000000 0.00000000 0.00000000 0.39729799 0.91768966
826.448000000 -3.741991 -3.006659 0.000000 0.00000000 0.00000000 0.39128319 0.92027032
826.573000000 -3.730396 -3.001698 0.000000 0.00000000 0.00000000 0.38576039 0.92259900
826.698000000 -3.725642 -2.998037 0.000000 0.00000000 0.00000000 0.37987435 0.92503810
826.823000000 -3.721749 -2.996299 0.000000 0.00000000 0.00000000 0.37445484 0.92724515
826.948000000 -3.719749 -2.989552 0.000000 0.00000000 0.00000000 0.36868733 0.92955347
827.073000000 -3.719093 -2.985156 0.000000 0.00000000 0.00000000 0.36254684 0.93196555
827.198000000 -3.709963 -2.978989 0.000000 0.00000000 0.00000000 0.35654409 0.93427850
827.323000000 -3.705446 -2.978181 0.000000 0.00000000 0.00000000 0.35124328 0.93628423
827.448000000 -3.696357 -2.971954 0.000000 0.00000000 0.00000000 0.34500031 0.93860257
827.573000000 -3.699582 -2.968179 0.000000 0.00000000 0.00000000 0.33864273 0.94091503
827.698000000 -3.689897 -2.964744 0.000000 0.00000000 0.00000000 0.33328729 0.94282532
827.823000000 -3.681959 -2.960460 0.000000 0.00000000 0.00000000 0.32740926 0.94488262
827.948000000 -3.677859 -2.956393 0.000000 0.00000000 0.00000000 0.32166109 0.94685487
828.073000000 -3.677209 -2.954406 0.000000 0.00000000 0.00000000 0.31563562 0.94888047
828.198000000 -3.671505 -2.948451 0.000000 0.00000000 0.00000000 0.30978308 0.95080726
828.323000000 -3.665716 -2.945953 0.000000 0.00000000 0.00000000 0.30424314 0.95259441
828.448000000 -3.658913 -2.941428 0.000000 0.00000000 0.00000000 0.29755489 0.95470471
828.573000000 -3.652737 -2.938510 0.000000 0.00000000 0.00000000 0.29144524 0.95658751
828.698000000 -3.646551 -2.933238 0.000000 0.00000000 0.00000000 0.28467656 0.95862363
828.823000000 -3.639182 -2.931587 0.000000 0.00000000 0.00000000 0.27401408 0.96172568
828.948000000 -3.638944 -2.928053 0.000000 0.00000000 0.00000000 0.26158112 0.96518150
829.073000000 -3.633628 -2.925032 0.000000 0.00000000 0.00000000 0.24952766 0.96836767
829.198000000 -3.628678 -2.921894 0.000000 0.00000000 0.00000000 0.23541879 0.97189402
829.323000000 -3.615668 -2.919320 0.000000 0.00000000 0.00000000 0.21803685 0.97594054
829.448000000 -3.616415 -2.916361 0.000000 0.00000000 0.00000000 0.20001103 0.97979365
829.573000000 -3.612435 -2.914079 0.000000 0.00000000 0.00000000 0.18170802 0.98335253
829.698000000 -3.604857 -2.912541 0.000000 0.00000000 0.00000000 0.16298375 0.98662875
829.823000000 -3.599035 -2.910769 0.000000 0.00000000 0.00000000 0.14484490 0.98945437
829.948000000 -3.588107 -2.907755 0.000000 0.00000000 0.00000000 0.12579025 0.99205686
830.073000000 -3.588803 -2.905702 0.000000 0.00000000 0.00000000 0.10762931 0.99419109
830.198000000 -3.582040 -2.906804 0.000000 0.00000000 0.00000000 0.08929626 0.99600511
830.323000000 -3.571781 -2.905402 0.000000 0.00000000 0.00000000 0.07009059 0.99754063
830.448000000 -3.565664 -2.904141 0.000000 0.00000000 0.00000000 0.05176355 0.99865937
830.573000000 -3.562114 -2.903545 0.000000 0.00000000 0.00000000 0.03314255 0.99945063
830.698000000 -3.555582 -2.904543 0.000000 0.00000000 0.00000000 0.01364885 0.99990685
830.823000000 -3.548759 -2.901692 0.000000 0.00000000 0.00000000 -0.00486902 0.99998815
830.948000000 -3.543867 -2.903042 0.000000 0.00000000 0.00000000 -0.02289283 0.99973792
831.073000000 -3.541277 -2.902796 0.000000 0.00000000 0.00000000 -0.04225306 0.99910694
831.198000000 -3.532835 -2.904621 0.000000 0.00000000 0.00000000 -0.06106022 0.99813408
831.323000000 -3.524634 -2.905231 0.000000 0.00000000 0.00000000 -0.07944223 0.99683947
831.448000000 -3.514646 -2.907911 0.000000 0.00000000 0.00000000 -0.09785574 0.99520061
831.573000000 -3.508508 -2.909081 0.000000 0.00000000 0.00000000 -0.11570575 0.99328353
831.698000000 -3.504860 -2.910145 0.000000 0.00000000 0.00000000 -0.13463924 0.99089468
831.823000000 -3.497538 -2.910865 0.000000 0.00000000 0.00000000 -0.15350901 0.98814725
831.948000000 -3.494317 -2.914269 0.000000 0.00000000 0.00000000 -0.17177264 0.98513662
832.073000000 -3.490844 -2.915411 0.000000 0.00000000 0.00000000 -0.19043175 0.98170044
832.198000000 -3.483486 -2.917877 0.000000 0.00000000 0.00000000 -0.20835683 0.97805288
832.323000000 -3.476688 -2.921568 0.000000 0.00000000 0.00000000 -0.22718949 0.97385057
832.448000000 -3.469619 -2.922659 0.000000 0.00000000 0.00000000 -0.24490655 0.96954669
832.573000000 -3.464333 -2.926052 0.000000 0.00000000 0.00000000 -0.26304883 0.96478252
832.698000000 -3.459103 -2.929254 0.000000 0.00000000 0.00000000 -0.28112478 0.95967122
832.823000000 -3.451143 -2.935708 0.000000 0.00000000 0.00000000 -0.29945679 0.95410986
832.948000000 -3.442744 -2.937484 0.000000 0.00000000 0.00000000 -0.31634769 0.94864332
833.073000000 -3.445405 -2.942278 0.000000 0.00000000 0.00000000 -0.33474450 0.94230893
833.198000000 -3.442074 -2.945118 0.000000 0.00000000 0.00000000 -0.34815152 0.93743828
833.323000000 -3.431369 -2.950938 0.000000 0.00000000 0.00000000 -0.35899842 0.93333817
833.448000000 -3.430499 -2.951809 0.000000 0.00000000 0.00000000 -0.36482467 0.93107624
833.573000000 -3.429493 -2.957195 0.000000 0.00000000 0.00000000 -0.36738167 0.93007027
833.698000000 -3.415965 -2.961558 0.000000 0.00000000 0.00000000 -0.36438905 0.93124681
833.823000000 -3.416707 -2.966029 0.000000 0.00000000 0.00000000 -0.35903318 0.93332480
833.948000000 -3.410084 -2.969996 0.000000 0.00000000 0.00000000 -0.35325506 0.93552705
834.073000000 -3.405188 -2.975869 0.000000 0.00000000 0.00000000 -0.34735835 0.93773247
834.198000000 -3.403048 -2.979189 0.000000 0.00000000 0.00000000 -0.34148235 0.93988819
834.323000000 -3.395224 -2.984178 0.000000 0.00000000 0.00000000 -0.33572716 0.94195927
834.448000000 -3.396057 -2.987732 0.000000 0.00000000 0.00000000 -0.32746805 0.94486225
834.573000000 -3.388961 -2.990464 0.000000 0.00000000 0.00000000 -0.31455823 0.94923818
834.698000000 -3.379966 -2.993577 0.000000 0.00000000 0.00000000 -0.29837274 0.95444943
834.823000000 -3.377415 -2.996649 0.000000 0.00000000 0.00000000 -0.28000838 0.95999756
834.948000000 -3.369220 -3.000709 0.000000 0.00000000 0.00000000 -0.26247328 0.96493926
835.073000000 -3.365637 -3.003230 0.000000 0.00000000 0.00000000 -0.24433365 0.96969122
835.198000000 -3.365313 -3.005799 0.000000 0.00000000 0.00000000 -0.22589965 0.97415058
835.323000000 -3.354017 -3.008819 0.000000 0.00000000 0.00000000 -0.20771388 0.97818963
835.448000000 -3.345990 -3.011462 0.000000 0.00000000 0.00000000 -0.19215537 0.98136452
835.573000000 -3.342561 -3.013561 0.000000 0.00000000 0.00000000 -0.17866400 0.98391015
835.698000000 -3.345071 -3.016146 0.000000 0.00000000 0.00000000 -0.16656478 0.98603051
835.823000000 -3.332172 -3.018878 0.000000 0.00000000 0.00000000 -0.15388475 0.98808880
835.948000000 -3.331469 -3.019058 0.000000 0.00000000 0.00000000 -0.14152875 0.98993415
836.073000000 -3.324959 -3.020448 0.000000 0.00000000 0.00000000 -0.12993924 0.99152196
836.198000000 -3.317950 -3.022696 0.000000 0.00000000 0.00000000 -0.12053621 0.99270893
836.323000000 -3.311413 -3.019387 0.000000 0.00000000 0.00000000 -0.11253101 0.99364821
836.448000000 -3.301425 -3.022739 0.000000 0.00000000 0.00000000 -0.10610171 0.99435528
836.573000000 -3.298275 -3.023565 0.000000 0.00000000 0.00000000 -0.09995580 0.99499188
836.698000000 -3.288023 -3.024009 0.000000 0.00000000 0.00000000 -0.09372653 0.99559798
836.823000000 -3.283617 -3.025560 0.000000 0.00000000 0.00000000 -0.08775435 0.99614215
836.948000000 -3.275598 -3.026015 0.000000 0.00000000 0.00000000 -0.08144950 0.99667747
837.073000000 -3.268582 -3.026850 0.000000 0.00000000 0.00000000 -0.07784478 0.99696549
837.198000000 -3.265954 -3.027642 0.000000 0.00000000 0.00000000 -0.07910014 0.99686667
837.323000000 -3.258015 -3.026567 0.000000 0.00000000 0.00000000 -0.08361721 0.99649795
837.448000000 -3.255785 -3.029564 0.000000 0.00000000 0.00000000 -0.09034799 0.99591026
837.573000000 -3.250365 -3.028446 0.000000 0.00000000 0.00000000 -0.09627851 0.99535443
837.698000000 -3.245290 -3.031549 0.000000 0.00000000 0.00000000 -0.10240033 0.99474327
837.823000000 -3.238392 -3.032122 0.000000 0.00000000 0.00000000 -0.10892212 0.99405029
837.948000000 -3.230062 -3.034530 0.000000 0.00000000 0.00000000 -0.11542764 0.99331589
838.073000000 -3.230063 -3.035844 0.000000 0.00000000 0.00000000 -0.12116532 0.99263234
838.198000000 -3.219834 -3.036323 0.000000 0.00000000 0.00000000 -0.12799812 0.99177441
838.323000000 -3.216672 -3.037795 0.000000 0.00000000 0.00000000 -0.13375698 0.99101416
838.448000000 -3.212883 -3.039986 0.000000 0.00000000 0.00000000 -0.13981044 0.99017829
838.573000000 -3.198274 -3.040868 0.000000 0.00000000 0.00000000 -0.14587302 0.98930332
838.698000000 -3.192607 -3.044504 0.000000 0.00000000 0.00000000 -0.15213633 0.98835952
838.823000000 -3.186754 -3.045934 0.000000 0.00000000 0.00000000 -0.15836171 0.98738117
838.948000000 -3.186128 -3.046363 0.000000 0.00000000 0.00000000 -0.16427610 0.98641440
839.073000000 -3.179494 -3.050430 0.000000 0.00000000 0.00000000 -0.17102382 0.98526689
839.198000000 -3.178627 -3.052925 0.000000 0.00000000 0.00000000 -0.17700438 0.98421006
839.323000000 -3.166707 -3.054121 0.000000 0.00000000 0.00000000 -0.18256959 0.98319293
839.448000000 -3.155885 -3.055880 0.000000 0.00000000 0.00000000 -0.18829681 0.98211217
839.573000000 -3.156958 -3.056687 0.000000 0.00000000 0.00000000 -0.19374162 0.98105259
839.698000000 -3.145669 -3.060133 0.000000 0.00000000 0.00000000 -0.20041407 0.97971129
839.823000000 -3.139738 -3.062638 0.000000 0.00000000 0.00000000 -0.20685163 0.97837232
839.948000000 -3.137211 -3.065522 0.000000 0.00000000 0.00000000 -0.21245317 0.97717125
840.073000000 -3.133214 -3.068248 0.000000 0.00000000 0.00000000 -0.21861524 0.97581114
840.198000000 -3.125232 -3.072434 0.000000 0.00000000 0.00000000 -0.22550023 0.97424311
840.323000000 -3.114044 -3.073137 0.000000 0.00000000 0.00000000 -0.23058256 0.97305276
840.448000000 -3.114927 -3.075507 0.000000 0.00000000 0.00000000 -0.23698874 0.97151240
840.573000000 -3.107284 -3.078538 0.000000 0.00000000 0.00000000 -0.24311850 0.96999660
840.698000000 -3.102745 -3.082466 0.000000 0.00000000 0.00000000 -0.24888301 0.96853356
840.823000000 -3.097608 -3.084448 0.000000 0.00000000 0.00000000 -0.25501625 0.96693677
840.948000000 -3.094834 -3.087461 0.000000 0.00000000 0.00000000 -0.26178974 0.96512493
841.073000000 -3.084999 -3.090813 0.000000 0.00000000 0.00000000 -0.26673937 0.96376870
841.198000000 -3.083420 -3.098076 0.000000 0.00000000 0.00000000 -0.27478795 0.96150485
841.323000000 -3.078728 -3.101862 0.000000 0.00000000 0.00000000 -0.28087851 0.95974333
841.448000000 -3.072639 -3.105044 0.000000 0.00000000 0.00000000 -0.28706380 0.95791147
841.573000000 -3.068090 -3.106642 0.000000 0.00000000 0.00000000 -0.29230927 0.95632384
841.698000000 -3.060328 -3.111820 0.000000 0.00000000 0.00000000 -0.29814512 0.95452055
841.823000000 -3.058281 -3.114708 0.000000 0.00000000 0.00000000 -0.30464147 0.95246710
841.948000000 -3.056758 -3.119827 0.000000 0.00000000 0.00000000 -0.30856925 0.95120188
842.073000000 -3.047439 -3.122972 0.000000 0.00000000 0.00000000 -0.30881435 0.95112233
842.198000000 -3.042108 -3.126262 0.000000 0.00000000 0.00000000 -0.30916766 0.95100755
842.323000000 -3.036909 -3.129609 0.000000 0.00000000 0.00000000 -0.30915079 0.95101303
842.448000000 -3.030973 -3.134852 0.000000 0.00000000 0.00000000 -0.30926414 0.95097618
842.573000000 -3.025049 -3.137508 0.000000 0.00000000 0.00000000 -0.30899202 0.95106463
842.698000000 -3.019178 -3.141153 0.000000 0.00000000 0.00000000 -0.30905184 0.95104519
842.823000000 -3.011904 -3.145134 0.000000 0.00000000 0.00000000 -0.30905181 0.95104520
842.948000000 -3.010333 -3.148317 0.000000 0.00000000 0.00000000 -0.30868728 0.95116358
843.073000000 -3.007352 -3.150864 0.000000 0.00000000 0.00000000 -0.30926870 0.95097470
843.198000000 -3.001326 -3.154927 0.000000 0.00000000 0.00000000 -0.30911615 0.95102429
843.323000000 -3.001282 -3.160044 0.000000 0.00000000 0.00000000 -0.30896434 0.95107362
843.448000000 -2.989278 -3.164451 0.000000 0.00000000 0.00000000 -0.30931761 0.95095879
843.573000000 -2.985168 -3.167704 0.000000 0.00000000 0.00000000 -0.30945408 0.95091439
843.698000000 -2.982258 -3.171511 0.000000 0.00000000 0.00000000 -0.30950589 0.95089752
843.823000000 -2.977497 -3.175976 0.000000 0.00000000 0.00000000 -0.30957147 0.95087618
843.948000000 -2.970963 -3.179715 0.000000 0.00000000 0.00000000 -0.30921676 0.95099159
844.073000000 -2.967465 -3.181454 0.000000 0.00000000 0.00000000 -0.30945314 0.95091469
844.198000000 -2.959027 -3.188796 0.000000 0.00000000 0.00000000 -0.30987993 0.95077570
844.323000000 -2.956949 -3.190519 0.000000 0.00000000 0.00000000 -0.30937980 0.95093856
844.448000000 -2.947414 -3.193514 0.000000 0.00000000 0.00000000 -0.30933717 0.95095242
844.573000000 -2.945562 -3.197229 0.000000 0.00000000 0.00000000 -0.30935854 0.95094547
844.698000000 -2.942630 -3.203095 0.000000 0.00000000 0.00000000 -0.30964428 0.95085247
844.823000000 -2.939463 -3.206262 0.000000 0.00000000 0.00000000 -0.30945282 0.95091480
844.948000000 -2.931981 -3.208315 0.000000 0.00000000 0.00000000 -0.30973582 0.95082266
845.073000000 -2.928978 -3.211347 0.000000 0.00000000 0.00000000 -0.30920268 0.95099616
845.198000000 -2.924607 -3.218324 0.000000 0.00000000 0.00000000 -0.30975637 0.95081596
845.323000000 -2.919994 -3.219554 0.000000 0.00000000 0.00000000 -0.30906034 0.95104243
845.448000000 -2.908118 -3.224729 0.000000 0.00000000 0.00000000 -0.31027838 0.95064574
845.573000000 -2.907732 -3.229529 0.000000 0.00000000 0.00000000 -0.30976268 0.95081390
845.698000000 -2.900747 -3.230106 0.000000 0.00000000 0.00000000 -0.30919333 0.95099920
845.823000000 -2.895637 -3.235455 0.000000 0.00000000 0.00000000 -0.30964791 0.95085129
845.948000000 -2.893951 -3.238773 0.000000 0.00000000 0.00000000 -0.30953054 0.95088950
846.073000000 -2.883620 -3.243145 0.000000 0.00000000 0.00000000 -0.30979795 0.95080241
846.198000000 -2.881891 -3.248534 0.000000 0.00000000 0.00000000 -0.30918395 0.95100225
846.323000000 -2.878956 -3.252896 0.000000 0.00000000 0.00000000 -0.30933643 0.95095267
846.448000000 -2.873362 -3.256515 0.000000 0.00000000 0.00000000 -0.31011096 0.95070037
846.573000000 -2.869134 -3.259292 0.000000 0.00000000 0.00000000 -0.30936572 0.95094314
846.698000000 -2.864062 -3.261659 0.000000 0.00000000 0.00000000 -0.30918282 0.95100262
846.823000000 -2.858088 -3.267069 0.000000 0.00000000 0.00000000 -0.30974258 0.95082045
846.948000000 -2.855805 -3.269724 0.000000 0.00000000 0.00000000 -0.30935221 0.95094753
847.073000000 -2.847035 -3.274541 0.000000 0.00000000 0.00000000 -0.30946069 0.95091224
847.198000000 -2.842470 -3.276425 0.000000 0.00000000 0.00000000 -0.30963030 0.95085702
847.323000000 -2.834251 -3.282805 0.000000 0.00000000 0.00000000 -0.30990747 0.95076672
847.448000000 -2.834772 -3.283274 0.000000 0.00000000 0.00000000 -0.30931940 0.95095821
847.573000000 -2.824592 -3.288331 0.000000 0.00000000 0.00000000 -0.30930585 0.95096261
847.698000000 -2.819839 -3.293433 0.000000 0.00000000 0.00000000 -0.30977668 0.95080934
847.823000000 -2.817773 -3.293409 0.000000 0.00000000 0.00000000 -0.30918354 0.95100239
847.948000000 -2.813232 -3.300365 0.000000 0.00000000 0.00000000 -0.30956747 0.95087748
848.073000000 -2.803701 -3.303477 0.000000 0.00000000 0.00000000 -0.30959313 0.95086913
848.198000000 -2.800839 -3.307058 0.000000 0.00000000 0.00000000 -0.31004404 0.95072220
848.323000000 -2.798050 -3.312518 0.000000 0.00000000 0.00000000 -0.31018676 0.95067564
848.448000000 -2.793227 -3.314091 0.000000 0.00000000 0.00000000 -0.30958369 0.95087220
848.573000000 -2.789251 -3.317698 0.000000 0.00000000 0.00000000 -0.30929395 0.95096648
848.698000000 -2.782494 -3.321838 0.000000 0.00000000 0.00000000 -0.30978606 0.95080629
848.823000000 -2.783233 -3.326235 0.000000 0.00000000 0.00000000 -0.31007552 0.95071193
848.948000000 -2.774638 -3.328386 0.000000 0.00000000 0.00000000 -0.30980844 0.95079900
849.073000000 -2.767311 -3.332905 0.000000 0.00000000 0.00000000 -0.30966562 0.95084552
849.198000000 -2.762153 -3.337559 0.000000 0.00000000 0.00000000 -0.31033045 0.95062874
849.323000000 -2.758840 -3.341342 0.000000 0.00000000 0.00000000 -0.31028658 0.95064307
849.448000000 -2.754184 -3.342445 0.000000 0.00000000 0.00000000 -0.30925936 0.95097773
849.573000000 -2.746735 -3.347156 0.000000 0.00000000 0.00000000 -0.31024145 0.95065780
849.698000000 -2.743569 -3.352679 0.000000 0.00000000 0.00000000 -0.31001604 0.95073133
849.823000000 -2.740951 -3.356291 0.000000 0.00000000 0.00000000 -0.31042979 0.95059631
849.948000000 -2.732472 -3.358738 0.000000 0.00000000 0.00000000 -0.30965929 0.95084758
850.073000000 -2.728800 -3.361397 0.000000 0.00000000 0.00000000 -0.30949461 0.95090120
850.198000000 -2.720753 -3.366661 0.000000 0.00000000 0.00000000 -0.31002443 0.95072859
850.323000000 -2.715249 -3.369593 0.000000 0.00000000 0.00000000 -0.30992906 0.95075968
850.448000000 -2.713265 -3.373797 0.000000 0.00000000 0.00000000 -0.30992429 0.95076124
850.573000000 -2.703684 -3.378145 0.000000 0.00000000 0.00000000 -0.31002993 0.95072680
850.698000000 -2.704539 -3.380131 0.000000 0.00000000 0.00000000 -0.31015772 0.95068511
850.823000000 -2.696739 -3.384770 0.000000 0.00000000 0.00000000 -0.30990913 0.95076618
850.948000000 -2.692179 -3.388064 0.000000 0.00000000 0.00000000 -0.30975255 0.95081720
851.073000000 -2.686814 -3.392104 0.000000 0.00000000 0.00000000 -0.31006176 0.95071642
851.198000000 -2.683520 -3.395277 0.000000 0.00000000 0.00000000 -0.30987748 0.95077650
851.323000000 -2.676406 -3.398599 0.000000 0.00000000 0.00000000 -0.30421305 0.95260402
851.448000000 -2.672697 -3.401059 0.000000 0.00000000 0.00000000 -0.29819155 0.95450605
851.573000000 -2.664200 -3.407201 0.000000 0.00000000 0.00000000 -0.29296139 0.95612427
851.698000000 -2.658963 -3.408766 0.000000 0.00000000 0.00000000 -0.28613936 0.95818801
851.823000000 -2.655236 -3.412315 0.000000 0.00000000 0.00000000 -0.28040868 0.95988071
851.948000000 -2.651618 -3.414375 0.000000 0.00000000 0.00000000 -0.27406032 0.96171250
852.073000000 -2.645769 -3.419495 0.000000 0.00000000 0.00000000 -0.26849549 0.96328094
852.198000000 -2.637982 -3.422358 0.000000 0.00000000 0.00000000 -0.26259423 0.96490635
852.323000000 -2.633708 -3.425818 0.000000 0.00000000 0.00000000 -0.25614069 0.96663951
852.448000000 -2.628200 -3.429817 0.000000 0.00000000 0.00000000 -0.25125809 0.96792013
852.573000000 -2.623707 -3.432741 0.000000 0.00000000 0.00000000 -0.24128442 0.97045444
852.698000000 -2.616945 -3.434189 0.000000 0.00000000 0.00000000 -0.22908549 0.97340631
852.823000000 -2.608799 -3.435919 0.000000 0.00000000 0.00000000 -0.21642800 0.97629858
852.948000000 -2.603865 -3.439576 0.000000 0.00000000 0.00000000 -0.20441327 0.97888468
853.073000000 -2.601200 -3.442433 0.000000 0.00000000 0.00000000 -0.19194899 0.98140490
853.198000000 -2.604259 -3.445611 0.000000 0.00000000 0.00000000 -0.17975972 0.98371055
853.323000000 -2.601246 -3.446160 0.000000 0.00000000 0.00000000 -0.16711114 0.98593806
853.448000000 -2.592041 -3.450462 0.000000 0.00000000 0.00000000 -0.15515774 0.98788971
853.573000000 -2.586431 -3.450298 0.000000 0.00000000 0.00000000 -0.14205654 0.98985854
853.698000000 -2.583091 -3.454013 0.000000 0.00000000 0.00000000 -0.13028004 0.99147724
853.823000000 -2.574255 -3.454318 0.000000 0.00000000 0.00000000 -0.11795903 0.99301846
853.948000000 -2.568105 -3.455748 0.000000 0.00000000 0.00000000 -0.10563948 0.99440450
854.073000000 -2.562906 -3.455957 0.000000 0.00000000 0.00000000 -0.09253137 0.99570977
854.198000000 -2.557244 -3.457125 0.000000 0.00000000 0.00000000 -0.08221074 0.99661497
854.323000000 -2.547015 -3.457332 0.000000 0.00000000 0.00000000 -0.06975461 0.99756418
854.448000000 -2.539427 -3.457957 0.000000 0.00000000 0.00000000 -0.05734462 0.99835444
854.573000000 -2.533080 -3.459161 0.000000 0.00000000 0.00000000 -0.04512227 0.99898147
854.698000000 -2.529039 -3.460455 0.000000 0.00000000 0.00000000 -0.03274926 0.99946360
854.823000000 -2.521115 -3.457202 0.000000 0.00000000 0.00000000 -0.01972508 0.99980544
854.948000000 -2.515022 -3.459448 0.000000 0.00000000 0.00000000 -0.00774249 0.99997003
855.073000000 -2.509332 -3.458508 0.000000 0.00000000 0.00000000 0.00532890 0.99998580
855.198000000 -2.502411 -3.460872 0.000000 0.00000000 0.00000000 0.01834788 0.99983166
855.323000000 -2.494264 -3.460768 0.000000 0.00000000 0.00000000 0.03106996 0.99951721
855.448000000 -2.492914 -3.461346 0.000000 0.00000000 0.00000000 0.04322260 0.99906547
855.573000000 -2.484224 -3.457838 0.000000 0.00000000 0.00000000 0.05592847 0.99843478
855.698000000 -2.478634 -3.458063 0.000000 0.00000000 0.00000000 0.06778222 0.99770014
855.823000000 -2.471980 -3.456358 0.000000 0.00000000 0.00000000 0.08070777 0.99673781
855.948000000 -2.466965 -3.455365 0.000000 0.00000000 0.00000000 0.09329681 0.99563834
856.073000000 -2.463533 -3.454906 0.000000 0.00000000 0.00000000 0.10562008 0.99440656
856.198000000 -2.460571 -3.451376 0.000000 0.00000000 0.00000000 0.11883581 0.99291392
856.323000000 -2.456877 -3.448963 0.000000 0.00000000 0.00000000 0.13142061 0.99132670
856.448000000 -2.444697 -3.448907 0.000000 0.00000000 0.00000000 0.14361647 0.98963342
856.573000000 -2.441693 -3.446540 0.000000 0.00000000 0.00000000 0.15549530 0.98783663
856.698000000 -2.435688 -3.445762 0.000000 0.00000000 0.00000000 0.16772172 0.98583438
856.823000000 -2.430321 -3.442133 0.000000 0.00000000 0.00000000 0.18071815 0.98353493
856.948000000 -2.423529 -3.441050 0.000000 0.00000000 0.00000000 0.19252421 0.98129222
857.073000000 -2.420857 -3.438424 0.000000 0.00000000 0.00000000 0.20248715 0.97928492
857.198000000 -2.406282 -3.436384 0.000000 0.00000000 0.00000000 0.21002704 0.97769558
857.323000000 -2.403140 -3.432899 0.000000 0.00000000 0.00000000 0.21646787 0.97628974
857.448000000 -2.394776 -3.430714 0.000000 0.00000000 0.00000000 0.22234778 0.97496742
857.573000000 -2.389185 -3.428710 0.000000 0.00000000 0.00000000 0.22838669 0.97357050
857.698000000 -2.394232 -3.429982 0.000000 0.00000000 0.00000000 0.22809976 0.97363777
857.823000000 -2.390566 -3.429811 0.000000 0.00000000 0.00000000 0.22824143 0.97360457
857.948000000 -2.394636 -3.430001 0.000000 0.00000000 0.00000000 0.22807759 0.97364296
858.073000000 -2.392994 -3.430216 0.000000 0.00000000 0.00000000 0.22848701 0.97354696
858.198000000 -2.394171 -3.429982 0.000000 0.00000000 0.00000000 0.22849291 0.97354558
858.323000000 -2.392606 -3.428783 0.000000 0.00000000 0.00000000 0.22833012 0.97358377
858.448000000 -2.394346 -3.431721 0.000000 0.00000000 0.00000000 0.22781839 0.97370364
858.573000000 -2.391110 -3.428053 0.000000 0.00000000 0.00000000 0.22880711 0.97347178
858.698000000 -2.390824 -3.429568 0.000000 0.00000000 0.00000000 0.22830769 0.97358903
858.823000000 -2.391890 -3.429049 0.000000 0.00000000 0.00000000 0.22886166 0.97345896
858.948000000 -2.391979 -3.428545 0.000000 0.00000000 0.00000000 0.22877672 0.97347892
859.073000000 -2.392145 -3.427524 0.000000 0.00000000 0.00000000 0.22911207 0.97340005
859.198000000 -2.394331 -3.426539 0.000000 0.00000000 0.00000000 0.22869676 0.97349771
859.323000000 -2.389366 -3.429941 0.000000 0.00000000 0.00000000 0.22840481 0.97356625
859.448000000 -2.393829 -3.428438 0.000000 0.00000000 0.00000000 0.22853854 0.97353487
859.573000000 -2.391754 -3.429354 0.000000 0.00000000 0.00000000 0.22831180 0.97358807
859.698000000 -2.390296 -3.428301 0.000000 0.00000000 0.00000000 0.22891289 0.97344691
859.823000000 -2.395932 -3.428766 0.000000 0.00000000 0.00000000 0.22797536 0.97366690
859.948000000 -2.394475 -3.426954 0.000000 0.00000000 0.00000000 0.22922404 0.97337369
860.073000000 -2.393505 -3.428388 0.000000 0.00000000 0.00000000 0.22865705 0.97350704
860.198000000 -2.390906 -3.426272 0.000000 0.00000000 0.00000000 0.22891282 0.97344693
860.323000000 -2.388589 -3.428564 0.000000 0.00000000 0.00000000 0.22888493 0.97345349
860.448000000 -2.393981 -3.427988 0.000000 0.00000000 0.00000000 0.22881468 0.97347000
860.573000000 -2.392664 -3.428391 0.000000 0.00000000 0.00000000 0.22862943 0.97351353
860.698000000 -2.394326 -3.428339 0.000000 0.00000000 0.00000000 0.22855944 0.97352996
860.823000000 -2.393260 -3.426795 0.000000 0.00000000 0.00000000 0.22878152 0.97347779
860.948000000 -2.395350 -3.428679 0.000000 0.00000000 0.00000000 0.22855116 0.97353190
861.073000000 -2.392056 -3.427612 0.000000 0.00000000 0.00000000 0.22821805 0.97361005
861.198000000 -2.390031 -3.429776 0.000000 0.00000000 0.00000000 0.22844943 0.97355578
861.323000000 -2.394887 -3.429700 0.000000 0.00000000 0.00000000 0.22819711 0.97361495
861.448000000 -2.394310 -3.428742 0.000000 0.00000000 0.00000000 0.22852395 0.97353829
861.573000000 -2.394111 -3.427652 0.000000 0.00000000 0.00000000 0.22900576 0.97342507
861.698000000 -2.393733 -3.427811 0.000000 0.00000000 0.00000000 0.22866889 0.97350426
861.823000000 -2.392713 -3.428709 0.000000 0.00000000 0.00000000 0.22850707 0.97354225
861.948000000 -2.392774 -3.429588 0.000000 0.00000000 0.00000000 0.22831865 0.97358646
862.073000000 -2.389999 -3.430676 0.000000 0.00000000 0.00000000 0.22848291 0.97354792
862.198000000 -2.395656 -3.428446 0.000000 0.00000000 0.00000000 0.22894122 0.97344025
862.323000000 -2.392533 -3.426473 0.000000 0.00000000 0.00000000 0.22879987 0.97347348
862.448000000 -2.391443 -3.429294 0.000000 0.00000000 0.00000000 0.22836448 0.97357571
862.573000000 -2.391838 -3.429277 0.000000 0.00000000 0.00000000 0.22826270 0.97359958
862.698000000 -2.393263 -3.428315 0.000000 0.00000000 0.00000000 0.22909906 0.97340311
862.823000000 -2.390807 -3.429646 0.000000 0.00000000 0.00000000 0.22866964 0.97350408
862.948000000 -2.393106 -3.428844 0.000000 0.00000000 0.00000000 0.22884417 0.97346307
863.073000000 -2.390281 -3.428168 0.000000 0.00000000 0.00000000 0.22867709 0.97350233
863.198000000 -2.394847 -3.427837 0.000000 0.00000000 0.00000000 0.22887912 0.97345485
863.323000000 -2.395184 -3.428170 0.000000 0.00000000 0.00000000 0.22864823 0.97350911
863.448000000 -2.393618 -3.430070 0.000000 0.00000000 0.00000000 0.22808158 0.97364202
863.573000000 -2.391286 -3.429108 0.000000 0.00000000 0.00000000 0.22861421 0.97351710
863.698000000 -2.394768 -3.429200 0.000000 0.00000000 0.00000000 0.22839594 0.97356833
863.823000000 -2.394026 -3.426934 0.000000 0.00000000 0.00000000 0.22911140 0.97340021
863.948000000 -2.391527 -3.429990 0.000000 0.00000000 0.00000000 0.22822731 0.97360788
864.073000000 -2.392619 -3.427857 0.000000 0.00000000 0.00000000 0.22852464 0.97353813
864.198000000 -2.393364 -3.428077 0.000000 0.00000000 0.00000000 0.22900705 0.97342476
864.323000000 -2.392839 -3.430198 0.000000 0.00000000 0.00000000 0.22852436 0.97353820
864.448000000 -2.395088 -3.427570 0.000000 0.00000000 0.00000000 0.22899594 0.97342738
864.573000000 -2.394896 -3.428148 0.000000 0.00000000 0.00000000 0.22863536 0.97351213
864.698000000 -2.396189 -3.427958 0.000000 0.00000000 0.00000000 0.22861101 0.97351785
864.823000000 -2.393394 -3.426035 0.000000 0.00000000 0.00000000 0.22908822 0.97340566
864.948000000 -2.396321 -3.426887 0.000000 0.00000000 0.00000000 0.22883814 0.97346449
865.073000000 -2.391979 -3.428394 0.000000 0.00000000 0.00000000 0.22880606 0.97347203
865.198000000 -2.392637 -3.428457 0.000000 0.00000000 0.00000000 0.22866314 0.97350561
865.323000000 -2.396278 -3.428319 0.000000 0.00000000 0.00000000 0.22859410 0.97352182
865.448000000 -2.394418 -3.430308 0.000000 0.00000000 0.00000000 0.22778403 0.97371168
865.573000000 -2.393022 -3.427838 0.000000 0.00000000 0.00000000 0.22893802 0.97344100
865.698000000 -2.392981 -3.428116 0.000000 0.00000000 0.00000000 0.22854867 0.97353249
865.823000000 -2.393966 -3.428712 0.000000 0.00000000 0.00000000 0.22818454 0.97361790
865.948000000 -2.390374 -3.427557 0.000000 0.00000000 0.00000000 0.22878856 0.97347614
866.073000000 -2.389880 -3.428708 0.000000 0.00000000 0.00000000 0.22834873 0.97357940
866.198000000 -2.391794 -3.430300 0.000000 0.00000000 0.00000000 0.22830595 0.97358944
866.323000000 -2.394040 -3.429132 0.000000 0.00000000 0.00000000 0.22820581 0.97361292
866.448000000 -2.396424 -3.428416 0.000000 0.00000000 0.00000000 0.22846758 0.97355152
866.573000000 -2.395843 -3.429830 0.000000 0.00000000 0.00000000 0.22759383 0.97375616
866.698000000 -2.394426 -3.429550 0.000000 0.00000000 0.00000000 0.22865725 0.97350699
866.823000000 -2.393732 -3.428492 0.000000 0.00000000 0.00000000 0.22870527 0.97349571
866.948000000 -2.393534 -3.428501 0.000000 0.00000000 0.00000000 0.22859993 0.97352045
867.073000000 -2.392356 -3.428445 0.000000 0.00000000 0.00000000 0.22854698 0.97353289
867.198000000 -2.394551 -3.427883 0.000000 0.00000000 0.00000000 0.22889213 0.97345179
867.323000000 -2.395521 -3.429559 0.000000 0.00000000 0.00000000 0.22866476 0.97350523
867.448000000 -2.391239 -3.427646 0.000000 0.00000000 0.00000000 0.22870692 0.97349532
867.573000000 -2.394327 -3.427614 0.000000 0.00000000 0.00000000 0.22891935 0.97344539
867.698000000 -2.396593 -3.429951 0.000000 0.00000000 0.00000000 0.22837245 0.97357384
867.823000000 -2.396949 -3.427606 0.000000 0.00000000 0.00000000 0.22917755 0.97338464
867.948000000 -2.392840 -3.428081 0.000000 0.00000000 0.00000000 0.22881272 0.97347046
868.073000000 -2.393096 -3.428831 0.000000 0.00000000 0.00000000 0.22904715 0.97341533
868.198000000 -2.396017 -3.427323 0.000000 0.00000000 0.00000000 0.22895275 0.97343754
868.323000000 -2.395734 -3.428535 0.000000 0.00000000 0.00000000 0.22884911 0.97346191
868.448000000 -2.395191 -3.428077 0.000000 0.00000000 0.00000000 0.22844260 0.97355738
868.573000000 -2.393351 -3.426578 0.000000 0.00000000 0.00000000 0.22851194 0.97354111
868.698000000 -2.394401 -3.429045 0.000000 0.00000000 0.00000000 0.22876599 0.97348144
868.823000000 -2.394019 -3.429102 0.000000 0.00000000 0.00000000 0.22868582 0.97350028
868.948000000 -2.391907 -3.429616 0.000000 0.00000000 0.00000000 0.22870935 0.97349475
869.073000000 -2.395197 -3.427521 0.000000 0.00000000 0.00000000 0.22884172 0.97346365
869.198000000 -2.394039 -3.427972 0.000000 0.00000000 0.00000000 0.22893803 0.97344100
869.323000000 -2.395158 -3.428484 0.000000 0.00000000 0.00000000 0.22819318 0.97361587
869.448000000 -2.395265 -3.429570 0.000000 0.00000000 0.00000000 0.22851300 0.97354086
869.573000000 -2.390957 -3.426906 0.000000 0.00000000 0.00000000 0.22888589 0.97345326
869.698000000 -2.394765 -3.426888 0.000000 0.00000000 0.00000000 0.22884078 0.97346387
869.823000000 -2.392149 -3.427370 0.000000 0.00000000 0.00000000 0.22889947 0.97345007
869.948000000 -2.392688 -3.428607 0.000000 0.00000000 0.00000000 0.22825264 0.97360194
870.073000000 -2.394891 -3.427326 0.000000 0.00000000 0.00000000 0.22901448 0.97342302
870.198000000 -2.395317 -3.428350 0.000000 0.00000000 0.00000000 0.22864660 0.97350949
870.323000000 -2.393788 -3.428276 0.000000 0.00000000 0.00000000 0.22867619 0.97350254
870.448000000 -2.393846 -3.429159 0.000000 0.00000000 0.00000000 0.22822023 0.97360954
870.573000000 -2.391840 -3.428783 0.000000 0.00000000 0.00000000 0.22825451 0.97360150
870.698000000 -2.392680 -3.427846 0.000000 0.00000000 0.00000000 0.22877112 0.97348024
870.823000000 -2.396902 -3.427830 0.000000 0.00000000 0.00000000 0.22813476 0.97362957
870.948000000 -2.392757 -3.429561 0.000000 0.00000000 0.00000000 0.22853402 0.97353593
871.073000000 -2.393122 -3.427952 0.000000 0.00000000 0.00000000 0.22852642 0.97353771
871.198000000 -2.392453 -3.428136 0.000000 0.00000000 0.00000000 0.22856279 0.97352917
871.323000000 -2.394096 -3.430368 0.000000 0.00000000 0.00000000 0.22808053 0.97364227
871.448000000 -2.389640 -3.429321 0.000000 0.00000000 0.00000000 0.22862238 0.97351518
871.573000000 -2.395126 -3.429112 0.000000 0.00000000 0.00000000 0.22834677 0.97357987
871.698000000 -2.396382 -3.427661 0.000000 0.00000000 0.00000000 0.22839046 0.97356962
871.823000000 -2.398404 -3.427609 0.000000 0.00000000 0.00000000 0.22842969 0.97356041
871.948000000 -2.393602 -3.428282 0.000000 0.00000000 0.00000000 0.22866201 0.97350587
872.073000000 -2.394388 -3.427730 0.000000 0.00000000 0.00000000 0.22909964 0.97340298
872.198000000 -2.393618 -3.430445 0.000000 0.00000000 0.00000000 0.22905890 0.97341256
872.323000000 -2.393651 -3.428287 0.000000 0.00000000 0.00000000 0.22874256 0.97348695
872.448000000 -2.395000 -3.429172 0.000000 0.00000000 0.00000000 0.22839418 0.97356874
872.573000000 -2.393165 -3.427735 0.000000 0.00000000 0.00000000 0.22891432 0.97344657
872.698000000 -2.397684 -3.427000 0.000000 0.00000000 0.00000000 0.22895099 0.97343795
872.823000000 -2.395140 -3.427852 0.000000 0.00000000 0.00000000 0.22887094 0.97345678
872.948000000 -2.395537 -3.428831 0.000000 0.00000000 0.00000000 0.22866300 0.97350564
873.073000000 -2.391736 -3.427993 0.000000 0.00000000 0.00000000 0.22931750 0.97335167
873.198000000 -2.392526 -3.428945 0.000000 0.00000000 0.00000000 0.22865511 0.97350749
873.323000000 -2.390534 -3.427255 0.000000 0.00000000 0.00000000 0.22871064 0.97349445
873.448000000 -2.392555 -3.429417 0.000000 0.00000000 0.00000000 0.22853205 0.97353639
873.573000000 -2.396467 -3.428886 0.000000 0.00000000 0.00000000 0.22853086 0.97353667
873.698000000 -2.395921 -3.428174 0.000000 0.00000000 0.00000000 0.22857477 0.97352636
873.823000000 -2.391813 -3.428332 0.000000 0.00000000 0.00000000 0.22843041 0.97356024
873.948000000 -2.393342 -3.428869 0.000000 0.00000000 0.00000000 0.22877804 0.97347861
874.073000000 -2.392867 -3.428559 0.000000 0.00000000 0.00000000 0.22839472 0.97356862
874.198000000 -2.394220 -3.428289 0.000000 0.00000000 0.00000000 0.22857225 0.97352695
874.323000000 -2.392903 -3.428840 0.000000 0.00000000 0.00000000 0.22883433 0.97346538
874.448000000 -2.395434 -3.430265 0.000000 0.00000000 0.00000000 0.22854630 0.97353305
874.573000000 -2.394931 -3.427495 0.000000 0.00000000 0.00000000 0.22857738 0.97352575
874.698000000 -2.391136 -3.428781 0.000000 0.00000000 0.00000000 0.22852045 0.97353911
874.823000000 -2.394575 -3.428796 0.000000 0.00000000 0.00000000 0.22862013 0.97351571
874.948000000 -2.393731 -3.429135 0.000000 0.00000000 0.00000000 0.22856903 0.97352771
875.073000000 -2.393322 -3.427819 0.000000 0.00000000 0.00000000 0.22862419 0.97351476
875.198000000 -2.395682 -3.427993 0.000000 0.00000000 0.00000000 0.22879049 0.97347569
875.323000000 -2.396733 -3.427858 0.000000 0.00000000 0.00000000 0.22932542 0.97334981
875.448000000 -2.396286 -3.427951 0.000000 0.00000000 0.00000000 0.22917905 0.97338428
875.573000000 -2.392878 -3.428506 0.000000 0.00000000 0.00000000 0.22868515 0.97350044
875.698000000 -2.394045 -3.429615 0.000000 0.00000000 0.00000000 0.22888401 0.97345370
875.823000000 -2.394305 -3.426704 0.000000 0.00000000 0.00000000 0.22896356 0.97343500
875.948000000 -2.394180 -3.428737 0.000000 0.00000000 0.00000000 0.22874390 0.97348663
876.073000000 -2.395992 -3.428412 0.000000 0.00000000 0.00000000 0.22874412 0.97348658
876.198000000 -2.394478 -3.428547 0.000000 0.00000000 0.00000000 0.22846572 0.97355196
876.323000000 -2.394623 -3.429877 0.000000 0.00000000 0.00000000 0.22844396 0.97355706
876.448000000 -2.392213 -3.427353 0.000000 0.00000000 0.00000000 0.22901986 0.97342175
876.573000000 -2.395803 -3.428826 0.000000 0.00000000 0.00000000 0.22872970 0.97348997
876.698000000 -2.396514 -3.429085 0.000000 0.00000000 0.00000000 0.22885632 0.97346021
876.823000000 -2.395351 -3.427389 0.000000 0.00000000 0.00000000 0.22887945 0.97345477
876.948000000 -2.395155 -3.429448 0.000000 0.00000000 0.00000000 0.22870135 0.97349663
877.073000000 -2.392472 -3.428915 0.000000 0.00000000 0.00000000 0.22846449 0.97355225
877.198000000 -2.396296 -3.428485 0.000000 0.00000000 0.00000000 0.22873554 0.97348860
877.323000000 -2.391556 -3.425914 0.000000 0.00000000 0.00000000 0.22902345 0.97342090
877.448000000 -2.392289 -3.427139 0.000000 0.00000000 0.00000000 0.22889595 0.97345090
877.573000000 -2.394662 -3.425914 0.000000 0.00000000 0.00000000 0.22928397 0.97335958
877.698000000 -2.396380 -3.426348 0.000000 0.00000000 0.00000000 0.22895642 0.97343667
877.823000000 -2.396580 -3.427765 0.000000 0.00000000 0.00000000 0.22907598 0.97340855
877.948000000 -2.392076 -3.428990 0.000000 0.00000000 0.00000000 0.22862920 0.97351358
878.073000000 -2.393908 -3.428102 0.000000 0.00000000 0.00000000 0.22877476 0.97347938
878.198000000 -2.397025 -3.427299 0.000000 0.00000000 0.00000000 0.22880825 0.97347151
878.323000000 -2.394333 -3.425968 0.000000 0.00000000 0.00000000 0.22915956 0.97338887
878.448000000 -2.394302 -3.427786 0.000000 0.00000000 0.00000000 0.22919732 0.97337998
878.573000000 -2.394435 -3.428359 0.000000 0.00000000 0.00000000 0.22866418 0.97350536
878.698000000 -2.394151 -3.428323 0.000000 0.00000000 0.00000000 0.22872472 0.97349114
878.823000000 -2.393918 -3.429077 0.000000 0.00000000 0.00000000 0.22850550 0.97354262
878.948000000 -2.395440 -3.427753 0.000000 0.00000000 0.00000000 0.22856022 0.97352978
879.073000000 -2.397835 -3.429267 0.000000 0.00000000 0.00000000 0.22867506 0.97350281
879.198000000 -2.393886 -3.425838 0.000000 0.00000000 0.00000000 0.22917496 0.97338525
879.323000000 -2.393549 -3.428595 0.000000 0.00000000 0.00000000 0.22899959 0.97342652
879.448000000 -2.398637 -3.427364 0.000000 0.00000000 0.00000000 0.22904180 0.97341659
879.573000000 -2.396331 -3.427897 0.000000 0.00000000 0.00000000 0.22885321 0.97346094
879.698000000 -2.394969 -3.429110 0.000000 0.00000000 0.00000000 0.22897509 0.97343228
879.823000000 -2.391654 -3.428501 0.000000 0.00000000 0.00000000 0.22891713 0.97344591
879.948000000 -2.393203 -3.428894 0.000000 0.00000000 0.00000000 0.22881932 0.97346891
880.073000000 -2.396096 -3.428026 0.000000 0.00000000 0.00000000 0.22874032 0.97348748
880.198000000 -2.393189 -3.430449 0.000000 0.00000000 0.00000000 0.22813095 0.97363046
880.323000000 -2.393397 -3.429003 0.000000 0.00000000 0.00000000 0.22865449 0.97350764
880.448000000 -2.395466 -3.427872 0.000000 0.00000000 0.00000000 0.22915956 0.97338887
880.573000000 -2.392987 -3.427862 0.000000 0.00000000 0.00000000 0.22894652 0.97343900
880.698000000 -2.394888 -3.429866 0.000000 0.00000000 0.00000000 0.22811740 0.97363363
880.823000000 -2.388537 -3.427974 0.000000 0.00000000 0.00000000 0.22878730 0.97347643
880.948000000 -2.395678 -3.427405 0.000000 0.00000000 0.00000000 0.22908244 0.97340702
881.073000000 -2.394802 -3.428292 0.000000 0.00000000 0.00000000 0.22905433 0.97341364
881.198000000 -2.396979 -3.429168 0.000000 0.00000000 0.00000000 0.22854058 0.97353439
881.323000000 -2.393599 -3.427845 0.000000 0.00000000 0.00000000 0.22867211 0.97350350
881.448000000 -2.394014 -3.427934 0.000000 0.00000000 0.00000000 0.22902914 0.97341957
881.573000000 -2.392789 -3.429230 0.000000 0.00000000 0.00000000 0.22816918 0.97362150
881.698000000 -2.396008 -3.425527 0.000000 0.00000000 0.00000000 0.22936595 0.97334026
881.823000000 -2.393233 -3.428648 0.000000 0.00000000 0.00000000 0.22917743 0.97338466
881.948000000 -2.391722 -3.427097 0.000000 0.00000000 0.00000000 0.22885513 0.97346049
882.073000000 -2.393955 -3.429534 0.000000 0.00000000 0.00000000 0.22847174 0.97355054
882.198000000 -2.395760 -3.428131 0.000000 0.00000000 0.00000000 0.22878867 0.97347611
882.323000000 -2.398545 -3.429770 0.000000 0.00000000 0.00000000 0.22855736 0.97353045
882.448000000 -2.397200 -3.427821 0.000000 0.00000000 0.00000000 0.22910040 0.97340280
882.573000000 -2.395704 -3.427044 0.000000 0.00000000 0.00000000 0.22906410 0.97341134
882.698000000 -2.394976 -3.429637 0.000000 0.00000000 0.00000000 0.22855124 0.97353188
882.823000000 -2.395359 -3.428807 0.000000 0.00000000 0.00000000 0.22884028 0.97346398
882.948000000 -2.394074 -3.430736 0.000000 0.00000000 0.00000000 0.22795711 0.97367117
883.073000000 -2.393029 -3.428183 0.000000 0.00000000 0.00000000 0.22874607 0.97348612
883.198000000 -2.393737 -3.428774 0.000000 0.00000000 0.00000000 0.22871568 0.97349327
883.323000000 -2.396545 -3.427732 0.000000 0.00000000 0.00000000 0.22876433 0.97348183
883.448000000 -2.394569 -3.428572 0.000000 0.00000000 0.00000000 0.22917578 0.97338505
883.573000000 -2.394858 -3.428872 0.000000 0.00000000 0.00000000 0.22825877 0.97360050
883.698000000 -2.395325 -3.428223 0.000000 0.00000000 0.00000000 0.22900513 0.97342522
883.823000000 -2.395790 -3.430822 0.000000 0.00000000 0.00000000 0.22818861 0.97361695
883.948000000 -2.393544 -3.426502 0.000000 0.00000000 0.00000000 0.22867383 0.97350310
884.073000000 -2.396035 -3.428358 0.000000 0.00000000 0.00000000 0.22883232 0.97346585
884.198000000 -2.394724 -3.427944 0.000000 0.00000000 0.00000000 0.22863378 0.97351250
884.323000000 -2.393082 -3.426596 0.000000 0.00000000 0.00000000 0.22905007 0.97341464
884.448000000 -2.395831 -3.427979 0.000000 0.00000000 0.00000000 0.22903358 0.97341852
884.573000000 -2.395816 -3.428382 0.000000 0.00000000 0.00000000 0.22873008 0.97348988
884.698000000 -2.397182 -3.426132 0.000000 0.00000000 0.00000000 0.22910781 0.97340105
884.823000000 -2.392120 -3.427978 0.000000 0.00000000 0.00000000 0.22896451 0.97343477
884.948000000 -2.393601 -3.429675 0.000000 0.00000000 0.00000000 0.22851250 0.97354098
885.073000000 -2.394924 -3.427448 0.000000 0.00000000 0.00000000 0.22863492 0.97351224
885.198000000 -2.394765 -3.427764 0.000000 0.00000000 0.00000000 0.22855016 0.97353214
885.323000000 -2.394383 -3.430355 0.000000 0.00000000 0.00000000 0.22790148 0.97368420
885.448000000 -2.394188 -3.426993 0.000000 0.00000000 0.00000000 0.22886480 0.97345822
885.573000000 -2.393517 -3.428505 0.000000 0.00000000 0.00000000 0.22889672 0.97345071
885.698000000 -2.396515 -3.428524 0.000000 0.00000000 0.00000000 0.22854115 0.97353425
885.823000000 -2.394467 -3.430180 0.000000 0.00000000 0.00000000 0.22872270 0.97349162
885.948000000 -2.394254 -3.427877 0.000000 0.00000000 0.00000000 0.22843586 0.97355896
886.073000000 -2.397614 -3.429075 0.000000 0.00000000 0.00000000 0.22849153 0.97354590
886.198000000 -2.394078 -3.427298 0.000000 0.00000000 0.00000000 0.22874282 0.97348689
886.323000000 -2.397631 -3.428693 0.000000 0.00000000 0.00000000 0.22881563 0.97346978
886.448000000 -2.391045 -3.428423 0.000000 0.00000000 0.00000000 0.22816189 0.97362321
886.573000000 -2.396833 -3.427521 0.000000 0.00000000 0.00000000 0.22910048 0.97340278
886.698000000 -2.395290 -3.428004 0.000000 0.00000000 0.00000000 0.22877558 0.97347919
886.823000000 -2.396006 -3.427065 0.000000 0.00000000 0.00000000 0.22921908 0.97337486
886.948000000 -2.392129 -3.428669 0.000000 0.00000000 0.00000000 0.22857786 0.97352564
887.073000000 -2.396031 -3.426766 0.000000 0.00000000 0.00000000 0.22886891 0.97345725
887.198000000 -2.393267 -3.431187 0.000000 0.00000000 0.00000000 0.22827467 0.97359677
887.323000000 -2.395807 -3.428470 0.000000 0.00000000 0.00000000 0.22894005 0.97344052
887.448000000 -2.392584 -3.427678 0.000000 0.00000000 0.00000000 0.22886478 0.97345822
887.573000000 -2.397859 -3.426505 0.000000 0.00000000 0.00000000 0.22840642 0.97356587
887.698000000 -2.394149 -3.429021 0.000000 0.00000000 0.00000000 0.22809676 0.97363847
887.823000000 -2.400317 -3.427925 0.000000 0.00000000 0.00000000 0.22833395 0.97358287
887.948000000 -2.396333 -3.428337 0.000000 0.00000000 0.00000000 0.22879949 0.97347357
888.073000000 -2.394742 -3.428545 0.000000 0.00000000 0.00000000 0.22851538 0.97354030
888.198000000 -2.392882 -3.428787 0.000000 0.00000000 0.00000000 0.22853590 0.97353549
888.323000000 -2.395140 -3.427658 0.000000 0.00000000 0.00000000 0.22917970 0.97338413
888.448000000 -2.395945 -3.428080 0.000000 0.00000000 0.00000000 0.22880054 0.97347332
888.573000000 -2.393872 -3.429581 0.000000 0.00000000 0.00000000 0.22876575 0.97348150
888.698000000 -2.393113 -3.429370 0.000000 0.00000000 0.00000000 0.22865281 0.97350804
888.823000000 -2.395769 -3.426180 0.000000 0.00000000 0.00000000 0.22927002 0.97336286
888.948000000 -2.395897 -3.428688 0.000000 0.00000000 0.00000000 0.22853050 0.97353675
889.073000000 -2.393322 -3.428220 0.000000 0.00000000 0.00000000 0.22885996 0.97345936
889.198000000 -2.395728 -3.428073 0.000000 0.00000000 0.00000000 0.22868439 0.97350062
889.323000000 -2.396068 -3.427121 0.000000 0.00000000 0.00000000 0.22911865 0.97339850
889.448000000 -2.394989 -3.427939 0.000000 0.00000000 0.00000000 0.22880285 0.97347278
889.573000000 -2.395022 -3.427097 0.000000 0.00000000 0.00000000 0.22890269 0.97344931
889.698000000 -2.394099 -3.428991 0.000000 0.00000000 0.00000000 0.22849106 0.97354601
889.823000000 -2.394823 -3.428073 0.000000 0.00000000 0.00000000 0.22868958 0.97349940
889.948000000 -2.395887 -3.429063 0.000000 0.00000000 0.00000000 0.22874416 0.97348657
890.073000000 -2.394706 -3.430335 0.000000 0.00000000 0.00000000 0.22863722 0.97351170
890.198000000 -2.395342 -3.428389 0.000000 0.00000000 0.00000000 0.22910791 0.97340103
890.323000000 -2.392441 -3.428524 0.000000 0.00000000 0.00000000 0.22863591 0.97351200
890.448000000 -2.395897 -3.428426 0.000000 0.00000000 0.00000000 0.22877392 0.97347958
890.573000000 -2.396501 -3.428938 0.000000 0.00000000 0.00000000 0.22864044 0.97351094
890.698000000 -2.396502 -3.428206 0.000000 0.00000000 0.00000000 0.22881627 0.97346963
890.823000000 -2.396400 -3.427438 0.000000 0.00000000 0.00000000 0.22895248 0.97343760
890.948000000 -2.393136 -3.429357 0.000000 0.00000000 0.00000000 0.22866295 0.97350565
891.073000000 -2.393930 -3.429864 0.000000 0.00000000 0.00000000 0.22843421 0.97355935
891.198000000 -2.395623 -3.428686 0.000000 0.00000000 0.00000000 0.22851652 0.97354003
891.323000000 -2.395967 -3.427661 0.000000 0.00000000 0.00000000 0.22904286 0.97341634
891.448000000 -2.399030 -3.427448 0.000000 0.00000000 0.00000000 0.22890115 0.97344967
891.573000000 -2.393931 -3.429149 0.000000 0.00000000 0.00000000 0.22824747 0.97360315
891.698000000 -2.396605 -3.427893 0.000000 0.00000000 0.00000000 0.22881820 0.97346917
891.823000000 -2.392958 -3.428767 0.000000 0.00000000 0.00000000 0.22878296 0.97347746
891.948000000 -2.394991 -3.428719 0.000000 0.00000000 0.00000000 0.22889239 0.97345173
892.073000000 -2.393283 -3.429544 0.000000 0.00000000 0.00000000 0.22893659 0.97344134
892.198000000 -2.393861 -3.427832 0.000000 0.00000000 0.00000000 0.22898680 0.97342953
892.323000000 -2.398578 -3.427690 0.000000 0.00000000 0.00000000 0.22920656 0.97337781
892.448000000 -2.396282 -3.429679 0.000000 0.00000000 0.00000000 0.22872505 0.97349106
892.573000000 -2.392949 -3.428896 0.000000 0.00000000 0.00000000 0.22823356 0.97360641
892.698000000 -2.392760 -3.429475 0.000000 0.00000000 0.00000000 0.22854659 0.97353298
892.823000000 -2.393069 -3.428998 0.000000 0.00000000 0.00000000 0.22868240 0.97350108
892.948000000 -2.394671 -3.427524 0.000000 0.00000000 0.00000000 0.22880657 0.97347191
893.073000000 -2.391208 -3.427931 0.000000 0.00000000 0.00000000 0.22889696 0.97345066
893.198000000 -2.394231 -3.427659 0.000000 0.00000000 0.00000000 0.22869684 0.97349769
893.323000000 -2.395513 -3.427746 0.000000 0.00000000 0.00000000 0.22872200 0.97349178
893.448000000 -2.392788 -3.428747 0.000000 0.00000000 0.00000000 0.22875118 0.97348492
893.573000000 -2.396519 -3.427985 0.000000 0.00000000 0.00000000 0.22910417 0.97340191
893.698000000 -2.392573 -3.428494 0.000000 0.00000000 0.00000000 0.22850581 0.97354255
893.823000000 -2.394638 -3.429986 0.000000 0.00000000 0.00000000 0.22839235 0.97356917
893.948000000 -2.393227 -3.427490 0.000000 0.00000000 0.00000000 0.22892467 0.97344414
894.073000000 -2.393130 -3.427652 0.000000 0.00000000 0.00000000 0.22881459 0.97347002
894.198000000 -2.394897 -3.428597 0.000000 0.00000000 0.00000000 0.22863732 0.97351167
894.323000000 -2.396645 -3.425854 0.000000 0.00000000 0.00000000 0.22949444 0.97330997
894.448000000 -2.392677 -3.430380 0.000000 0.00000000 0.00000000 0.22840309 0.97356665
894.573000000 -2.392566 -3.429509 0.000000 0.00000000 0.00000000 0.22854970 0.97353225
894.698000000 -2.396243 -3.429686 0.000000 0.00000000 0.00000000 0.22861953 0.97351585
894.823000000 -2.398069 -3.429535 0.000000 0.00000000 0.00000000 0.22799112 0.97366321
894.948000000 -2.393669 -3.429605 0.000000 0.00000000 0.00000000 0.22857136 0.97352716
895.073000000 -2.394506 -3.429266 0.000000 0.00000000 0.00000000 0.22871374 0.97349372
895.198000000 -2.395998 -3.429119 0.000000 0.00000000 0.00000000 0.22852463 0.97353813
895.323000000 -2.395473 -3.429384 0.000000 0.00000000 0.00000000 0.22858608 0.97352371
895.448000000 -2.397706 -3.428649 0.000000 0.00000000 0.00000000 0.22911860 0.97339851
895.573000000 -2.393217 -3.428345 0.000000 0.00000000 0.00000000 0.22839673 0.97356814
895.698000000 -2.394264 -3.428817 0.000000 0.00000000 0.00000000 0.22893826 0.97344095
895.823000000 -2.394940 -3.427632 0.000000 0.00000000 0.00000000 0.22894738 0.97343880
895.948000000 -2.395975 -3.428805 0.000000 0.00000000 0.00000000 0.22873410 0.97348894
896.073000000 -2.393596 -3.428847 0.000000 0.00000000 0.00000000 0.22856581 0.97352846
896.198000000 -2.390791 -3.428172 0.000000 0.00000000 0.00000000 0.22889659 0.97345074
896.323000000 -2.393995 -3.428493 0.000000 0.00000000 0.00000000 0.22895047 0.97343807
896.448000000 -2.395328 -3.429015 0.000000 0.00000000 0.00000000 0.22876893 0.97348075
896.573000000 -2.394177 -3.427229 0.000000 0.00000000 0.00000000 0.22908989 0.97340527
896.698000000 -2.394400 -3.429138 0.000000 0.00000000 0.00000000 0.22869553 0.97349800
896.823000000 -2.395939 -3.428846 0.000000 0.00000000 0.00000000 0.22836517 0.97357555
896.948000000 -2.395183 -3.429069 0.000000 0.00000000 0.00000000 0.22857834 0.97352552
897.073000000 -2.393600 -3.429660 0.000000 0.00000000 0.00000000 0.22863825 0.97351145
897.198000000 -2.392548 -3.429779 0.000000 0.00000000 0.00000000 0.22843145 0.97356000
897.323000000 -2.394717 -3.426368 0.000000 0.00000000 0.00000000 0.22947444 0.97331469
897.448000000 -2.395094 -3.428712 0.000000 0.00000000 0.00000000 0.22916964 0.97338650
897.573000000 -2.395469 -3.428925 0.000000 0.00000000 0.00000000 0.22864670 0.97350947
897.698000000 -2.397879 -3.427610 0.000000 0.00000000 0.00000000 0.22878238 0.97347759
897.823000000 -2.394932 -3.430387 0.000000 0.00000000 0.00000000 0.22830953 0.97358860
897.948000000 -2.393516 -3.426897 0.000000 0.00000000 0.00000000 0.22959006 0.97328742
898.073000000 -2.395176 -3.429466 0.000000 0.00000000 0.00000000 0.22860892 0.97351834
898.198000000 -2.395914 -3.429691 0.000000 0.00000000 0.00000000 0.22822453 0.97360853
898.323000000 -2.394197 -3.426674 0.000000 0.00000000 0.00000000 0.22916344 0.97338796
898.448000000 -2.390876 -3.428399 0.000000 0.00000000 0.00000000 0.22894242 0.97343997
898.573000000 -2.397138 -3.427873 0.000000 0.00000000 0.00000000 0.22900367 0.97342556
898.698000000 -2.393475 -3.429350 0.000000 0.00000000 0.00000000 0.22892328 0.97344447
898.823000000 -2.393762 -3.429652 0.000000 0.00000000 0.00000000 0.22888492 0.97345349
898.948000000 -2.395176 -3.427619 0.000000 0.00000000 0.00000000 0.22921062 0.97337685
899.073000000 -2.398652 -3.429460 0.000000 0.00000000 0.00000000 0.22846834 0.97355134
899.198000000 -2.396131 -3.429809 0.000000 0.00000000 0.00000000 0.22853304 0.97353616
899.323000000 -2.394113 -3.427441 0.000000 0.00000000 0.00000000 0.22896954 0.97343359
899.448000000 -2.394149 -3.428972 0.000000 0.00000000 0.00000000 0.22855307 0.97353145
899.573000000 -2.394398 -3.430098 0.000000 0.00000000 0.00000000 0.22851696 0.97353993
899.698000000 -2.393375 -3.429125 0.000000 0.00000000 0.00000000 0.22853233 0.97353633
899.823000000 -2.394926 -3.428111 0.000000 0.00000000 0.00000000 0.22879147 0.97347546
899.948000000 -2.395353 -3.429445 0.000000 0.00000000 0.00000000 0.22874269 0.97348692
900.073000000 -2.392640 -3.428777 0.000000 0.00000000 0.00000000 0.22826029 0.97360014
900.198000000 -2.397524 -3.429866 0.000000 0.00000000 0.00000000 0.22833566 0.97358247
900.323000000 -2.390965 -3.429005 0.000000 0.00000000 0.00000000 0.22872692 0.97349062
900.448000000 -2.394657 -3.430713 0.000000 0.00000000 0.00000000 0.22825936 0.97360036
900.573000000 -2.393149 -3.429074 0.000000 0.00000000 0.00000000 0.22872257 0.97349165
900.698000000 -2.397231 -3.428644 0.000000 0.00000000 0.00000000 0.22875576 0.97348385
900.823000000 -2.395838 -3.429372 0.000000 0.00000000 0.00000000 0.22853556 0.97353557
900.948000000 -2.393380 -3.428624 0.000000 0.00000000 0.00000000 0.22822949 0.97360736
901.073000000 -2.396162 -3.429273 0.000000 0.00000000 0.00000000 0.22849541 0.97354499
901.198000000 -2.395251 -3.427802 0.000000 0.00000000 0.00000000 0.22896711 0.97343416
901.323000000 -2.395926 -3.429087 0.000000 0.00000000 0.00000000 0.22875019 0.97348516
901.448000000 -2.395990 -3.426228 0.000000 0.00000000 0.00000000 0.22915498 0.97338995
901.573000000 -2.395111 -3.428763 0.000000 0.00000000 0.00000000 0.22863539 0.97351213
901.698000000 -2.396716 -3.429927 0.000000 0.00000000 0.00000000 0.22870006 0.97349694
901.823000000 -2.395000 -3.427592 0.000000 0.00000000 0.00000000 0.22917075 0.97338624
901.948000000 -2.394394 -3.428360 0.000000 0.00000000 0.00000000 0.22865604 0.97350727
902.073000000 -2.396045 -3.428116 0.000000 0.00000000 0.00000000 0.22874468 0.97348645
902.198000000 -2.397498 -3.429721 0.000000 0.00000000 0.00000000 0.22844296 0.97355730
902.323000000 -2.397149 -3.427699 0.000000 0.00000000 0.00000000 0.22884182 0.97346362
902.448000000 -2.396608 -3.429780 0.000000 0.00000000 0.00000000 0.22837504 0.97357323
902.573000000 -2.396592 -3.428126 0.000000 0.00000000 0.00000000 0.22874470 0.97348645
902.698000000 -2.393757 -3.429390 0.000000 0.00000000 0.00000000 0.22856977 0.97352753
902.823000000 -2.395477 -3.428845 0.000000 0.00000000 0.00000000 0.22866353 0.97350552
902.948000000 -2.393828 -3.429932 0.000000 0.00000000 0.00000000 0.22867899 0.97350189
903.073000000 -2.396929 -3.428691 0.000000 0.00000000 0.00000000 0.22905596 0.97341326
903.198000000 -2.390455 -3.428504 0.000000 0.00000000 0.00000000 0.22893305 0.97344217
903.323000000 -2.397217 -3.429038 0.000000 0.00000000 0.00000000 0.22864670 0.97350947
903.448000000 -2.397123 -3.427685 0.000000 0.00000000 0.00000000 0.22900965 0.97342415
903.573000000 -2.394356 -3.427891 0.000000 0.00000000 0.00000000 0.22886822 0.97345741
903.698000000 -2.397757 -3.428944 0.000000 0.00000000 0.00000000 0.22871686 0.97349299
903.823000000 -2.393664 -3.430968 0.000000 0.00000000 0.00000000 0.22838185 0.97357164
903.948000000 -2.394107 -3.428680 0.000000 0.00000000 0.00000000 0.22869933 0.97349711
904.073000000 -2.396012 -3.427873 0.000000 0.00000000 0.00000000 0.22901575 0.97342272
904.198000000 -2.396377 -3.427314 0.000000 0.00000000 0.00000000 0.22878584 0.97347678
904.323000000 -2.392460 -3.428748 0.000000 0.00000000 0.00000000 0.22934681 0.97334477
904.448000000 -2.395369 -3.427662 0.000000 0.00000000 0.00000000 0.22885244 0.97346113
904.573000000 -2.395291 -3.430051 0.000000 0.00000000 0.00000000 0.22804465 0.97365068
904.698000000 -2.391148 -3.427823 0.000000 0.00000000 0.00000000 0.22865968 0.97350642
904.823000000 -2.395243 -3.426660 0.000000 0.00000000 0.00000000 0.22870261 0.97349633
904.948000000 -2.397202 -3.429642 0.000000 0.00000000 0.00000000 0.22867406 0.97350304
905.073000000 -2.392190 -3.429744 0.000000 0.00000000 0.00000000 0.22821501 0.97361076
905.198000000 -2.394422 -3.427681 0.000000 0.00000000 0.00000000 0.22920547 0.97337806
905.323000000 -2.394552 -3.428597 0.000000 0.00000000 0.00000000 0.22836807 0.97357487
905.448000000 -2.395607 -3.429708 0.000000 0.00000000 0.00000000 0.22845683 0.97355404
905.573000000 -2.394162 -3.429295 0.000000 0.00000000 0.00000000 0.22869108 0.97349904
905.698000000 -2.397117 -3.430661 0.000000 0.00000000 0.00000000 0.22809404 0.97363911
905.823000000 -2.396374 -3.429617 0.000000 0.00000000 0.00000000 0.22828803 0.97359364
905.948000000 -2.394664 -3.429131 0.000000 0.00000000 0.00000000 0.22863407 0.97351244
906.073000000 -2.395164 -3.430433 0.000000 0.00000000 0.00000000 0.22870398 0.97349602
906.198000000 -2.397114 -3.426286 0.000000 0.00000000 0.00000000 0.22913546 0.97339455
906.323000000 -2.394706 -3.430836 0.000000 0.00000000 0.00000000 0.22825823 0.97360063
906.448000000 -2.395101 -3.428925 0.000000 0.00000000 0.00000000 0.22917613 0.97338497
906.573000000 -2.392365 -3.427489 0.000000 0.00000000 0.00000000 0.22928811 0.97335860
906.698000000 -2.397270 -3.428183 0.000000 0.00000000 0.00000000 0.22899562 0.97342745
906.823000000 -2.393511 -3.428577 0.000000 0.00000000 0.00000000 0.22864641 0.97350954
906.948000000 -2.394118 -3.427399 0.000000 0.00000000 0.00000000 0.22867457 0.97350292
907.073000000 -2.397373 -3.428526 0.000000 0.00000000 0.00000000 0.22893983 0.97344058
907.198000000 -2.395558 -3.428929 0.000000 0.00000000 0.00000000 0.22872869 0.97349021
907.323000000 -2.397358 -3.429647 0.000000 0.00000000 0.00000000 0.22871198 0.97349413
907.448000000 -2.395546 -3.430713 0.000000 0.00000000 0.00000000 0.22820186 0.97361384
907.573000000 -2.396286 -3.426218 0.000000 0.00000000 0.00000000 0.22895731 0.97343646
907.698000000 -2.395384 -3.429108 0.000000 0.00000000 0.00000000 0.22833098 0.97358357
907.823000000 -2.396842 -3.430120 0.000000 0.00000000 0.00000000 0.22845215 0.97355514
907.948000000 -2.395301 -3.427649 0.000000 0.00000000 0.00000000 0.22885120 0.97346142
908.073000000 -2.395450 -3.429225 0.000000 0.00000000 0.00000000 0.22858496 0.97352397
908.198000000 -2.393899 -3.426404 0.000000 0.00000000 0.00000000 0.22905127 0.97341436
908.323000000 -2.397826 -3.428820 0.000000 0.00000000 0.00000000 0.22866070 0.97350618
908.448000000 -2.397404 -3.428500 0.000000 0.00000000 0.00000000 0.22883868 0.97346436
908.573000000 -2.393538 -3.427198 0.000000 0.00000000 0.00000000 0.22911356 0.97339970
908.698000000 -2.393375 -3.427872 0.000000 0.00000000 0.00000000 0.22885390 0.97346078
908.823000000 -2.396663 -3.425912 0.000000 0.00000000 0.00000000 0.22939132 0.97333428
908.948000000 -2.394297 -3.428625 0.000000 0.00000000 0.00000000 0.22918100 0.97338383
909.073000000 -2.400351 -3.428408 0.000000 0.00000000 0.00000000 0.22871662 0.97349304
909.198000000 -2.394524 -3.430685 0.000000 0.00000000 0.00000000 0.22871055 0.97349447
909.323000000 -2.394896 -3.428201 0.000000 0.00000000 0.00000000 0.22894746 0.97343878
909.448000000 -2.397686 -3.429304 0.000000 0.00000000 0.00000000 0.22850303 0.97354320
909.573000000 -2.395355 -3.429547 0.000000 0.00000000 0.00000000 0.22894397 0.97343960
909.698000000 -2.397297 -3.429264 0.000000 0.00000000 0.00000000 0.22879963 0.97347354
909.823000000 -2.394913 -3.429125 0.000000 0.00000000 0.00000000 0.22869936 0.97349710
909.948000000 -2.394316 -3.430901 0.000000 0.00000000 0.00000000 0.22829813 0.97359127
910.073000000 -2.396821 -3.428924 0.000000 0.00000000 0.00000000 0.22823064 0.97360710
910.198000000 -2.397392 -3.428991 0.000000 0.00000000 0.00000000 0.22854417 0.97353354
910.323000000 -2.397517 -3.427955 0.000000 0.00000000 0.00000000 0.22887958 0.97345474
910.448000000 -2.396307 -3.428158 0.000000 0.00000000 0.00000000 0.22934383 0.97334547
910.573000000 -2.396290 -3.428775 0.000000 0.00000000 0.00000000 0.22865802 0.97350681
910.698000000 -2.396568 -3.429281 0.000000 0.00000000 0.00000000 0.22863190 0.97351295
910.823000000 -2.392677 -3.429018 0.000000 0.00000000 0.00000000 0.22861670 0.97351652
910.948000000 -2.396429 -3.428745 0.000000 0.00000000 0.00000000 0.22899330 0.97342800
911.073000000 -2.397403 -3.429408 0.000000 0.00000000 0.00000000 0.22865027 0.97350863
911.198000000 -2.395142 -3.428344 0.000000 0.00000000 0.00000000 0.22872456 0.97349118
911.323000000 -2.398801 -3.429019 0.000000 0.00000000 0.00000000 0.22857208 0.97352699
911.448000000 -2.394129 -3.430178 0.000000 0.00000000 0.00000000 0.22800775 0.97365932
911.573000000 -2.402979 -3.427665 0.000000 0.00000000 0.00000000 0.22922566 0.97337331
911.698000000 -2.397262 -3.428974 0.000000 0.00000000 0.00000000 0.22846663 0.97355174
911.823000000 -2.398059 -3.426364 0.000000 0.00000000 0.00000000 0.22877293 0.97347981
911.948000000 -2.394822 -3.427054 0.000000 0.00000000 0.00000000 0.22884940 0.97346184
912.073000000 -2.395618 -3.428480 0.000000 0.00000000 0.00000000 0.22857116 0.97352721
912.198000000 -2.397722 -3.428283 0.000000 0.00000000 0.00000000 0.22911243 0.97339997
912.323000000 -2.394078 -3.429952 0.000000 0.00000000 0.00000000 0.22867291 0.97350331
912.448000000 -2.396764 -3.429746 0.000000 0.00000000 0.00000000 0.22880604 0.97347203
912.573000000 -2.398220 -3.427290 0.000000 0.00000000 0.00000000 0.22887073 0.97345682
912.698000000 -2.394287 -3.430822 0.000000 0.00000000 0.00000000 0.22877414 0.97347953
912.823000000 -2.396089 -3.428337 0.000000 0.00000000 0.00000000 0.22845614 0.97355421
912.948000000 -2.401204 -3.426557 0.000000 0.00000000 0.00000000 0.22914611 0.97339204
913.073000000 -2.398435 -3.428356 0.000000 0.00000000 0.00000000 0.22830772 0.97358902
913.198000000 -2.396533 -3.430365 0.000000 0.00000000 0.00000000 0.22823981 0.97360495
913.323000000 -2.399231 -3.429182 0.000000 0.00000000 0.00000000 0.22886863 0.97345732
913.448000000 -2.396287 -3.429128 0.000000 0.00000000 0.00000000 0.22872393 0.97349133
913.573000000 -2.400374 -3.430187 0.000000 0.00000000 0.00000000 0.22833900 0.97358169
913.698000000 -2.394810 -3.428284 0.000000 0.00000000 0.00000000 0.22894623 0.97343907
913.823000000 -2.397686 -3.429849 0.000000 0.00000000 0.00000000 0.22846377 0.97355242
913.948000000 -2.396150 -3.428704 0.000000 0.00000000 0.00000000 0.22866845 0.97350436
914.073000000 -2.394804 -3.428934 0.000000 0.00000000 0.00000000 0.22888744 0.97345290
914.198000000 -2.396313 -3.428277 0.000000 0.00000000 0.00000000 0.22885653 0.97346016
914.323000000 -2.394756 -3.427859 0.000000 0.00000000 0.00000000 0.22856959 0.97352758
914.448000000 -2.394846 -3.427895 0.000000 0.00000000 0.00000000 0.22920007 0.97337933
914.573000000 -2.399110 -3.428590 0.000000 0.00000000 0.00000000 0.22903023 0.97341931
914.698000000 -2.399682 -3.430024 0.000000 0.00000000 0.00000000 0.22853508 0.97353568
914.823000000 -2.395405 -3.428645 0.000000 0.00000000 0.00000000 0.22861670 0.97351651
914.948000000 -2.397447 -3.429160 0.000000 0.00000000 0.00000000 0.22874491 0.97348640
915.073000000 -2.398524 -3.427064 0.000000 0.00000000 0.00000000 0.22812469 0.97363192
915.198000000 -2.398112 -3.426729 0.000000 0.00000000 0.00000000 0.22888626 0.97345317
915.323000000 -2.392976 -3.428557 0.000000 0.00000000 0.00000000 0.22858240 0.97352457
915.448000000 -2.396788 -3.428622 0.000000 0.00000000 0.00000000 0.22919725 0.97338000
915.573000000 -2.393875 -3.426015 0.000000 0.00000000 0.00000000 0.22972822 0.97325482
915.698000000 -2.397347 -3.429596 0.000000 0.00000000 0.00000000 0.22880262 0.97347283
915.823000000 -2.396910 -3.429128 0.000000 0.00000000 0.00000000 0.22852642 0.97353771
915.948000000 -2.401305 -3.428223 0.000000 0.00000000 0.00000000 0.22889811 0.97345039
916.073000000 -2.394660 -3.429898 0.000000 0.00000000 0.00000000 0.22866948 0.97350412
916.198000000 -2.395907 -3.429658 0.000000 0.00000000 0.00000000 0.22824962 0.97360265
916.323000000 -2.394641 -3.428549 0.000000 0.00000000 0.00000000 0.22900839 0.97342445
916.448000000 -2.396362 -3.427922 0.000000 0.00000000 0.00000000 0.22904031 0.97341694
916.573000000 -2.397179 -3.428635 0.000000 0.00000000 0.00000000 0.22862319 0.97351499
916.698000000 -2.393616 -3.429660 0.000000 0.00000000 0.00000000 0.22836861 0.97357474
916.823000000 -2.395004 -3.429078 0.000000 0.00000000 0.00000000 0.22891663 0.97344603
916.948000000 -2.396783 -3.429171 0.000000 0.00000000 0.00000000 0.22872492 0.97349110
917.073000000 -2.396126 -3.428198 0.000000 0.00000000 0.00000000 0.22909206 0.97340476
917.198000000 -2.393478 -3.428167 0.000000 0.00000000 0.00000000 0.22881391 0.97347018
917.323000000 -2.394401 -3.428621 0.000000 0.00000000 0.00000000 0.22900841 0.97342444
917.448000000 -2.397608 -3.428673 0.000000 0.00000000 0.00000000 0.22932820 0.97334915
917.573000000 -2.393207 -3.429479 0.000000 0.00000000 0.00000000 0.22834971 0.97357917
917.698000000 -2.396249 -3.427182 0.000000 0.00000000 0.00000000 0.22915946 0.97338890
917.823000000 -2.394359 -3.428686 0.000000 0.00000000 0.00000000 0.22841787 0.97356319
917.948000000 -2.394563 -3.429241 0.000000 0.00000000 0.00000000 0.22876936 0.97348065
918.073000000 -2.396081 -3.430092 0.000000 0.00000000 0.00000000 0.22835043 0.97357901
918.198000000 -2.395398 -3.427920 0.000000 0.00000000 0.00000000 0.22879383 0.97347490
918.323000000 -2.396496 -3.428693 0.000000 0.00000000 0.00000000 0.22890780 0.97344811
918.448000000 -2.395716 -3.429213 0.000000 0.00000000 0.00000000 0.22857013 0.97352745
918.573000000 -2.395738 -3.429560 0.000000 0.00000000 0.00000000 0.22876764 0.97348106
918.698000000 -2.396510 -3.427621 0.000000 0.00000000 0.00000000 0.22905520 0.97341343
918.823000000 -2.395867 -3.428904 0.000000 0.00000000 0.00000000 0.22872466 0.97349116
918.948000000 -2.394646 -3.428016 0.000000 0.00000000 0.00000000 0.22882308 0.97346803
919.073000000 -2.396899 -3.429267 0.000000 0.00000000 0.00000000 0.22889766 0.97345049
919.198000000 -2.397897 -3.426540 0.000000 0.00000000 0.00000000 0.22929835 0.97335619
919.323000000 -2.396169 -3.430182 0.000000 0.00000000 0.00000000 0.22839470 0.97356862
919.448000000 -2.394372 -3.430352 0.000000 0.00000000 0.00000000 0.22862136 0.97351542
919.573000000 -2.394534 -3.429418 0.000000 0.00000000 0.00000000 0.22839258 0.97356912
919.698000000 -2.395514 -3.429081 0.000000 0.00000000 0.00000000 0.22890686 0.97344833
919.823000000 -2.394309 -3.430103 0.000000 0.00000000 0.00000000 0.22880209 0.97347296
919.948000000 -2.397049 -3.429071 0.000000 0.00000000 0.00000000 0.22881765 0.97346930
920.073000000 -2.393869 -3.430105 0.000000 0.00000000 0.00000000 0.22864935 0.97350885
920.198000000 -2.396801 -3.429221 0.000000 0.00000000 0.00000000 0.22873060 0.97348976
920.323000000 -2.391442 -3.427627 0.000000 0.00000000 0.00000000 0.22891713 0.97344591
920.448000000 -2.399134 -3.429663 0.000000 0.00000000 0.00000000 0.22861207 0.97351760
920.573000000 -2.396344 -3.428559 0.000000 0.00000000 0.00000000 0.22865558 0.97350738
920.698000000 -2.397794 -3.428392 0.000000 0.00000000 0.00000000 0.22893037 0.97344280
920.823000000 -2.397743 -3.428286 0.000000 0.00000000 0.00000000 0.22891663 0.97344603
920.948000000 -2.398880 -3.429171 0.000000 0.00000000 0.00000000 0.22845237 0.97355509
921.073000000 -2.398493 -3.427159 0.000000 0.00000000 0.00000000 0.22904733 0.97341529
921.198000000 -2.395742 -3.428664 0.000000 0.00000000 0.00000000 0.22866264 0.97350573
921.323000000 -2.396946 -3.429405 0.000000 0.00000000 0.00000000 0.22903135 0.97341905
921.448000000 -2.398976 -3.429806 0.000000 0.00000000 0.00000000 0.22852762 0.97353743
921.573000000 -2.397545 -3.429996 0.000000 0.00000000 0.00000000 0.22785360 0.97369540
921.698000000 -2.395097 -3.428975 0.000000 0.00000000 0.00000000 0.22900124 0.97342613
921.823000000 -2.396050 -3.429754 0.000000 0.00000000 0.00000000 0.22869710 0.97349763
921.948000000 -2.397440 -3.427625 0.000000 0.00000000 0.00000000 0.22891322 0.97344683
922.073000000 -2.393990 -3.428889 0.000000 0.00000000 0.00000000 0.22900043 0.97342632
922.198000000 -2.398541 -3.430337 0.000000 0.00000000 0.00000000 0.22866326 0.97350558
922.323000000 -2.396730 -3.428197 0.000000 0.00000000 0.00000000 0.22916126 0.97338847
922.448000000 -2.394871 -3.429698 0.000000 0.00000000 0.00000000 0.22855210 0.97353168
922.573000000 -2.398977 -3.429414 0.000000 0.00000000 0.00000000 0.22879273 0.97347516
922.698000000 -2.394543 -3.427748 0.000000 0.00000000 0.00000000 0.22921337 0.97337620
922.823000000 -2.394506 -3.427105 0.000000 0.00000000 0.00000000 0.22918083 0.97338386
922.948000000 -2.394210 -3.430357 0.000000 0.00000000 0.00000000 0.22860958 0.97351819
923.073000000 -2.398924 -3.428373 0.000000 0.00000000 0.00000000 0.22843761 0.97355856
923.198000000 -2.396803 -3.429457 0.000000 0.00000000 0.00000000 0.22886654 0.97345781
923.323000000 -2.393449 -3.428466 0.000000 0.00000000 0.00000000 0.22881627 0.97346963
923.448000000 -2.392880 -3.430101 0.000000 0.00000000 0.00000000 0.22834445 0.97358041
923.573000000 -2.400682 -3.427896 0.000000 0.00000000 0.00000000 0.22927853 0.97336086
923.698000000 -2.397480 -3.430554 0.000000 0.00000000 0.00000000 0.22850080 0.97354373
923.823000000 -2.398792 -3.429114 0.000000 0.00000000 0.00000000 0.22861589 0.97351671
923.948000000 -2.396314 -3.428305 0.000000 0.00000000 0.00000000 0.22894324 0.97343977
924.073000000 -2.393774 -3.427613 0.000000 0.00000000 0.00000000 0.22888765 0.97345285
924.198000000 -2.392653 -3.428635 0.000000 0.00000000 0.00000000 0.22891919 0.97344543
924.323000000 -2.398158 -3.429674 0.000000 0.00000000 0.00000000 0.22855936 0.97352998
924.448000000 -2.394275 -3.428101 0.000000 0.00000000 0.00000000 0.22904333 0.97341623
924.573000000 -2.396549 -3.430371 0.000000 0.00000000 0.00000000 0.22887225 0.97345647
924.698000000 -2.396653 -3.428875 0.000000 0.00000000 0.00000000 0.22864489 0.97350990
924.823000000 -2.396539 -3.430845 0.000000 0.00000000 0.00000000 0.22849210 0.97354577
924.948000000 -2.396992 -3.428820 0.000000 0.00000000 0.00000000 0.22873194 0.97348945
925.073000000 -2.394146 -3.427433 0.000000 0.00000000 0.00000000 0.22920604 0.97337793
925.198000000 -2.399334 -3.429710 0.000000 0.00000000 0.00000000 0.22838238 0.97357151
925.323000000 -2.397442 -3.429609 0.000000 0.00000000 0.00000000 0.22864324 0.97351028
925.448000000 -2.396049 -3.428802 0.000000 0.00000000 0.00000000 0.22850802 0.97354203
925.573000000 -2.397545 -3.430449 0.000000 0.00000000 0.00000000 0.22837609 0.97357299
925.698000000 -2.395851 -3.430134 0.000000 0.00000000 0.00000000 0.22867229 0.97350346
925.823000000 -2.397223 -3.429878 0.000000 0.00000000 0.00000000 0.22896155 0.97343547
925.948000000 -2.396476 -3.429136 0.000000 0.00000000 0.00000000 0.22866532 0.97350509
926.073000000 -2.396937 -3.427988 0.000000 0.00000000 0.00000000 0.22907874 0.97340790
926.198000000 -2.398910 -3.428394 0.000000 0.00000000 0.00000000 0.22888794 0.97345278
926.323000000 -2.400480 -3.428492 0.000000 0.00000000 0.00000000 0.22910739 0.97340115
926.448000000 -2.397957 -3.428982 0.000000 0.00000000 0.00000000 0.22842304 0.97356197
926.573000000 -2.396735 -3.429203 0.000000 0.00000000 0.00000000 0.22891241 0.97344702
926.698000000 -2.394667 -3.429428 0.000000 0.00000000 0.00000000 0.22895136 0.97343786
926.823000000 -2.396888 -3.429424 0.000000 0.00000000 0.00000000 0.22848338 0.97354781
926.948000000 -2.396706 -3.427911 0.000000 0.00000000 0.00000000 0.22861838 0.97351612
927.073000000 -2.394491 -3.429460 0.000000 0.00000000 0.00000000 0.22834970 0.97357918
927.198000000 -2.398217 -3.428816 0.000000 0.00000000 0.00000000 0.22857265 0.97352686
927.323000000 -2.395988 -3.429104 0.000000 0.00000000 0.00000000 0.22884033 0.97346397
927.448000000 -2.395093 -3.430115 0.000000 0.00000000 0.00000000 0.22879908 0.97347367
927.573000000 -2.396111 -3.427149 0.000000 0.00000000 0.00000000 0.22935797 0.97334214
927.698000000 -2.396233 -3.428588 0.000000 0.00000000 0.00000000 0.22871869 0.97349256
927.823000000 -2.399862 -3.428990 0.000000 0.00000000 0.00000000 0.22842055 0.97356256
927.948000000 -2.394884 -3.429435 0.000000 0.00000000 0.00000000 0.22871600 0.97349319
928.073000000 -2.396421 -3.427772 0.000000 0.00000000 0.00000000 0.22881902 0.97346898
928.198000000 -2.400725 -3.430208 0.000000 0.00000000 0.00000000 0.22865687 0.97350708
928.323000000 -2.396912 -3.428447 0.000000 0.00000000 0.00000000 0.22906632 0.97341082
928.448000000 -2.393813 -3.432778 0.000000 0.00000000 0.00000000 0.22819855 0.97361462
928.573000000 -2.394808 -3.429328 0.000000 0.00000000 0.00000000 0.22882367 0.97346789
928.698000000 -2.397589 -3.429518 0.000000 0.00000000 0.00000000 0.22868267 0.97350102
928.823000000 -2.395730 -3.427794 0.000000 0.00000000 0.00000000 0.22881406 0.97347015
928.948000000 -2.396242 -3.432140 0.000000 0.00000000 0.00000000 0.22785473 0.97369514
929.073000000 -2.398734 -3.431693 0.000000 0.00000000 0.00000000 0.22815796 0.97362413
929.198000000 -2.399951 -3.428152 0.000000 0.00000000 0.00000000 0.22865058 0.97350856
929.323000000 -2.396955 -3.428289 0.000000 0.00000000 0.00000000 0.22916542 0.97338749
929.448000000 -2.397062 -3.428241 0.000000 0.00000000 0.00000000 0.22897926 0.97343130
929.573000000 -2.396322 -3.429032 0.000000 0.00000000 0.00000000 0.22892611 0.97344380
929.698000000 -2.398909 -3.427257 0.000000 0.00000000 0.00000000 0.22891204 0.97344711
929.823000000 -2.396328 -3.429441 0.000000 0.00000000 0.00000000 0.22832747 0.97358439
929.948000000 -2.397450 -3.430544 0.000000 0.00000000 0.00000000 0.22872715 0.97349057
930.073000000 -2.397301 -3.428817 0.000000 0.00000000 0.00000000 0.22890837 0.97344797
930.198000000 -2.398805 -3.429040 0.000000 0.00000000 0.00000000 0.22864144 0.97351071
930.323000000 -2.397582 -3.428761 0.000000 0.00000000 0.00000000 0.22889599 0.97345089
930.448000000 -2.396440 -3.429804 0.000000 0.00000000 0.00000000 0.22844606 0.97355657
930.573000000 -2.397006 -3.428486 0.000000 0.00000000 0.00000000 0.22928919 0.97335834
930.698000000 -2.398075 -3.431359 0.000000 0.00000000 0.00000000 0.22841269 0.97356440
930.823000000 -2.398678 -3.429340 0.000000 0.00000000 0.00000000 0.22849691 0.97354464
930.948000000 -2.401563 -3.430282 0.000000 0.00000000 0.00000000 0.22868660 0.97350010
931.073000000 -2.396370 -3.428587 0.000000 0.00000000 0.00000000 0.22892405 0.97344429
931.198000000 -2.392262 -3.430283 0.000000 0.00000000 0.00000000 0.22860001 0.97352043
931.323000000 -2.393528 -3.427865 0.000000 0.00000000 0.00000000 0.22864892 0.97350895
931.448000000 -2.400111 -3.428311 0.000000 0.00000000 0.00000000 0.22858402 0.97352419
931.573000000 -2.399428 -3.428990 0.000000 0.00000000 0.00000000 0.22886104 0.97345910
931.698000000 -2.397164 -3.430445 0.000000 0.00000000 0.00000000 0.22834899 0.97357934
931.823000000 -2.398676 -3.430464 0.000000 0.00000000 0.00000000 0.22798190 0.97366537
931.948000000 -2.393752 -3.430585 0.000000 0.00000000 0.00000000 0.22839127 0.97356943
932.073000000 -2.398191 -3.430083 0.000000 0.00000000 0.00000000 0.22833448 0.97358275
932.198000000 -2.397525 -3.429582 0.000000 0.00000000 0.00000000 0.22898704 0.97342947
932.323000000 -2.398553 -3.430617 0.000000 0.00000000 0.00000000 0.22828541 0.97359425
932.448000000 -2.396469 -3.429464 0.000000 0.00000000 0.00000000 0.22846152 0.97355294
932.573000000 -2.399325 -3.428362 0.000000 0.00000000 0.00000000 0.22832314 0.97358541
932.698000000 -2.401352 -3.428795 0.000000 0.00000000 0.00000000 0.22907554 0.97340865
932.823000000 -2.398144 -3.429268 0.000000 0.00000000 0.00000000 0.22872865 0.97349022
932.948000000 -2.399044 -3.430734 0.000000 0.00000000 0.00000000 0.22864338 0.97351025
933.073000000 -2.398011 -3.430089 0.000000 0.00000000 0.00000000 0.22887775 0.97345517
933.198000000 -2.399024 -3.430503 0.000000 0.00000000 0.00000000 0.22847227 0.97355042
933.323000000 -2.396212 -3.429154 0.000000 0.00000000 0.00000000 0.22871219 0.97349409
933.448000000 -2.396845 -3.428388 0.000000 0.00000000 0.00000000 0.22907166 0.97340956
933.573000000 -2.396489 -3.428831 0.000000 0.00000000 0.00000000 0.22885352 0.97346087
933.698000000 -2.400386 -3.430118 0.000000 0.00000000 0.00000000 0.22842203 0.97356221
933.823000000 -2.401042 -3.429097 0.000000 0.00000000 0.00000000 0.22872107 0.97349200
933.948000000 -2.398012 -3.429105 0.000000 0.00000000 0.00000000 0.22909135 0.97340493
934.073000000 -2.396412 -3.429127 0.000000 0.00000000 0.00000000 0.22816483 0.97362252
934.198000000 -2.401327 -3.428083 0.000000 0.00000000 0.00000000 0.22881011 0.97347107
934.323000000 -2.399882 -3.429490 0.000000 0.00000000 0.00000000 0.22862364 0.97351488
934.448000000 -2.401284 -3.430371 0.000000 0.00000000 0.00000000 0.22877913 0.97347836
934.573000000 -2.398193 -3.429184 0.000000 0.00000000 0.00000000 0.22853687 0.97353526
934.698000000 -2.398009 -3.429012 0.000000 0.00000000 0.00000000 0.22814212 0.97362784
934.823000000 -2.397556 -3.429823 0.000000 0.00000000 0.00000000 0.22862188 0.97351530
934.948000000 -2.397201 -3.430073 0.000000 0.00000000 0.00000000 0.22869885 0.97349722
935.073000000 -2.397278 -3.431145 0.000000 0.00000000 0.00000000 0.22861641 0.97351658
935.198000000 -2.399600 -3.429300 0.000000 0.00000000 0.00000000 0.22896456 0.97343476
935.323000000 -2.397077 -3.429998 0.000000 0.00000000 0.00000000 0.22894491 0.97343938
935.448000000 -2.395875 -3.428856 0.000000 0.00000000 0.00000000 0.22893195 0.97344243
935.573000000 -2.401312 -3.429655 0.000000 0.00000000 0.00000000 0.22896775 0.97343401
935.698000000 -2.396513 -3.430366 0.000000 0.00000000 0.00000000 0.22854140 0.97353420
935.823000000 -2.399445 -3.427704 0.000000 0.00000000 0.00000000 0.22925173 0.97336717
935.948000000 -2.399500 -3.428675 0.000000 0.00000000 0.00000000 0.22870710 0.97349528
936.073000000 -2.396128 -3.429440 0.000000 0.00000000 0.00000000 0.22903817 0.97341744
936.198000000 -2.399402 -3.429678 0.000000 0.00000000 0.00000000 0.22851814 0.97353965
936.323000000 -2.398977 -3.430428 0.000000 0.00000000 0.00000000 0.22862671 0.97351416
936.448000000 -2.400549 -3.429398 0.000000 0.00000000 0.00000000 0.22897282 0.97343282
936.573000000 -2.399108 -3.428082 0.000000 0.00000000 0.00000000 0.22915861 0.97338910
936.698000000 -2.401944 -3.429504 0.000000 0.00000000 0.00000000 0.22861531 0.97351684
936.823000000 -2.397384 -3.430593 0.000000 0.00000000 0.00000000 0.22793122 0.97367723
936.948000000 -2.396186 -3.430572 0.000000 0.00000000 0.00000000 0.22873921 0.97348774
937.073000000 -2.396896 -3.428557 0.000000 0.00000000 0.00000000 0.22907054 0.97340983
937.198000000 -2.398568 -3.428447 0.000000 0.00000000 0.00000000 0.22893551 0.97344159
937.323000000 -2.398222 -3.429315 0.000000 0.00000000 0.00000000 0.22877156 0.97348014
937.448000000 -2.398020 -3.427618 0.000000 0.00000000 0.00000000 0.22884379 0.97346316
937.573000000 -2.399108 -3.428417 0.000000 0.00000000 0.00000000 0.22876319 0.97348210
937.698000000 -2.399166 -3.431149 0.000000 0.00000000 0.00000000 0.22837357 0.97357358
937.823000000 -2.398512 -3.430755 0.000000 0.00000000 0.00000000 0.22843128 0.97356004
937.948000000 -2.398467 -3.430702 0.000000 0.00000000 0.00000000 0.22861256 0.97351749
938.073000000 -2.396940 -3.430298 0.000000 0.00000000 0.00000000 0.22852439 0.97353819
938.198000000 -2.400025 -3.427465 0.000000 0.00000000 0.00000000 0.22875404 0.97348425
938.323000000 -2.398150 -3.427582 0.000000 0.00000000 0.00000000 0.22904158 0.97341664
938.448000000 -2.397296 -3.428235 0.000000 0.00000000 0.00000000 0.22908528 0.97340636
938.573000000 -2.401006 -3.429725 0.000000 0.00000000 0.00000000 0.22861850 0.97351609
938.698000000 -2.398021 -3.429803 0.000000 0.00000000 0.00000000 0.22889049 0.97345218
938.823000000 -2.398396 -3.429395 0.000000 0.00000000 0.00000000 0.22870485 0.97349581
938.948000000 -2.398564 -3.427967 0.000000 0.00000000 0.00000000 0.22914654 0.97339194
939.073000000 -2.400822 -3.430061 0.000000 0.00000000 0.00000000 0.22859377 0.97352190
939.198000000 -2.399327 -3.428701 0.000000 0.00000000 0.00000000 0.22867714 0.97350232
939.323000000 -2.396003 -3.430732 0.000000 0.00000000 0.00000000 0.22798677 0.97366423
939.448000000 -2.399165 -3.432000 0.000000 0.00000000 0.00000000 0.22839374 0.97356885
939.573000000 -2.398189 -3.431034 0.000000 0.00000000 0.00000000 0.22873975 0.97348761
939.698000000 -2.394844 -3.429040 0.000000 0.00000000 0.00000000 0.22840144 0.97356704
939.823000000 -2.396447 -3.430275 0.000000 0.00000000 0.00000000 0.22853540 0.97353560
939.948000000 -2.398304 -3.427831 0.000000 0.00000000 0.00000000 0.22901415 0.97342309
940.073000000 -2.400068 -3.429176 0.000000 0.00000000 0.00000000 0.22869287 0.97349862
940.198000000 -2.396427 -3.430309 0.000000 0.00000000 0.00000000 0.22816029 0.97362358
940.323000000 -2.397472 -3.428113 0.000000 0.00000000 0.00000000 0.22902408 0.97342076
940.448000000 -2.398647 -3.429937 0.000000 0.00000000 0.00000000 0.22862158 0.97351537
940.573000000 -2.398304 -3.427635 0.000000 0.00000000 0.00000000 0.22924794 0.97336806
940.698000000 -2.399678 -3.429363 0.000000 0.00000000 0.00000000 0.22903450 0.97341831
940.823000000 -2.398997 -3.429413 0.000000 0.00000000 0.00000000 0.22838975 0.97356978
940.948000000 -2.398091 -3.428767 0.000000 0.00000000 0.00000000 0.22818969 0.97361669
941.073000000 -2.398959 -3.427616 0.000000 0.00000000 0.00000000 0.22911837 0.97339857
941.198000000 -2.397879 -3.431236 0.000000 0.00000000 0.00000000 0.22827225 0.97359734
941.323000000 -2.399096 -3.428423 0.000000 0.00000000 0.00000000 0.22924895 0.97336782
941.448000000 -2.400122 -3.428684 0.000000 0.00000000 0.00000000 0.22913243 0.97339526
941.573000000 -2.398621 -3.427548 0.000000 0.00000000 0.00000000 0.22904556 0.97341570
941.698000000 -2.398275 -3.430993 0.000000 0.00000000 0.00000000 0.22829387 0.97359227
941.823000000 -2.397853 -3.429486 0.000000 0.00000000 0.00000000 0.22904309 0.97341628
941.948000000 -2.395775 -3.428349 0.000000 0.00000000 0.00000000 0.22913479 0.97339470
942.073000000 -2.398809 -3.428414 0.000000 0.00000000 0.00000000 0.22932626 0.97334961
942.198000000 -2.399171 -3.427811 0.000000 0.00000000 0.00000000 0.22857894 0.97352538
942.323000000 -2.399087 -3.432052 0.000000 0.00000000 0.00000000 0.22848578 0.97354725
942.448000000 -2.400046 -3.429818 0.000000 0.00000000 0.00000000 0.22845181 0.97355522
942.573000000 -2.398320 -3.429697 0.000000 0.00000000 0.00000000 0.22839772 0.97356791
942.698000000 -2.398669 -3.428932 0.000000 0.00000000 0.00000000 0.22902582 0.97342035
942.823000000 -2.397262 -3.431368 0.000000 0.00000000 0.00000000 0.22887507 0.97345580
942.948000000 -2.398817 -3.427656 0.000000 0.00000000 0.00000000 0.22908148 0.97340725
943.073000000 -2.398128 -3.426530 0.000000 0.00000000 0.00000000 0.22927373 0.97336199
943.198000000 -2.398054 -3.429279 0.000000 0.00000000 0.00000000 0.22890528 0.97344870
943.323000000 -2.398891 -3.429195 0.000000 0.00000000 0.00000000 0.22834302 0.97358074
943.448000000 -2.398529 -3.430112 0.000000 0.00000000 0.00000000 0.22858038 0.97352504
943.573000000 -2.399702 -3.429602 0.000000 0.00000000 0.00000000 0.22869251 0.97349871
943.698000000 -2.396894 -3.428690 0.000000 0.00000000 0.00000000 0.22881061 0.97347096
943.823000000 -2.397610 -3.429159 0.000000 0.00000000 0.00000000 0.22845948 0.97355342
943.948000000 -2.396493 -3.429922 0.000000 0.00000000 0.00000000 0.22860381 0.97351954
944.073000000 -2.398005 -3.427791 0.000000 0.00000000 0.00000000 0.22880206 0.97347297
944.198000000 -2.398394 -3.430863 0.000000 0.00000000 0.00000000 0.22815529 0.97362475
944.323000000 -2.400220 -3.427650 0.000000 0.00000000 0.00000000 0.22915077 0.97339094
944.448000000 -2.401638 -3.430653 0.000000 0.00000000 0.00000000 0.22880497 0.97347228
944.573000000 -2.401073 -3.431870 0.000000 0.00000000 0.00000000 0.22841959 0.97356278
944.698000000 -2.399131 -3.430219 0.000000 0.00000000 0.00000000 0.22882307 0.97346803
944.823000000 -2.397012 -3.429991 0.000000 0.00000000 0.00000000 0.22899086 0.97342857
944.948000000 -2.399809 -3.430842 0.000000 0.00000000 0.00000000 0.22855661 0.97353062
945.073000000 -2.397904 -3.428851 0.000000 0.00000000 0.00000000 0.22876478 0.97348173
945.198000000 -2.398940 -3.428681 0.000000 0.00000000 0.00000000 0.22895924 0.97343601
945.323000000 -2.398458 -3.429711 0.000000 0.00000000 0.00000000 0.22834885 0.97357938
945.448000000 -2.397738 -3.430233 0.000000 0.00000000 0.00000000 0.22868090 0.97350144
945.573000000 -2.399369 -3.429758 0.000000 0.00000000 0.00000000 0.22836272 0.97357612
945.698000000 -2.397697 -3.428263 0.000000 0.00000000 0.00000000 0.22922210 0.97337415
945.823000000 -2.397909 -3.426656 0.000000 0.00000000 0.00000000 0.22926697 0.97336358
945.948000000 -2.395821 -3.428930 0.000000 0.00000000 0.00000000 0.22889944 0.97345007
946.073000000 -2.396942 -3.429850 0.000000 0.00000000 0.00000000 0.22869328 0.97349853
946.198000000 -2.399204 -3.430018 0.000000 0.00000000 0.00000000 0.22860033 0.97352036
946.323000000 -2.401165 -3.430173 0.000000 0.00000000 0.00000000 0.22894748 0.97343878
946.448000000 -2.397917 -3.428276 0.000000 0.00000000 0.00000000 0.22878857 0.97347614
946.573000000 -2.397493 -3.430141 0.000000 0.00000000 0.00000000 0.22858323 0.97352437
946.698000000 -2.401981 -3.429051 0.000000 0.00000000 0.00000000 0.22858156 0.97352477
946.823000000 -2.397656 -3.430343 0.000000 0.00000000 0.00000000 0.22855608 0.97353075
946.948000000 -2.397544 -3.429682 0.000000 0.00000000 0.00000000 0.22877392 0.97347958
947.073000000 -2.398715 -3.429471 0.000000 0.00000000 0.00000000 0.22901392 0.97342315
947.198000000 -2.402883 -3.430440 0.000000 0.00000000 0.00000000 0.22910121 0.97340261
947.323000000 -2.401872 -3.429057 0.000000 0.00000000 0.00000000 0.22906421 0.97341131
947.448000000 -2.397658 -3.429793 0.000000 0.00000000 0.00000000 0.22914079 0.97339329
947.573000000 -2.404344 -3.430145 0.000000 0.00000000 0.00000000 0.22905119 0.97341438
947.698000000 -2.398237 -3.428685 0.000000 0.00000000 0.00000000 0.22888642 0.97345314
947.823000000 -2.397386 -3.429995 0.000000 0.00000000 0.00000000 0.22857102 0.97352724
947.948000000 -2.398176 -3.430309 0.000000 0.00000000 0.00000000 0.22832696 0.97358451
948.073000000 -2.396985 -3.428350 0.000000 0.00000000 0.00000000 0.22855872 0.97353013
948.198000000 -2.397399 -3.430970 0.000000 0.00000000 0.00000000 0.22853580 0.97353551
948.323000000 -2.399174 -3.426751 0.000000 0.00000000 0.00000000 0.22962416 0.97327938
948.448000000 -2.396993 -3.428721 0.000000 0.00000000 0.00000000 0.22903618 0.97341791
948.573000000 -2.399277 -3.430451 0.000000 0.00000000 0.00000000 0.22871682 0.97349300
948.698000000 -2.399120 -3.429349 0.000000 0.00000000 0.00000000 0.22857046 0.97352737
948.823000000 -2.397633 -3.430954 0.000000 0.00000000 0.00000000 0.22819836 0.97361466
948.948000000 -2.394428 -3.428538 0.000000 0.00000000 0.00000000 0.22912630 0.97339670
949.073000000 -2.400365 -3.428816 0.000000 0.00000000 0.00000000 0.22864535 0.97350979
949.198000000 -2.401492 -3.429047 0.000000 0.00000000 0.00000000 0.22869274 0.97349866
949.323000000 -2.398563 -3.427596 0.000000 0.00000000 0.00000000 0.22926200 0.97336475
949.448000000 -2.396240 -3.428545 0.000000 0.00000000 0.00000000 0.22887138 0.97345667
949.573000000 -2.397931 -3.428702 0.000000 0.00000000 0.00000000 0.22894516 0.97343932
949.698000000 -2.399987 -3.428006 0.000000 0.00000000 0.00000000 0.22928114 0.97336024
949.823000000 -2.398943 -3.428990 0.000000 0.00000000 0.00000000 0.22855378 0.97353129
949.948000000 -2.399706 -3.429950 0.000000 0.00000000 0.00000000 0.22830595 0.97358944
950.073000000 -2.400195 -3.429174 0.000000 0.00000000 0.00000000 0.22843990 0.97355802
950.198000000 -2.398674 -3.430235 0.000000 0.00000000 0.00000000 0.22797245 0.97366758
950.323000000 -2.397855 -3.427898 0.000000 0.00000000 0.00000000 0.22902324 0.97342096
950.448000000 -2.397144 -3.429146 0.000000 0.00000000 0.00000000 0.22919133 0.97338139
950.573000000 -2.399996 -3.430274 0.000000 0.00000000 0.00000000 0.22869264 0.97349868
950.698000000 -2.397943 -3.427840 0.000000 0.00000000 0.00000000 0.22875668 0.97348363
950.823000000 -2.397602 -3.430422 0.000000 0.00000000 0.00000000 0.22806091 0.97364687
950.948000000 -2.395101 -3.427451 0.000000 0.00000000 0.00000000 0.22917799 0.97338453
951.073000000 -2.399151 -3.428839 0.000000 0.00000000 0.00000000 0.22891200 0.97344712
951.198000000 -2.398884 -3.427125 0.000000 0.00000000 0.00000000 0.22949624 0.97330955
951.323000000 -2.400091 -3.429498 0.000000 0.00000000 0.00000000 0.22898410 0.97343016
951.448000000 -2.394375 -3.429148 0.000000 0.00000000 0.00000000 0.22856432 0.97352881
951.573000000 -2.400459 -3.430453 0.000000 0.00000000 0.00000000 0.22866560 0.97350503
951.698000000 -2.398881 -3.429114 0.000000 0.00000000 0.00000000 0.22880308 0.97347273
951.823000000 -2.398379 -3.430887 0.000000 0.00000000 0.00000000 0.22847487 0.97354981
951.948000000 -2.399322 -3.430598 0.000000 0.00000000 0.00000000 0.22828633 0.97359404
952.073000000 -2.396975 -3.430111 0.000000 0.00000000 0.00000000 0.22812168 0.97363263
952.198000000 -2.397431 -3.431316 0.000000 0.00000000 0.00000000 0.22828369 0.97359466
952.323000000 -2.399876 -3.429842 0.000000 0.00000000 0.00000000 0.22863918 0.97351124
952.448000000 -2.397435 -3.428611 0.000000 0.00000000 0.00000000 0.22913604 0.97339441
952.573000000 -2.400275 -3.428266 0.000000 0.00000000 0.00000000 0.22888618 0.97345319
952.698000000 -2.401000 -3.429066 0.000000 0.00000000 0.00000000 0.22866358 0.97350550
952.823000000 -2.397852 -3.427634 0.000000 0.00000000 0.00000000 0.22908809 0.97340569
952.948000000 -2.398268 -3.429663 0.000000 0.00000000 0.00000000 0.22892420 0.97344425
953.073000000 -2.397451 -3.431583 0.000000 0.00000000 0.00000000 0.22813881 0.97362862
953.198000000 -2.396663 -3.429048 0.000000 0.00000000 0.00000000 0.22884730 0.97346233
953.323000000 -2.397724 -3.429996 0.000000 0.00000000 0.00000000 0.22864975 0.97350875
953.448000000 -2.400372 -3.429208 0.000000 0.00000000 0.00000000 0.22877252 0.97347991
953.573000000 -2.401225 -3.429422 0.000000 0.00000000 0.00000000 0.22874693 0.97348592
953.698000000 -2.403667 -3.428504 0.000000 0.00000000 0.00000000 0.22919795 0.97337983
953.823000000 -2.397168 -3.428349 0.000000 0.00000000 0.00000000 0.22875699 0.97348356
953.948000000 -2.395743 -3.428833 0.000000 0.00000000 0.00000000 0.22876433 0.97348183
954.073000000 -2.401084 -3.429692 0.000000 0.00000000 0.00000000 0.22915272 0.97339048
954.198000000 -2.399563 -3.428075 0.000000 0.00000000 0.00000000 0.22882432 0.97346774
954.323000000 -2.396344 -3.428444 0.000000 0.00000000 0.00000000 0.22878875 0.97347609
954.448000000 -2.398804 -3.430904 0.000000 0.00000000 0.00000000 0.22848797 0.97354674
954.573000000 -2.397958 -3.430155 0.000000 0.00000000 0.00000000 0.22849157 0.97354589
954.698000000 -2.398114 -3.431092 0.000000 0.00000000 0.00000000 0.22854979 0.97353223
954.823000000 -2.396915 -3.430356 0.000000 0.00000000 0.00000000 0.22825589 0.97360118
954.948000000 -2.397499 -3.430961 0.000000 0.00000000 0.00000000 0.22881673 0.97346952
955.073000000 -2.398190 -3.431634 0.000000 0.00000000 0.00000000 0.22863060 0.97351325
955.198000000 -2.401226 -3.428675 0.000000 0.00000000 0.00000000 0.22880265 0.97347283
955.323000000 -2.400770 -3.429577 0.000000 0.00000000 0.00000000 0.22849930 0.97354408
955.448000000 -2.398188 -3.427624 0.000000 0.00000000 0.00000000 0.22902237 0.97342116
955.573000000 -2.398139 -3.428193 0.000000 0.00000000 0.00000000 0.22872584 0.97349088
955.698000000 -2.401145 -3.427569 0.000000 0.00000000 0.00000000 0.22919814 0.97337979
955.823000000 -2.396463 -3.428631 0.000000 0.00000000 0.00000000 0.22867203 0.97350352
955.948000000 -2.398855 -3.428468 0.000000 0.00000000 0.00000000 0.22898259 0.97343052
956.073000000 -2.401353 -3.428494 0.000000 0.00000000 0.00000000 0.22901428 0.97342306
956.198000000 -2.396068 -3.429488 0.000000 0.00000000 0.00000000 0.22863067 0.97351323
956.323000000 -2.399548 -3.429864 0.000000 0.00000000 0.00000000 0.22867831 0.97350204
956.448000000 -2.401426 -3.431444 0.000000 0.00000000 0.00000000 0.22837297 0.97357372
956.573000000 -2.399287 -3.428924 0.000000 0.00000000 0.00000000 0.22893525 0.97344165
956.698000000 -2.400253 -3.427988 0.000000 0.00000000 0.00000000 0.22914751 0.97339171
956.823000000 -2.400246 -3.429497 0.000000 0.00000000 0.00000000 0.22893420 0.97344190
956.948000000 -2.399662 -3.428387 0.000000 0.00000000 0.00000000 0.22854410 0.97353356
957.073000000 -2.398111 -3.430433 0.000000 0.00000000 0.00000000 0.22812094 0.97363280
957.198000000 -2.398191 -3.428744 0.000000 0.00000000 0.00000000 0.22905063 0.97341451
957.323000000 -2.397789 -3.430139 0.000000 0.00000000 0.00000000 0.22863609 0.97351196
957.448000000 -2.398247 -3.430910 0.000000 0.00000000 0.00000000 0.22830775 0.97358902
957.573000000 -2.400445 -3.429046 0.000000 0.00000000 0.00000000 0.22908696 0.97340596
957.698000000 -2.401001 -3.429836 0.000000 0.00000000 0.00000000 0.22864628 0.97350957
957.823000000 -2.398901 -3.429800 0.000000 0.00000000 0.00000000 0.22828248 0.97359494
957.948000000 -2.397115 -3.428535 0.000000 0.00000000 0.00000000 0.22902418 0.97342073
958.073000000 -2.397639 -3.429299 0.000000 0.00000000 0.00000000 0.22902952 0.97341948
958.198000000 -2.401374 -3.428760 0.000000 0.00000000 0.00000000 0.22856398 0.97352889
958.323000000 -2.396996 -3.428611 0.000000 0.00000000 0.00000000 0.22854898 0.97353242
958.448000000 -2.399427 -3.429087 0.000000 0.00000000 0.00000000 0.22896502 0.97343465
958.573000000 -2.399596 -3.429362 0.000000 0.00000000 0.00000000 0.22831969 0.97358621
958.698000000 -2.398736 -3.430412 0.000000 0.00000000 0.00000000 0.22870051 0.97349683
958.823000000 -2.399799 -3.430275 0.000000 0.00000000 0.00000000 0.22871007 0.97349458
958.948000000 -2.398628 -3.429315 0.000000 0.00000000 0.00000000 0.22866239 0.97350578
959.073000000 -2.397690 -3.429693 0.000000 0.00000000 0.00000000 0.22838265 0.97357145
959.198000000 -2.397308 -3.433241 0.000000 0.00000000 0.00000000 0.22869065 0.97349915
959.323000000 -2.398939 -3.428815 0.000000 0.00000000 0.00000000 0.22877518 0.97347928
959.448000000 -2.401186 -3.429304 0.000000 0.00000000 0.00000000 0.22875538 0.97348394
959.573000000 -2.401141 -3.429018 0.000000 0.00000000 0.00000000 0.22910466 0.97340180
959.698000000 -2.400096 -3.428163 0.000000 0.00000000 0.00000000 0.22909767 0.97340344
959.823000000 -2.400102 -3.430180 0.000000 0.00000000 0.00000000 0.22834802 0.97357957
959.948000000 -2.399364 -3.428633 0.000000 0.00000000 0.00000000 0.22867071 0.97350383
960.073000000 -2.400417 -3.428868 0.000000 0.00000000 0.00000000 0.22904716 0.97341533
960.198000000 -2.398685 -3.429574 0.000000 0.00000000 0.00000000 0.22877051 0.97348038
960.323000000 -2.397491 -3.430009 0.000000 0.00000000 0.00000000 0.22870010 0.97349693
960.448000000 -2.401046 -3.430445 0.000000 0.00000000 0.00000000 0.22823678 0.97360565
960.573000000 -2.396503 -3.430133 0.000000 0.00000000 0.00000000 0.22909390 0.97340433
960.698000000 -2.398889 -3.429683 0.000000 0.00000000 0.00000000 0.22908335 0.97340681
960.823000000 -2.396786 -3.427797 0.000000 0.00000000 0.00000000 0.22923083 0.97337209
960.948000000 -2.399469 -3.428278 0.000000 0.00000000 0.00000000 0.22890570 0.97344860
961.073000000 -2.396154 -3.432579 0.000000 0.00000000 0.00000000 0.22827435 0.97359685
961.198000000 -2.396795 -3.428679 0.000000 0.00000000 0.00000000 0.22871187 0.97349416
961.323000000 -2.397269 -3.430430 0.000000 0.00000000 0.00000000 0.22879559 0.97347449
961.448000000 -2.398751 -3.428259 0.000000 0.00000000 0.00000000 0.22916233 0.97338822
961.573000000 -2.399473 -3.429298 0.000000 0.00000000 0.00000000 0.22881041 0.97347101
961.698000000 -2.401087 -3.430381 0.000000 0.00000000 0.00000000 0.22877701 0.97347885
961.823000000 -2.396755 -3.429316 0.000000 0.00000000 0.00000000 0.22884479 0.97346292
961.948000000 -2.396580 -3.429215 0.000000 0.00000000 0.00000000 0.22903759 0.97341758
962.073000000 -2.400947 -3.430747 0.000000 0.00000000 0.00000000 0.22864676 0.97350945
962.198000000 -2.399093 -3.428652 0.000000 0.00000000 0.00000000 0.22897360 0.97343263
962.323000000 -2.399650 -3.429116 0.000000 0.00000000 0.00000000 0.22884683 0.97346244
962.448000000 -2.396346 -3.430742 0.000000 0.00000000 0.00000000 0.22885949 0.97345947
962.573000000 -2.400791 -3.429715 0.000000 0.00000000 0.00000000 0.22830628 0.97358936
962.698000000 -2.400437 -3.429493 0.000000 0.00000000 0.00000000 0.22887565 0.97345567
962.823000000 -2.397668 -3.428110 0.000000 0.00000000 0.00000000 0.22928411 0.97335954
962.948000000 -2.399948 -3.430339 0.000000 0.00000000 0.00000000 0.22812400 0.97363209
963.073000000 -2.397259 -3.429857 0.000000 0.00000000 0.00000000 0.22866699 0.97350470
963.198000000 -2.398491 -3.431577 0.000000 0.00000000 0.00000000 0.22820022 0.97361423
963.323000000 -2.400307 -3.428940 0.000000 0.00000000 0.00000000 0.22951103 0.97330606
963.448000000 -2.396143 -3.429113 0.000000 0.00000000 0.00000000 0.22908390 0.97340668
963.573000000 -2.398204 -3.430782 0.000000 0.00000000 0.00000000 0.22859262 0.97352217
963.698000000 -2.400242 -3.430319 0.000000 0.00000000 0.00000000 0.22867260 0.97350339
963.823000000 -2.399204 -3.430091 0.000000 0.00000000 0.00000000 0.22869177 0.97349888
963.948000000 -2.399128 -3.430331 0.000000 0.00000000 0.00000000 0.22874034 0.97348747
964.073000000 -2.397402 -3.428174 0.000000 0.00000000 0.00000000 0.22875739 0.97348346
964.198000000 -2.398000 -3.429203 0.000000 0.00000000 0.00000000 0.22865861 0.97350667
964.323000000 -2.399287 -3.431875 0.000000 0.00000000 0.00000000 0.22827750 0.97359611
964.448000000 -2.397809 -3.430448 0.000000 0.00000000 0.00000000 0.22872451 0.97349119
964.573000000 -2.397148 -3.428581 0.000000 0.00000000 0.00000000 0.22925035 0.97336749
964.698000000 -2.397987 -3.429530 0.000000 0.00000000 0.00000000 0.22872826 0.97349031
964.823000000 -2.398372 -3.429358 0.000000 0.00000000 0.00000000 0.22925127 0.97336728
964.948000000 -2.398592 -3.428785 0.000000 0.00000000 0.00000000 0.22867147 0.97350365
965.073000000 -2.399279 -3.430268 0.000000 0.00000000 0.00000000 0.22864188 0.97351060
965.198000000 -2.398032 -3.429041 0.000000 0.00000000 0.00000000 0.22851593 0.97354017
965.323000000 -2.398967 -3.429549 0.000000 0.00000000 0.00000000 0.22884548 0.97346276
965.448000000 -2.398961 -3.430939 0.000000 0.00000000 0.00000000 0.22913012 0.97339580
965.573000000 -2.397769 -3.430044 0.000000 0.00000000 0.00000000 0.22858066 0.97352498
965.698000000 -2.399759 -3.429353 0.000000 0.00000000 0.00000000 0.22878377 0.97347727
965.823000000 -2.398404 -3.430814 0.000000 0.00000000 0.00000000 0.22861912 0.97351595
965.948000000 -2.397529 -3.430010 0.000000 0.00000000 0.00000000 0.22844701 0.97355635
966.073000000 -2.402239 -3.426599 0.000000 0.00000000 0.00000000 0.22957166 0.97329176
966.198000000 -2.402446 -3.430804 0.000000 0.00000000 0.00000000 0.22861110 0.97351783
966.323000000 -2.400260 -3.430706 0.000000 0.00000000 0.00000000 0.22865300 0.97350799
966.448000000 -2.399623 -3.430171 0.000000 0.00000000 0.00000000 0.22853879 0.97353481
966.573000000 -2.399457 -3.430514 0.000000 0.00000000 0.00000000 0.22851937 0.97353937
966.698000000 -2.398468 -3.429645 0.000000 0.00000000 0.00000000 0.22838994 0.97356974
966.823000000 -2.398725 -3.428794 0.000000 0.00000000 0.00000000 0.22865227 0.97350816
966.948000000 -2.400294 -3.429842 0.000000 0.00000000 0.00000000 0.22845641 0.97355414
967.073000000 -2.401587 -3.430572 0.000000 0.00000000 0.00000000 0.22846598 0.97355190
967.198000000 -2.398373 -3.428989 0.000000 0.00000000 0.00000000 0.22917159 0.97338604
967.323000000 -2.399950 -3.430525 0.000000 0.00000000 0.00000000 0.22832180 0.97358572
967.448000000 -2.397749 -3.431781 0.000000 0.00000000 0.00000000 0.22850699 0.97354227
967.573000000 -2.395418 -3.431879 0.000000 0.00000000 0.00000000 0.22858565 0.97352381
967.698000000 -2.400861 -3.430262 0.000000 0.00000000 0.00000000 0.22847494 0.97354979
967.823000000 -2.397704 -3.428186 0.000000 0.00000000 0.00000000 0.22876947 0.97348063
967.948000000 -2.399619 -3.429773 0.000000 0.00000000 0.00000000 0.22891963 0.97344533
968.073000000 -2.401132 -3.431246 0.000000 0.00000000 0.00000000 0.22814388 0.97362743
968.198000000 -2.398752 -3.429676 0.000000 0.00000000 0.00000000 0.22874002 0.97348755
968.323000000 -2.401399 -3.429770 0.000000 0.00000000 0.00000000 0.22867111 0.97350374
968.448000000 -2.400672 -3.430145 0.000000 0.00000000 0.00000000 0.22897630 0.97343200
968.573000000 -2.399642 -3.429066 0.000000 0.00000000 0.00000000 0.22885255 0.97346110
968.698000000 -2.398302 -3.429110 0.000000 0.00000000 0.00000000 0.22871505 0.97349341
968.823000000 -2.402412 -3.430749 0.000000 0.00000000 0.00000000 0.22881074 0.97347093
968.948000000 -2.399303 -3.430421 0.000000 0.00000000 0.00000000 0.22850827 0.97354197
969.073000000 -2.394906 -3.429521 0.000000 0.00000000 0.00000000 0.22910172 0.97340249
969.198000000 -2.400563 -3.427806 0.000000 0.00000000 0.00000000 0.22954976 0.97329693
969.323000000 -2.399388 -3.430814 0.000000 0.00000000 0.00000000 0.22848577 0.97354725
969.448000000 -2.397036 -3.429478 0.000000 0.00000000 0.00000000 0.22890631 0.97344846
969.573000000 -2.399384 -3.429209 0.000000 0.00000000 0.00000000 0.22905618 0.97341321
969.698000000 -2.400000 -3.429284 0.000000 0.00000000 0.00000000 0.22918843 0.97338207
969.823000000 -2.399157 -3.428897 0.000000 0.00000000 0.00000000 0.22877280 0.97347984
969.948000000 -2.401009 -3.430087 0.000000 0.00000000 0.00000000 0.22851262 0.97354095
970.073000000 -2.398779 -3.428954 0.000000 0.00000000 0.00000000 0.22919157 0.97338133
970.198000000 -2.397416 -3.429671 0.000000 0.00000000 0.00000000 0.22848696 0.97354697
970.323000000 -2.398934 -3.428400 0.000000 0.00000000 0.00000000 0.22887598 0.97345559
970.448000000 -2.398759 -3.429786 0.000000 0.00000000 0.00000000 0.22841737 0.97356330
970.573000000 -2.398032 -3.429711 0.000000 0.00000000 0.00000000 0.22870213 0.97349645
970.698000000 -2.401829 -3.428746 0.000000 0.00000000 0.00000000 0.22920452 0.97337829
970.823000000 -2.399763 -3.430442 0.000000 0.00000000 0.00000000 0.22872351 0.97349142
970.948000000 -2.398870 -3.428187 0.000000 0.00000000 0.00000000 0.22858777 0.97352331
971.073000000 -2.399806 -3.428845 0.000000 0.00000000 0.00000000 0.22904118 0.97341673
971.198000000 -2.400941 -3.430335 0.000000 0.00000000 0.00000000 0.22861371 0.97351722
971.323000000 -2.395987 -3.428255 0.000000 0.00000000 0.00000000 0.22897434 0.97343246
971.448000000 -2.396596 -3.430101 0.000000 0.00000000 0.00000000 0.22849820 0.97354433
971.573000000 -2.400650 -3.430204 0.000000 0.00000000 0.00000000 0.22880366 0.97347259
971.698000000 -2.399532 -3.429805 0.000000 0.00000000 0.00000000 0.22823485 0.97360611
971.823000000 -2.399739 -3.430417 0.000000 0.00000000 0.00000000 0.22916844 0.97338678
971.948000000 -2.401873 -3.429959 0.000000 0.00000000 0.00000000 0.22885706 0.97346004
972.073000000 -2.399191 -3.429092 0.000000 0.00000000 0.00000000 0.22887296 0.97345630
972.198000000 -2.397075 -3.430381 0.000000 0.00000000 0.00000000 0.22870090 0.97349674
972.323000000 -2.401494 -3.430288 0.000000 0.00000000 0.00000000 0.22857995 0.97352515
972.448000000 -2.396903 -3.428542 0.000000 0.00000000 0.00000000 0.22899811 0.97342687
972.573000000 -2.400375 -3.429390 0.000000 0.00000000 0.00000000 0.22875781 0.97348337
972.698000000 -2.399550 -3.430707 0.000000 0.00000000 0.00000000 0.22879185 0.97347537
972.823000000 -2.395864 -3.429278 0.000000 0.00000000 0.00000000 0.22916139 0.97338844
972.948000000 -2.395464 -3.430148 0.000000 0.00000000 0.00000000 0.22877152 0.97348014
973.073000000 -2.399453 -3.430106 0.000000 0.00000000 0.00000000 0.22870304 0.97349624
973.198000000 -2.400962 -3.431123 0.000000 0.00000000 0.00000000 0.22878175 0.97347774
973.323000000 -2.403298 -3.428662 0.000000 0.00000000 0.00000000 0.22877937 0.97347830
973.448000000 -2.398816 -3.431213 0.000000 0.00000000 0.00000000 0.22847216 0.97355045
973.573000000 -2.398973 -3.430980 0.000000 0.00000000 0.00000000 0.22832521 0.97358492
973.698000000 -2.398099 -3.430838 0.000000 0.00000000 0.00000000 0.22818737 0.97361724
973.823000000 -2.398381 -3.429608 0.000000 0.00000000 0.00000000 0.22859932 0.97352060
973.948000000 -2.399590 -3.431248 0.000000 0.00000000 0.00000000 0.22835016 0.97357907
974.073000000 -2.402056 -3.428372 0.000000 0.00000000 0.00000000 0.22920104 0.97337911
974.198000000 -2.400480 -3.430142 0.000000 0.00000000 0.00000000 0.22890376 0.97344906
974.323000000 -2.398619 -3.429376 0.000000 0.00000000 0.00000000 0.22866146 0.97350600
974.448000000 -2.403329 -3.428510 0.000000 0.00000000 0.00000000 0.22854956 0.97353228
974.573000000 -2.397733 -3.428661 0.000000 0.00000000 0.00000000 0.22930573 0.97335445
974.698000000 -2.399099 -3.429873 0.000000 0.00000000 0.00000000 0.22920749 0.97337759
974.823000000 -2.398478 -3.429458 0.000000 0.00000000 0.00000000 0.22884810 0.97346214
974.948000000 -2.398687 -3.428899 0.000000 0.00000000 0.00000000 0.22912193 0.97339773
975.073000000 -2.397514 -3.429328 0.000000 0.00000000 0.00000000 0.22847499 0.97354978
975.198000000 -2.401213 -3.429060 0.000000 0.00000000 0.00000000 0.22887466 0.97345590
975.323000000 -2.403255 -3.430523 0.000000 0.00000000 0.00000000 0.22861867 0.97351605
975.448000000 -2.400147 -3.428311 0.000000 0.00000000 0.00000000 0.22901538 0.97342280
975.573000000 -2.401663 -3.429555 0.000000 0.00000000 0.00000000 0.22861338 0.97351729
975.698000000 -2.397819 -3.429861 0.000000 0.00000000 0.00000000 0.22862616 0.97351429
975.823000000 -2.399322 -3.430067 0.000000 0.00000000 0.00000000 0.22909340 0.97340445
975.948000000 -2.400370 -3.430417 0.000000 0.00000000 0.00000000 0.22852620 0.97353776
976.073000000 -2.402024 -3.430545 0.000000 0.00000000 0.00000000 0.22909531 0.97340400
976.198000000 -2.401580 -3.429347 0.000000 0.00000000 0.00000000 0.22881068 0.97347094
976.323000000 -2.399052 -3.430328 0.000000 0.00000000 0.00000000 0.22887868 0.97345495
976.448000000 -2.400376 -3.427362 0.000000 0.00000000 0.00000000 0.22916766 0.97338696
976.573000000 -2.399300 -3.430479 0.000000 0.00000000 0.00000000 0.22885719 0.97346001
976.698000000 -2.396555 -3.429595 0.000000 0.00000000 0.00000000 0.22871201 0.97349413
976.823000000 -2.397392 -3.429250 0.000000 0.00000000 0.00000000 0.22899184 0.97342834
976.948000000 -2.400585 -3.430225 0.000000 0.00000000 0.00000000 0.22886038 0.97345926
977.073000000 -2.401482 -3.428826 0.000000 0.00000000 0.00000000 0.22851756 0.97353979
977.198000000 -2.398590 -3.430682 0.000000 0.00000000 0.00000000 0.22838719 0.97357038
977.323000000 -2.401119 -3.429173 0.000000 0.00000000 0.00000000 0.22900936 0.97342422
977.448000000 -2.398033 -3.431162 0.000000 0.00000000 0.00000000 0.22845589 0.97355426
977.573000000 -2.401298 -3.431078 0.000000 0.00000000 0.00000000 0.22855124 0.97353188
977.698000000 -2.400070 -3.428052 0.000000 0.00000000 0.00000000 0.22881089 0.97347089
977.823000000 -2.399210 -3.429034 0.000000 0.00000000 0.00000000 0.22898180 0.97343070
977.948000000 -2.396511 -3.430553 0.000000 0.00000000 0.00000000 0.22849417 0.97354528
978.073000000 -2.399640 -3.431878 0.000000 0.00000000 0.00000000 0.22801219 0.97365828
978.198000000 -2.400263 -3.429206 0.000000 0.00000000 0.00000000 0.22882364 0.97346790
978.323000000 -2.401629 -3.431146 0.000000 0.00000000 0.00000000 0.22842548 0.97356140
978.448000000 -2.402351 -3.429138 0.000000 0.00000000 0.00000000 0.22868625 0.97350018
978.573000000 -2.400723 -3.428938 0.000000 0.00000000 0.00000000 0.22897664 0.97343192
978.698000000 -2.400186 -3.429472 0.000000 0.00000000 0.00000000 0.22886287 0.97345867
978.823000000 -2.402365 -3.430734 0.000000 0.00000000 0.00000000 0.22878307 0.97347743
978.948000000 -2.402279 -3.430892 0.000000 0.00000000 0.00000000 0.22847720 0.97354926
979.073000000 -2.399109 -3.429981 0.000000 0.00000000 0.00000000 0.22828512 0.97359432
979.198000000 -2.401293 -3.431080 0.000000 0.00000000 0.00000000 0.22863386 0.97351249
979.323000000 -2.399218 -3.430640 0.000000 0.00000000 0.00000000 0.22886791 0.97345749
979.448000000 -2.398197 -3.428269 0.000000 0.00000000 0.00000000 0.22914196 0.97339302
979.573000000 -2.401778 -3.430634 0.000000 0.00000000 0.00000000 0.22836202 0.97357629
979.698000000 -2.397440 -3.430150 0.000000 0.00000000 0.00000000 0.22903253 0.97341877
979.823000000 -2.399951 -3.429673 0.000000 0.00000000 0.00000000 0.22891829 0.97344564
979.948000000 -2.396794 -3.429513 0.000000 0.00000000 0.00000000 0.22861130 0.97351778
980.073000000 -2.399327 -3.429296 0.000000 0.00000000 0.00000000 0.22894416 0.97343956
980.198000000 -2.401784 -3.429968 0.000000 0.00000000 0.00000000 0.22893410 0.97344192
980.323000000 -2.397842 -3.432080 0.000000 0.00000000 0.00000000 0.22788768 0.97368743
980.448000000 -2.400036 -3.428089 0.000000 0.00000000 0.00000000 0.22970134 0.97326116
980.573000000 -2.402912 -3.430903 0.000000 0.00000000 0.00000000 0.22902780 0.97341988
980.698000000 -2.398981 -3.428781 0.000000 0.00000000 0.00000000 0.22914971 0.97339119
980.823000000 -2.397252 -3.429680 0.000000 0.00000000 0.00000000 0.22846243 0.97355273
980.948000000 -2.401173 -3.428985 0.000000 0.00000000 0.00000000 0.22886735 0.97345762
981.073000000 -2.400409 -3.431454 0.000000 0.00000000 0.00000000 0.22808501 0.97364122
981.198000000 -2.398898 -3.429238 0.000000 0.00000000 0.00000000 0.22866049 0.97350623
981.323000000 -2.398245 -3.428680 0.000000 0.00000000 0.00000000 0.22923360 0.97337144
981.448000000 -2.401580 -3.429731 0.000000 0.00000000 0.00000000 0.22908107 0.97340735
981.573000000 -2.398174 -3.428684 0.000000 0.00000000 0.00000000 0.22929623 0.97335669
981.698000000 -2.400388 -3.430916 0.000000 0.00000000 0.00000000 0.22878137 0.97347783
981.823000000 -2.401252 -3.429718 0.000000 0.00000000 0.00000000 0.22920740 0.97337761
981.948000000 -2.403334 -3.429705 0.000000 0.00000000 0.00000000 0.22876352 0.97348202
982.073000000 -2.400961 -3.431111 0.000000 0.00000000 0.00000000 0.22830678 0.97358924
982.198000000 -2.397953 -3.429336 0.000000 0.00000000 0.00000000 0.22838946 0.97356985
982.323000000 -2.400983 -3.429767 0.000000 0.00000000 0.00000000 0.22874856 0.97348554
982.448000000 -2.400059 -3.431370 0.000000 0.00000000 0.00000000 0.22857193 0.97352703
982.573000000 -2.396999 -3.431412 0.000000 0.00000000 0.00000000 0.22809914 0.97363791
982.698000000 -2.400352 -3.429722 0.000000 0.00000000 0.00000000 0.22869270 0.97349866
982.823000000 -2.396842 -3.429514 0.000000 0.00000000 0.00000000 0.22906229 0.97341177
982.948000000 -2.403918 -3.429829 0.000000 0.00000000 0.00000000 0.22864240 0.97351048
983.073000000 -2.398582 -3.429566 0.000000 0.00000000 0.00000000 0.22830479 0.97358971
983.198000000 -2.403047 -3.429636 0.000000 0.00000000 0.00000000 0.22903018 0.97341932
983.323000000 -2.399177 -3.429567 0.000000 0.00000000 0.00000000 0.22882295 0.97346806
983.448000000 -2.400049 -3.431612 0.000000 0.00000000 0.00000000 0.22866191 0.97350590
983.573000000 -2.400203 -3.429892 0.000000 0.00000000 0.00000000 0.22909382 0.97340435
983.698000000 -2.397273 -3.430569 0.000000 0.00000000 0.00000000 0.22861117 0.97351781
983.823000000 -2.399576 -3.429399 0.000000 0.00000000 0.00000000 0.22940040 0.97333214
983.948000000 -2.398063 -3.429835 0.000000 0.00000000 0.00000000 0.22860037 0.97352035
984.073000000 -2.398838 -3.427345 0.000000 0.00000000 0.00000000 0.22913578 0.97339447
984.198000000 -2.400958 -3.429763 0.000000 0.00000000 0.00000000 0.22899613 0.97342733
984.323000000 -2.398943 -3.430910 0.000000 0.00000000 0.00000000 0.22844770 0.97355619
984.448000000 -2.400507 -3.428951 0.000000 0.00000000 0.00000000 0.22870842 0.97349497
984.573000000 -2.396731 -3.430255 0.000000 0.00000000 0.00000000 0.22895569 0.97343684
984.698000000 -2.399397 -3.430373 0.000000 0.00000000 0.00000000 0.22882282 0.97346809
984.823000000 -2.397966 -3.430804 0.000000 0.00000000 0.00000000 0.22891451 0.97344653
984.948000000 -2.401316 -3.430393 0.000000 0.00000000 0.00000000 0.22875792 0.97348334
985.073000000 -2.400574 -3.431297 0.000000 0.00000000 0.00000000 0.22846921 0.97355114
985.198000000 -2.395728 -3.429733 0.000000 0.00000000 0.00000000 0.22872932 0.97349006
985.323000000 -2.399222 -3.429530 0.000000 0.00000000 0.00000000 0.22823555 0.97360594
985.448000000 -2.399319 -3.429368 0.000000 0.00000000 0.00000000 0.22915879 0.97338905
985.573000000 -2.397974 -3.429021 0.000000 0.00000000 0.00000000 0.22852114 0.97353895
985.698000000 -2.396424 -3.430406 0.000000 0.00000000 0.00000000 0.22834060 0.97358131
985.823000000 -2.400197 -3.429361 0.000000 0.00000000 0.00000000 0.22864731 0.97350933
985.948000000 -2.397898 -3.430646 0.000000 0.00000000 0.00000000 0.22876376 0.97348197
986.073000000 -2.400469 -3.429808 0.000000 0.00000000 0.00000000 0.22907035 0.97340987
986.198000000 -2.400804 -3.430296 0.000000 0.00000000 0.00000000 0.22887819 0.97345507
986.323000000 -2.401825 -3.429309 0.000000 0.00000000 0.00000000 0.22855317 0.97353143
986.448000000 -2.401691 -3.431068 0.000000 0.00000000 0.00000000 0.22877753 0.97347873
986.573000000 -2.397236 -3.431725 0.000000 0.00000000 0.00000000 0.22833002 0.97358379
986.698000000 -2.398186 -3.428590 0.000000 0.00000000 0.00000000 0.22896926 0.97343365
986.823000000 -2.399926 -3.430989 0.000000 0.00000000 0.00000000 0.22884642 0.97346254
986.948000000 -2.397826 -3.429984 0.000000 0.00000000 0.00000000 0.22873464 0.97348881
987.073000000 -2.399532 -3.431528 0.000000 0.00000000 0.00000000 0.22837358 0.97357358
987.198000000 -2.403475 -3.429926 0.000000 0.00000000 0.00000000 0.22919915 0.97337955
987.323000000 -2.399829 -3.429062 0.000000 0.00000000 0.00000000 0.22928688 0.97335889
987.448000000 -2.399093 -3.430246 0.000000 0.00000000 0.00000000 0.22911194 0.97340008
987.573000000 -2.400746 -3.430652 0.000000 0.00000000 0.00000000 0.22857548 0.97352619
987.698000000 -2.400687 -3.428573 0.000000 0.00000000 0.00000000 0.22936624 0.97334019
987.823000000 -2.399481 -3.430570 0.000000 0.00000000 0.00000000 0.22855427 0.97353117
987.948000000 -2.401248 -3.431788 0.000000 0.00000000 0.00000000 0.22827104 0.97359762
988.073000000 -2.398483 -3.429063 0.000000 0.00000000 0.00000000 0.22899173 0.97342837
988.198000000 -2.398327 -3.429200 0.000000 0.00000000 0.00000000 0.22855542 0.97353090
988.323000000 -2.398919 -3.429847 0.000000 0.00000000 0.00000000 0.22910081 0.97340270
988.448000000 -2.405173 -3.430767 0.000000 0.00000000 0.00000000 0.22853798 0.97353500
988.573000000 -2.398096 -3.429856 0.000000 0.00000000 0.00000000 0.22874460 0.97348647
988.698000000 -2.399032 -3.432186 0.000000 0.00000000 0.00000000 0.22841059 0.97356489
988.823000000 -2.400442 -3.430267 0.000000 0.00000000 0.00000000 0.22915154 0.97339076
988.948000000 -2.401607 -3.429873 0.000000 0.00000000 0.00000000 0.22870834 0.97349499
989.073000000 -2.398242 -3.429788 0.000000 0.00000000 0.00000000 0.22895755 0.97343641
989.198000000 -2.398459 -3.430776 0.000000 0.00000000 0.00000000 0.22868310 0.97350092
989.323000000 -2.403962 -3.429456 0.000000 0.00000000 0.00000000 0.22868311 0.97350092
989.448000000 -2.401730 -3.429350 0.000000 0.00000000 0.00000000 0.22886981 0.97345704
989.573000000 -2.401121 -3.429061 0.000000 0.00000000 0.00000000 0.22873021 0.97348985
989.698000000 -2.403875 -3.428213 0.000000 0.00000000 0.00000000 0.22908717 0.97340591
989.823000000 -2.402010 -3.428211 0.000000 0.00000000 0.00000000 0.22945101 0.97332021
989.948000000 -2.401283 -3.429032 0.000000 0.00000000 0.00000000 0.22878320 0.97347740
990.073000000 -2.399970 -3.430697 0.000000 0.00000000 0.00000000 0.22899144 0.97342844
990.198000000 -2.399829 -3.429992 0.000000 0.00000000 0.00000000 0.22871247 0.97349402
990.323000000 -2.399282 -3.429963 0.000000 0.00000000 0.00000000 0.22920099 0.97337912
990.448000000 -2.399845 -3.430273 0.000000 0.00000000 0.00000000 0.22856256 0.97352923
990.573000000 -2.398760 -3.429816 0.000000 0.00000000 0.00000000 0.22823462 0.97360616
990.698000000 -2.397478 -3.428313 0.000000 0.00000000 0.00000000 0.22903049 0.97341925
990.823000000 -2.399164 -3.430277 0.000000 0.00000000 0.00000000 0.22867372 0.97350312
990.948000000 -2.399532 -3.429833 0.000000 0.00000000 0.00000000 0.22888787 0.97345279
991.073000000 -2.400734 -3.429866 0.000000 0.00000000 0.00000000 0.22909859 0.97340322
991.198000000 -2.403185 -3.429776 0.000000 0.00000000 0.00000000 0.22828555 0.97359422
991.323000000 -2.399253 -3.429723 0.000000 0.00000000 0.00000000 0.22856525 0.97352860
991.448000000 -2.400467 -3.430673 0.000000 0.00000000 0.00000000 0.22882506 0.97346756
991.573000000 -2.399018 -3.427947 0.000000 0.00000000 0.00000000 0.22918668 0.97338249
991.698000000 -2.399319 -3.429708 0.000000 0.00000000 0.00000000 0.22874826 0.97348561
991.823000000 -2.399063 -3.427801 0.000000 0.00000000 0.00000000 0.22925654 0.97336603
991.948000000 -2.400749 -3.428767 0.000000 0.00000000 0.00000000 0.22863234 0.97351284
992.073000000 -2.398636 -3.430550 0.000000 0.00000000 0.00000000 0.22857404 0.97352653
992.198000000 -2.402888 -3.429154 0.000000 0.00000000 0.00000000 0.22899472 0.97342766
992.323000000 -2.397461 -3.431226 0.000000 0.00000000 0.00000000 0.22863962 0.97351113
992.448000000 -2.402882 -3.431104 0.000000 0.00000000 0.00000000 0.22873325 0.97348914
992.573000000 -2.400215 -3.430673 0.000000 0.00000000 0.00000000 0.22846060 0.97355316
992.698000000 -2.399115 -3.428619 0.000000 0.00000000 0.00000000 0.22912090 0.97339797
992.823000000 -2.402439 -3.429441 0.000000 0.00000000 0.00000000 0.22908259 0.97340699
992.948000000 -2.398938 -3.429091 0.000000 0.00000000 0.00000000 0.22910047 0.97340278
993.073000000 -2.399556 -3.430958 0.000000 0.00000000 0.00000000 0.22892794 0.97344337
993.198000000 -2.399717 -3.431405 0.000000 0.00000000 0.00000000 0.22844516 0.97355678
993.323000000 -2.402782 -3.430766 0.000000 0.00000000 0.00000000 0.22874515 0.97348634
993.448000000 -2.400108 -3.429914 0.000000 0.00000000 0.00000000 0.22920334 0.97337856
993.573000000 -2.399634 -3.429853 0.000000 0.00000000 0.00000000 0.22836076 0.97357658
993.698000000 -2.399593 -3.430974 0.000000 0.00000000 0.00000000 0.22838847 0.97357008
993.823000000 -2.399359 -3.430967 0.000000 0.00000000 0.00000000 0.22840323 0.97356662
993.948000000 -2.398992 -3.429979 0.000000 0.00000000 0.00000000 0.22870192 0.97349650
994.073000000 -2.397499 -3.427073 0.000000 0.00000000 0.00000000 0.22964482 0.97327450
994.198000000 -2.399366 -3.430089 0.000000 0.00000000 0.00000000 0.22876051 0.97348273
994.323000000 -2.403374 -3.430239 0.000000 0.00000000 0.00000000 0.22851573 0.97354022
994.448000000 -2.396999 -3.430280 0.000000 0.00000000 0.00000000 0.22844749 0.97355624
994.573000000 -2.403275 -3.430976 0.000000 0.00000000 0.00000000 0.22890306 0.97344922
994.698000000 -2.399721 -3.429917 0.000000 0.00000000 0.00000000 0.22863849 0.97351140
994.823000000 -2.401410 -3.429088 0.000000 0.00000000 0.00000000 0.22894626 0.97343906
994.948000000 -2.400659 -3.430621 0.000000 0.00000000 0.00000000 0.22861689 0.97351647
995.073000000 -2.402302 -3.430702 0.000000 0.00000000 0.00000000 0.22875083 0.97348501
995.198000000 -2.398083 -3.430629 0.000000 0.00000000 0.00000000 0.22872498 0.97349108
995.323000000 -2.400772 -3.430571 0.000000 0.00000000 0.00000000 0.22816475 0.97362254
995.448000000 -2.401049 -3.429842 0.000000 0.00000000 0.00000000 0.22861739 0.97351635
995.573000000 -2.397975 -3.431707 0.000000 0.00000000 0.00000000 0.22840024 0.97356732
995.698000000 -2.402622 -3.431408 0.000000 0.00000000 0.00000000 0.22816011 0.97362363
995.823000000 -2.399921 -3.430751 0.000000 0.00000000 0.00000000 0.22872948 0.97349002
995.948000000 -2.399574 -3.431072 0.000000 0.00000000 0.00000000 0.22887806 0.97345510
996.073000000 -2.401825 -3.427835 0.000000 0.00000000 0.00000000 0.22942258 0.97332691
996.198000000 -2.397136 -3.430169 0.000000 0.00000000 0.00000000 0.22831753 0.97358672
996.323000000 -2.397761 -3.430252 0.000000 0.00000000 0.00000000 0.22894741 0.97343879
996.448000000 -2.398130 -3.431577 0.000000 0.00000000 0.00000000 0.22845757 0.97355387
996.573000000 -2.400590 -3.428293 0.000000 0.00000000 0.00000000 0.22883663 0.97346484
996.698000000 -2.402206 -3.429869 0.000000 0.00000000 0.00000000 0.22894223 0.97344001
996.823000000 -2.403885 -3.431050 0.000000 0.00000000 0.00000000 0.22906523 0.97341107
996.948000000 -2.399347 -3.429528 0.000000 0.00000000 0.00000000 0.22901623 0.97342260
997.073000000 -2.400298 -3.429718 0.000000 0.00000000 0.00000000 0.22916517 0.97338755
997.198000000 -2.400096 -3.429574 0.000000 0.00000000 0.00000000 0.22893348 0.97344207
997.323000000 -2.398138 -3.429172 0.000000 0.00000000 0.00000000 0.22893242 0.97344232
997.448000000 -2.399209 -3.429459 0.000000 0.00000000 0.00000000 0.22894603 0.97343912
997.573000000 -2.398437 -3.430446 0.000000 0.00000000 0.00000000 0.22877759 0.97347872
997.698000000 -2.401096 -3.429614 0.000000 0.00000000 0.00000000 0.22847033 0.97355088
997.823000000 -2.401783 -3.430122 0.000000 0.00000000 0.00000000 0.22853658 0.97353533
997.948000000 -2.399864 -3.429382 0.000000 0.00000000 0.00000000 0.22911505 0.97339935
998.073000000 -2.403077 -3.430237 0.000000 0.00000000 0.00000000 0.22903780 0.97341753
998.198000000 -2.402579 -3.429053 0.000000 0.00000000 0.00000000 0.22930804 0.97335390
998.323000000 -2.398790 -3.429582 0.000000 0.00000000 0.00000000 0.22911134 0.97340022
998.448000000 -2.400923 -3.431204 0.000000 0.00000000 0.00000000 0.22864150 0.97351069
998.573000000 -2.399433 -3.429917 0.000000 0.00000000 0.00000000 0.22880676 0.97347186
998.698000000 -2.400311 -3.431319 0.000000 0.00000000 0.00000000 0.22831848 0.97358650
998.823000000 -2.400024 -3.429395 0.000000 0.00000000 0.00000000 0.22901446 0.97342302
998.948000000 -2.402566 -3.429662 0.000000 0.00000000 0.00000000 0.22866537 0.97350508
999.073000000 -2.394750 -3.429683 0.000000 0.00000000 0.00000000 0.22891919 0.97344543
999.198000000 -2.398919 -3.431421 0.000000 0.00000000 0.00000000 0.22871581 0.97349323
999.323000000 -2.401555 -3.431365 0.000000 0.00000000 0.00000000 0.22904253 0.97341642
999.448000000 -2.400332 -3.428818 0.000000 0.00000000 0.00000000 0.22890300 0.97344924
999.573000000 -2.401983 -3.429724 0.000000 0.00000000 0.00000000 0.22910330 0.97340212
999.698000000 -2.398831 -3.429511 0.000000 0.00000000 0.00000000 0.22891521 0.97344637
999.823000000 -2.399691 -3.430392 0.000000 0.00000000 0.00000000 0.22888621 0.97345319
999.948000000 -2.398758 -3.429100 0.000000 0.00000000 0.00000000 0.22899615 0.97342733
1000.073000000 -2.398436 -3.429357 0.000000 0.00000000 0.00000000 0.22869691 0.97349768
1000.198000000 -2.401033 -3.425897 0.000000 0.00000000 0.00000000 0.22952752 0.97330217
1000.323000000 -2.400640 -3.430706 0.000000 0.00000000 0.00000000 0.22855533 0.97353092
1000.448000000 -2.395801 -3.429606 0.000000 0.00000000 0.00000000 0.22895569 0.97343684
1000.573000000 -2.400739 -3.430254 0.000000 0.00000000 0.00000000 0.22875633 0.97348371
1000.698000000 -2.398192 -3.429751 0.000000 0.00000000 0.00000000 0.22892626 0.97344377
1000.823000000 -2.400905 -3.429330 0.000000 0.00000000 0.00000000 0.22904302 0.97341630
1000.948000000 -2.398729 -3.430472 0.000000 0.00000000 0.00000000 0.22858033 0.97352505
1001.073000000 -2.400671 -3.427685 0.000000 0.00000000 0.00000000 0.22909963 0.97340298
1001.198000000 -2.399594 -3.430761 0.000000 0.00000000 0.00000000 0.22869164 0.97349891
1001.323000000 -2.401801 -3.428895 0.000000 0.00000000 0.00000000 0.22906002 0.97341230
1001.448000000 -2.399524 -3.428756 0.000000 0.00000000 0.00000000 0.22917070 0.97338625
1001.573000000 -2.400269 -3.429324 0.000000 0.00000000 0.00000000 0.22876892 0.97348076
1001.698000000 -2.398984 -3.430087 0.000000 0.00000000 0.00000000 0.22829714 0.97359150
1001.823000000 -2.400286 -3.429809 0.000000 0.00000000 0.00000000 0.22893171 0.97344249
1001.948000000 -2.400167 -3.430200 0.000000 0.00000000 0.00000000 0.22874874 0.97348550
1002.073000000 -2.400696 -3.430193 0.000000 0.00000000 0.00000000 0.22900523 0.97342519
1002.198000000 -2.399904 -3.429436 0.000000 0.00000000 0.00000000 0.22882738 0.97346701
1002.323000000 -2.397327 -3.430990 0.000000 0.00000000 0.00000000 0.22875063 0.97348505
1002.448000000 -2.398683 -3.430008 0.000000 0.00000000 0.00000000 0.22855467 0.97353108
1002.573000000 -2.396951 -3.427435 0.000000 0.00000000 0.00000000 0.22951130 0.97330600
1002.698000000 -2.401818 -3.430421 0.000000 0.00000000 0.00000000 0.22915361 0.97339027
1002.823000000 -2.399606 -3.427734 0.000000 0.00000000 0.00000000 0.22920780 0.97337751
1002.948000000 -2.399919 -3.430651 0.000000 0.00000000 0.00000000 0.22858882 0.97352306
1003.073000000 -2.397797 -3.430198 0.000000 0.00000000 0.00000000 0.22892448 0.97344419
1003.198000000 -2.399282 -3.430219 0.000000 0.00000000 0.00000000 0.22868995 0.97349931
1003.323000000 -2.399006 -3.429931 0.000000 0.00000000 0.00000000 0.22858045 0.97352503
1003.448000000 -2.399076 -3.429986 0.000000 0.00000000 0.00000000 0.22864574 0.97350969
1003.573000000 -2.402799 -3.428337 0.000000 0.00000000 0.00000000 0.22931169 0.97335305
1003.698000000 -2.400452 -3.429696 0.000000 0.00000000 0.00000000 0.22917339 0.97338562
1003.823000000 -2.399203 -3.429337 0.000000 0.00000000 0.00000000 0.22900935 0.97342422
1003.948000000 -2.398130 -3.429073 0.000000 0.00000000 0.00000000 0.22879131 0.97347549
1004.073000000 -2.401865 -3.429892 0.000000 0.00000000 0.00000000 0.22906392 0.97341138
1004.198000000 -2.401783 -3.429437 0.000000 0.00000000 0.00000000 0.22902587 0.97342034
1004.323000000 -2.401452 -3.430405 0.000000 0.00000000 0.00000000 0.22854642 0.97353302
1004.448000000 -2.398839 -3.429749 0.000000 0.00000000 0.00000000 0.22871377 0.97349371
1004.573000000 -2.402129 -3.428642 0.000000 0.00000000 0.00000000 0.22936614 0.97334021
1004.698000000 -2.399236 -3.430596 0.000000 0.00000000 0.00000000 0.22832146 0.97358580
1004.823000000 -2.399835 -3.430916 0.000000 0.00000000 0.00000000 0.22858270 0.97352450
1004.948000000 -2.399514 -3.429594 0.000000 0.00000000 0.00000000 0.22871177 0.97349418
1005.073000000 -2.399120 -3.430513 0.000000 0.00000000 0.00000000 0.22881768 0.97346930
1005.198000000 -2.398043 -3.429137 0.000000 0.00000000 0.00000000 0.22906096 0.97341208
1005.323000000 -2.402068 -3.429691 0.000000 0.00000000 0.00000000 0.22899833 0.97342682
1005.448000000 -2.400654 -3.430041 0.000000 0.00000000 0.00000000 0.22903233 0.97341882
1005.573000000 -2.400225 -3.431371 0.000000 0.00000000 0.00000000 0.22865776 0.97350687
1005.698000000 -2.401467 -3.429128 0.000000 0.00000000 0.00000000 0.22922142 0.97337431
1005.823000000 -2.398917 -3.427755 0.000000 0.00000000 0.00000000 0.22950422 0.97330767
1005.948000000 -2.402009 -3.431221 0.000000 0.00000000 0.00000000 0.22815048 0.97362588
1006.073000000 -2.403334 -3.429292 0.000000 0.00000000 0.00000000 0.22856968 0.97352756
1006.198000000 -2.401393 -3.430799 0.000000 0.00000000 0.00000000 0.22875512 0.97348400
1006.323000000 -2.401278 -3.428284 0.000000 0.00000000 0.00000000 0.22862299 0.97351504
1006.448000000 -2.398522 -3.432090 0.000000 0.00000000 0.00000000 0.22843080 0.97356015
1006.573000000 -2.401485 -3.429524 0.000000 0.00000000 0.00000000 0.22914485 0.97339233
1006.698000000 -2.398728 -3.433843 0.000000 0.00000000 0.00000000 0.22791412 0.97368124
1006.823000000 -2.400721 -3.429992 0.000000 0.00000000 0.00000000 0.22860834 0.97351848
1006.948000000 -2.398019 -3.429849 0.000000 0.00000000 0.00000000 0.22883808 0.97346450
1007.073000000 -2.402457 -3.430995 0.000000 0.00000000 0.00000000 0.22834023 0.97358140
1007.198000000 -2.399404 -3.429368 0.000000 0.00000000 0.00000000 0.22859657 0.97352124
1007.323000000 -2.400883 -3.430739 0.000000 0.00000000 0.00000000 0.22857951 0.97352525
1007.448000000 -2.399856 -3.429800 0.000000 0.00000000 0.00000000 0.22892253 0.97344464
1007.573000000 -2.400504 -3.428836 0.000000 0.00000000 0.00000000 0.22918912 0.97338191
1007.698000000 -2.401793 -3.428838 0.000000 0.00000000 0.00000000 0.22884025 0.97346399
1007.823000000 -2.397673 -3.428966 0.000000 0.00000000 0.00000000 0.22916835 0.97338680
1007.948000000 -2.402128 -3.431275 0.000000 0.00000000 0.00000000 0.22878914 0.97347600
1008.073000000 -2.398037 -3.429474 0.000000 0.00000000 0.00000000 0.22869084 0.97349910
1008.198000000 -2.399276 -3.430070 0.000000 0.00000000 0.00000000 0.22906319 0.97341155
1008.323000000 -2.398219 -3.429250 0.000000 0.00000000 0.00000000 0.22866295 0.97350565
1008.448000000 -2.399587 -3.431501 0.000000 0.00000000 0.00000000 0.22840178 0.97356696
1008.573000000 -2.401350 -3.430856 0.000000 0.00000000 0.00000000 0.22853008 0.97353685
1008.698000000 -2.401401 -3.431708 0.000000 0.00000000 0.00000000 0.22834288 0.97358078
1008.823000000 -2.399389 -3.429903 0.000000 0.00000000 0.00000000 0.22882484 0.97346761
1008.948000000 -2.401336 -3.429173 0.000000 0.00000000 0.00000000 0.22899231 0.97342823
1009.073000000 -2.399409 -3.429545 0.000000 0.00000000 0.00000000 0.22888773 0.97345283
1009.198000000 -2.399372 -3.430109 0.000000 0.00000000 0.00000000 0.22842018 0.97356264
1009.323000000 -2.400384 -3.428151 0.000000 0.00000000 0.00000000 0.22913712 0.97339415
1009.448000000 -2.400452 -3.429055 0.000000 0.00000000 0.00000000 0.22890533 0.97344869
1009.573000000 -2.403041 -3.430893 0.000000 0.00000000 0.00000000 0.22872951 0.97349002
1009.698000000 -2.399676 -3.432889 0.000000 0.00000000 0.00000000 0.22865692 0.97350707
1009.823000000 -2.401286 -3.430659 0.000000 0.00000000 0.00000000 0.22854395 0.97353360
1009.948000000 -2.399313 -3.430348 0.000000 0.00000000 0.00000000 0.22887482 0.97345586
1010.073000000 -2.399793 -3.429806 0.000000 0.00000000 0.00000000 0.22855239 0.97353162
1010.198000000 -2.398240 -3.428549 0.000000 0.00000000 0.00000000 0.22863373 0.97351252
1010.323000000 -2.400944 -3.427963 0.000000 0.00000000 0.00000000 0.22879999 0.97347345
1010.448000000 -2.402491 -3.429843 0.000000 0.00000000 0.00000000 0.22907238 0.97340939
1010.573000000 -2.396159 -3.430843 0.000000 0.00000000 0.00000000 0.22845646 0.97355413
1010.698000000 -2.398516 -3.429960 0.000000 0.00000000 0.00000000 0.22886625 0.97345788
1010.823000000 -2.401377 -3.429278 0.000000 0.00000000 0.00000000 0.22894130 0.97344023
1010.948000000 -2.399506 -3.430167 0.000000 0.00000000 0.00000000 0.22886493 0.97345819
1011.073000000 -2.401315 -3.429562 0.000000 0.00000000 0.00000000 0.22913410 0.97339487
1011.198000000 -2.395856 -3.428249 0.000000 0.00000000 0.00000000 0.22919440 0.97338067
1011.323000000 -2.400292 -3.428256 0.000000 0.00000000 0.00000000 0.22913074 0.97339566
1011.448000000 -2.399049 -3.431447 0.000000 0.00000000 0.00000000 0.22841673 0.97356345
1011.573000000 -2.399747 -3.429903 0.000000 0.00000000 0.00000000 0.22863334 0.97351261
1011.698000000 -2.401290 -3.431631 0.000000 0.00000000 0.00000000 0.22867341 0.97350320
1011.823000000 -2.399218 -3.429025 0.000000 0.00000000 0.00000000 0.22892421 0.97344425
1011.948000000 -2.399542 -3.429484 0.000000 0.00000000 0.00000000 0.22874175 0.97348714
1012.073000000 -2.401721 -3.430495 0.000000 0.00000000 0.00000000 0.22815741 0.97362426
1012.198000000 -2.399422 -3.431258 0.000000 0.00000000 0.00000000 0.22854096 0.97353430
1012.323000000 -2.400745 -3.429750 0.000000 0.00000000 0.00000000 0.22856329 0.97352906
1012.448000000 -2.399513 -3.430038 0.000000 0.00000000 0.00000000 0.22894374 0.97343966
1012.573000000 -2.398166 -3.431416 0.000000 0.00000000 0.00000000 0.22878469 0.97347705
1012.698000000 -2.402391 -3.430767 0.000000 0.00000000 0.00000000 0.22859023 0.97352273
1012.823000000 -2.402096 -3.430501 0.000000 0.00000000 0.00000000 0.22859763 0.97352099
1012.948000000 -2.403949 -3.430759 0.000000 0.00000000 0.00000000 0.22894911 0.97343839
1013.073000000 -2.399861 -3.430282 0.000000 0.00000000 0.00000000 0.22854733 0.97353280
1013.198000000 -2.398789 -3.430888 0.000000 0.00000000 0.00000000 0.22808013 0.97364237
1013.323000000 -2.397679 -3.431045 0.000000 0.00000000 0.00000000 0.22899225 0.97342825
1013.448000000 -2.402472 -3.430271 0.000000 0.00000000 0.00000000 0.22866945 0.97350413
1013.573000000 -2.397961 -3.429286 0.000000 0.00000000 0.00000000 0.22883067 0.97346624
1013.698000000 -2.402292 -3.432142 0.000000 0.00000000 0.00000000 0.22855765 0.97353038
1013.823000000 -2.402020 -3.429840 0.000000 0.00000000 0.00000000 0.22883148 0.97346605
1013.948000000 -2.398777 -3.430663 0.000000 0.00000000 0.00000000 0.22856260 0.97352922
1014.073000000 -2.401158 -3.430578 0.000000 0.00000000 0.00000000 0.22874957 0.97348530
1014.198000000 -2.398002 -3.430900 0.000000 0.00000000 0.00000000 0.22832868 0.97358411
1014.323000000 -2.398865 -3.428778 0.000000 0.00000000 0.00000000 0.22867589 0.97350261
1014.448000000 -2.400379 -3.429585 0.000000 0.00000000 0.00000000 0.22893473 0.97344178
1014.573000000 -2.400974 -3.428404 0.000000 0.00000000 0.00000000 0.22917229 0.97338587
1014.698000000 -2.402377 -3.432210 0.000000 0.00000000 0.00000000 0.22827713 0.97359620
1014.823000000 -2.397672 -3.430294 0.000000 0.00000000 0.00000000 0.22888797 0.97345277
1014.948000000 -2.399083 -3.429653 0.000000 0.00000000 0.00000000 0.22876973 0.97348056
1015.073000000 -2.399977 -3.429451 0.000000 0.00000000 0.00000000 0.22885027 0.97346163
1015.198000000 -2.398761 -3.430661 0.000000 0.00000000 0.00000000 0.22906041 0.97341221
1015.323000000 -2.396977 -3.432333 0.000000 0.00000000 0.00000000 0.22840936 0.97356518
1015.448000000 -2.399522 -3.430441 0.000000 0.00000000 0.00000000 0.22886281 0.97345869
1015.573000000 -2.404105 -3.431003 0.000000 0.00000000 0.00000000 0.22890403 0.97344899
1015.698000000 -2.401254 -3.430940 0.000000 0.00000000 0.00000000 0.22824449 0.97360385
1015.823000000 -2.400980 -3.429537 0.000000 0.00000000 0.00000000 0.22907022 0.97340990
1015.948000000 -2.401064 -3.428994 0.000000 0.00000000 0.00000000 0.22926788 0.97336337
1016.073000000 -2.400138 -3.430648 0.000000 0.00000000 0.00000000 0.22906415 0.97341133
1016.198000000 -2.399755 -3.431456 0.000000 0.00000000 0.00000000 0.22865430 0.97350768
1016.323000000 -2.401906 -3.429754 0.000000 0.00000000 0.00000000 0.22887717 0.97345531
1016.448000000 -2.401256 -3.428942 0.000000 0.00000000 0.00000000 0.22895756 0.97343641
1016.573000000 -2.402694 -3.431674 0.000000 0.00000000 0.00000000 0.22887020 0.97345695
1016.698000000 -2.402642 -3.431194 0.000000 0.00000000 0.00000000 0.22867540 0.97350273
1016.823000000 -2.404056 -3.430261 0.000000 0.00000000 0.00000000 0.22877474 0.97347939
1016.948000000 -2.403190 -3.428123 0.000000 0.00000000 0.00000000 0.22888561 0.97345333
1017.073000000 -2.401319 -3.430408 0.000000 0.00000000 0.00000000 0.22891888 0.97344550
1017.198000000 -2.400663 -3.430799 0.000000 0.00000000 0.00000000 0.22870090 0.97349674
1017.323000000 -2.401964 -3.429708 0.000000 0.00000000 0.00000000 0.22845080 0.97355546
1017.448000000 -2.399997 -3.430670 0.000000 0.00000000 0.00000000 0.22872281 0.97349159
1017.573000000 -2.401896 -3.428728 0.000000 0.00000000 0.00000000 0.22904412 0.97341604
1017.698000000 -2.402180 -3.430624 0.000000 0.00000000 0.00000000 0.22851334 0.97354078
1017.823000000 -2.399727 -3.430009 0.000000 0.00000000 0.00000000 0.22908288 0.97340692
1017.948000000 -2.402919 -3.431125 0.000000 0.00000000 0.00000000 0.22859567 0.97352145
1018.073000000 -2.400910 -3.430178 0.000000 0.00000000 0.00000000 0.22889086 0.97345209
1018.198000000 -2.401340 -3.430771 0.000000 0.00000000 0.00000000 0.22903634 0.97341787
1018.323000000 -2.398870 -3.429305 0.000000 0.00000000 0.00000000 0.22889611 0.97345086
1018.448000000 -2.400286 -3.430346 0.000000 0.00000000 0.00000000 0.22886829 0.97345740
1018.573000000 -2.401581 -3.431679 0.000000 0.00000000 0.00000000 0.22879591 0.97347441
1018.698000000 -2.405456 -3.429146 0.000000 0.00000000 0.00000000 0.22857012 0.97352745
1018.823000000 -2.399061 -3.430628 0.000000 0.00000000 0.00000000 0.22891859 0.97344557
1018.948000000 -2.402881 -3.429393 0.000000 0.00000000 0.00000000 0.22945698 0.97331880
1019.073000000 -2.401582 -3.432234 0.000000 0.00000000 0.00000000 0.22848608 0.97354718
1019.198000000 -2.398649 -3.428813 0.000000 0.00000000 0.00000000 0.22866903 0.97350422
1019.323000000 -2.403219 -3.428273 0.000000 0.00000000 0.00000000 0.22923005 0.97337227
1019.448000000 -2.398577 -3.428327 0.000000 0.00000000 0.00000000 0.22902913 0.97341957
1019.573000000 -2.399494 -3.429616 0.000000 0.00000000 0.00000000 0.22907036 0.97340987
1019.698000000 -2.401636 -3.428850 0.000000 0.00000000 0.00000000 0.22913385 0.97339492
1019.823000000 -2.398814 -3.429589 0.000000 0.00000000 0.00000000 0.22929036 0.97335807
1019.948000000 -2.400791 -3.428588 0.000000 0.00000000 0.00000000 0.22919487 0.97338056
1020.073000000 -2.402606 -3.430767 0.000000 0.00000000 0.00000000 0.22888397 0.97345371
1020.198000000 -2.402374 -3.430207 0.000000 0.00000000 0.00000000 0.22864551 0.97350975
1020.323000000 -2.400918 -3.430132 0.000000 0.00000000 0.00000000 0.22846746 0.97355155
1020.448000000 -2.399641 -3.430655 0.000000 0.00000000 0.00000000 0.22886399 0.97345841
1020.573000000 -2.401889 -3.430462 0.000000 0.00000000 0.00000000 0.22908999 0.97340525
1020.698000000 -2.400703 -3.431533 0.000000 0.00000000 0.00000000 0.22850873 0.97354186
1020.823000000 -2.400702 -3.431065 0.000000 0.00000000 0.00000000 0.22849318 0.97354551
1020.948000000 -2.401023 -3.430502 0.000000 0.00000000 0.00000000 0.22838809 0.97357017
1021.073000000 -2.399302 -3.430506 0.000000 0.00000000 0.00000000 0.22885431 0.97346068
1021.198000000 -2.403929 -3.429168 0.000000 0.00000000 0.00000000 0.22890774 0.97344812
1021.323000000 -2.400552 -3.428731 0.000000 0.00000000 0.00000000 0.22944685 0.97332119
1021.448000000 -2.402608 -3.430877 0.000000 0.00000000 0.00000000 0.22868916 0.97349950
1021.573000000 -2.400527 -3.430372 0.000000 0.00000000 0.00000000 0.22903990 0.97341704
1021.698000000 -2.398665 -3.429488 0.000000 0.00000000 0.00000000 0.22893772 0.97344107
1021.823000000 -2.399743 -3.430745 0.000000 0.00000000 0.00000000 0.22852309 0.97353849
1021.948000000 -2.400327 -3.428414 0.000000 0.00000000 0.00000000 0.22910483 0.97340175
1022.073000000 -2.400295 -3.430685 0.000000 0.00000000 0.00000000 0.22849267 0.97354563
1022.198000000 -2.401815 -3.429846 0.000000 0.00000000 0.00000000 0.22860613 0.97351900
1022.323000000 -2.402963 -3.429337 0.000000 0.00000000 0.00000000 0.22934004 0.97334636
1022.448000000 -2.399390 -3.431938 0.000000 0.00000000 0.00000000 0.22845657 0.97355410
1022.573000000 -2.402023 -3.430212 0.000000 0.00000000 0.00000000 0.22889079 0.97345211
1022.698000000 -2.400784 -3.428778 0.000000 0.00000000 0.00000000 0.22907300 0.97340925
1022.823000000 -2.402276 -3.430029 0.000000 0.00000000 0.00000000 0.22904048 0.97341690
1022.948000000 -2.400173 -3.431071 0.000000 0.00000000 0.00000000 0.22851603 0.97354015
1023.073000000 -2.400602 -3.431513 0.000000 0.00000000 0.00000000 0.22903333 0.97341858
1023.198000000 -2.399861 -3.430306 0.000000 0.00000000 0.00000000 0.22865192 0.97350824
1023.323000000 -2.401687 -3.429987 0.000000 0.00000000 0.00000000 0.22880054 0.97347333
1023.448000000 -2.397600 -3.430571 0.000000 0.00000000 0.00000000 0.22871143 0.97349426
1023.573000000 -2.400538 -3.430550 0.000000 0.00000000 0.00000000 0.22896603 0.97343441
1023.698000000 -2.403722 -3.429947 0.000000 0.00000000 0.00000000 0.22876680 0.97348125
1023.823000000 -2.399252 -3.428864 0.000000 0.00000000 0.00000000 0.22871953 0.97349236
1023.948000000 -2.398177 -3.430995 0.000000 0.00000000 0.00000000 0.22871788 0.97349275
1024.073000000 -2.399662 -3.429808 0.000000 0.00000000 0.00000000 0.22930134 0.97335548
1024.198000000 -2.400894 -3.431510 0.000000 0.00000000 0.00000000 0.22885927 0.97345952
1024.323000000 -2.401451 -3.430252 0.000000 0.00000000 0.00000000 0.22885732 0.97345998
1024.448000000 -2.402204 -3.430898 0.000000 0.00000000 0.00000000 0.22905666 0.97341309
1024.573000000 -2.399947 -3.430471 0.000000 0.00000000 0.00000000 0.22882853 0.97346674
1024.698000000 -2.399673 -3.430476 0.000000 0.00000000 0.00000000 0.22880340 0.97347265
1024.823000000 -2.399997 -3.430195 0.000000 0.00000000 0.00000000 0.22911646 0.97339902
1024.948000000 -2.401953 -3.430639 0.000000 0.00000000 0.00000000 0.22880030 0.97347338
1025.073000000 -2.401232 -3.430691 0.000000 0.00000000 0.00000000 0.22859123 0.97352250
1025.198000000 -2.399428 -3.429434 0.000000 0.00000000 0.00000000 0.22877138 0.97348018
1025.323000000 -2.400853 -3.432446 0.000000 0.00000000 0.00000000 0.22840584 0.97356601
1025.448000000 -2.400703 -3.429308 0.000000 0.00000000 0.00000000 0.22882805 0.97346686
1025.573000000 -2.402527 -3.431070 0.000000 0.00000000 0.00000000 0.22862448 0.97351469
1025.698000000 -2.400299 -3.431571 0.000000 0.00000000 0.00000000 0.22879174 0.97347539
1025.823000000 -2.399699 -3.428170 0.000000 0.00000000 0.00000000 0.22906993 0.97340997
1025.948000000 -2.400506 -3.429577 0.000000 0.00000000 0.00000000 0.22877457 0.97347943
1026.073000000 -2.398951 -3.428715 0.000000 0.00000000 0.00000000 0.22885941 0.97345949
1026.198000000 -2.398548 -3.431038 0.000000 0.00000000 0.00000000 0.22834685 0.97357985
1026.323000000 -2.399227 -3.430761 0.000000 0.00000000 0.00000000 0.22838078 0.97357189
1026.448000000 -2.400314 -3.429512 0.000000 0.00000000 0.00000000 0.22879232 0.97347526
1026.573000000 -2.400833 -3.429313 0.000000 0.00000000 0.00000000 0.22900742 0.97342468
1026.698000000 -2.398591 -3.430969 0.000000 0.00000000 0.00000000 0.22843511 0.97355914
1026.823000000 -2.399494 -3.429599 0.000000 0.00000000 0.00000000 0.22893020 0.97344284
1026.948000000 -2.401010 -3.429016 0.000000 0.00000000 0.00000000 0.22907636 0.97340845
1027.073000000 -2.401936 -3.430790 0.000000 0.00000000 0.00000000 0.22868381 0.97350075
1027.198000000 -2.400519 -3.430337 0.000000 0.00000000 0.00000000 0.22859367 0.97352192
1027.323000000 -2.402886 -3.431030 0.000000 0.00000000 0.00000000 0.22903432 0.97341835
1027.448000000 -2.401523 -3.430377 0.000000 0.00000000 0.00000000 0.22890633 0.97344845
1027.573000000 -2.402389 -3.431012 0.000000 0.00000000 0.00000000 0.22889261 0.97345168
1027.698000000 -2.401396 -3.432524 0.000000 0.00000000 0.00000000 0.22811131 0.97363506
1027.823000000 -2.400831 -3.429326 0.000000 0.00000000 0.00000000 0.22898356 0.97343029
1027.948000000 -2.397989 -3.430341 0.000000 0.00000000 0.00000000 0.22875666 0.97348364
1028.073000000 -2.403002 -3.430893 0.000000 0.00000000 0.00000000 0.22860098 0.97352021
1028.198000000 -2.402878 -3.428742 0.000000 0.00000000 0.00000000 0.22915482 0.97338999
1028.323000000 -2.401538 -3.431084 0.000000 0.00000000 0.00000000 0.22902102 0.97342148
1028.448000000 -2.400309 -3.428640 0.000000 0.00000000 0.00000000 0.22912516 0.97339697
1028.573000000 -2.401082 -3.429945 0.000000 0.00000000 0.00000000 0.22914977 0.97339118
1028.698000000 -2.400349 -3.428449 0.000000 0.00000000 0.00000000 0.22881185 0.97347067
1028.823000000 -2.400125 -3.431914 0.000000 0.00000000 0.00000000 0.22874443 0.97348651
1028.948000000 -2.402140 -3.429603 0.000000 0.00000000 0.00000000 0.22898516 0.97342991
1029.073000000 -2.402441 -3.430622 0.000000 0.00000000 0.00000000 0.22882040 0.97346866
1029.198000000 -2.398837 -3.431247 0.000000 0.00000000 0.00000000 0.22904797 0.97341514
1029.323000000 -2.400608 -3.429927 0.000000 0.00000000 0.00000000 0.22872783 0.97349041
1029.448000000 -2.399671 -3.428732 0.000000 0.00000000 0.00000000 0.22897187 0.97343304
1029.573000000 -2.403241 -3.431502 0.000000 0.00000000 0.00000000 0.22815793 0.97362414
1029.698000000 -2.401959 -3.429948 0.000000 0.00000000 0.00000000 0.22898896 0.97342902
1029.823000000 -2.403095 -3.432393 0.000000 0.00000000 0.00000000 0.22840285 0.97356671
1029.948000000 -2.401909 -3.429737 0.000000 0.00000000 0.00000000 0.22885905 0.97345957
1030.073000000 -2.401365 -3.430937 0.000000 0.00000000 0.00000000 0.22900571 0.97342508
1030.198000000 -2.400916 -3.430044 0.000000 0.00000000 0.00000000 0.22888627 0.97345317
1030.323000000 -2.399691 -3.429202 0.000000 0.00000000 0.00000000 0.22920892 0.97337725
1030.448000000 -2.401081 -3.430392 0.000000 0.00000000 0.00000000 0.22888639 0.97345314
1030.573000000 -2.403051 -3.431912 0.000000 0.00000000 0.00000000 0.22884370 0.97346318
1030.698000000 -2.399959 -3.428151 0.000000 0.00000000 0.00000000 0.22915129 0.97339082
1030.823000000 -2.399211 -3.429797 0.000000 0.00000000 0.00000000 0.22899623 0.97342731
1030.948000000 -2.401226 -3.430592 0.000000 0.00000000 0.00000000 0.22897352 0.97343265
1031.073000000 -2.399202 -3.431966 0.000000 0.00000000 0.00000000 0.22834479 0.97358033
1031.198000000 -2.402541 -3.430528 0.000000 0.00000000 0.00000000 0.22855541 0.97353091
1031.323000000 -2.399830 -3.428371 0.000000 0.00000000 0.00000000 0.22883174 0.97346599
1031.448000000 -2.399727 -3.430435 0.000000 0.00000000 0.00000000 0.22888680 0.97345305
1031.573000000 -2.402428 -3.432469 0.000000 0.00000000 0.00000000 0.22826454 0.97359915
1031.698000000 -2.402651 -3.430640 0.000000 0.00000000 0.00000000 0.22823429 0.97360624
1031.823000000 -2.401415 -3.430121 0.000000 0.00000000 0.00000000 0.22868046 0.97350154
1031.948000000 -2.400212 -3.430765 0.000000 0.00000000 0.00000000 0.22906688 0.97341069
1032.073000000 -2.400851 -3.430367 0.000000 0.00000000 0.00000000 0.22906247 0.97341172
1032.198000000 -2.402722 -3.429454 0.000000 0.00000000 0.00000000 0.22886625 0.97345788
1032.323000000 -2.400706 -3.428499 0.000000 0.00000000 0.00000000 0.22902888 0.97341963
1032.448000000 -2.402174 -3.430275 0.000000 0.00000000 0.00000000 0.22906190 0.97341186
1032.573000000 -2.401241 -3.429747 0.000000 0.00000000 0.00000000 0.22896614 0.97343439
1032.698000000 -2.401703 -3.430763 0.000000 0.00000000 0.00000000 0.22876990 0.97348052
1032.823000000 -2.401957 -3.429612 0.000000 0.00000000 0.00000000 0.22851958 0.97353932
1032.948000000 -2.401758 -3.430756 0.000000 0.00000000 0.00000000 0.22898026 0.97343107
1033.073000000 -2.398986 -3.430233 0.000000 0.00000000 0.00000000 0.22866752 0.97350458
1033.198000000 -2.398720 -3.430085 0.000000 0.00000000 0.00000000 0.22880802 0.97347157
1033.323000000 -2.402501 -3.428647 0.000000 0.00000000 0.00000000 0.22918257 0.97338346
1033.448000000 -2.400091 -3.430462 0.000000 0.00000000 0.00000000 0.22912151 0.97339783
1033.573000000 -2.400401 -3.428449 0.000000 0.00000000 0.00000000 0.22918926 0.97338188
1033.698000000 -2.401988 -3.429715 0.000000 0.00000000 0.00000000 0.22922668 0.97337307
1033.823000000 -2.401315 -3.431426 0.000000 0.00000000 0.00000000 0.22889949 0.97345006
1033.948000000 -2.401600 -3.429953 0.000000 0.00000000 0.00000000 0.22889498 0.97345112
1034.073000000 -2.399883 -3.432136 0.000000 0.00000000 0.00000000 0.22873405 0.97348895
1034.198000000 -2.400116 -3.430380 0.000000 0.00000000 0.00000000 0.22883012 0.97346637
1034.323000000 -2.401851 -3.430851 0.000000 0.00000000 0.00000000 0.22904812 0.97341510
1034.448000000 -2.401917 -3.427226 0.000000 0.00000000 0.00000000 0.22937194 0.97333885
1034.573000000 -2.399872 -3.431005 0.000000 0.00000000 0.00000000 0.22886161 0.97345897
1034.698000000 -2.401081 -3.428473 0.000000 0.00000000 0.00000000 0.22898761 0.97342934
1034.823000000 -2.405545 -3.428359 0.000000 0.00000000 0.00000000 0.22915387 0.97339021
1034.948000000 -2.402591 -3.431236 0.000000 0.00000000 0.00000000 0.22926627 0.97336374
1035.073000000 -2.400787 -3.430013 0.000000 0.00000000 0.00000000 0.22883601 0.97346499
1035.198000000 -2.401457 -3.430956 0.000000 0.00000000 0.00000000 0.22878076 0.97347797
1035.323000000 -2.399190 -3.431771 0.000000 0.00000000 0.00000000 0.22858374 0.97352425
1035.448000000 -2.400145 -3.431415 0.000000 0.00000000 0.00000000 0.22881626 0.97346963
1035.573000000 -2.402181 -3.431095 0.000000 0.00000000 0.00000000 0.22891485 0.97344645
1035.698000000 -2.400821 -3.432037 0.000000 0.00000000 0.00000000 0.22886573 0.97345800
1035.823000000 -2.400326 -3.429513 0.000000 0.00000000 0.00000000 0.22887078 0.97345681
1035.948000000 -2.402219 -3.429409 0.000000 0.00000000 0.00000000 0.22912782 0.97339634
1036.073000000 -2.403571 -3.431079 0.000000 0.00000000 0.00000000 0.22895186 0.97343775
1036.198000000 -2.402479 -3.431854 0.000000 0.00000000 0.00000000 0.22842784 0.97356085
1036.323000000 -2.400603 -3.429711 0.000000 0.00000000 0.00000000 0.22874617 0.97348610
1036.448000000 -2.405382 -3.430654 0.000000 0.00000000 0.00000000 0.22932653 0.97334955
1036.573000000 -2.401476 -3.430942 0.000000 0.00000000 0.00000000 0.22866927 0.97350417
1036.698000000 -2.398658 -3.429869 0.000000 0.00000000 0.00000000 0.22884781 0.97346221
1036.823000000 -2.403268 -3.431038 0.000000 0.00000000 0.00000000 0.22877051 0.97348038
1036.948000000 -2.404292 -3.430718 0.000000 0.00000000 0.00000000 0.22891865 0.97344556
1037.073000000 -2.402483 -3.429271 0.000000 0.00000000 0.00000000 0.22868041 0.97350155
1037.198000000 -2.403172 -3.429291 0.000000 0.00000000 0.00000000 0.22886873 0.97345730
1037.323000000 -2.401359 -3.432606 0.000000 0.00000000 0.00000000 0.22846107 0.97355305
1037.448000000 -2.396773 -3.429901 0.000000 0.00000000 0.00000000 0.22895024 0.97343813
1037.573000000 -2.401703 -3.428545 0.000000 0.00000000 0.00000000 0.22903718 0.97341767
1037.698000000 -2.403584 -3.430565 0.000000 0.00000000 0.00000000 0.22865892 0.97350660
1037.823000000 -2.404023 -3.432150 0.000000 0.00000000 0.00000000 0.22870648 0.97349543
1037.948000000 -2.401825 -3.431247 0.000000 0.00000000 0.00000000 0.22863024 0.97351334
1038.073000000 -2.402368 -3.429423 0.000000 0.00000000 0.00000000 0.22897368 0.97343261
1038.198000000 -2.399648 -3.430797 0.000000 0.00000000 0.00000000 0.22887385 0.97345609
1038.323000000 -2.401394 -3.430314 0.000000 0.00000000 0.00000000 0.22877043 0.97348040
1038.448000000 -2.404463 -3.431978 0.000000 0.00000000 0.00000000 0.22862258 0.97351513
1038.573000000 -2.399211 -3.428755 0.000000 0.00000000 0.00000000 0.22865265 0.97350807
1038.698000000 -2.401558 -3.429750 0.000000 0.00000000 0.00000000 0.22893549 0.97344160
1038.823000000 -2.402264 -3.431258 0.000000 0.00000000 0.00000000 0.22893069 0.97344272
1038.948000000 -2.400831 -3.430689 0.000000 0.00000000 0.00000000 0.22833852 0.97358180
1039.073000000 -2.400105 -3.429930 0.000000 0.00000000 0.00000000 0.22920355 0.97337852
1039.198000000 -2.402898 -3.430464 0.000000 0.00000000 0.00000000 0.22845163 0.97355526
1039.323000000 -2.402451 -3.430058 0.000000 0.00000000 0.00000000 0.22924803 0.97336804
1039.448000000 -2.402525 -3.428881 0.000000 0.00000000 0.00000000 0.22936864 0.97333963
1039.573000000 -2.402522 -3.428821 0.000000 0.00000000 0.00000000 0.22912704 0.97339653
1039.698000000 -2.403129 -3.429887 0.000000 0.00000000 0.00000000 0.22888487 0.97345350
1039.823000000 -2.401036 -3.431329 0.000000 0.00000000 0.00000000 0.22869802 0.97349741
1039.948000000 -2.399677 -3.431669 0.000000 0.00000000 0.00000000 0.22842794 0.97356082
1040.073000000 -2.402023 -3.429705 0.000000 0.00000000 0.00000000 0.22887595 0.97345560
1040.198000000 -2.400702 -3.430268 0.000000 0.00000000 0.00000000 0.22889913 0.97345015
1040.323000000 -2.400085 -3.432203 0.000000 0.00000000 0.00000000 0.22810845 0.97363573
1040.448000000 -2.400612 -3.429595 0.000000 0.00000000 0.00000000 0.22881393 0.97347018
1040.573000000 -2.401039 -3.429935 0.000000 0.00000000 0.00000000 0.22884959 0.97346179
1040.698000000 -2.402749 -3.430750 0.000000 0.00000000 0.00000000 0.22881138 0.97347078
1040.823000000 -2.406178 -3.429937 0.000000 0.00000000 0.00000000 0.22887078 0.97345681
1040.948000000 -2.402004 -3.431651 0.000000 0.00000000 0.00000000 0.22877241 0.97347994
1041.073000000 -2.401942 -3.431540 0.000000 0.00000000 0.00000000 0.22837583 0.97357305
1041.198000000 -2.402170 -3.430267 0.000000 0.00000000 0.00000000 0.22865698 0.97350705
1041.323000000 -2.402489 -3.430831 0.000000 0.00000000 0.00000000 0.22833716 0.97358212
1041.448000000 -2.401842 -3.431963 0.000000 0.00000000 0.00000000 0.22848175 0.97354820
1041.573000000 -2.405788 -3.431275 0.000000 0.00000000 0.00000000 0.22851606 0.97354014
1041.698000000 -2.402519 -3.430354 0.000000 0.00000000 0.00000000 0.22874693 0.97348592
1041.823000000 -2.402888 -3.430414 0.000000 0.00000000 0.00000000 0.22905223 0.97341413
1041.948000000 -2.401277 -3.431908 0.000000 0.00000000 0.00000000 0.22861919 0.97351593
1042.073000000 -2.399522 -3.430388 0.000000 0.00000000 0.00000000 0.22881626 0.97346963
1042.198000000 -2.402176 -3.430369 0.000000 0.00000000 0.00000000 0.22909300 0.97340454
1042.323000000 -2.401246 -3.429961 0.000000 0.00000000 0.00000000 0.22863315 0.97351265
1042.448000000 -2.402741 -3.431410 0.000000 0.00000000 0.00000000 0.22858686 0.97352352
1042.573000000 -2.402215 -3.430893 0.000000 0.00000000 0.00000000 0.22849504 0.97354508
1042.698000000 -2.401137 -3.430291 0.000000 0.00000000 0.00000000 0.22888935 0.97345245
1042.823000000 -2.402711 -3.430985 0.000000 0.00000000 0.00000000 0.22851151 0.97354121
1042.948000000 -2.401841 -3.432130 0.000000 0.00000000 0.00000000 0.22826858 0.97359820
1043.073000000 -2.403382 -3.430394 0.000000 0.00000000 0.00000000 0.22873443 0.97348886
1043.198000000 -2.398875 -3.431651 0.000000 0.00000000 0.00000000 0.22864301 0.97351034
1043.323000000 -2.401878 -3.430178 0.000000 0.00000000 0.00000000 0.22887070 0.97345683
1043.448000000 -2.401536 -3.432106 0.000000 0.00000000 0.00000000 0.22796920 0.97366834
1043.573000000 -2.399739 -3.430959 0.000000 0.00000000 0.00000000 0.22867401 0.97350305
1043.698000000 -2.402685 -3.430384 0.000000 0.00000000 0.00000000 0.22863078 0.97351321
1043.823000000 -2.400547 -3.430612 0.000000 0.00000000 0.00000000 0.22913400 0.97339489
1043.948000000 -2.405803 -3.432178 0.000000 0.00000000 0.00000000 0.22826314 0.97359947
1044.073000000 -2.401759 -3.431562 0.000000 0.00000000 0.00000000 0.22863104 0.97351315
1044.198000000 -2.404294 -3.431007 0.000000 0.00000000 0.00000000 0.22845246 0.97355507
1044.323000000 -2.402674 -3.430744 0.000000 0.00000000 0.00000000 0.22841906 0.97356291
1044.448000000 -2.402516 -3.430482 0.000000 0.00000000 0.00000000 0.22851961 0.97353931
1044.573000000 -2.402868 -3.430640 0.000000 0.00000000 0.00000000 0.22880450 0.97347239
1044.698000000 -2.402430 -3.430593 0.000000 0.00000000 0.00000000 0.22834319 0.97358070
1044.823000000 -2.402780 -3.429554 0.000000 0.00000000 0.00000000 0.22875484 0.97348407
1044.948000000 -2.401084 -3.429952 0.000000 0.00000000 0.00000000 0.22871180 0.97349418
1045.073000000 -2.404736 -3.431213 0.000000 0.00000000 0.00000000 0.22893975 0.97344060
1045.198000000 -2.401353 -3.428895 0.000000 0.00000000 0.00000000 0.22940496 0.97333107
1045.323000000 -2.402898 -3.431709 0.000000 0.00000000 0.00000000 0.22877775 0.97347868
1045.448000000 -2.401458 -3.430346 0.000000 0.00000000 0.00000000 0.22869429 0.97349829
1045.573000000 -2.400684 -3.431052 0.000000 0.00000000 0.00000000 0.22841457 0.97356396
1045.698000000 -2.401596 -3.430215 0.000000 0.00000000 0.00000000 0.22870561 0.97349563
1045.823000000 -2.403187 -3.431226 0.000000 0.00000000 0.00000000 0.22844293 0.97355731
1045.948000000 -2.400854 -3.431106 0.000000 0.00000000 0.00000000 0.22845847 0.97355366
1046.073000000 -2.400061 -3.430955 0.000000 0.00000000 0.00000000 0.22821108 0.97361168
1046.198000000 -2.400395 -3.432196 0.000000 0.00000000 0.00000000 0.22897051 0.97343336
1046.323000000 -2.402417 -3.430012 0.000000 0.00000000 0.00000000 0.22884705 0.97346239
1046.448000000 -2.399449 -3.429508 0.000000 0.00000000 0.00000000 0.22863870 0.97351135
1046.573000000 -2.400519 -3.430291 0.000000 0.00000000 0.00000000 0.22921958 0.97337474
1046.698000000 -2.400123 -3.432080 0.000000 0.00000000 0.00000000 0.22845472 0.97355454
1046.823000000 -2.404113 -3.430642 0.000000 0.00000000 0.00000000 0.22884039 0.97346396
1046.948000000 -2.403413 -3.429373 0.000000 0.00000000 0.00000000 0.22908550 0.97340630
1047.073000000 -2.403604 -3.431495 0.000000 0.00000000 0.00000000 0.22877405 0.97347955
1047.198000000 -2.401825 -3.430904 0.000000 0.00000000 0.00000000 0.22904471 0.97341590
1047.323000000 -2.403984 -3.431065 0.000000 0.00000000 0.00000000 0.22855890 0.97353009
1047.448000000 -2.403316 -3.431990 0.000000 0.00000000 0.00000000 0.22864180 0.97351062
1047.573000000 -2.402216 -3.431625 0.000000 0.00000000 0.00000000 0.22867339 0.97350320
1047.698000000 -2.400172 -3.431372 0.000000 0.00000000 0.00000000 0.22879392 0.97347488
1047.823000000 -2.399192 -3.431672 0.000000 0.00000000 0.00000000 0.22868772 0.97349983
1047.948000000 -2.400986 -3.431910 0.000000 0.00000000 0.00000000 0.22852143 0.97353888
1048.073000000 -2.404972 -3.430797 0.000000 0.00000000 0.00000000 0.22828489 0.97359438
1048.198000000 -2.399458 -3.429885 0.000000 0.00000000 0.00000000 0.22904721 0.97341531
1048.323000000 -2.400413 -3.430666 0.000000 0.00000000 0.00000000 0.22881627 0.97346963
1048.448000000 -2.403824 -3.430298 0.000000 0.00000000 0.00000000 0.22882552 0.97346745
1048.573000000 -2.398807 -3.431670 0.000000 0.00000000 0.00000000 0.22834456 0.97358038
1048.698000000 -2.403098 -3.432075 0.000000 0.00000000 0.00000000 0.22871465 0.97349351
1048.823000000 -2.403000 -3.431859 0.000000 0.00000000 0.00000000 0.22848391 0.97354769
1048.948000000 -2.405321 -3.429079 0.000000 0.00000000 0.00000000 0.22902391 0.97342080
1049.073000000 -2.398848 -3.429410 0.000000 0.00000000 0.00000000 0.22900507 0.97342523
1049.198000000 -2.402921 -3.428997 0.000000 0.00000000 0.00000000 0.22900623 0.97342496
1049.323000000 -2.403678 -3.429598 0.000000 0.00000000 0.00000000 0.22895136 0.97343786
1049.448000000 -2.407331 -3.430078 0.000000 0.00000000 0.00000000 0.22886355 0.97345851
1049.573000000 -2.402499 -3.429954 0.000000 0.00000000 0.00000000 0.22891397 0.97344666
1049.698000000 -2.402271 -3.430279 0.000000 0.00000000 0.00000000 0.22876842 0.97348087
1049.823000000 -2.400962 -3.430967 0.000000 0.00000000 0.00000000 0.22838023 0.97357202
1049.948000000 -2.402715 -3.429951 0.000000 0.00000000 0.00000000 0.22908744 0.97340585
1050.073000000 -2.402391 -3.431413 0.000000 0.00000000 0.00000000 0.22860530 0.97351919
1050.198000000 -2.400649 -3.430853 0.000000 0.00000000 0.00000000 0.22875390 0.97348429
1050.323000000 -2.400691 -3.431962 0.000000 0.00000000 0.00000000 0.22848143 0.97354827
1050.448000000 -2.401070 -3.430506 0.000000 0.00000000 0.00000000 0.22830209 0.97359034
1050.573000000 -2.400804 -3.429557 0.000000 0.00000000 0.00000000 0.22897430 0.97343247
1050.698000000 -2.399351 -3.429737 0.000000 0.00000000 0.00000000 0.22893976 0.97344059
1050.823000000 -2.403983 -3.430564 0.000000 0.00000000 0.00000000 0.22875247 0.97348462
1050.948000000 -2.399071 -3.430934 0.000000 0.00000000 0.00000000 0.22883071 0.97346623
1051.073000000 -2.403658 -3.431651 0.000000 0.00000000 0.00000000 0.22907211 0.97340946
1051.198000000 -2.401588 -3.430167 0.000000 0.00000000 0.00000000 0.22907219 0.97340944
1051.323000000 -2.402355 -3.428427 0.000000 0.00000000 0.00000000 0.22920976 0.97337705
1051.448000000 -2.402320 -3.431545 0.000000 0.00000000 0.00000000 0.22885706 0.97346004
1051.573000000 -2.404144 -3.429836 0.000000 0.00000000 0.00000000 0.22926483 0.97336408
1051.698000000 -2.403017 -3.430641 0.000000 0.00000000 0.00000000 0.22847425 0.97354996
1051.823000000 -2.403969 -3.429575 0.000000 0.00000000 0.00000000 0.22913982 0.97339352
1051.948000000 -2.403208 -3.430219 0.000000 0.00000000 0.00000000 0.22866483 0.97350521
1052.073000000 -2.405515 -3.431563 0.000000 0.00000000 0.00000000 0.22848940 0.97354640
1052.198000000 -2.400054 -3.431566 0.000000 0.00000000 0.00000000 0.22854525 0.97353329
1052.323000000 -2.400836 -3.430256 0.000000 0.00000000 0.00000000 0.22884977 0.97346175
1052.448000000 -2.403354 -3.428832 0.000000 0.00000000 0.00000000 0.22932972 0.97334880
1052.573000000 -2.399148 -3.430778 0.000000 0.00000000 0.00000000 0.22830998 0.97358849
1052.698000000 -2.402703 -3.431466 0.000000 0.00000000 0.00000000 0.22852586 0.97353784
1052.823000000 -2.404568 -3.430942 0.000000 0.00000000 0.00000000 0.22891018 0.97344755
1052.948000000 -2.403022 -3.431035 0.000000 0.00000000 0.00000000 0.22893098 0.97344266
1053.073000000 -2.402945 -3.431514 0.000000 0.00000000 0.00000000 0.22883413 0.97346543
1053.198000000 -2.400136 -3.430937 0.000000 0.00000000 0.00000000 0.22904946 0.97341479
1053.323000000 -2.402653 -3.430047 0.000000 0.00000000 0.00000000 0.22916886 0.97338668
1053.448000000 -2.402137 -3.430522 0.000000 0.00000000 0.00000000 0.22867443 0.97350296
1053.573000000 -2.404192 -3.431753 0.000000 0.00000000 0.00000000 0.22885359 0.97346085
1053.698000000 -2.402432 -3.431033 0.000000 0.00000000 0.00000000 0.22882012 0.97346872
1053.823000000 -2.403449 -3.431866 0.000000 0.00000000 0.00000000 0.22884102 0.97346381
1053.948000000 -2.402410 -3.429647 0.000000 0.00000000 0.00000000 0.22884186 0.97346361
1054.073000000 -2.404984 -3.432160 0.000000 0.00000000 0.00000000 0.22841505 0.97356385
1054.198000000 -2.404307 -3.432100 0.000000 0.00000000 0.00000000 0.22871175 0.97349419
1054.323000000 -2.403111 -3.431699 0.000000 0.00000000 0.00000000 0.22850468 0.97354282
1054.448000000 -2.404643 -3.428879 0.000000 0.00000000 0.00000000 0.22896294 0.97343514
1054.573000000 -2.401215 -3.429677 0.000000 0.00000000 0.00000000 0.22902855 0.97341971
1054.698000000 -2.401055 -3.428882 0.000000 0.00000000 0.00000000 0.22917432 0.97338540
1054.823000000 -2.401952 -3.430333 0.000000 0.00000000 0.00000000 0.22882964 0.97346649
