107.799000000 -0.001334 0.015814 -0.077980 -0.00000071 0.00000174 0.00059283 0.99999982
107.800000000 -0.001328 0.015826 -0.077980 -0.00000074 0.00000164 0.00059242 0.99999982
109.300000000 -0.002445 0.014942 -0.077990 0.00000023 0.00000017 0.00055179 0.99999985
109.400000000 -0.003294 0.014890 -0.078001 0.00000020 -0.00000026 0.00056837 0.99999984
109.518000000 -0.002942 0.014588 -0.078000 -0.00000000 0.00000000 0.00057298 0.99999984
109.643000000 -0.001887 0.014657 -0.078000 0.00000000 -0.00000000 0.00055577 0.99999985
109.768000000 -0.002897 0.014058 -0.078000 -0.00000000 0.00000000 0.00052637 0.99999986
109.800000000 -0.002899 0.014058 -0.078006 0.00000054 0.00000048 0.00052643 0.99999986
109.900000000 -0.002907 0.014057 -0.077995 -0.00000061 -0.00000275 0.00052654 0.99999986
110.018000000 -0.003268 0.015023 -0.078000 0.00000000 -0.00000000 0.00050991 0.99999987
110.143000000 -0.002815 0.014309 -0.078000 0.00000000 -0.00000000 0.00050794 0.99999987
110.268000000 -0.002365 0.015212 -0.078000 0.00000000 -0.00000000 0.00053290 0.99999986
110.300000000 -0.002367 0.015212 -0.078002 0.00000138 -0.00000224 0.00053298 0.99999986
110.400000000 -0.002374 0.015212 -0.078004 -0.00000117 -0.00000525 0.00053304 0.99999986
110.518000000 -0.001195 0.015623 -0.078000 0.00000000 0.00000000 0.00050388 0.99999987
110.643000000 -0.001636 0.014870 -0.078000 0.00000000 0.00000000 0.00050241 0.99999987
110.768000000 -0.001264 0.014275 -0.078000 -0.00000000 -0.00000000 0.00052377 0.99999986
110.800000000 -0.001266 0.014275 -0.078001 -0.00000174 -0.00000010 0.00052379 0.99999986
110.900000000 -0.001272 0.014277 -0.077993 -0.00000911 0.00000259 0.00052387 0.99999986
111.018000000 -0.002263 0.015844 -0.078000 0.00000000 -0.00000000 0.00064619 0.99999979
111.143000000 -0.002391 0.015335 -0.078000 -0.00000000 -0.00000000 0.00060931 0.99999981
111.200000000 -0.002395 0.015335 -0.077997 0.00000029 0.00000195 0.00060939 0.99999981
111.300000000 -0.002401 0.015334 -0.077995 0.00000025 0.00000004 0.00060956 0.99999981
111.400000000 -0.002795 0.014859 -0.078010 -0.00000315 -0.00000572 0.00057743 0.99999983
111.518000000 -0.002874 0.015484 -0.078000 -0.00000000 -0.00000000 0.00059609 0.99999982
111.643000000 -0.003361 0.014491 -0.078000 -0.00000000 -0.00000000 0.00060398 0.99999982
111.768000000 -0.002739 0.013665 -0.078000 0.00000000 -0.00000000 0.00057232 0.99999984
111.800000000 -0.002741 0.013665 -0.077995 0.00000031 0.00000086 0.00057239 0.99999984
111.900000000 -0.002748 0.013665 -0.077992 0.00000101 0.00000027 0.00057249 0.99999984
112.018000000 -0.002170 0.014722 -0.078000 -0.00000000 -0.00000000 0.00058427 0.99999983
112.143000000 -0.003598 0.015304 -0.078000 0.00000000 0.00000000 0.00062827 0.99999980
112.268000000 -0.002927 0.015004 -0.078000 -0.00000000 -0.00000000 0.00058310 0.99999983
112.300000000 -0.002929 0.015004 -0.077995 0.00000068 -0.00000015 0.00058313 0.99999983
112.400000000 -0.002936 0.015004 -0.078002 -0.00000114 -0.00000176 0.00058328 0.99999983
112.518000000 -0.003466 0.014594 -0.078000 0.00000000 0.00000000 0.00054646 0.99999985
112.643000000 -0.003124 0.013817 -0.078000 0.00000000 -0.00000000 0.00050573 0.99999987
112.768000000 -0.002393 0.013469 -0.078000 0.00000000 -0.00000000 0.00057413 0.99999984
112.800000000 -0.002395 0.013469 -0.078018 0.00000031 -0.00000296 0.00057414 0.99999984
112.900000000 -0.003783 0.013736 -0.078003 0.00000017 0.00000010 0.00055848 0.99999984
113.018000000 -0.002567 0.013866 -0.078000 0.00000000 -0.00000000 0.00059992 0.99999982
113.143000000 -0.002491 0.013233 -0.078000 -0.00000000 0.00000000 0.00055918 0.99999984
113.268000000 -0.001847 0.014059 -0.078000 0.00000000 -0.00000000 0.00053485 0.99999986
113.300000000 -0.001850 0.014058 -0.077991 0.00000267 0.00000237 0.00053491 0.99999986
113.400000000 -0.001857 0.014057 -0.077989 0.00001035 -0.00000067 0.00053511 0.99999986
113.518000000 -0.003559 0.014241 -0.078000 -0.00000000 -0.00000000 0.00052700 0.99999986
113.643000000 -0.002851 0.014876 -0.078000 0.00000000 -0.00000000 0.00050998 0.99999987
113.768000000 -0.002984 0.014677 -0.078000 -0.00000000 0.00000000 0.00045219 0.99999990
113.800000000 -0.002986 0.014677 -0.077995 0.00000068 -0.00000056 0.00045225 0.99999990
113.900000000 -0.002994 0.014677 -0.077996 -0.00000264 -0.00000379 0.00045236 0.99999990
114.018000000 -0.001637 0.015264 -0.078000 0.00000000 -0.00000000 0.00057262 0.99999984
114.143000000 -0.002105 0.015371 -0.078000 0.00000000 0.00000000 0.00057549 0.99999983
114.268000000 -0.002413 0.014559 -0.078000 0.00000000 0.00000000 0.00054138 0.99999985
114.393000000 -0.002040 0.014266 -0.078000 0.00000000 -0.00000000 0.00052849 0.99999986
114.400000000 -0.002040 0.014266 -0.078002 -0.00000046 -0.00000036 0.00052849 0.99999986
114.518000000 -0.001759 0.015354 -0.078000 -0.00000000 0.00000000 0.00046771 0.99999989
114.643000000 -0.002268 0.014717 -0.078000 0.00000000 -0.00000000 0.00046401 0.99999989
114.768000000 -0.001909 0.014458 -0.078000 -0.00000000 0.00000000 0.00043246 0.99999991
114.800000000 -0.001911 0.014458 -0.078004 -0.00000280 -0.00000312 0.00043250 0.99999991
114.900000000 -0.001917 0.014460 -0.078014 -0.00000927 -0.00000214 0.00043254 0.99999991
115.018000000 -0.002924 0.016059 -0.078000 0.00000000 -0.00000000 0.00047852 0.99999989
115.143000000 -0.001933 0.015189 -0.078000 -0.00000000 -0.00000000 0.00049737 0.99999988
115.268000000 -0.002765 0.015015 -0.078000 0.00000000 0.00000000 0.00047223 0.99999989
115.300000000 -0.002767 0.015015 -0.078011 -0.00000085 -0.00000075 0.00047227 0.99999989
115.400000000 -0.002774 0.015016 -0.078005 -0.00000389 -0.00000006 0.00047236 0.99999989
115.518000000 -0.002211 0.014218 -0.078000 -0.00000000 -0.00000000 0.00050516 0.99999987
115.643000000 -0.001971 0.013570 -0.078000 0.00000000 -0.00000000 0.00053876 0.99999985
115.768000000 -0.002373 0.014572 -0.078000 -0.00000000 0.00000000 0.00050481 0.99999987
115.800000000 -0.002375 0.014572 -0.078000 -0.00000097 0.00000090 0.00050486 0.99999987
115.900000000 -0.002381 0.014573 -0.077992 -0.00000266 0.00000365 0.00050494 0.99999987
116.018000000 -0.003026 0.013893 -0.078000 0.00000000 0.00000000 0.00048337 0.99999988
116.143000000 -0.003310 0.014588 -0.078000 -0.00000000 -0.00000000 0.00055432 0.99999985
116.200000000 -0.003314 0.014588 -0.077989 -0.00000110 -0.00000246 0.00055438 0.99999985
116.300000000 -0.003072 0.014887 -0.078023 -0.00000352 -0.00000060 0.00052272 0.99999986
116.400000000 -0.002168 0.014104 -0.077995 0.00000054 0.00000094 0.00052715 0.99999986
116.518000000 -0.001448 0.013705 -0.078000 -0.00000000 -0.00000000 0.00055004 0.99999985
116.643000000 -0.002799 0.013658 -0.078000 0.00000000 0.00000000 0.00054274 0.99999985
116.768000000 -0.002659 0.013144 -0.078000 -0.00000000 -0.00000000 0.00059033 0.99999983
116.800000000 -0.002661 0.013144 -0.077995 0.00000327 0.00000084 0.00059040 0.99999983
116.900000000 -0.002667 0.013141 -0.078007 0.00001419 0.00000035 0.00059055 0.99999983
117.018000000 -0.002495 0.013938 -0.078000 0.00000000 0.00000000 0.00053826 0.99999986
117.143000000 -0.002119 0.013645 -0.078000 -0.00000000 0.00000000 0.00053498 0.99999986
117.268000000 -0.002437 0.013616 -0.078000 0.00000000 -0.00000000 0.00054095 0.99999985
117.300000000 -0.002439 0.013616 -0.078003 0.00000515 -0.00000084 0.00054101 0.99999985
117.400000000 -0.002446 0.013612 -0.077998 0.00001730 -0.00000182 0.00054121 0.99999985
117.518000000 -0.002435 0.012819 -0.078000 0.00000000 -0.00000000 0.00054620 0.99999985
117.643000000 -0.002239 0.013296 -0.078000 -0.00000000 0.00000000 0.00057477 0.99999983
117.768000000 -0.002047 0.013615 -0.078000 0.00000000 -0.00000000 0.00056669 0.99999984
117.800000000 -0.002049 0.013614 -0.077983 0.00000084 0.00000346 0.00056675 0.99999984
117.900000000 -0.003002 0.013568 -0.078000 -0.00000109 0.00000005 0.00058562 0.99999983
118.018000000 -0.002730 0.014077 -0.078000 0.00000000 -0.00000000 0.00058800 0.99999983
118.143000000 -0.001944 0.013447 -0.078000 0.00000000 0.00000000 0.00056796 0.99999984
118.268000000 -0.002263 0.014110 -0.078000 0.00000000 0.00000000 0.00054816 0.99999985
118.300000000 -0.002265 0.014111 -0.078017 -0.00000299 -0.00000028 0.00054816 0.99999985
118.400000000 -0.002272 0.014112 -0.078003 0.00000035 0.00000064 0.00054823 0.99999985
118.518000000 -0.002145 0.014498 -0.078000 0.00000000 -0.00000000 0.00053328 0.99999986
118.643000000 -0.003028 0.014344 -0.078000 0.00000000 -0.00000000 0.00050930 0.99999987
118.768000000 -0.003196 0.014226 -0.078000 0.00000000 0.00000000 0.00052418 0.99999986
118.800000000 -0.003198 0.014226 -0.077996 0.00000206 0.00000032 0.00052421 0.99999986
118.900000000 -0.003205 0.014224 -0.077990 0.00000827 -0.00000072 0.00052434 0.99999986
119.018000000 -0.002038 0.014591 -0.078000 0.00000000 0.00000000 0.00052340 0.99999986
119.143000000 -0.002716 0.014227 -0.078000 0.00000000 -0.00000000 0.00054252 0.99999985
119.268000000 -0.003078 0.014695 -0.078000 0.00000000 0.00000000 0.00050975 0.99999987
119.300000000 -0.003081 0.014694 -0.077990 0.00000243 0.00000168 0.00050981 0.99999987
119.400000000 -0.003087 0.014695 -0.077987 -0.00000264 0.00000219 0.00050996 0.99999987
119.518000000 -0.002162 0.014001 -0.078000 0.00000000 0.00000000 0.00055355 0.99999985
119.643000000 -0.003360 0.014583 -0.078000 0.00000000 0.00000000 0.00054582 0.99999985
119.700000000 -0.003364 0.014582 -0.077989 0.00000489 0.00000184 0.00054596 0.99999985
119.800000000 -0.003370 0.014583 -0.078006 -0.00000618 -0.00000091 0.00054606 0.99999985
119.900000000 -0.002370 0.014094 -0.078016 -0.00001310 -0.00000173 0.00049556 0.99999988
120.018000000 -0.001908 0.013550 -0.078000 0.00000000 -0.00000000 0.00060001 0.99999982
120.143000000 -0.002353 0.014101 -0.078000 -0.00000000 -0.00000000 0.00055541 0.99999985
120.268000000 -0.003115 0.014419 -0.078000 -0.00000000 0.00000000 0.00058861 0.99999983
120.300000000 -0.003117 0.014419 -0.077993 -0.00000194 0.00000090 0.00058860 0.99999983
120.400000000 -0.003124 0.014420 -0.077989 -0.00000596 0.00000092 0.00058870 0.99999983
120.518000000 -0.002202 0.014145 -0.078000 0.00000000 -0.00000000 0.00060038 0.99999982
120.643000000 -0.002597 0.014267 -0.078000 0.00000000 0.00000000 0.00056456 0.99999984
120.768000000 -0.002633 0.014485 -0.078000 0.00000000 -0.00000000 0.00055142 0.99999985
120.800000000 -0.002635 0.014485 -0.077992 0.00000060 0.00000108 0.00055145 0.99999985
120.900000000 -0.002641 0.014485 -0.077994 0.00000334 0.00000399 0.00055154 0.99999985
121.018000000 -0.002738 0.014122 -0.078000 0.00000000 -0.00000000 0.00055818 0.99999984
121.143000000 -0.002574 0.014774 -0.078000 0.00000000 0.00000000 0.00057794 0.99999983
121.268000000 -0.002703 0.014310 -0.078000 0.00000000 -0.00000000 0.00050972 0.99999987
121.300000000 -0.002705 0.014310 -0.078009 -0.00000185 0.00000019 0.00050972 0.99999987
121.400000000 -0.002508 0.013937 -0.077996 0.00000053 0.00000077 0.00054783 0.99999985
121.518000000 -0.002435 0.014273 -0.078000 -0.00000000 -0.00000000 0.00049464 0.99999988
121.643000000 -0.001821 0.014500 -0.078000 0.00000000 -0.00000000 0.00051022 0.99999987
121.768000000 -0.001310 0.013697 -0.078000 0.00000000 -0.00000000 0.00051397 0.99999987
121.800000000 -0.001312 0.013697 -0.077990 -0.00000054 0.00000284 0.00051399 0.99999987
121.900000000 -0.001319 0.013697 -0.077991 0.00000463 0.00000049 0.00051411 0.99999987
122.018000000 -0.002249 0.014249 -0.078000 -0.00000000 0.00000000 0.00051758 0.99999987
122.143000000 -0.001829 0.014324 -0.078000 -0.00000000 0.00000000 0.00049046 0.99999988
122.268000000 -0.002150 0.015027 -0.078000 0.00000000 0.00000000 0.00049359 0.99999988
122.300000000 -0.002152 0.015027 -0.078005 0.00000147 -0.00000241 0.00049367 0.99999988
122.400000000 -0.002159 0.015028 -0.078008 -0.00000303 -0.00000514 0.00049375 0.99999988
122.518000000 -0.002652 0.014341 -0.078000 0.00000000 -0.00000000 0.00045465 0.99999990
122.643000000 -0.001778 0.014518 -0.078000 -0.00000000 -0.00000000 0.00050904 0.99999987
122.768000000 -0.003159 0.014328 -0.078000 -0.00000000 0.00000000 0.00053873 0.99999985
122.893000000 -0.004363 0.013780 -0.078000 0.00000000 0.00000000 0.00056425 0.99999984
122.900000000 -0.004364 0.013780 -0.078003 -0.00000008 -0.00000013 0.00056426 0.99999984
123.018000000 -0.003405 0.013219 -0.078000 0.00000000 -0.00000000 0.00056953 0.99999984
123.143000000 -0.003368 0.013857 -0.078000 0.00000000 0.00000000 0.00054690 0.99999985
123.268000000 -0.002638 0.014631 -0.078000 -0.00000000 0.00000000 0.00056343 0.99999984
123.300000000 -0.002639 0.014632 -0.078024 -0.00000168 -0.00000210 0.00056346 0.99999984
123.400000000 -0.002645 0.014631 -0.078014 0.00000466 0.00000244 0.00056357 0.99999984
123.518000000 -0.002799 0.013885 -0.078000 -0.00000000 -0.00000000 0.00058971 0.99999983
123.643000000 -0.003240 0.014766 -0.078000 -0.00000000 0.00000000 0.00061500 0.99999981
123.768000000 -0.002516 0.013721 -0.078000 0.00000000 -0.00000000 0.00062554 0.99999980
123.800000000 -0.002518 0.013721 -0.077993 0.00000101 0.00000075 0.00062558 0.99999980
123.900000000 -0.002524 0.013721 -0.078000 0.00000192 -0.00000433 0.00062568 0.99999980
124.018000000 -0.003082 0.015123 -0.078000 -0.00000000 -0.00000000 0.00059909 0.99999982
124.143000000 -0.003025 0.014590 -0.078000 -0.00000000 -0.00000000 0.00058096 0.99999983
124.268000000 -0.003100 0.014891 -0.078000 -0.00000000 0.00000000 0.00056531 0.99999984
124.300000000 -0.003102 0.014891 -0.077991 0.00000066 -0.00000001 0.00056534 0.99999984
124.400000000 -0.003110 0.014890 -0.077996 0.00000642 -0.00000556 0.00056547 0.99999984
124.518000000 -0.003076 0.014776 -0.078000 0.00000000 0.00000000 0.00051796 0.99999987
124.643000000 -0.002407 0.014242 -0.078000 -0.00000000 -0.00000000 0.00054716 0.99999985
124.700000000 -0.002411 0.014241 -0.077996 0.00000256 -0.00000225 0.00054722 0.99999985
124.800000000 -0.003412 0.015057 -0.078023 0.00000215 -0.00000441 0.00062293 0.99999981
124.900000000 -0.002826 0.014654 -0.077997 -0.00000077 0.00000084 0.00061872 0.99999981
125.018000000 -0.002895 0.015137 -0.078000 0.00000000 -0.00000000 0.00063773 0.99999980
125.143000000 -0.002354 0.015390 -0.078000 -0.00000000 -0.00000000 0.00063295 0.99999980
125.268000000 -0.002599 0.014811 -0.078000 0.00000000 0.00000000 0.00062669 0.99999980
125.300000000 -0.002602 0.014812 -0.077996 -0.00000305 -0.00000065 0.00062669 0.99999980
125.400000000 -0.002607 0.014812 -0.078005 0.00000053 0.00000254 0.00062679 0.99999980
125.518000000 -0.003739 0.014928 -0.078000 -0.00000000 -0.00000000 0.00062704 0.99999980
125.643000000 -0.002519 0.014020 -0.078000 -0.00000000 0.00000000 0.00062015 0.99999981
125.768000000 -0.002594 0.014233 -0.078000 0.00000000 -0.00000000 0.00066362 0.99999978
125.800000000 -0.002595 0.014233 -0.078004 0.00000058 0.00000063 0.00066368 0.99999978
125.900000000 -0.002602 0.014232 -0.078006 0.00000528 -0.00000132 0.00066382 0.99999978
126.018000000 -0.002003 0.014152 -0.078000 0.00000000 -0.00000000 0.00056764 0.99999984
126.143000000 -0.002574 0.014108 -0.078000 0.00000000 -0.00000000 0.00056414 0.99999984
126.200000000 -0.002578 0.014108 -0.078003 0.00000064 0.00000168 0.00056421 0.99999984
126.300000000 -0.003197 0.013725 -0.077990 0.00000242 -0.00000087 0.00060741 0.99999982
126.400000000 -0.003208 0.013433 -0.078001 -0.00000047 -0.00000028 0.00062037 0.99999981
126.518000000 -0.001727 0.014246 -0.078000 -0.00000000 0.00000000 0.00056580 0.99999984
126.643000000 -0.002401 0.014326 -0.078000 0.00000000 0.00000000 0.00057321 0.99999984
126.768000000 -0.001515 0.014780 -0.078000 -0.00000000 0.00000000 0.00057891 0.99999983
126.800000000 -0.001517 0.014780 -0.077979 -0.00000062 0.00000188 0.00057895 0.99999983
126.900000000 -0.001524 0.014780 -0.077986 -0.00000061 -0.00000426 0.00057907 0.99999983
127.018000000 -0.001758 0.014933 -0.078000 -0.00000000 -0.00000000 0.00056862 0.99999984
127.143000000 -0.003321 0.015094 -0.078000 0.00000000 0.00000000 0.00057717 0.99999983
127.268000000 -0.003439 0.014826 -0.078000 0.00000000 -0.00000000 0.00061709 0.99999981
127.300000000 -0.003441 0.014826 -0.077993 -0.00000022 0.00000010 0.00061712 0.99999981
127.400000000 -0.003448 0.014826 -0.077989 -0.00000270 -0.00000281 0.00061720 0.99999981
127.518000000 -0.003260 0.013967 -0.078000 -0.00000000 -0.00000000 0.00065496 0.99999979
127.643000000 -0.003056 0.014519 -0.078000 -0.00000000 -0.00000000 0.00062849 0.99999980
127.768000000 -0.002333 0.014240 -0.078000 0.00000000 0.00000000 0.00062360 0.99999981
127.800000000 -0.002335 0.014240 -0.077990 -0.00000155 0.00000088 0.00062364 0.99999981
127.900000000 -0.002341 0.014241 -0.078002 -0.00000712 0.00000302 0.00062374 0.99999981
128.018000000 -0.003006 0.014691 -0.078000 -0.00000000 -0.00000000 0.00059918 0.99999982
128.143000000 -0.002773 0.015276 -0.078000 0.00000000 0.00000000 0.00055809 0.99999984
128.200000000 -0.002777 0.015276 -0.077998 0.00000171 -0.00000184 0.00055819 0.99999984
128.300000000 -0.002319 0.014679 -0.078027 -0.00000174 -0.00000150 0.00056298 0.99999984
128.400000000 -0.002325 0.014681 -0.078005 -0.00000829 0.00000110 0.00056307 0.99999984
128.518000000 -0.002556 0.015118 -0.078000 0.00000000 0.00000000 0.00056869 0.99999984
128.643000000 -0.002462 0.015202 -0.078000 -0.00000000 0.00000000 0.00060842 0.99999981
128.768000000 -0.003123 0.015021 -0.078000 -0.00000000 -0.00000000 0.00058314 0.99999983
128.800000000 -0.003125 0.015022 -0.077989 -0.00000049 0.00000166 0.00058316 0.99999983
128.900000000 -0.003130 0.015021 -0.078000 0.00000262 0.00000231 0.00058323 0.99999983
129.018000000 -0.002994 0.013079 -0.078000 0.00000000 0.00000000 0.00050600 0.99999987
129.143000000 -0.002568 0.013407 -0.078000 0.00000000 0.00000000 0.00047799 0.99999989
129.268000000 -0.002265 0.013545 -0.078000 0.00000000 0.00000000 0.00056006 0.99999984
129.300000000 -0.002267 0.013545 -0.077998 -0.00000047 0.00000050 0.00056008 0.99999984
129.400000000 -0.002273 0.013545 -0.078000 0.00000041 0.00000078 0.00056020 0.99999984
129.518000000 -0.002110 0.014639 -0.078000 0.00000000 -0.00000000 0.00054950 0.99999985
129.643000000 -0.002648 0.015182 -0.078000 0.00000000 -0.00000000 0.00054460 0.99999985
129.700000000 -0.002652 0.015183 -0.078012 -0.00000226 -0.00000119 0.00054464 0.99999985
129.800000000 -0.003436 0.014806 -0.077989 0.00000186 0.00000303 0.00057968 0.99999983
129.900000000 -0.003294 0.014916 -0.077997 0.00000055 0.00000008 0.00060481 0.99999982
130.018000000 -0.002220 0.015053 -0.078000 0.00000000 -0.00000000 0.00054031 0.99999985
130.143000000 -0.002267 0.014642 -0.078000 0.00000000 0.00000000 0.00054861 0.99999985
130.268000000 -0.002013 0.015177 -0.078000 -0.00000000 -0.00000000 0.00056525 0.99999984
130.300000000 -0.002015 0.015177 -0.078010 -0.00000058 -0.00000326 0.00056531 0.99999984
130.400000000 -0.002022 0.015179 -0.078016 -0.00001132 -0.00000644 0.00056542 0.99999984
130.518000000 -0.003098 0.015023 -0.078000 0.00000000 0.00000000 0.00057333 0.99999984
130.643000000 -0.002558 0.014582 -0.078000 -0.00000000 0.00000000 0.00061307 0.99999981
130.768000000 -0.002559 0.014615 -0.078000 -0.00000000 -0.00000000 0.00057298 0.99999984
130.800000000 -0.002561 0.014614 -0.078001 -0.00000291 0.00000085 0.00057302 0.99999984
130.900000000 -0.002567 0.014617 -0.078000 -0.00001018 0.00000325 0.00057309 0.99999984
131.018000000 -0.002575 0.014692 -0.078000 -0.00000000 -0.00000000 0.00059380 0.99999982
131.143000000 -0.003122 0.014549 -0.078000 0.00000000 -0.00000000 0.00054595 0.99999985
131.268000000 -0.002506 0.013955 -0.078000 0.00000000 -0.00000000 0.00052912 0.99999986
131.393000000 -0.003495 0.013828 -0.078000 -0.00000000 0.00000000 0.00056809 0.99999984
131.400000000 -0.003495 0.013828 -0.077999 0.00000009 0.00000054 0.00056810 0.99999984
131.518000000 -0.003484 0.013781 -0.078000 -0.00000000 -0.00000000 0.00060825 0.99999982
131.643000000 -0.003112 0.014352 -0.078000 -0.00000000 -0.00000000 0.00061033 0.99999981
131.768000000 -0.002657 0.013741 -0.078000 -0.00000000 0.00000000 0.00064895 0.99999979
131.800000000 -0.002659 0.013741 -0.078024 -0.00000059 -0.00000055 0.00064897 0.99999979
131.900000000 -0.002666 0.013741 -0.078005 0.00000859 0.00000392 0.00064913 0.99999979
132.018000000 -0.003376 0.014638 -0.078000 0.00000000 0.00000000 0.00065208 0.99999979
132.143000000 -0.003239 0.014568 -0.078000 0.00000000 0.00000000 0.00065267 0.99999979
132.268000000 -0.003358 0.014949 -0.078000 -0.00000000 0.00000000 0.00063100 0.99999980
132.381000000 -0.003365 0.014949 -0.077980 -0.00000387 -0.00000185 0.00063115 0.99999980
132.400000000 -0.003367 0.014950 -0.077994 -0.00000584 -0.00000481 0.00063116 0.99999980
132.518000000 -0.003088 0.015499 -0.078000 0.00000000 -0.00000000 0.00055013 0.99999985
132.643000000 -0.002814 0.015529 -0.078000 -0.00000000 0.00000000 0.00058357 0.99999983
132.768000000 -0.002827 0.015596 -0.078000 0.00000000 0.00000000 0.00059875 0.99999982
132.800000000 -0.002829 0.015596 -0.078004 0.00000193 -0.00000193 0.00059880 0.99999982
132.900000000 -0.002836 0.015596 -0.078010 -0.00000007 -0.00000153 0.00059892 0.99999982
133.018000000 -0.002751 0.015183 -0.078000 0.00000000 -0.00000000 0.00056840 0.99999984
133.143000000 -0.003224 0.015373 -0.078000 -0.00000000 0.00000000 0.00059182 0.99999982
133.268000000 -0.002737 0.015056 -0.078000 -0.00000000 -0.00000000 0.00057207 0.99999984
133.300000000 -0.002739 0.015056 -0.078002 0.00000124 0.00000195 0.00057212 0.99999984
133.400000000 -0.001810 0.014308 -0.077994 -0.00000096 0.00000066 0.00063900 0.99999980
133.518000000 -0.002069 0.014015 -0.078000 0.00000000 -0.00000000 0.00061239 0.99999981
133.643000000 -0.002276 0.014274 -0.078000 0.00000000 0.00000000 0.00058284 0.99999983
133.768000000 -0.002685 0.014675 -0.078000 -0.00000000 0.00000000 0.00052287 0.99999986
133.800000000 -0.002687 0.014675 -0.077997 -0.00000146 -0.00000151 0.00052288 0.99999986
133.900000000 -0.002693 0.014676 -0.078002 -0.00000335 -0.00000178 0.00052298 0.99999986
134.018000000 -0.002616 0.014003 -0.078000 0.00000000 -0.00000000 0.00057962 0.99999983
134.143000000 -0.003099 0.014389 -0.078000 0.00000000 0.00000000 0.00062352 0.99999981
134.268000000 -0.003690 0.014288 -0.078000 -0.00000000 0.00000000 0.00064227 0.99999979
134.300000000 -0.003692 0.014288 -0.078002 -0.00000420 -0.00000015 0.00064226 0.99999979
134.400000000 -0.003698 0.014289 -0.077997 -0.00000416 0.00000314 0.00064235 0.99999979
134.518000000 -0.003703 0.014079 -0.078000 -0.00000000 -0.00000000 0.00056568 0.99999984
134.643000000 -0.003873 0.014748 -0.078000 -0.00000000 -0.00000000 0.00055645 0.99999985
134.768000000 -0.002337 0.014214 -0.078000 0.00000000 0.00000000 0.00055072 0.99999985
134.893000000 -0.001353 0.014334 -0.078000 -0.00000000 0.00000000 0.00051680 0.99999987
134.900000000 -0.001353 0.014334 -0.077999 -0.00000006 0.00000024 0.00051681 0.99999987
135.018000000 -0.002613 0.014962 -0.078000 0.00000000 -0.00000000 0.00052040 0.99999986
135.143000000 -0.002104 0.014022 -0.078000 -0.00000000 0.00000000 0.00047056 0.99999989
135.268000000 -0.002618 0.014719 -0.078000 -0.00000000 0.00000000 0.00051928 0.99999987
135.300000000 -0.002620 0.014719 -0.077980 0.00000079 0.00000421 0.00051931 0.99999987
135.400000000 -0.002625 0.014719 -0.077990 -0.00000222 0.00000186 0.00051941 0.99999987
135.518000000 -0.003077 0.013906 -0.078000 -0.00000000 -0.00000000 0.00054252 0.99999985
135.643000000 -0.001936 0.014157 -0.078000 0.00000000 -0.00000000 0.00056844 0.99999984
135.768000000 -0.002519 0.015114 -0.078000 -0.00000000 0.00000000 0.00055725 0.99999984
135.800000000 -0.002521 0.015114 -0.078007 0.00000210 -0.00000199 0.00055730 0.99999984
135.900000000 -0.002528 0.015112 -0.078005 0.00000632 -0.00000571 0.00055743 0.99999984
136.018000000 -0.003832 0.014064 -0.078000 0.00000000 -0.00000000 0.00057048 0.99999984
136.143000000 -0.002605 0.013714 -0.078000 0.00000000 0.00000000 0.00056897 0.99999984
136.268000000 -0.003844 0.014344 -0.078000 -0.00000000 -0.00000000 0.00058751 0.99999983
136.300000000 -0.003846 0.014344 -0.077995 0.00000196 0.00000109 0.00058759 0.99999983
136.400000000 -0.003852 0.014343 -0.077988 0.00000385 0.00000190 0.00058775 0.99999983
136.518000000 -0.003632 0.013838 -0.078000 -0.00000000 0.00000000 0.00067983 0.99999977
136.643000000 -0.003062 0.014570 -0.078000 0.00000000 -0.00000000 0.00068464 0.99999977
136.700000000 -0.003066 0.014568 -0.077994 0.00001146 0.00000160 0.00068480 0.99999977
136.800000000 -0.002794 0.014896 -0.077984 -0.00000714 0.00000045 0.00063719 0.99999980
136.900000000 -0.002800 0.014902 -0.078010 -0.00002666 0.00000121 0.00063721 0.99999980
137.018000000 -0.002362 0.014749 -0.078000 0.00000000 0.00000000 0.00060529 0.99999982
137.143000000 -0.002998 0.014721 -0.078000 -0.00000000 0.00000000 0.00061466 0.99999981
137.268000000 -0.002521 0.013729 -0.078000 -0.00000000 -0.00000000 0.00053648 0.99999986
137.300000000 -0.002523 0.013730 -0.078004 0.00000195 0.00000101 0.00053652 0.99999986
137.400000000 -0.002530 0.013728 -0.077998 0.00001125 0.00000008 0.00053663 0.99999986
137.518000000 -0.004163 0.013917 -0.078000 0.00000000 -0.00000000 0.00050680 0.99999987
137.643000000 -0.004009 0.014579 -0.078000 -0.00000000 0.00000000 0.00054639 0.99999985
137.768000000 -0.002648 0.014217 -0.078000 0.00000000 0.00000000 0.00057329 0.99999984
137.800000000 -0.002650 0.014217 -0.077996 0.00000242 0.00000037 0.00057337 0.99999984
137.900000000 -0.002657 0.014215 -0.077992 0.00000871 0.00000150 0.00057351 0.99999984
138.018000000 -0.002040 0.014180 -0.078000 0.00000000 -0.00000000 0.00057483 0.99999983
138.143000000 -0.001933 0.013935 -0.078000 -0.00000000 -0.00000000 0.00062384 0.99999981
138.200000000 -0.001937 0.013934 -0.078003 0.00000894 -0.00000086 0.00062396 0.99999981
138.300000000 -0.002493 0.013645 -0.077979 -0.00000684 0.00000249 0.00059242 0.99999982
138.400000000 -0.003174 0.014426 -0.078004 -0.00000028 -0.00000022 0.00053438 0.99999986
138.518000000 -0.003095 0.014652 -0.078000 -0.00000000 -0.00000000 0.00060888 0.99999981
138.643000000 -0.003545 0.014989 -0.078000 0.00000000 -0.00000000 0.00059966 0.99999982
138.768000000 -0.003489 0.014272 -0.078000 -0.00000000 0.00000000 0.00063710 0.99999980
138.800000000 -0.003491 0.014272 -0.078012 0.00000190 0.00000076 0.00063713 0.99999980
138.900000000 -0.003498 0.014271 -0.077999 0.00000864 0.00000013 0.00063731 0.99999980
139.018000000 -0.003957 0.014447 -0.078000 -0.00000000 0.00000000 0.00065117 0.99999979
139.143000000 -0.003527 0.014865 -0.078000 0.00000000 -0.00000000 0.00064939 0.99999979
139.268000000 -0.003112 0.014768 -0.078000 -0.00000000 0.00000000 0.00066801 0.99999978
139.300000000 -0.003114 0.014768 -0.078001 0.00000150 -0.00000113 0.00066806 0.99999978
139.400000000 -0.003121 0.014766 -0.078003 0.00000711 -0.00000545 0.00066819 0.99999978
139.518000000 -0.002660 0.014545 -0.078000 -0.00000000 0.00000000 0.00063441 0.99999980
139.643000000 -0.002391 0.014797 -0.078000 0.00000000 -0.00000000 0.00069882 0.99999976
139.768000000 -0.003596 0.015280 -0.078000 -0.00000000 0.00000000 0.00071207 0.99999975
139.893000000 -0.003290 0.015484 -0.078000 0.00000000 0.00000000 0.00074630 0.99999972
139.900000000 -0.003290 0.015484 -0.078003 -0.00000011 -0.00000056 0.00074631 0.99999972
140.018000000 -0.004090 0.015351 -0.078000 0.00000000 -0.00000000 0.00068216 0.99999977
140.143000000 -0.003351 0.015372 -0.078000 -0.00000000 0.00000000 0.00064953 0.99999979
140.268000000 -0.002922 0.015230 -0.078000 0.00000000 0.00000000 0.00063494 0.99999980
140.300000000 -0.002925 0.015230 -0.078019 -0.00000051 -0.00000408 0.00063498 0.99999980
140.400000000 -0.002932 0.015231 -0.078011 -0.00000385 -0.00000559 0.00063507 0.99999980
140.518000000 -0.002724 0.014348 -0.078000 0.00000000 0.00000000 0.00065918 0.99999978
140.643000000 -0.003465 0.014321 -0.078000 -0.00000000 0.00000000 0.00062909 0.99999980
140.768000000 -0.003299 0.013946 -0.078000 -0.00000000 0.00000000 0.00061219 0.99999981
140.800000000 -0.003301 0.013946 -0.077991 -0.00000346 0.00000040 0.00061219 0.99999981
140.900000000 -0.003308 0.013947 -0.077991 -0.00000324 0.00000170 0.00061231 0.99999981
141.018000000 -0.003154 0.014156 -0.078000 0.00000000 0.00000000 0.00057043 0.99999984
141.143000000 -0.003462 0.015005 -0.078000 -0.00000000 -0.00000000 0.00057571 0.99999983
141.268000000 -0.002495 0.015061 -0.078000 -0.00000000 0.00000000 0.00064014 0.99999980
141.300000000 -0.002497 0.015062 -0.078003 0.00000118 -0.00000033 0.00064019 0.99999980
141.400000000 -0.002504 0.015060 -0.078012 0.00000709 0.00000198 0.00064028 0.99999979
141.518000000 -0.003972 0.014539 -0.078000 -0.00000000 -0.00000000 0.00057298 0.99999984
141.643000000 -0.003506 0.014526 -0.078000 -0.00000000 0.00000000 0.00057832 0.99999983
141.700000000 -0.003510 0.014527 -0.078007 -0.00000532 -0.00000033 0.00057833 0.99999983
141.800000000 -0.003209 0.014849 -0.077991 0.00000174 0.00000279 0.00059569 0.99999982
141.900000000 -0.002769 0.014811 -0.077994 0.00000001 0.00000043 0.00057867 0.99999983
142.018000000 -0.003374 0.015093 -0.078000 -0.00000000 -0.00000000 0.00064196 0.99999979
142.143000000 -0.003130 0.014680 -0.078000 -0.00000000 -0.00000000 0.00064321 0.99999979
142.268000000 -0.003619 0.014063 -0.078000 0.00000000 -0.00000000 0.00065382 0.99999979
142.300000000 -0.003622 0.014063 -0.077983 -0.00000114 0.00000057 0.00065387 0.99999979
142.400000000 -0.003628 0.014063 -0.077988 -0.00000335 -0.00000427 0.00065396 0.99999979
142.518000000 -0.003168 0.014534 -0.078000 0.00000000 -0.00000000 0.00066070 0.99999978
142.643000000 -0.003496 0.014817 -0.078000 -0.00000000 0.00000000 0.00063062 0.99999980
142.768000000 -0.003057 0.013822 -0.078000 -0.00000000 0.00000000 0.00061651 0.99999981
142.800000000 -0.003060 0.013822 -0.077995 -0.00000041 -0.00000129 0.00061655 0.99999981
142.900000000 -0.003066 0.013822 -0.077997 0.00000009 -0.00000177 0.00061665 0.99999981
143.018000000 -0.002983 0.014970 -0.078000 0.00000000 0.00000000 0.00060081 0.99999982
143.143000000 -0.003197 0.014552 -0.078000 0.00000000 -0.00000000 0.00060973 0.99999981
143.268000000 -0.003558 0.014575 -0.078000 -0.00000000 -0.00000000 0.00061397 0.99999981
143.393000000 -0.003207 0.014404 -0.078000 0.00000000 0.00000000 0.00064797 0.99999979
143.400000000 -0.003208 0.014404 -0.078001 -0.00000010 -0.00000003 0.00064798 0.99999979
143.518000000 -0.003845 0.013993 -0.078000 -0.00000000 -0.00000000 0.00059923 0.99999982
143.643000000 -0.003443 0.013967 -0.078000 -0.00000000 0.00000000 0.00066594 0.99999978
143.768000000 -0.003173 0.014152 -0.078000 0.00000000 -0.00000000 0.00065939 0.99999978
143.800000000 -0.003176 0.014152 -0.077992 -0.00000018 0.00000116 0.00065941 0.99999978
143.900000000 -0.003183 0.014152 -0.077986 0.00000081 0.00000097 0.00065950 0.99999978
144.018000000 -0.004123 0.015183 -0.078000 -0.00000000 -0.00000000 0.00065166 0.99999979
144.143000000 -0.003522 0.014684 -0.078000 0.00000000 0.00000000 0.00059175 0.99999982
144.268000000 -0.002261 0.014846 -0.078000 0.00000000 -0.00000000 0.00058714 0.99999983
144.300000000 -0.002263 0.014846 -0.077993 0.00000057 0.00000153 0.00058716 0.99999983
144.400000000 -0.002269 0.014845 -0.077989 0.00000318 0.00000539 0.00058729 0.99999983
144.518000000 -0.002358 0.014775 -0.078000 -0.00000000 -0.00000000 0.00056129 0.99999984
144.643000000 -0.002980 0.014519 -0.078000 0.00000000 -0.00000000 0.00058489 0.99999983
144.768000000 -0.003319 0.014400 -0.078000 0.00000000 -0.00000000 0.00057347 0.99999984
144.800000000 -0.003321 0.014400 -0.077989 0.00000048 0.00000196 0.00057351 0.99999984
144.900000000 -0.003328 0.014399 -0.077999 0.00000322 -0.00000096 0.00057367 0.99999984
145.018000000 -0.004037 0.013869 -0.078000 0.00000000 0.00000000 0.00064218 0.99999979
145.143000000 -0.003317 0.014786 -0.078000 0.00000000 -0.00000000 0.00064809 0.99999979
145.200000000 -0.003320 0.014786 -0.078007 0.00000207 -0.00000077 0.00064816 0.99999979
145.300000000 -0.003327 0.014785 -0.077999 0.00000450 -0.00000099 0.00064832 0.99999979
145.400000000 -0.004873 0.014272 -0.077990 -0.00000202 -0.00000183 0.00067551 0.99999977
145.518000000 -0.004238 0.014721 -0.078000 0.00000000 0.00000000 0.00064501 0.99999979
145.643000000 -0.003881 0.014124 -0.078000 0.00000000 -0.00000000 0.00069962 0.99999976
145.768000000 -0.003581 0.014264 -0.078000 -0.00000000 -0.00000000 0.00068922 0.99999976
145.800000000 -0.003583 0.014263 -0.077989 0.00000079 -0.00000056 0.00068928 0.99999976
145.900000000 -0.003589 0.014263 -0.078000 0.00000024 0.00000149 0.00068940 0.99999976
146.018000000 -0.003621 0.015431 -0.078000 0.00000000 -0.00000000 0.00068727 0.99999976
146.143000000 -0.003997 0.014008 -0.078000 0.00000000 -0.00000000 0.00064528 0.99999979
146.287000000 -0.003278 0.013694 -0.078003 -0.00000047 0.00000134 0.00061261 0.99999981
146.300000000 -0.003279 0.013694 -0.078001 -0.00000105 0.00000135 0.00061264 0.99999981
146.400000000 -0.003284 0.013694 -0.077994 -0.00000107 0.00000565 0.00061271 0.99999981
146.518000000 -0.004160 0.015051 -0.078000 -0.00000000 0.00000000 0.00060659 0.99999982
146.643000000 -0.003560 0.014818 -0.078000 -0.00000000 -0.00000000 0.00059999 0.99999982
146.768000000 -0.003531 0.014004 -0.078000 0.00000000 -0.00000000 0.00059458 0.99999982
146.800000000 -0.003533 0.014004 -0.078007 0.00000034 -0.00000104 0.00059463 0.99999982
146.900000000 -0.003859 0.014308 -0.078002 0.00000036 -0.00000023 0.00059338 0.99999982
147.018000000 -0.004313 0.014180 -0.078000 0.00000000 -0.00000000 0.00061852 0.99999981
147.143000000 -0.004441 0.015727 -0.078000 -0.00000000 -0.00000000 0.00067480 0.99999977
147.268000000 -0.003225 0.015829 -0.078000 0.00000000 -0.00000000 0.00067290 0.99999977
147.300000000 -0.003228 0.015829 -0.077979 0.00000155 0.00000103 0.00067297 0.99999977
147.400000000 -0.003234 0.015827 -0.077990 0.00000773 -0.00000366 0.00067313 0.99999977
147.518000000 -0.003638 0.015249 -0.078000 0.00000000 0.00000000 0.00068870 0.99999976
147.643000000 -0.003522 0.015690 -0.078000 -0.00000000 0.00000000 0.00067442 0.99999977
147.768000000 -0.002988 0.014775 -0.078000 0.00000000 0.00000000 0.00068855 0.99999976
147.800000000 -0.002990 0.014775 -0.078001 0.00000696 -0.00000007 0.00068863 0.99999976
147.900000000 -0.002996 0.014772 -0.078007 0.00001190 -0.00000198 0.00068878 0.99999976
148.018000000 -0.003166 0.014828 -0.078000 0.00000000 -0.00000000 0.00063982 0.99999980
148.143000000 -0.003111 0.013955 -0.078000 0.00000000 0.00000000 0.00057418 0.99999984
148.268000000 -0.004107 0.014693 -0.078000 -0.00000000 0.00000000 0.00059372 0.99999982
148.393000000 -0.002754 0.014659 -0.078000 0.00000000 0.00000000 0.00056918 0.99999984
148.400000000 -0.002755 0.014659 -0.078001 -0.00000089 -0.00000012 0.00056918 0.99999984
148.518000000 -0.002902 0.014982 -0.078000 0.00000000 0.00000000 0.00060886 0.99999981
148.643000000 -0.003045 0.015014 -0.078000 0.00000000 -0.00000000 0.00064336 0.99999979
148.768000000 -0.002616 0.015452 -0.078000 -0.00000000 -0.00000000 0.00065357 0.99999979
148.800000000 -0.002618 0.015452 -0.077979 -0.00000091 0.00000018 0.00065361 0.99999979
148.900000000 -0.002625 0.015452 -0.077999 -0.00000459 -0.00000424 0.00065374 0.99999979
149.018000000 -0.003095 0.014485 -0.078000 0.00000000 0.00000000 0.00072455 0.99999974
149.143000000 -0.004167 0.015049 -0.078000 0.00000000 -0.00000000 0.00070669 0.99999975
149.268000000 -0.003613 0.014890 -0.078000 0.00000000 -0.00000000 0.00071994 0.99999974
149.300000000 -0.003615 0.014890 -0.078009 -0.00000044 -0.00000168 0.00071996 0.99999974
149.400000000 -0.003623 0.014890 -0.078006 0.00000001 -0.00000108 0.00072009 0.99999974
149.518000000 -0.003389 0.015154 -0.078000 0.00000000 -0.00000000 0.00064128 0.99999979
149.643000000 -0.003137 0.014995 -0.078000 -0.00000000 -0.00000000 0.00063462 0.99999980
149.768000000 -0.002558 0.014773 -0.078000 0.00000000 -0.00000000 0.00060817 0.99999982
149.800000000 -0.002561 0.014773 -0.077997 -0.00000408 0.00000123 0.00060815 0.99999982
149.900000000 -0.002566 0.014774 -0.078002 -0.00000461 0.00000278 0.00060825 0.99999982
150.018000000 -0.002154 0.014841 -0.078000 -0.00000000 -0.00000000 0.00060106 0.99999982
150.143000000 -0.003825 0.015439 -0.078000 0.00000000 -0.00000000 0.00062483 0.99999980
150.200000000 -0.003829 0.015440 -0.077999 -0.00000269 -0.00000048 0.00062489 0.99999980
150.300000000 -0.003289 0.015884 -0.078022 0.00000125 -0.00000104 0.00064207 0.99999979
150.400000000 -0.003137 0.014825 -0.077996 -0.00000010 0.00000099 0.00059647 0.99999982
150.518000000 -0.003403 0.014127 -0.078000 -0.00000000 0.00000000 0.00062224 0.99999981
150.643000000 -0.002298 0.015059 -0.078000 0.00000000 -0.00000000 0.00064120 0.99999979
150.768000000 -0.002507 0.014360 -0.078000 0.00000000 -0.00000000 0.00060500 0.99999982
150.800000000 -0.002509 0.014360 -0.077993 -0.00000028 0.00000310 0.00060504 0.99999982
150.900000000 -0.002515 0.014360 -0.077995 0.00000014 0.00000381 0.00060520 0.99999982
151.018000000 -0.002659 0.013917 -0.078000 0.00000000 -0.00000000 0.00056455 0.99999984
151.143000000 -0.003896 0.014698 -0.078000 0.00000000 -0.00000000 0.00061058 0.99999981
151.268000000 -0.004795 0.013770 -0.078000 -0.00000000 0.00000000 0.00056840 0.99999984
151.300000000 -0.004797 0.013770 -0.077995 0.00000172 0.00000152 0.00056845 0.99999984
151.400000000 -0.004803 0.013770 -0.077995 0.00000151 0.00000276 0.00056861 0.99999984
151.518000000 -0.003351 0.014835 -0.078000 0.00000000 -0.00000000 0.00057227 0.99999984
151.643000000 -0.003559 0.015253 -0.078000 -0.00000000 0.00000000 0.00051643 0.99999987
151.700000000 -0.003563 0.015253 -0.078012 0.00000297 -0.00000185 0.00051653 0.99999987
151.897000000 -0.002774 0.015045 -0.078001 -0.00000036 -0.00000034 0.00061016 0.99999981
151.900000000 -0.002768 0.015042 -0.078002 -0.00000044 -0.00000024 0.00061104 0.99999981
152.018000000 -0.003511 0.015509 -0.078000 0.00000000 0.00000000 0.00063982 0.99999980
152.143000000 -0.003575 0.015600 -0.078000 -0.00000000 0.00000000 0.00065001 0.99999979
152.268000000 -0.003533 0.014895 -0.078000 -0.00000000 0.00000000 0.00069629 0.99999976
152.300000000 -0.003535 0.014895 -0.078023 -0.00000178 -0.00000107 0.00069633 0.99999976
152.400000000 -0.003541 0.014896 -0.078010 -0.00000281 0.00000378 0.00069639 0.99999976
152.518000000 -0.003860 0.015118 -0.078000 0.00000000 0.00000000 0.00066072 0.99999978
152.643000000 -0.002603 0.014868 -0.078000 -0.00000000 -0.00000000 0.00067511 0.99999977
152.768000000 -0.003305 0.015019 -0.078000 0.00000000 -0.00000000 0.00059893 0.99999982
152.800000000 -0.003307 0.015020 -0.077995 0.00000109 0.00000083 0.00059897 0.99999982
152.900000000 -0.003314 0.015018 -0.077995 0.00000767 -0.00000066 0.00059912 0.99999982
153.018000000 -0.002974 0.014790 -0.078000 -0.00000000 -0.00000000 0.00066027 0.99999978
153.143000000 -0.003965 0.015610 -0.078000 -0.00000000 0.00000000 0.00067458 0.99999977
153.268000000 -0.004160 0.015725 -0.078000 -0.00000000 0.00000000 0.00065123 0.99999979
153.300000000 -0.004162 0.015725 -0.077993 0.00000152 0.00000039 0.00065126 0.99999979
153.400000000 -0.004168 0.015724 -0.078008 0.00000331 0.00000004 0.00065139 0.99999979
153.518000000 -0.003098 0.015264 -0.078000 -0.00000000 0.00000000 0.00063100 0.99999980
153.643000000 -0.003552 0.014569 -0.078000 0.00000000 -0.00000000 0.00057074 0.99999984
153.700000000 -0.003555 0.014569 -0.077984 0.00000089 0.00000200 0.00057078 0.99999984
153.800000000 -0.003042 0.015055 -0.078007 0.00000090 -0.00000079 0.00059251 0.99999982
153.900000000 -0.002560 0.014764 -0.078004 -0.00000032 -0.00000040 0.00058218 0.99999983
154.018000000 -0.003737 0.014660 -0.078000 0.00000000 0.00000000 0.00064911 0.99999979
154.143000000 -0.004501 0.015379 -0.078000 -0.00000000 0.00000000 0.00063103 0.99999980
154.268000000 -0.002988 0.014969 -0.078000 -0.00000000 -0.00000000 0.00068702 0.99999976
154.300000000 -0.002990 0.014969 -0.078012 -0.00000082 -0.00000019 0.00068705 0.99999976
154.400000000 -0.002996 0.014969 -0.078003 -0.00000383 0.00000023 0.00068717 0.99999976
154.518000000 -0.003187 0.014336 -0.078000 -0.00000000 0.00000000 0.00064461 0.99999979
154.643000000 -0.002628 0.014064 -0.078000 0.00000000 -0.00000000 0.00056560 0.99999984
154.768000000 -0.003508 0.014582 -0.078000 -0.00000000 -0.00000000 0.00055452 0.99999985
154.800000000 -0.003510 0.014582 -0.078005 -0.00000080 -0.00000146 0.00055457 0.99999985
154.900000000 -0.003517 0.014583 -0.077994 -0.00000324 -0.00000414 0.00055466 0.99999985
155.018000000 -0.003634 0.015572 -0.078000 -0.00000000 0.00000000 0.00059569 0.99999982
155.143000000 -0.002733 0.014415 -0.078000 -0.00000000 -0.00000000 0.00055930 0.99999984
155.200000000 -0.002737 0.014415 -0.078011 0.00000020 -0.00000288 0.00055938 0.99999984
155.300000000 -0.003245 0.014397 -0.077983 -0.00000132 0.00000334 0.00057556 0.99999983
155.400000000 -0.003265 0.013742 -0.077999 -0.00000002 -0.00000004 0.00053888 0.99999985
155.518000000 -0.002743 0.014705 -0.078000 0.00000000 -0.00000000 0.00058825 0.99999983
155.643000000 -0.002755 0.014717 -0.078000 -0.00000000 -0.00000000 0.00061398 0.99999981
155.768000000 -0.003899 0.014794 -0.078000 -0.00000000 0.00000000 0.00061844 0.99999981
155.800000000 -0.003901 0.014795 -0.077999 0.00000011 -0.00000034 0.00061845 0.99999981
155.900000000 -0.003906 0.014794 -0.078012 0.00000436 0.00000213 0.00061854 0.99999981
156.018000000 -0.002387 0.014803 -0.078000 -0.00000000 -0.00000000 0.00069271 0.99999976
156.143000000 -0.001700 0.014001 -0.078000 0.00000000 0.00000000 0.00062464 0.99999980
156.268000000 -0.002149 0.014242 -0.078000 -0.00000000 0.00000000 0.00060622 0.99999982
156.300000000 -0.002151 0.014242 -0.078003 0.00000095 -0.00000086 0.00060625 0.99999982
156.400000000 -0.002158 0.014241 -0.078001 0.00000446 -0.00000056 0.00060637 0.99999982
156.518000000 -0.003173 0.014871 -0.078000 0.00000000 -0.00000000 0.00064171 0.99999979
156.643000000 -0.003034 0.014561 -0.078000 -0.00000000 0.00000000 0.00060718 0.99999982
156.768000000 -0.003582 0.014791 -0.078000 0.00000000 -0.00000000 0.00057182 0.99999984
156.893000000 -0.003668 0.014272 -0.078000 0.00000000 -0.00000000 0.00058443 0.99999983
156.900000000 -0.003668 0.014272 -0.078003 0.00000031 -0.00000049 0.00058444 0.99999983
157.018000000 -0.002863 0.015364 -0.078000 0.00000000 -0.00000000 0.00057559 0.99999983
157.143000000 -0.002617 0.015050 -0.078000 -0.00000000 0.00000000 0.00055300 0.99999985
157.268000000 -0.003259 0.014982 -0.078000 -0.00000000 0.00000000 0.00060049 0.99999982
157.300000000 -0.003261 0.014982 -0.078006 0.00000140 -0.00000342 0.00060053 0.99999982
157.400000000 -0.003267 0.014980 -0.078020 0.00000457 -0.00000491 0.00060065 0.99999982
157.518000000 -0.003989 0.015094 -0.078000 -0.00000000 -0.00000000 0.00059873 0.99999982
157.643000000 -0.003113 0.014775 -0.078000 0.00000000 0.00000000 0.00060990 0.99999981
157.768000000 -0.003868 0.014783 -0.078000 0.00000000 -0.00000000 0.00055803 0.99999984
157.800000000 -0.003870 0.014782 -0.078005 -0.00000001 0.00000033 0.00055807 0.99999984
157.900000000 -0.003876 0.014783 -0.077998 -0.00000603 0.00000095 0.00055820 0.99999984
158.018000000 -0.002883 0.014060 -0.078000 -0.00000000 0.00000000 0.00051346 0.99999987
158.143000000 -0.002467 0.014617 -0.078000 -0.00000000 -0.00000000 0.00052680 0.99999986
158.268000000 -0.001984 0.015335 -0.078000 0.00000000 0.00000000 0.00052959 0.99999986
158.300000000 -0.001986 0.015335 -0.078000 -0.00000217 0.00000080 0.00052959 0.99999986
158.400000000 -0.001992 0.015336 -0.077994 -0.00000556 0.00000187 0.00052968 0.99999986
158.518000000 -0.004036 0.015641 -0.078000 0.00000000 -0.00000000 0.00052581 0.99999986
158.643000000 -0.004590 0.014381 -0.078000 0.00000000 0.00000000 0.00056155 0.99999984
158.700000000 -0.004594 0.014382 -0.078001 -0.00000321 0.00000113 0.00056159 0.99999984
158.800000000 -0.004231 0.014509 -0.077988 0.00000104 0.00000110 0.00054640 0.99999985
158.900000000 -0.004237 0.014507 -0.078010 0.00000630 -0.00000135 0.00054652 0.99999985
159.018000000 -0.002794 0.014524 -0.078000 0.00000000 0.00000000 0.00051718 0.99999987
159.143000000 -0.003156 0.014470 -0.078000 0.00000000 0.00000000 0.00049871 0.99999988
159.268000000 -0.003109 0.015058 -0.078000 0.00000000 0.00000000 0.00053444 0.99999986
159.300000000 -0.003111 0.015058 -0.077990 -0.00000073 0.00000172 0.00053447 0.99999986
159.400000000 -0.003118 0.015057 -0.077988 0.00000351 -0.00000325 0.00053459 0.99999986
159.518000000 -0.001876 0.014512 -0.078000 0.00000000 -0.00000000 0.00054672 0.99999985
159.643000000 -0.002249 0.013700 -0.078000 0.00000000 -0.00000000 0.00056572 0.99999984
159.768000000 -0.004697 0.013903 -0.078000 0.00000000 0.00000000 0.00051719 0.99999987
159.800000000 -0.004699 0.013903 -0.077998 0.00000135 -0.00000011 0.00051721 0.99999987
159.900000000 -0.004706 0.013900 -0.077998 0.00001155 -0.00000122 0.00051735 0.99999987
160.018000000 -0.003341 0.015437 -0.078000 -0.00000000 0.00000000 0.00057203 0.99999984
160.143000000 -0.003940 0.014921 -0.078000 -0.00000000 0.00000000 0.00054305 0.99999985
160.268000000 -0.003229 0.014758 -0.078000 0.00000000 0.00000000 0.00054098 0.99999985
160.393000000 -0.003675 0.014493 -0.078000 -0.00000000 0.00000000 0.00056131 0.99999984
160.400000000 -0.003676 0.014493 -0.078001 -0.00000105 -0.00000009 0.00056131 0.99999984
160.518000000 -0.003240 0.014412 -0.078000 0.00000000 -0.00000000 0.00057596 0.99999983
160.643000000 -0.003321 0.015007 -0.078000 -0.00000000 -0.00000000 0.00050380 0.99999987
160.768000000 -0.004029 0.014963 -0.078000 -0.00000000 -0.00000000 0.00052062 0.99999986
160.800000000 -0.004031 0.014964 -0.078021 -0.00000525 -0.00000161 0.00052062 0.99999986
160.900000000 -0.004038 0.014966 -0.078012 -0.00001323 0.00000025 0.00052069 0.99999986
161.018000000 -0.003827 0.014529 -0.078000 -0.00000000 0.00000000 0.00047749 0.99999989
161.143000000 -0.004077 0.014627 -0.078000 0.00000000 0.00000000 0.00048822 0.99999988
161.268000000 -0.002955 0.015091 -0.078000 0.00000000 -0.00000000 0.00056499 0.99999984
161.300000000 -0.002957 0.015091 -0.078005 -0.00000221 0.00000008 0.00056501 0.99999984
161.400000000 -0.002964 0.015092 -0.078001 -0.00000441 0.00000222 0.00056508 0.99999984
161.518000000 -0.003268 0.014702 -0.078000 0.00000000 -0.00000000 0.00052794 0.99999986
161.643000000 -0.003030 0.015683 -0.078000 0.00000000 0.00000000 0.00050480 0.99999987
161.768000000 -0.002333 0.014922 -0.078000 0.00000000 -0.00000000 0.00052554 0.99999986
161.800000000 -0.002335 0.014922 -0.077993 -0.00000255 0.00000145 0.00052553 0.99999986
161.900000000 -0.002341 0.014924 -0.077991 -0.00000824 -0.00000154 0.00052562 0.99999986
162.018000000 -0.003643 0.014381 -0.078000 -0.00000000 0.00000000 0.00055483 0.99999985
162.143000000 -0.003868 0.014603 -0.078000 -0.00000000 0.00000000 0.00053622 0.99999986
162.200000000 -0.003871 0.014604 -0.077995 -0.00000373 -0.00000066 0.00053623 0.99999986
162.300000000 -0.003731 0.015562 -0.078017 0.00000081 -0.00000158 0.00049948 0.99999988
162.400000000 -0.004186 0.014670 -0.077995 0.00000000 0.00000096 0.00051377 0.99999987
162.518000000 -0.003347 0.014670 -0.078000 0.00000000 0.00000000 0.00051986 0.99999986
162.643000000 -0.002868 0.014792 -0.078000 -0.00000000 -0.00000000 0.00053670 0.99999986
162.768000000 -0.002882 0.014887 -0.078000 -0.00000000 0.00000000 0.00052112 0.99999986
162.800000000 -0.002884 0.014887 -0.078004 -0.00000186 -0.00000053 0.00052112 0.99999986
162.900000000 -0.002890 0.014888 -0.078008 -0.00000144 0.00000077 0.00052121 0.99999986
163.018000000 -0.003782 0.014696 -0.078000 0.00000000 -0.00000000 0.00056019 0.99999984
163.143000000 -0.003166 0.014038 -0.078000 -0.00000000 0.00000000 0.00054131 0.99999985
163.268000000 -0.004074 0.014440 -0.078000 0.00000000 -0.00000000 0.00054793 0.99999985
163.300000000 -0.004076 0.014440 -0.078002 0.00000107 0.00000025 0.00054796 0.99999985
163.400000000 -0.004083 0.014439 -0.078011 0.00000474 -0.00000311 0.00054810 0.99999985
163.518000000 -0.003802 0.014438 -0.078000 -0.00000000 0.00000000 0.00052389 0.99999986
163.643000000 -0.003828 0.014484 -0.078000 0.00000000 -0.00000000 0.00056220 0.99999984
163.768000000 -0.003934 0.014394 -0.078000 0.00000000 -0.00000000 0.00057428 0.99999984
163.800000000 -0.003936 0.014394 -0.077976 0.00000003 0.00000090 0.00057435 0.99999984
163.900000000 -0.004803 0.015401 -0.078002 0.00000014 -0.00000072 0.00058944 0.99999983
164.018000000 -0.003672 0.015150 -0.078000 -0.00000000 -0.00000000 0.00058506 0.99999983
164.143000000 -0.004169 0.015385 -0.078000 0.00000000 -0.00000000 0.00057209 0.99999984
164.268000000 -0.003262 0.014369 -0.078000 -0.00000000 0.00000000 0.00057939 0.99999983
164.300000000 -0.003264 0.014369 -0.078003 0.00000183 -0.00000239 0.00057942 0.99999983
164.400000000 -0.003270 0.014367 -0.078006 0.00000898 -0.00000399 0.00057956 0.99999983
164.518000000 -0.002575 0.015373 -0.078000 0.00000000 -0.00000000 0.00058417 0.99999983
164.643000000 -0.002969 0.015216 -0.078000 -0.00000000 0.00000000 0.00057235 0.99999984
164.768000000 -0.003025 0.015332 -0.078000 -0.00000000 -0.00000000 0.00060407 0.99999982
164.800000000 -0.003027 0.015332 -0.078006 0.00000049 -0.00000128 0.00060412 0.99999982
164.900000000 -0.003033 0.015331 -0.078008 0.00000231 0.00000166 0.00060424 0.99999982
165.018000000 -0.003351 0.014508 -0.078000 0.00000000 0.00000000 0.00061562 0.99999981
165.143000000 -0.003669 0.015352 -0.078000 0.00000000 0.00000000 0.00055158 0.99999985
165.268000000 -0.003414 0.016595 -0.078000 -0.00000000 0.00000000 0.00059886 0.99999982
165.393000000 -0.003191 0.015942 -0.078000 -0.00000000 -0.00000000 0.00055380 0.99999985
165.400000000 -0.003191 0.015942 -0.078001 0.00000024 -0.00000014 0.00055381 0.99999985
165.518000000 -0.003730 0.015666 -0.078000 0.00000000 -0.00000000 0.00058014 0.99999983
165.643000000 -0.002242 0.015530 -0.078000 0.00000000 0.00000000 0.00056035 0.99999984
165.768000000 -0.004070 0.015355 -0.078000 0.00000000 -0.00000000 0.00054819 0.99999985
165.800000000 -0.004072 0.015355 -0.078010 -0.00000145 -0.00000384 0.00054821 0.99999985
165.900000000 -0.004078 0.015355 -0.078011 -0.00000169 -0.00000202 0.00054836 0.99999985
166.018000000 -0.003015 0.015005 -0.078000 -0.00000000 -0.00000000 0.00062425 0.99999981
166.143000000 -0.003243 0.015934 -0.078000 0.00000000 0.00000000 0.00060348 0.99999982
166.268000000 -0.003950 0.015635 -0.078000 0.00000000 -0.00000000 0.00062971 0.99999980
166.300000000 -0.003952 0.015635 -0.077994 0.00000040 0.00000183 0.00062974 0.99999980
166.400000000 -0.003958 0.015635 -0.077995 0.00000162 0.00000387 0.00062984 0.99999980
166.518000000 -0.003128 0.015839 -0.078000 -0.00000000 0.00000000 0.00066028 0.99999978
166.643000000 -0.003763 0.015292 -0.078000 -0.00000000 -0.00000000 0.00064681 0.99999979
166.768000000 -0.003789 0.015795 -0.078000 -0.00000000 -0.00000000 0.00066272 0.99999978
166.800000000 -0.003791 0.015795 -0.078005 -0.00000108 -0.00000035 0.00066275 0.99999978
166.900000000 -0.003797 0.015795 -0.078007 -0.00000151 0.00000366 0.00066282 0.99999978
167.018000000 -0.003293 0.014929 -0.078000 0.00000000 -0.00000000 0.00071214 0.99999975
167.143000000 -0.003602 0.014537 -0.078000 0.00000000 -0.00000000 0.00069377 0.99999976
167.200000000 -0.003606 0.014537 -0.078008 0.00000042 -0.00000318 0.00069382 0.99999976
167.300000000 -0.003686 0.015019 -0.078020 0.00000080 -0.00000028 0.00065989 0.99999978
167.400000000 -0.003691 0.015018 -0.078009 0.00000273 0.00000770 0.00066001 0.99999978
167.518000000 -0.001973 0.014946 -0.078000 0.00000000 -0.00000000 0.00064641 0.99999979
167.643000000 -0.002790 0.014955 -0.078000 -0.00000000 0.00000000 0.00057752 0.99999983
167.768000000 -0.003145 0.014758 -0.078000 0.00000000 -0.00000000 0.00059790 0.99999982
167.800000000 -0.003147 0.014757 -0.078010 0.00000097 0.00000164 0.00059795 0.99999982
167.900000000 -0.003153 0.014758 -0.077997 -0.00000130 0.00000536 0.00059806 0.99999982
168.018000000 -0.003529 0.015058 -0.078000 0.00000000 -0.00000000 0.00059952 0.99999982
168.143000000 -0.003725 0.015249 -0.078000 0.00000000 -0.00000000 0.00060233 0.99999982
168.268000000 -0.004091 0.014788 -0.078000 0.00000000 0.00000000 0.00056444 0.99999984
168.300000000 -0.004093 0.014788 -0.077998 -0.00000157 0.00000039 0.00056447 0.99999984
168.400000000 -0.004100 0.014788 -0.077993 0.00000042 -0.00000256 0.00056460 0.99999984
168.518000000 -0.003504 0.015279 -0.078000 -0.00000000 -0.00000000 0.00058291 0.99999983
168.643000000 -0.004320 0.014923 -0.078000 0.00000000 -0.00000000 0.00051622 0.99999987
168.768000000 -0.004688 0.015103 -0.078000 0.00000000 -0.00000000 0.00055893 0.99999984
168.893000000 -0.004286 0.015421 -0.078000 0.00000000 0.00000000 0.00058218 0.99999983
168.900000000 -0.004287 0.015421 -0.078001 0.00000034 -0.00000025 0.00058221 0.99999983
169.018000000 -0.004253 0.015480 -0.078000 -0.00000000 0.00000000 0.00054971 0.99999985
169.143000000 -0.004665 0.015219 -0.078000 0.00000000 -0.00000000 0.00060997 0.99999981
169.268000000 -0.003448 0.015164 -0.078000 -0.00000000 0.00000000 0.00066347 0.99999978
169.300000000 -0.003450 0.015163 -0.078002 -0.00000423 0.00000016 0.00066348 0.99999978
169.400000000 -0.003458 0.015166 -0.077991 -0.00001510 -0.00000162 0.00066360 0.99999978
169.518000000 -0.003288 0.014725 -0.078000 0.00000000 -0.00000000 0.00061906 0.99999981
169.643000000 -0.003223 0.014876 -0.078000 0.00000000 0.00000000 0.00062683 0.99999980
169.768000000 -0.003502 0.014915 -0.078000 0.00000000 0.00000000 0.00062385 0.99999981
169.800000000 -0.003504 0.014915 -0.077998 -0.00000150 0.00000046 0.00062388 0.99999981
169.900000000 -0.003510 0.014917 -0.078006 -0.00000905 0.00000038 0.00062395 0.99999981
170.018000000 -0.003670 0.015006 -0.078000 0.00000000 0.00000000 0.00055986 0.99999984
170.143000000 -0.003238 0.014444 -0.078000 -0.00000000 -0.00000000 0.00057703 0.99999983
170.268000000 -0.003691 0.014721 -0.078000 0.00000000 -0.00000000 0.00057233 0.99999984
170.300000000 -0.003693 0.014721 -0.078011 -0.00000164 -0.00000130 0.00057235 0.99999984
170.400000000 -0.003699 0.014722 -0.078009 -0.00000370 0.00000112 0.00057242 0.99999984
170.518000000 -0.004393 0.015107 -0.078000 0.00000000 -0.00000000 0.00062414 0.99999981
170.643000000 -0.004259 0.015140 -0.078000 -0.00000000 -0.00000000 0.00058280 0.99999983
170.700000000 -0.004263 0.015140 -0.078003 -0.00000272 0.00000103 0.00058288 0.99999983
170.800000000 -0.003356 0.014946 -0.077980 -0.00000094 0.00000462 0.00060034 0.99999982
170.900000000 -0.003362 0.014945 -0.077983 0.00000269 0.00000191 0.00060047 0.99999982
171.018000000 -0.002998 0.015334 -0.078000 0.00000000 0.00000000 0.00056882 0.99999984
171.143000000 -0.003599 0.016050 -0.078000 0.00000000 -0.00000000 0.00063644 0.99999980
171.268000000 -0.003783 0.015342 -0.078000 0.00000000 -0.00000000 0.00059617 0.99999982
171.300000000 -0.003785 0.015342 -0.078005 0.00000124 -0.00000228 0.00059623 0.99999982
171.400000000 -0.003791 0.015341 -0.078010 0.00000439 -0.00000166 0.00059633 0.99999982
171.518000000 -0.003940 0.015492 -0.078000 0.00000000 -0.00000000 0.00060290 0.99999982
171.643000000 -0.002642 0.015450 -0.078000 -0.00000000 0.00000000 0.00059995 0.99999982
171.768000000 -0.004394 0.016385 -0.078000 0.00000000 0.00000000 0.00064481 0.99999979
171.800000000 -0.004396 0.016385 -0.078008 0.00000118 -0.00000261 0.00064484 0.99999979
171.900000000 -0.004403 0.016383 -0.077997 0.00000577 0.00000025 0.00064497 0.99999979
172.018000000 -0.003522 0.015575 -0.078000 0.00000000 -0.00000000 0.00062290 0.99999981
172.143000000 -0.003571 0.014907 -0.078000 -0.00000000 0.00000000 0.00060700 0.99999982
172.200000000 -0.003575 0.014907 -0.077991 0.00000120 -0.00000206 0.00060705 0.99999982
172.300000000 -0.003987 0.015023 -0.078024 -0.00000064 -0.00000342 0.00058333 0.99999983
172.400000000 -0.003906 0.014411 -0.077997 0.00000026 0.00000093 0.00054501 0.99999985
172.518000000 -0.003158 0.014555 -0.078000 -0.00000000 0.00000000 0.00053038 0.99999986
172.643000000 -0.003377 0.014463 -0.078000 0.00000000 -0.00000000 0.00052166 0.99999986
172.768000000 -0.004305 0.015082 -0.078000 -0.00000000 -0.00000000 0.00049338 0.99999988
172.800000000 -0.004308 0.015082 -0.077983 0.00000056 0.00000261 0.00049341 0.99999988
172.900000000 -0.004313 0.015081 -0.077989 0.00000452 0.00000375 0.00049353 0.99999988
173.018000000 -0.003418 0.015438 -0.078000 -0.00000000 -0.00000000 0.00062874 0.99999980
173.143000000 -0.003854 0.015384 -0.078000 -0.00000000 0.00000000 0.00059512 0.99999982
173.268000000 -0.003859 0.014947 -0.078000 0.00000000 -0.00000000 0.00059074 0.99999983
173.300000000 -0.003861 0.014947 -0.078001 0.00000401 -0.00000019 0.00059081 0.99999983
173.400000000 -0.003868 0.014945 -0.078005 0.00001011 -0.00000358 0.00059101 0.99999983
173.518000000 -0.003308 0.014249 -0.078000 -0.00000000 0.00000000 0.00063519 0.99999980
173.643000000 -0.003577 0.014822 -0.078000 0.00000000 -0.00000000 0.00064182 0.99999979
173.768000000 -0.003648 0.014110 -0.078000 -0.00000000 0.00000000 0.00062047 0.99999981
173.893000000 -0.004036 0.014296 -0.078000 -0.00000000 0.00000000 0.00062794 0.99999980
173.900000000 -0.004036 0.014296 -0.078002 -0.00000041 -0.00000024 0.00062795 0.99999980
174.018000000 -0.004030 0.014649 -0.078000 -0.00000000 0.00000000 0.00062361 0.99999981
174.143000000 -0.003296 0.014139 -0.078000 0.00000000 -0.00000000 0.00057255 0.99999984
174.268000000 -0.004605 0.014265 -0.078000 -0.00000000 -0.00000000 0.00055418 0.99999985
174.300000000 -0.004607 0.014265 -0.077971 -0.00000044 0.00000452 0.00055420 0.99999985
174.400000000 -0.004613 0.014265 -0.077992 -0.00000087 -0.00000014 0.00055433 0.99999985
174.518000000 -0.004567 0.014216 -0.078000 -0.00000000 0.00000000 0.00061176 0.99999981
174.643000000 -0.003196 0.014245 -0.078000 -0.00000000 -0.00000000 0.00064589 0.99999979
174.768000000 -0.003155 0.014449 -0.078000 0.00000000 -0.00000000 0.00062134 0.99999981
174.800000000 -0.003157 0.014449 -0.078005 0.00000013 -0.00000208 0.00062140 0.99999981
174.900000000 -0.003165 0.014450 -0.078005 -0.00000166 -0.00000652 0.00062148 0.99999981
175.018000000 -0.003948 0.014503 -0.078000 0.00000000 -0.00000000 0.00063460 0.99999980
175.143000000 -0.004145 0.015075 -0.078000 0.00000000 0.00000000 0.00063359 0.99999980
175.268000000 -0.003628 0.015115 -0.078000 0.00000000 -0.00000000 0.00070775 0.99999975
175.300000000 -0.003630 0.015115 -0.078008 -0.00000096 -0.00000111 0.00070780 0.99999975
175.400000000 -0.003637 0.015117 -0.078008 -0.00000875 0.00000137 0.00070790 0.99999975
175.518000000 -0.004246 0.015671 -0.078000 0.00000000 -0.00000000 0.00070959 0.99999975
175.643000000 -0.002770 0.015861 -0.078000 0.00000000 0.00000000 0.00073906 0.99999973
175.700000000 -0.002775 0.015862 -0.078013 -0.00000535 -0.00000320 0.00073910 0.99999973
175.800000000 -0.003053 0.016124 -0.077995 0.00000045 0.00000341 0.00069900 0.99999976
175.900000000 -0.003376 0.015554 -0.077994 0.00000055 0.00000057 0.00065331 0.99999979
176.018000000 -0.003111 0.015326 -0.078000 -0.00000000 0.00000000 0.00064365 0.99999979
176.143000000 -0.003799 0.015394 -0.078000 -0.00000000 -0.00000000 0.00060409 0.99999982
176.268000000 -0.003663 0.015546 -0.078000 0.00000000 -0.00000000 0.00058546 0.99999983
176.300000000 -0.003665 0.015546 -0.078012 -0.00000101 -0.00000237 0.00058548 0.99999983
176.400000000 -0.003672 0.015545 -0.078008 0.00000371 -0.00000506 0.00058557 0.99999983
176.518000000 -0.003613 0.014742 -0.078000 0.00000000 0.00000000 0.00064688 0.99999979
176.643000000 -0.003058 0.015146 -0.078000 -0.00000000 0.00000000 0.00063330 0.99999980
176.768000000 -0.003740 0.014650 -0.078000 0.00000000 0.00000000 0.00058479 0.99999983
176.800000000 -0.003742 0.014650 -0.078001 0.00000183 -0.00000054 0.00058483 0.99999983
176.900000000 -0.003749 0.014649 -0.077999 0.00000333 -0.00000084 0.00058496 0.99999983
177.018000000 -0.003238 0.014376 -0.078000 0.00000000 -0.00000000 0.00060741 0.99999982
177.143000000 -0.004195 0.015145 -0.078000 -0.00000000 0.00000000 0.00057226 0.99999984
177.268000000 -0.004275 0.014971 -0.078000 0.00000000 -0.00000000 0.00060691 0.99999982
177.300000000 -0.004277 0.014971 -0.077987 -0.00000023 -0.00000109 0.00060692 0.99999982
177.400000000 -0.004232 0.014616 -0.078002 -0.00000027 -0.00000003 0.00060995 0.99999981
177.518000000 -0.003377 0.014640 -0.078000 -0.00000000 -0.00000000 0.00063873 0.99999980
177.643000000 -0.003680 0.014035 -0.078000 0.00000000 -0.00000000 0.00058280 0.99999983
177.768000000 -0.003445 0.014259 -0.078000 0.00000000 0.00000000 0.00058196 0.99999983
177.800000000 -0.003447 0.014259 -0.078021 -0.00000047 -0.00000143 0.00058202 0.99999983
177.900000000 -0.003454 0.014259 -0.078012 -0.00000176 0.00000200 0.00058211 0.99999983
178.018000000 -0.002837 0.015372 -0.078000 0.00000000 -0.00000000 0.00060006 0.99999982
178.143000000 -0.003903 0.015313 -0.078000 0.00000000 0.00000000 0.00064310 0.99999979
178.268000000 -0.003479 0.015549 -0.078000 -0.00000000 -0.00000000 0.00064288 0.99999979
178.300000000 -0.003481 0.015549 -0.077995 -0.00000182 0.00000277 0.00064291 0.99999979
178.400000000 -0.003486 0.015551 -0.077994 -0.00000983 0.00000623 0.00064299 0.99999979
178.518000000 -0.004105 0.016372 -0.078000 0.00000000 -0.00000000 0.00065111 0.99999979
178.643000000 -0.004020 0.016092 -0.078000 -0.00000000 -0.00000000 0.00062912 0.99999980
178.768000000 -0.003990 0.015863 -0.078000 0.00000000 0.00000000 0.00062351 0.99999981
178.800000000 -0.003992 0.015863 -0.077990 -0.00000109 0.00000282 0.00062354 0.99999981
178.900000000 -0.003998 0.015864 -0.078004 -0.00000542 0.00000067 0.00062364 0.99999981
179.018000000 -0.003698 0.014783 -0.078000 -0.00000000 0.00000000 0.00059727 0.99999982
179.143000000 -0.003858 0.014165 -0.078000 0.00000000 -0.00000000 0.00060066 0.99999982
179.200000000 -0.003861 0.014164 -0.077991 0.00000376 -0.00000027 0.00060075 0.99999982
179.300000000 -0.003868 0.014163 -0.077998 0.00000957 -0.00000181 0.00060093 0.99999982
179.400000000 -0.002966 0.013824 -0.078006 -0.00000064 -0.00000059 0.00065535 0.99999979
179.518000000 -0.003903 0.014875 -0.078000 -0.00000000 -0.00000000 0.00060143 0.99999982
179.643000000 -0.003686 0.015442 -0.078000 0.00000000 -0.00000000 0.00059203 0.99999982
179.768000000 -0.002961 0.016060 -0.078000 0.00000000 -0.00000000 0.00060703 0.99999982
179.800000000 -0.002963 0.016060 -0.078012 -0.00000076 -0.00000105 0.00060707 0.99999982
179.900000000 -0.002970 0.016060 -0.078007 -0.00000305 0.00000170 0.00060719 0.99999982
180.018000000 -0.003113 0.015819 -0.078000 -0.00000000 0.00000000 0.00065993 0.99999978
180.143000000 -0.003069 0.015833 -0.078000 0.00000000 0.00000000 0.00067344 0.99999977
180.268000000 -0.003118 0.015953 -0.078000 0.00000000 -0.00000000 0.00064103 0.99999979
180.300000000 -0.003121 0.015953 -0.077998 -0.00000117 0.00000271 0.00064107 0.99999979
180.400000000 -0.003125 0.015954 -0.077997 -0.00000696 0.00000752 0.00064115 0.99999979
180.518000000 -0.004132 0.015111 -0.078000 0.00000000 -0.00000000 0.00058688 0.99999983
180.643000000 -0.003551 0.015247 -0.078000 -0.00000000 0.00000000 0.00054722 0.99999985
180.768000000 -0.003735 0.015318 -0.078000 0.00000000 0.00000000 0.00053458 0.99999986
180.800000000 -0.003737 0.015319 -0.078007 -0.00000315 -0.00000299 0.00053459 0.99999986
180.900000000 -0.003594 0.015048 -0.078004 0.00000043 -0.00000026 0.00054415 0.99999985
181.018000000 -0.003880 0.016653 -0.078000 -0.00000000 -0.00000000 0.00062003 0.99999981
181.143000000 -0.004268 0.016067 -0.078000 0.00000000 0.00000000 0.00057882 0.99999983
181.268000000 -0.003227 0.015060 -0.078000 -0.00000000 -0.00000000 0.00059985 0.99999982
181.300000000 -0.002815 0.015060 -0.077981 -0.00000006 -0.00000096 0.00059998 0.99999982
181.400000000 -0.000661 0.015062 -0.077979 0.00000162 0.00000133 0.00060008 0.99999982
181.518000000 -0.000439 0.013730 -0.078000 0.00000000 -0.00000000 0.00052973 0.99999986
181.643000000 0.001634 0.012859 -0.078000 0.00000000 -0.00000000 0.00051857 0.99999987
181.768000000 0.003885 0.010231 -0.078000 0.00000000 0.00000000 0.00046265 0.99999989
181.800000000 0.005163 0.010232 -0.077999 -0.00000023 -0.00000259 0.00046270 0.99999989
181.900000000 0.009158 0.010236 -0.077985 -0.00000934 -0.00000325 0.00141145 0.99999900
182.018000000 0.012769 0.014972 -0.078000 0.00000000 0.00000000 0.00771673 0.99997023
182.143000000 0.014334 0.018850 -0.078000 0.00000000 0.00000000 0.01798159 0.99983832
182.268000000 0.014356 0.016659 -0.078000 0.00000000 -0.00000000 0.02617331 0.99965742
182.393000000 0.019401 0.016313 -0.078000 -0.00000000 0.00000000 0.03854658 0.99925680
182.400000000 0.019737 0.016337 -0.078002 -0.00000460 -0.00000047 0.03993373 0.99920233
182.518000000 0.023549 0.016306 -0.078000 0.00000000 -0.00000000 0.05092263 0.99870260
182.643000000 0.028622 0.016346 -0.078000 -0.00000000 0.00000000 0.06379568 0.99796298
182.768000000 0.033010 0.016533 -0.078000 0.00000000 -0.00000000 0.07635197 0.99708093
182.800000000 0.035798 0.016960 -0.078013 -0.00001808 -0.00000215 0.08271359 0.99657336
182.900000000 0.045589 0.018782 -0.077978 -0.00007046 0.00000092 0.10255373 0.99472746
183.018000000 0.044081 0.018935 -0.078000 0.00000000 -0.00000000 0.10140778 0.99484494
183.143000000 0.049927 0.019327 -0.078000 0.00000000 -0.00000000 0.11382565 0.99350074
183.268000000 0.055832 0.022928 -0.078000 -0.00000000 0.00000000 0.12624983 0.99199848
183.300000000 0.058950 0.023732 -0.078002 -0.00001715 -0.00000255 0.13257303 0.99117324
183.400000000 0.068606 0.026570 -0.077969 -0.00008382 -0.00000967 0.15229715 0.98833475
183.518000000 0.067741 0.026220 -0.078000 0.00000000 -0.00000000 0.15094697 0.98854186
183.643000000 0.073086 0.026635 -0.078000 -0.00000000 0.00000000 0.16318743 0.98659509
183.768000000 0.079799 0.028842 -0.078000 0.00000000 -0.00000000 0.17544429 0.98448936
183.800000000 0.082822 0.029951 -0.077988 -0.00002177 -0.00000163 0.18171867 0.98335056
183.900000000 0.092144 0.033749 -0.077953 -0.00007903 -0.00000902 0.20127728 0.97953430
184.018000000 0.091864 0.032730 -0.078000 0.00000000 0.00000000 0.19987497 0.97982141
184.143000000 0.096210 0.036333 -0.078000 -0.00000000 0.00000000 0.21193502 0.97728376
184.200000000 0.101406 0.038766 -0.077973 -0.00003942 -0.00000511 0.22302180 0.97481346
184.300000000 0.107033 0.040407 -0.078003 -0.00001506 -0.00000702 0.23038301 0.97310003
184.400000000 0.108304 0.040970 -0.077998 -0.00000433 -0.00000080 0.23758766 0.97136610
184.518000000 0.112113 0.043927 -0.078000 0.00000000 -0.00000000 0.24835172 0.96866992
184.643000000 0.118471 0.045832 -0.078000 -0.00000000 0.00000000 0.26052672 0.96546664
184.768000000 0.122804 0.050329 -0.078000 0.00000000 -0.00000000 0.27253652 0.96214544
184.800000000 0.125547 0.052015 -0.077978 -0.00002147 -0.00000513 0.27866634 0.96038798
184.900000000 0.133940 0.057568 -0.077946 -0.00008848 -0.00002819 0.29774772 0.95464459
185.018000000 0.133790 0.058637 -0.078000 -0.00000000 -0.00000000 0.29596555 0.95519861
185.143000000 0.140591 0.062532 -0.078000 -0.00000000 -0.00000000 0.30008227 0.95391333
185.268000000 0.144382 0.066491 -0.078000 -0.00000000 0.00000000 0.30685617 0.95175590
185.300000000 0.146983 0.068359 -0.077990 -0.00000157 0.00000025 0.30846007 0.95123729
185.400000000 0.155028 0.074294 -0.077954 -0.00001027 -0.00000258 0.31277683 0.94982664
185.518000000 0.153856 0.071673 -0.078000 -0.00000000 0.00000000 0.30733890 0.95160013
185.643000000 0.158579 0.074207 -0.078000 0.00000000 -0.00000000 0.30728440 0.95161773
185.768000000 0.163747 0.077444 -0.078000 -0.00000000 -0.00000000 0.30715859 0.95165834
185.800000000 0.166341 0.079313 -0.077987 0.00000034 -0.00000050 0.30713042 0.95166744
185.900000000 0.169967 0.080998 -0.077998 -0.00000056 -0.00000011 0.30719754 0.95164577
186.018000000 0.174053 0.084889 -0.078000 -0.00000000 0.00000000 0.30719544 0.95164645
186.143000000 0.178671 0.088526 -0.078000 -0.00000000 0.00000000 0.30723933 0.95163228
186.268000000 0.184965 0.091403 -0.078000 -0.00000000 0.00000000 0.30732575 0.95160437
186.300000000 0.187560 0.093273 -0.078010 0.00000006 -0.00000024 0.30732613 0.95160425
186.400000000 0.195664 0.099119 -0.077965 -0.00000079 -0.00000237 0.30732595 0.95160431
186.518000000 0.193482 0.099575 -0.078000 0.00000000 -0.00000000 0.30730981 0.95160952
186.643000000 0.199377 0.103106 -0.078000 0.00000000 0.00000000 0.30731580 0.95160759
186.768000000 0.204937 0.105149 -0.078000 0.00000000 -0.00000000 0.30737847 0.95158734
186.800000000 0.207531 0.107020 -0.077983 -0.00000086 -0.00000027 0.30737850 0.95158733
186.900000000 0.215635 0.112866 -0.077947 -0.00000090 -0.00000328 0.30737859 0.95158731
187.018000000 0.213834 0.113525 -0.078000 0.00000000 -0.00000000 0.30743685 0.95156849
187.143000000 0.219166 0.117504 -0.078000 -0.00000000 -0.00000000 0.30742568 0.95157209
187.268000000 0.224253 0.120625 -0.078000 0.00000000 0.00000000 0.30736820 0.95159066
187.300000000 0.226846 0.122495 -0.077979 -0.00000014 0.00000080 0.30736823 0.95159065
187.400000000 0.234953 0.128341 -0.077947 0.00000339 0.00000488 0.30736837 0.95159061
187.518000000 0.233598 0.126916 -0.078000 -0.00000000 -0.00000000 0.30739836 0.95158092
187.643000000 0.239339 0.130980 -0.078000 0.00000000 -0.00000000 0.30742275 0.95157304
187.700000000 0.243959 0.134313 -0.077971 0.00000099 0.00000185 0.30742278 0.95157303
187.800000000 0.252065 0.140159 -0.077966 0.00000756 0.00000527 0.30742292 0.95157299
187.900000000 0.250861 0.138916 -0.077998 -0.00000176 -0.00000026 0.30813131 0.95134384
188.018000000 0.255463 0.141099 -0.078000 0.00000000 0.00000000 0.31478186 0.94916404
188.143000000 0.259652 0.144524 -0.078000 0.00000000 0.00000000 0.31936873 0.94763053
188.268000000 0.264861 0.148218 -0.078000 -0.00000000 -0.00000000 0.32531786 0.94560472
188.300000000 0.267392 0.150192 -0.077982 -0.00001306 -0.00000279 0.32837994 0.94454572
188.400000000 0.275195 0.156492 -0.077953 -0.00003972 -0.00001329 0.33777118 0.94122826
188.518000000 0.273818 0.157149 -0.078000 -0.00000000 0.00000000 0.33704900 0.94148711
188.643000000 0.279238 0.159870 -0.078000 -0.00000000 0.00000000 0.34299391 0.93933763
188.768000000 0.284497 0.164269 -0.078000 0.00000000 -0.00000000 0.34885580 0.93717641
188.800000000 0.286927 0.166365 -0.077984 -0.00000525 -0.00000167 0.35184170 0.93605952
188.900000000 0.294404 0.173048 -0.077957 -0.00002017 -0.00001055 0.36115067 0.93250747
189.018000000 0.293730 0.174246 -0.078000 -0.00000000 -0.00000000 0.36047584 0.93276855
189.143000000 0.298058 0.177003 -0.078000 0.00000000 -0.00000000 0.36636547 0.93047103
189.268000000 0.302968 0.180227 -0.078000 -0.00000000 0.00000000 0.37208923 0.92819696
189.393000000 0.307258 0.185167 -0.078000 0.00000000 -0.00000000 0.37783367 0.92587349
189.400000000 0.307761 0.185656 -0.077997 -0.00000248 -0.00000051 0.37847934 0.92560974
189.518000000 0.311659 0.189774 -0.078000 -0.00000000 -0.00000000 0.38363108 0.92348643
189.643000000 0.315601 0.195118 -0.078000 -0.00000000 0.00000000 0.38850293 0.92144749
189.768000000 0.319689 0.197993 -0.078000 -0.00000000 0.00000000 0.38572788 0.92261260
189.800000000 0.321924 0.200282 -0.077972 -0.00000396 0.00000124 0.38596667 0.92251272
189.900000000 0.328949 0.207391 -0.077955 0.00000402 0.00000241 0.38596515 0.92251336
190.018000000 0.329000 0.205313 -0.078000 0.00000000 -0.00000000 0.38653460 0.92227490
190.143000000 0.333049 0.210886 -0.078000 -0.00000000 0.00000000 0.38670689 0.92220268
190.268000000 0.337107 0.216045 -0.078000 -0.00000000 -0.00000000 0.38679525 0.92216562
190.300000000 0.339348 0.218326 -0.077999 0.00000159 -0.00000153 0.38697897 0.92208854
190.400000000 0.346364 0.225470 -0.077963 -0.00001809 -0.00001177 0.38972961 0.92092933
190.518000000 0.344949 0.224750 -0.078000 0.00000000 -0.00000000 0.39610731 0.91820422
190.643000000 0.349859 0.229401 -0.078000 0.00000000 0.00000000 0.40149736 0.91586018
190.768000000 0.354051 0.234067 -0.078000 -0.00000000 -0.00000000 0.40693179 0.91345855
190.893000000 0.358505 0.238293 -0.078000 -0.00000000 0.00000000 0.41239351 0.91100581
190.900000000 0.358970 0.238820 -0.078000 -0.00000232 -0.00000104 0.41302725 0.91071867
191.018000000 0.362835 0.243460 -0.078000 0.00000000 0.00000000 0.41796547 0.90846291
191.143000000 0.365814 0.249883 -0.078000 0.00000000 -0.00000000 0.42358111 0.90585818
191.268000000 0.369541 0.253984 -0.078000 -0.00000000 0.00000000 0.42911395 0.90325036
191.300000000 0.371562 0.256478 -0.078012 -0.00000829 -0.00000535 0.43199240 0.90187725
191.400000000 0.377782 0.264344 -0.077966 -0.00003695 -0.00001528 0.44095876 0.89752737
191.518000000 0.378558 0.261403 -0.078000 0.00000000 0.00000000 0.44033047 0.89783577
191.643000000 0.381894 0.266939 -0.078000 -0.00000000 0.00000000 0.44593163 0.89506703
191.768000000 0.386135 0.271829 -0.078000 -0.00000000 0.00000000 0.44622524 0.89492069
191.800000000 0.388051 0.274394 -0.077979 -0.00000027 0.00000075 0.44692452 0.89457167
191.900000000 0.394029 0.282398 -0.077952 -0.00000108 -0.00000356 0.44872854 0.89366812
192.018000000 0.394116 0.285871 -0.078000 0.00000000 -0.00000000 0.44855893 0.89375326
192.143000000 0.397674 0.290200 -0.078000 0.00000000 -0.00000000 0.44854538 0.89376006
192.268000000 0.402072 0.295445 -0.078000 0.00000000 0.00000000 0.44840682 0.89382958
192.300000000 0.404118 0.298188 -0.077998 0.00000143 -0.00000401 0.44842090 0.89382252
192.400000000 0.411200 0.307687 -0.077961 -0.00000385 -0.00000565 0.44843393 0.89381598
192.518000000 0.410716 0.306244 -0.078000 0.00000000 0.00000000 0.44837036 0.89384787
192.643000000 0.415642 0.312814 -0.078000 0.00000000 -0.00000000 0.44833404 0.89386609
192.700000000 0.420412 0.319207 -0.077991 0.00000057 -0.00000089 0.44833425 0.89386599
192.800000000 0.423627 0.323378 -0.077963 -0.00000008 0.00000351 0.44835719 0.89385448
192.900000000 0.426245 0.328195 -0.078001 0.00000229 0.00000017 0.44760614 0.89423081
193.018000000 0.432303 0.334802 -0.078000 -0.00000000 -0.00000000 0.44144417 0.89728872
193.143000000 0.437645 0.340750 -0.078000 -0.00000000 -0.00000000 0.43179783 0.90197042
193.268000000 0.442087 0.348796 -0.078000 -0.00000000 0.00000000 0.42355434 0.90587070
193.300000000 0.444945 0.352215 -0.077990 0.00001547 0.00000789 0.41795313 0.90846859
193.400000000 0.454197 0.362616 -0.077934 0.00007451 0.00003000 0.39978061 0.91661085
193.518000000 0.452526 0.361911 -0.078000 0.00000000 -0.00000000 0.40061754 0.91624537
193.643000000 0.458874 0.368009 -0.078000 -0.00000000 0.00000000 0.38913264 0.92118174
193.768000000 0.465169 0.374064 -0.078000 -0.00000000 0.00000000 0.37757914 0.92597732
193.800000000 0.468349 0.377184 -0.077983 0.00002131 0.00000839 0.37166508 0.92836688
193.900000000 0.478624 0.386579 -0.077947 0.00007716 0.00003122 0.35309066 0.93558911
194.018000000 0.478467 0.385531 -0.078000 -0.00000000 0.00000000 0.35436716 0.93510637
194.143000000 0.484600 0.390976 -0.078000 -0.00000000 0.00000000 0.34269387 0.93944713
194.268000000 0.490839 0.396623 -0.078000 0.00000000 -0.00000000 0.33093738 0.94365272
194.300000000 0.494317 0.399408 -0.077996 0.00002071 0.00000754 0.32491321 0.94574384
194.400000000 0.498591 0.402708 -0.077996 0.00000329 0.00000131 0.31778228 0.94816371
194.518000000 0.505414 0.406217 -0.078000 -0.00000000 0.00000000 0.30719649 0.95164611
194.643000000 0.512788 0.411050 -0.078000 -0.00000000 0.00000000 0.29601231 0.95518413
194.768000000 0.519751 0.416970 -0.078000 -0.00000000 0.00000000 0.29192648 0.95644076
194.800000000 0.523470 0.419450 -0.077965 0.00000209 0.00000242 0.28977421 0.95709503
194.900000000 0.535163 0.427118 -0.077927 0.00001084 0.00000214 0.28369805 0.95891366
195.018000000 0.532903 0.425949 -0.078000 -0.00000000 0.00000000 0.28918076 0.95727451
195.143000000 0.541269 0.431059 -0.078000 -0.00000000 0.00000000 0.29739526 0.95475445
195.268000000 0.548206 0.436051 -0.078000 -0.00000000 0.00000000 0.30279491 0.95305574
195.300000000 0.551880 0.438641 -0.077993 -0.00001435 -0.00000729 0.30722436 0.95163711
195.400000000 0.563182 0.447002 -0.077946 -0.00006921 -0.00002832 0.32194173 0.94675948
195.518000000 0.561185 0.445261 -0.078000 -0.00000000 0.00000000 0.32635261 0.94524810
195.643000000 0.569419 0.451300 -0.078000 0.00000000 -0.00000000 0.33817724 0.94108244
195.768000000 0.575134 0.456762 -0.078000 0.00000000 -0.00000000 0.34983486 0.93681139
195.800000000 0.578536 0.459708 -0.077980 -0.00001744 -0.00000621 0.35582816 0.93455140
195.900000000 0.588837 0.469285 -0.077928 -0.00006991 -0.00002396 0.37440439 0.92726552
196.018000000 0.588443 0.468047 -0.078000 0.00000000 -0.00000000 0.37312520 0.92778100
196.143000000 0.594556 0.474203 -0.078000 0.00000000 -0.00000000 0.38459898 0.92308376
196.200000000 0.600140 0.479955 -0.077967 -0.00002711 -0.00001037 0.39505888 0.91865580
196.300000000 0.609639 0.490323 -0.077926 -0.00007305 -0.00003584 0.41328547 0.91060151
196.400000000 0.613438 0.492557 -0.077957 -0.00008946 -0.00004445 0.42016092 0.90744961
196.518000000 0.612074 0.494451 -0.078000 -0.00000000 -0.00000000 0.41898765 0.90799193
196.643000000 0.618132 0.500445 -0.078000 0.00000000 0.00000000 0.43024967 0.90270993
196.768000000 0.622762 0.506808 -0.078000 -0.00000000 0.00000000 0.44148511 0.89726858
196.800000000 0.625510 0.510371 -0.077979 -0.00001975 -0.00000772 0.44719770 0.89443514
196.900000000 0.633727 0.521785 -0.077931 -0.00007398 -0.00003241 0.46493101 0.88534691
197.018000000 0.632888 0.520945 -0.078000 -0.00000000 0.00000000 0.46375102 0.88596557
197.143000000 0.638032 0.528758 -0.078000 0.00000000 -0.00000000 0.47476181 0.88011433
197.268000000 0.643199 0.536246 -0.078000 0.00000000 0.00000000 0.48559174 0.87418571
197.300000000 0.645582 0.540064 -0.077982 -0.00001569 -0.00000759 0.49115642 0.87107139
197.400000000 0.652607 0.552247 -0.077944 -0.00006468 -0.00004033 0.50841611 0.86111152
197.518000000 0.652555 0.550460 -0.078000 0.00000000 0.00000000 0.50719128 0.86183351
197.643000000 0.656269 0.558400 -0.078000 0.00000000 0.00000000 0.51789989 0.85544123
197.700000000 0.659912 0.565540 -0.077974 -0.00001838 -0.00001500 0.52758303 0.84950347
197.800000000 0.660974 0.570551 -0.078005 -0.00002033 -0.00001563 0.53392680 0.84553071
197.900000000 0.662609 0.574736 -0.077993 -0.00000465 -0.00000165 0.54035707 0.84143582
198.018000000 0.667065 0.580947 -0.078000 0.00000000 -0.00000000 0.54961398 0.83541874
198.143000000 0.669898 0.589394 -0.078000 0.00000000 -0.00000000 0.55998494 0.82850279
198.273000000 0.672380 0.598570 -0.077996 -0.00000258 -0.00000091 0.57120528 0.82080724
198.300000000 0.673711 0.602127 -0.077984 -0.00001331 -0.00000921 0.57561339 0.81772197
198.400000000 0.678201 0.615456 -0.077953 -0.00006083 -0.00004361 0.59179353 0.80608958
198.518000000 0.678793 0.614876 -0.078000 -0.00000000 -0.00000000 0.59067570 0.80690905
198.643000000 0.680859 0.623975 -0.078000 -0.00000000 0.00000000 0.59583142 0.80310953
198.768000000 0.683686 0.630391 -0.078000 -0.00000000 0.00000000 0.60275953 0.79792289
198.800000000 0.684919 0.634703 -0.077981 -0.00000293 -0.00000169 0.60428742 0.79676641
198.900000000 0.688569 0.648214 -0.077932 -0.00000839 -0.00000817 0.60805663 0.79389366
199.018000000 0.690230 0.646132 -0.078000 -0.00000000 0.00000000 0.60247118 0.79814064
199.143000000 0.691221 0.655256 -0.078000 -0.00000000 0.00000000 0.59521678 0.80356517
199.268000000 0.694054 0.662663 -0.078000 -0.00000000 -0.00000000 0.59064341 0.80693269
199.393000000 0.696824 0.671848 -0.078000 0.00000000 0.00000000 0.58576455 0.81048128
199.400000000 0.697128 0.672777 -0.077995 0.00000154 0.00000198 0.58520180 0.81088769
199.518000000 0.698599 0.681215 -0.078000 -0.00000000 0.00000000 0.58071553 0.81410655
199.643000000 0.701502 0.690196 -0.078000 -0.00000000 0.00000000 0.57611497 0.81736867
199.768000000 0.705547 0.696975 -0.078000 -0.00000000 0.00000000 0.57785108 0.81614222
199.800000000 0.707036 0.701197 -0.077965 0.00000348 0.00000456 0.57762033 0.81630555
199.900000000 0.711684 0.714397 -0.077940 0.00000370 0.00000600 0.57788884 0.81611549
200.018000000 0.711051 0.713015 -0.078000 0.00000000 0.00000000 0.57684468 0.81685386
200.143000000 0.714273 0.721037 -0.078000 -0.00000000 0.00000000 0.57684070 0.81685666
200.268000000 0.716657 0.728712 -0.078000 -0.00000000 0.00000000 0.57678682 0.81689471
200.300000000 0.718155 0.732932 -0.077991 -0.00000671 -0.00000424 0.57679188 0.81689114
200.400000000 0.722833 0.746120 -0.077945 -0.00002147 -0.00001267 0.57679052 0.81689210
200.518000000 0.723758 0.743280 -0.078000 -0.00000000 0.00000000 0.57690467 0.81681148
200.643000000 0.726107 0.752059 -0.078000 0.00000000 -0.00000000 0.57693416 0.81679066
200.768000000 0.728971 0.761135 -0.078000 -0.00000000 0.00000000 0.57674724 0.81692265
200.800000000 0.730464 0.765351 -0.077980 0.00000758 0.00000724 0.57557682 0.81774772
200.900000000 0.735206 0.778482 -0.077940 0.00004078 0.00002677 0.57130524 0.82073767
201.018000000 0.735394 0.775585 -0.078000 -0.00000000 0.00000000 0.56660236 0.82399136
201.143000000 0.737541 0.785455 -0.078000 0.00000000 -0.00000000 0.55414365 0.83242105
201.200000000 0.740681 0.792746 -0.077976 0.00003490 0.00002119 0.54504792 0.83840489
201.300000000 0.743373 0.797023 -0.078011 0.00001774 0.00000792 0.53886325 0.84239325
201.400000000 0.745000 0.802161 -0.077991 0.00000269 0.00000271 0.53265904 0.84632993
201.518000000 0.748256 0.809426 -0.078000 0.00000000 -0.00000000 0.52338313 0.85209747
201.643000000 0.753000 0.816271 -0.078000 0.00000000 0.00000000 0.51262669 0.85861160
201.768000000 0.756891 0.823323 -0.078000 0.00000000 -0.00000000 0.50199499 0.86487053
201.800000000 0.759098 0.827193 -0.077991 0.00001795 0.00000843 0.49646839 0.86805480
201.900000000 0.766387 0.839055 -0.077951 0.00006835 0.00003925 0.47907374 0.87777466
202.018000000 0.765423 0.838358 -0.078000 0.00000000 0.00000000 0.48040305 0.87704784
202.143000000 0.770356 0.844638 -0.078000 0.00000000 -0.00000000 0.46949192 0.88293677
202.268000000 0.775669 0.851563 -0.078000 0.00000000 -0.00000000 0.45850824 0.88869016
202.300000000 0.778245 0.855197 -0.077990 0.00001741 0.00000928 0.45283201 0.89159586
202.400000000 0.786690 0.866266 -0.077949 0.00007150 0.00003254 0.43497617 0.90044196
202.518000000 0.785242 0.864747 -0.078000 0.00000000 0.00000000 0.43622715 0.89983658
202.643000000 0.791191 0.872598 -0.078000 0.00000000 0.00000000 0.42495531 0.90521433
202.768000000 0.796770 0.878556 -0.078000 0.00000000 -0.00000000 0.41371510 0.91040640
202.893000000 0.803426 0.885098 -0.078000 0.00000000 -0.00000000 0.40231685 0.91550049
202.900000000 0.804082 0.885819 -0.077997 0.00000455 0.00000170 0.40103943 0.91606079
203.018000000 0.808760 0.892442 -0.078000 0.00000000 -0.00000000 0.39121968 0.92029732
203.143000000 0.814993 0.896902 -0.078000 0.00000000 0.00000000 0.38640209 0.92233043
203.268000000 0.820889 0.906156 -0.078000 0.00000000 0.00000000 0.37996330 0.92500156
203.300000000 0.824065 0.909304 -0.077970 0.00000371 0.00000179 0.37863733 0.92554512
203.400000000 0.834106 0.919056 -0.077944 0.00000658 -0.00000060 0.37627482 0.92650810
203.518000000 0.833214 0.915649 -0.078000 0.00000000 -0.00000000 0.38193176 0.92419053
203.643000000 0.840878 0.920882 -0.078000 0.00000000 0.00000000 0.38179732 0.92424608
203.768000000 0.846976 0.926532 -0.078000 0.00000000 -0.00000000 0.38175967 0.92426163
203.800000000 0.850149 0.929692 -0.077990 0.00000004 -0.00000064 0.38176369 0.92425997
203.900000000 0.860063 0.939567 -0.077944 0.00000122 0.00000081 0.38177185 0.92425660
204.018000000 0.859957 0.939479 -0.078000 0.00000000 -0.00000000 0.38167808 0.92429532
204.143000000 0.864009 0.946768 -0.078000 -0.00000000 0.00000000 0.38159495 0.92432964
204.268000000 0.869867 0.953175 -0.078000 -0.00000000 0.00000000 0.38158153 0.92433519
204.300000000 0.873041 0.956334 -0.077997 0.00000070 0.00000083 0.38158192 0.92433502
204.400000000 0.882962 0.966205 -0.077945 0.00000464 0.00000883 0.38158235 0.92433485
204.518000000 0.883119 0.964586 -0.078000 -0.00000000 0.00000000 0.38178926 0.92424941
204.643000000 0.889747 0.970612 -0.078000 0.00000000 0.00000000 0.38190457 0.92420176
204.700000000 0.895397 0.976243 -0.077992 0.00000103 -0.00000139 0.38190463 0.92420174
204.800000000 0.905309 0.986121 -0.077938 0.00000080 0.00000482 0.38190474 0.92420169
204.900000000 0.909840 0.990968 -0.077925 -0.00000386 0.00000535 0.38190460 0.92420175
205.018000000 0.909230 0.989253 -0.078000 0.00000000 0.00000000 0.38176387 0.92425989
205.143000000 0.914703 0.996178 -0.078000 0.00000000 -0.00000000 0.38172401 0.92427636
205.268000000 0.921372 1.002250 -0.078000 0.00000000 -0.00000000 0.38167892 0.92429498
205.300000000 0.924545 1.005410 -0.078000 -0.00000215 -0.00000181 0.38167894 0.92429497
205.400000000 0.934460 1.015284 -0.077945 -0.00000284 -0.00000674 0.38167899 0.92429495
205.518000000 0.933539 1.012373 -0.078000 0.00000000 0.00000000 0.38177621 0.92425480
205.643000000 0.940217 1.019868 -0.078000 -0.00000000 -0.00000000 0.38179046 0.92424891
205.768000000 0.946391 1.026901 -0.078000 0.00000000 0.00000000 0.38172216 0.92427712
205.800000000 0.949564 1.030061 -0.077981 0.00000029 -0.00000080 0.38172220 0.92427710
205.900000000 0.959478 1.039934 -0.077943 0.00000118 -0.00000704 0.38172229 0.92427707
206.018000000 0.958199 1.038377 -0.078000 -0.00000000 0.00000000 0.38155844 0.92434472
206.143000000 0.963783 1.045626 -0.078000 0.00000000 -0.00000000 0.38164771 0.92430786
206.268000000 0.970683 1.050567 -0.078000 -0.00000000 0.00000000 0.38173110 0.92427343
206.300000000 0.973856 1.053726 -0.077984 0.00000653 -0.00000068 0.38124266 0.92447501
206.400000000 0.979944 1.057202 -0.078001 0.00000150 -0.00000016 0.38075147 0.92467741
206.518000000 0.984761 1.062099 -0.078000 0.00000000 -0.00000000 0.37151887 0.92842540
206.643000000 0.988517 1.069061 -0.078000 0.00000000 0.00000000 0.35933379 0.93320910
206.768000000 0.995385 1.075369 -0.078000 -0.00000000 -0.00000000 0.34901924 0.93711556
206.800000000 0.998755 1.078282 -0.077996 0.00001905 0.00000801 0.34292222 0.93936380
206.900000000 1.009571 1.087048 -0.077937 0.00007498 0.00003213 0.32413753 0.94600997
207.018000000 1.009998 1.085407 -0.078000 0.00000000 -0.00000000 0.32551737 0.94553606
207.143000000 1.016336 1.090651 -0.078000 -0.00000000 -0.00000000 0.31372791 0.94951293
207.268000000 1.023972 1.095939 -0.078000 0.00000000 -0.00000000 0.30187168 0.95334856
207.300000000 1.027611 1.098510 -0.077985 0.00002119 0.00000720 0.29578728 0.95525383
207.400000000 1.039258 1.106139 -0.077942 0.00007448 0.00002653 0.27669589 0.96095753
207.518000000 1.037318 1.105405 -0.078000 0.00000000 -0.00000000 0.27796664 0.96059073
207.643000000 1.044969 1.109483 -0.078000 -0.00000000 -0.00000000 0.26594980 0.96398688
207.768000000 1.053651 1.114738 -0.078000 -0.00000000 -0.00000000 0.25398947 0.96720698
207.893000000 1.060543 1.117046 -0.078000 -0.00000000 0.00000000 0.24188976 0.97030374
207.900000000 1.061402 1.117507 -0.077995 0.00000442 0.00000120 0.24053603 0.97064021
208.018000000 1.067031 1.122021 -0.078000 -0.00000000 -0.00000000 0.22987557 0.97322003
208.143000000 1.074534 1.125506 -0.078000 0.00000000 -0.00000000 0.21777281 0.97599949
208.268000000 1.079500 1.128516 -0.078000 -0.00000000 0.00000000 0.20558429 0.97863941
208.300000000 1.083849 1.131265 -0.077968 0.00001820 0.00000728 0.19945406 0.97990718
208.400000000 1.096764 1.136465 -0.077924 0.00008105 0.00002394 0.17988862 0.98368698
208.518000000 1.092930 1.135786 -0.078000 0.00000000 0.00000000 0.18121479 0.98344354
208.643000000 1.100528 1.138386 -0.078000 -0.00000000 -0.00000000 0.16883839 0.98564375
208.768000000 1.108774 1.141661 -0.078000 0.00000000 -0.00000000 0.15650546 0.98767709
208.800000000 1.113010 1.143041 -0.077984 0.00001743 0.00000295 0.15020411 0.98865501
208.900000000 1.126384 1.146913 -0.077946 0.00008136 0.00001264 0.13047430 0.99145169
209.018000000 1.124422 1.146880 -0.078000 -0.00000000 0.00000000 0.13172876 0.99128580
209.143000000 1.132853 1.147122 -0.078000 -0.00000000 -0.00000000 0.11945386 0.99283975
209.268000000 1.141702 1.148543 -0.078000 0.00000000 -0.00000000 0.10706510 0.99425201
209.300000000 1.146053 1.149498 -0.077997 0.00002127 -0.00000011 0.10072298 0.99491451
209.400000000 1.159749 1.151996 -0.077953 0.00008476 0.00000466 0.08087855 0.99672396
209.518000000 1.158765 1.152382 -0.078000 -0.00000000 0.00000000 0.08235197 0.99660331
209.643000000 1.167168 1.153636 -0.078000 0.00000000 -0.00000000 0.06987083 0.99755605
209.700000000 1.175037 1.154658 -0.077984 0.00003944 -0.00000162 0.05853609 0.99828529
209.800000000 1.180030 1.154159 -0.077975 0.00002071 0.00000584 0.05107058 0.99869505
209.900000000 1.185557 1.155237 -0.077991 0.00000391 0.00000073 0.04354470 0.99905148
210.018000000 1.192511 1.155546 -0.078000 -0.00000000 -0.00000000 0.03260688 0.99946825
210.143000000 1.201952 1.155447 -0.078000 -0.00000000 0.00000000 0.01999678 0.99980004
210.268000000 1.210636 1.157204 -0.078000 0.00000000 -0.00000000 0.00746888 0.99997211
210.300000000 1.215091 1.157276 -0.077997 0.00001845 -0.00000193 0.00109204 0.99999940
210.400000000 1.229010 1.157036 -0.077953 0.00007913 -0.00000479 -0.01883403 0.99982262
210.518000000 1.228171 1.157215 -0.078000 -0.00000000 -0.00000000 -0.01745917 0.99984758
210.643000000 1.237185 1.156908 -0.078000 0.00000000 -0.00000000 -0.02986742 0.99955387
210.768000000 1.246448 1.156337 -0.078000 -0.00000000 -0.00000000 -0.04232653 0.99910383
210.800000000 1.250888 1.155968 -0.077992 0.00002128 -0.00000124 -0.04869660 0.99881362
210.900000000 1.264713 1.154323 -0.077948 0.00008472 -0.00000383 -0.06858906 0.99764499
211.018000000 1.261304 1.153516 -0.078000 -0.00000000 0.00000000 -0.06724764 0.99773632
211.143000000 1.270235 1.151383 -0.078000 -0.00000000 0.00000000 -0.07970081 0.99681883
211.268000000 1.278441 1.150213 -0.078000 0.00000000 0.00000000 -0.09202542 0.99575666
211.300000000 1.282821 1.149399 -0.077976 0.00002095 -0.00000020 -0.09837306 0.99514961
211.400000000 1.286863 1.149903 -0.077998 0.00000294 -0.00000044 -0.10507778 0.99446401
211.518000000 1.295339 1.146717 -0.078000 -0.00000000 -0.00000000 -0.10891601 0.99405096
211.643000000 1.306906 1.143019 -0.078000 -0.00000000 0.00000000 -0.10994637 0.99393752
211.768000000 1.312334 1.144293 -0.078000 0.00000000 -0.00000000 -0.11202757 0.99370510
211.800000000 1.316708 1.143301 -0.077994 -0.00000792 -0.00000265 -0.11042132 0.99388487
211.900000000 1.330398 1.140250 -0.077955 -0.00003702 0.00000011 -0.10427076 0.99454895
212.018000000 1.330844 1.140763 -0.078000 0.00000000 0.00000000 -0.09880282 0.99510703
212.143000000 1.338850 1.139273 -0.078000 0.00000000 -0.00000000 -0.09236245 0.99572545
212.268000000 1.346821 1.137158 -0.078000 -0.00000000 0.00000000 -0.08607643 0.99628854
212.300000000 1.351243 1.136383 -0.077991 -0.00000985 0.00000194 -0.08287983 0.99655955
212.400000000 1.365102 1.134208 -0.077936 -0.00004128 0.00000680 -0.07293096 0.99733699
212.518000000 1.365067 1.133637 -0.078000 0.00000000 0.00000000 -0.07358391 0.99728903
212.643000000 1.373882 1.132983 -0.078000 0.00000000 0.00000000 -0.06733871 0.99773017
212.768000000 1.381985 1.131933 -0.078000 -0.00000000 -0.00000000 -0.06097932 0.99813903
212.800000000 1.386440 1.131384 -0.077973 -0.00001253 0.00000230 -0.05779686 0.99832836
212.900000000 1.400392 1.129915 -0.077929 -0.00004333 0.00000330 -0.04784727 0.99885466
213.018000000 1.401518 1.129012 -0.078000 -0.00000000 -0.00000000 -0.04851929 0.99882225
213.143000000 1.408447 1.128712 -0.078000 -0.00000000 0.00000000 -0.04218874 0.99910966
213.200000000 1.416419 1.128081 -0.077973 -0.00002088 0.00000122 -0.03651378 0.99933315
213.300000000 1.421586 1.127538 -0.077995 -0.00001324 0.00000156 -0.03277238 0.99946284
213.400000000 1.425373 1.130105 -0.077990 -0.00000316 0.00000063 -0.02817666 0.99960296
213.518000000 1.436135 1.128240 -0.078000 0.00000000 -0.00000000 -0.01428177 0.99989801
213.643000000 1.444579 1.127646 -0.078000 0.00000000 -0.00000000 -0.00246679 0.99999696
213.768000000 1.453323 1.127330 -0.078000 0.00000000 0.00000000 0.00983550 0.99995163
213.800000000 1.457822 1.127415 -0.077978 -0.00001767 0.00000105 0.01619294 0.99986889
213.900000000 1.471868 1.128143 -0.077947 -0.00007192 -0.00000222 0.03606039 0.99934961
214.018000000 1.470767 1.129397 -0.078000 0.00000000 -0.00000000 0.03458972 0.99940160
214.143000000 1.479971 1.129433 -0.078000 0.00000000 0.00000000 0.04699296 0.99889522
214.268000000 1.487495 1.129866 -0.078000 0.00000000 -0.00000000 0.05949190 0.99822879
214.300000000 1.491964 1.130393 -0.077994 -0.00001906 -0.00000354 0.06585734 0.99782905
214.400000000 1.505863 1.132535 -0.077950 -0.00008330 -0.00000967 0.08572805 0.99631857
214.518000000 1.504958 1.133626 -0.078000 0.00000000 -0.00000000 0.08419749 0.99644909
214.643000000 1.514221 1.134510 -0.078000 -0.00000000 0.00000000 0.09664520 0.99531890
214.768000000 1.522929 1.136773 -0.078000 0.00000000 -0.00000000 0.10916134 0.99402404
214.800000000 1.527322 1.137747 -0.077961 -0.00002169 -0.00000058 0.11549766 0.99330775
214.900000000 1.532346 1.140021 -0.078001 -0.00000382 -0.00000091 0.12297028 0.99241035
215.018000000 1.540210 1.141375 -0.078000 0.00000000 0.00000000 0.13385931 0.99100035
215.143000000 1.548017 1.142810 -0.078000 -0.00000000 0.00000000 0.14624244 0.98924878
215.268000000 1.555704 1.144447 -0.078000 -0.00000000 -0.00000000 0.15861849 0.98733995
215.300000000 1.559979 1.145851 -0.077999 -0.00001920 -0.00000688 0.16491114 0.98630843
215.400000000 1.573187 1.150681 -0.077950 -0.00008520 -0.00001870 0.18453141 0.98282661
215.518000000 1.573509 1.151315 -0.078000 0.00000000 -0.00000000 0.18306297 0.98310119
215.643000000 1.581107 1.155622 -0.078000 -0.00000000 -0.00000000 0.19535593 0.98073241
215.768000000 1.589141 1.159999 -0.078000 0.00000000 -0.00000000 0.20763567 0.97820623
215.800000000 1.593257 1.161820 -0.077994 -0.00001823 -0.00000466 0.21386921 0.97686230
215.900000000 1.605910 1.167957 -0.077950 -0.00006797 -0.00001875 0.23329178 0.97240678
216.018000000 1.605434 1.166268 -0.078000 0.00000000 -0.00000000 0.23196829 0.97272335
216.143000000 1.613264 1.171007 -0.078000 -0.00000000 -0.00000000 0.24405199 0.96976215
216.268000000 1.620937 1.175626 -0.078000 0.00000000 0.00000000 0.25616710 0.96663251
216.393000000 1.629016 1.180340 -0.078000 0.00000000 -0.00000000 0.26824227 0.96335149
216.400000000 1.629861 1.180845 -0.077999 -0.00000488 -0.00000165 0.26958575 0.96297639
216.518000000 1.636819 1.182865 -0.078000 -0.00000000 -0.00000000 0.28014260 0.95995840
216.643000000 1.643512 1.188228 -0.078000 0.00000000 0.00000000 0.29203408 0.95640791
216.768000000 1.649820 1.193028 -0.078000 0.00000000 0.00000000 0.30400546 0.95267029
216.800000000 1.653492 1.195629 -0.077990 -0.00001628 -0.00000879 0.31007406 0.95071240
216.900000000 1.664694 1.204132 -0.077958 -0.00007339 -0.00002737 0.32895639 0.94434511
217.018000000 1.665816 1.204209 -0.078000 -0.00000000 -0.00000000 0.32760739 0.94481395
217.143000000 1.672771 1.209018 -0.078000 0.00000000 -0.00000000 0.33932186 0.94067033
217.268000000 1.678875 1.214379 -0.078000 -0.00000000 0.00000000 0.35099469 0.93637745
217.300000000 1.682268 1.217336 -0.077996 -0.00001957 -0.00000758 0.35695847 0.93412025
217.400000000 1.692560 1.226920 -0.077945 -0.00007502 -0.00002599 0.37550075 0.92682209
217.518000000 1.692182 1.227177 -0.078000 0.00000000 0.00000000 0.37426983 0.92731984
217.643000000 1.698367 1.232912 -0.078000 0.00000000 -0.00000000 0.38574427 0.92260574
217.768000000 1.705121 1.239444 -0.078000 0.00000000 -0.00000000 0.39724046 0.91771456
217.800000000 1.708205 1.242720 -0.077991 -0.00001309 -0.00000482 0.40242061 0.91545489
217.900000000 1.717490 1.253253 -0.077935 -0.00004701 -0.00002106 0.41722475 0.90880334
218.018000000 1.713352 1.256303 -0.078000 -0.00000000 0.00000000 0.40514943 0.91425048
218.143000000 1.721300 1.261354 -0.078000 -0.00000000 -0.00000000 0.40844553 0.91278270
218.200000000 1.726615 1.267307 -0.077972 -0.00000434 0.00000107 0.40902715 0.91252221
218.300000000 1.729989 1.270273 -0.077989 0.00000061 -0.00000357 0.40896222 0.91255131
218.400000000 1.739297 1.280720 -0.077953 0.00000014 -0.00000930 0.40907758 0.91249961
218.518000000 1.739571 1.279567 -0.078000 0.00000000 -0.00000000 0.40888763 0.91258474
218.643000000 1.745084 1.286114 -0.078000 -0.00000000 -0.00000000 0.40877345 0.91263589
218.768000000 1.751306 1.291929 -0.078000 -0.00000000 0.00000000 0.40868412 0.91267590
218.800000000 1.754288 1.295270 -0.077998 -0.00000250 -0.00000125 0.40868284 0.91267647
218.900000000 1.763606 1.305709 -0.077947 -0.00000902 0.00000098 0.40868449 0.91267573
219.018000000 1.762676 1.303545 -0.078000 0.00000000 0.00000000 0.40866947 0.91268245
219.143000000 1.767931 1.310989 -0.078000 0.00000000 -0.00000000 0.40871773 0.91266085
219.268000000 1.773052 1.317050 -0.078000 -0.00000000 -0.00000000 0.40872782 0.91265633
219.300000000 1.776033 1.320391 -0.077984 -0.00000105 0.00000161 0.40872783 0.91265632
219.400000000 1.785352 1.330831 -0.077934 -0.00000043 0.00000183 0.40872791 0.91265628
219.518000000 1.786072 1.329992 -0.078000 -0.00000000 0.00000000 0.40874668 0.91264788
219.643000000 1.792215 1.335989 -0.078000 0.00000000 -0.00000000 0.40870438 0.91266682
219.768000000 1.798735 1.341712 -0.078000 -0.00000000 0.00000000 0.40863092 0.91269971
219.893000000 1.804195 1.349477 -0.078000 0.00000000 -0.00000000 0.40858294 0.91272119
219.900000000 1.804848 1.350208 -0.077998 -0.00000079 -0.00000052 0.40858294 0.91272119
220.018000000 1.808700 1.355500 -0.078000 0.00000000 0.00000000 0.40858471 0.91272040
220.143000000 1.815298 1.363805 -0.078000 0.00000000 0.00000000 0.40865407 0.91268935
220.268000000 1.821254 1.370770 -0.078000 0.00000000 0.00000000 0.40867545 0.91267978
220.300000000 1.824236 1.374110 -0.077970 -0.00000145 0.00000042 0.40867548 0.91267977
220.400000000 1.833555 1.384550 -0.077943 -0.00000479 -0.00000486 0.40867556 0.91267973
220.518000000 1.831728 1.382381 -0.078000 0.00000000 -0.00000000 0.40859900 0.91271401
220.643000000 1.838041 1.388644 -0.078000 -0.00000000 0.00000000 0.40857537 0.91272459
220.768000000 1.843500 1.395304 -0.078000 0.00000000 0.00000000 0.40864869 0.91269176
220.800000000 1.846483 1.398644 -0.077986 0.00000043 0.00000017 0.40864874 0.91269174
220.900000000 1.855801 1.409084 -0.077944 -0.00001198 -0.00000495 0.40864880 0.91269171
221.018000000 1.856772 1.409280 -0.078000 0.00000000 -0.00000000 0.40869053 0.91267302
221.143000000 1.860452 1.416322 -0.078000 -0.00000000 -0.00000000 0.40902825 0.91252172
221.268000000 1.867458 1.422171 -0.078000 -0.00000000 -0.00000000 0.41685824 0.90897151
221.300000000 1.870412 1.425558 -0.077987 -0.00001491 -0.00000775 0.42077036 0.90716719
221.400000000 1.879350 1.436411 -0.077948 -0.00007003 -0.00003528 0.43407032 0.90087899
221.518000000 1.878106 1.434700 -0.078000 0.00000000 -0.00000000 0.43818529 0.89888467
221.643000000 1.884304 1.441770 -0.078000 -0.00000000 0.00000000 0.44918782 0.89343735
221.700000000 1.889016 1.448257 -0.077978 -0.00003529 -0.00001926 0.45942123 0.88821852
221.800000000 1.891839 1.453137 -0.078007 -0.00001714 -0.00001011 0.46608867 0.88473801
221.900000000 1.894161 1.455780 -0.077991 -0.00000372 -0.00000116 0.47264536 0.88125272
222.018000000 1.898841 1.463481 -0.078000 0.00000000 0.00000000 0.48235534 0.87597564
222.143000000 1.903108 1.470554 -0.078000 0.00000000 -0.00000000 0.49322059 0.86990428
222.268000000 1.907729 1.477491 -0.078000 0.00000000 -0.00000000 0.50392469 0.86374759
222.300000000 1.909946 1.481408 -0.077977 -0.00002126 -0.00001218 0.50942193 0.86051688
222.400000000 1.916467 1.493869 -0.077935 -0.00008036 -0.00004779 0.52646752 0.85019524
222.518000000 1.912678 1.492397 -0.078000 -0.00000000 0.00000000 0.52550391 0.85079118
222.643000000 1.925582 1.499701 -0.078000 0.00000000 0.00000000 0.53522940 0.84470675
222.768000000 1.929920 1.507013 -0.078000 0.00000000 -0.00000000 0.54573261 0.83795938
222.800000000 1.931746 1.511126 -0.077993 -0.00001407 -0.00000966 0.55106471 0.83446251
222.900000000 1.936996 1.524173 -0.077952 -0.00006271 -0.00004223 0.56758255 0.82331649
223.018000000 1.936408 1.524175 -0.078000 0.00000000 -0.00000000 0.56656206 0.82401907
223.143000000 1.938719 1.532678 -0.078000 -0.00000000 0.00000000 0.57683525 0.81686051
223.200000000 1.941322 1.540260 -0.077988 -0.00003006 -0.00002257 0.58607611 0.81025601
223.300000000 1.943526 1.545249 -0.077976 -0.00002158 -0.00001160 0.59212977 0.80584263
223.400000000 1.944516 1.548854 -0.077997 -0.00000242 -0.00000249 0.59808933 0.80142944
223.518000000 1.947186 1.556701 -0.078000 -0.00000000 0.00000000 0.60693742 0.79474962
223.643000000 1.949323 1.564285 -0.078000 0.00000000 -0.00000000 0.61682676 0.78709895
223.768000000 1.951026 1.573609 -0.078000 -0.00000000 -0.00000000 0.62657960 0.77935743
223.800000000 1.951998 1.578003 -0.077999 -0.00001149 -0.00001325 0.63153662 0.77534605
223.900000000 1.954580 1.591826 -0.077952 -0.00005338 -0.00005069 0.64686094 0.76260797
224.018000000 1.955098 1.590007 -0.078000 -0.00000000 0.00000000 0.64580429 0.76350299
224.143000000 1.956343 1.598909 -0.078000 0.00000000 -0.00000000 0.65535239 0.75532327
224.268000000 1.956728 1.606543 -0.078000 -0.00000000 0.00000000 0.66460664 0.74719343
224.300000000 1.957261 1.611011 -0.077985 -0.00001495 -0.00001386 0.66935773 0.74294026
224.400000000 1.958431 1.625027 -0.077938 -0.00006651 -0.00006051 0.68402840 0.72945537
224.518000000 1.958043 1.623564 -0.078000 0.00000000 -0.00000000 0.68304182 0.73037926
224.643000000 1.959422 1.632571 -0.078000 -0.00000000 0.00000000 0.69211571 0.72178657
224.768000000 1.958706 1.642347 -0.078000 -0.00000000 0.00000000 0.70110865 0.71305446
224.893000000 1.958992 1.649926 -0.078000 0.00000000 -0.00000000 0.70987206 0.70433065
224.900000000 1.958989 1.650910 -0.077995 -0.00000213 -0.00000164 0.71069441 0.70350086
225.018000000 1.958493 1.660542 -0.078000 0.00000000 0.00000000 0.71400302 0.70014261
225.143000000 1.959702 1.667302 -0.078000 0.00000000 -0.00000000 0.71974273 0.69424089
225.268000000 1.957937 1.676257 -0.078000 0.00000000 0.00000000 0.71803493 0.69600707
225.300000000 1.957796 1.680732 -0.077962 -0.00000470 0.00000129 0.71818958 0.69584749
225.400000000 1.957361 1.694719 -0.077920 -0.00000525 -0.00000106 0.71799873 0.69604441
225.518000000 1.958903 1.693431 -0.078000 -0.00000000 -0.00000000 0.71848255 0.69554498
225.643000000 1.958668 1.700829 -0.078000 -0.00000000 -0.00000000 0.71844076 0.69558815
225.768000000 1.958382 1.710839 -0.078000 -0.00000000 0.00000000 0.71846073 0.69556753
225.800000000 1.958237 1.715315 -0.077995 0.00000098 0.00000089 0.71845729 0.69557107
225.900000000 1.957786 1.729301 -0.077948 0.00000083 0.00000529 0.71830197 0.69573147
226.018000000 1.956490 1.729716 -0.078000 0.00000000 0.00000000 0.71393082 0.70021624
226.143000000 1.953982 1.739493 -0.078000 -0.00000000 0.00000000 0.70694411 0.70726942
226.268000000 1.955396 1.746991 -0.078000 -0.00000000 0.00000000 0.69962811 0.71450718
226.300000000 1.955487 1.751447 -0.077991 0.00001271 0.00001267 0.69524556 0.71877230
226.400000000 1.956235 1.765349 -0.077946 0.00005713 0.00005924 0.68091353 0.73236381
226.518000000 1.957594 1.765076 -0.078000 -0.00000000 -0.00000000 0.68168461 0.73164615
226.643000000 1.958442 1.774241 -0.078000 -0.00000000 -0.00000000 0.67243459 0.74015655
226.700000000 1.959284 1.782132 -0.077983 0.00002299 0.00001967 0.66401099 0.74772281
226.800000000 1.959234 1.784691 -0.077959 0.00001556 0.00001573 0.65837655 0.75268872
226.900000000 1.960200 1.790271 -0.078002 0.00000411 0.00000259 0.65272121 0.75759819
227.018000000 1.961283 1.798004 -0.078000 0.00000000 0.00000000 0.64434349 0.76473620
227.143000000 1.962317 1.806360 -0.078000 -0.00000000 0.00000000 0.63469414 0.77276345
227.268000000 1.964916 1.816502 -0.078000 0.00000000 0.00000000 0.62510628 0.78053965
227.300000000 1.965886 1.820850 -0.077982 0.00001382 0.00001431 0.62011642 0.78450980
227.400000000 1.969361 1.834332 -0.077934 0.00005575 0.00005076 0.60436206 0.79670979
227.518000000 1.969455 1.832877 -0.078000 -0.00000000 0.00000000 0.60528784 0.79600668
227.643000000 1.971463 1.841847 -0.078000 0.00000000 -0.00000000 0.59542621 0.80341000
227.768000000 1.974225 1.848966 -0.078000 0.00000000 0.00000000 0.59067070 0.80691271
227.800000000 1.975590 1.853218 -0.077986 0.00000511 0.00000410 0.58791706 0.80892121
227.900000000 1.980067 1.866455 -0.077948 0.00002209 0.00001397 0.58007074 0.81456611
228.018000000 1.979654 1.866905 -0.078000 0.00000000 -0.00000000 0.58589245 0.81038882
228.143000000 1.980568 1.873404 -0.078000 -0.00000000 0.00000000 0.58505345 0.81099473
228.268000000 1.983518 1.880715 -0.078000 -0.00000000 0.00000000 0.58503616 0.81100721
228.300000000 1.984930 1.884964 -0.077971 0.00000170 0.00000186 0.58506894 0.81098356
228.400000000 1.985541 1.889386 -0.077998 -0.00000010 -0.00000031 0.58504520 0.81100069
228.518000000 1.989097 1.896650 -0.078000 0.00000000 -0.00000000 0.58509781 0.81096273
228.643000000 1.991222 1.905561 -0.078000 0.00000000 -0.00000000 0.58516079 0.81091729
228.768000000 1.992951 1.914551 -0.078000 0.00000000 -0.00000000 0.58534497 0.81078435
228.800000000 1.994365 1.918806 -0.078003 -0.00000293 -0.00000662 0.58650996 0.80994201
228.900000000 1.998707 1.932144 -0.077962 -0.00002880 -0.00002424 0.59160407 0.80622864
229.018000000 2.001646 1.931053 -0.078000 0.00000000 -0.00000000 0.60071365 0.79946426
229.143000000 2.002335 1.939994 -0.078000 -0.00000000 0.00000000 0.60869664 0.79340305
229.268000000 2.004836 1.950093 -0.078000 0.00000000 0.00000000 0.61897196 0.78541308
229.300000000 2.005899 1.954466 -0.077979 -0.00001859 -0.00001325 0.62396011 0.78145619
229.400000000 2.008728 1.968243 -0.077936 -0.00007172 -0.00005450 0.63937870 0.76889197
229.518000000 2.008371 1.967045 -0.078000 0.00000000 -0.00000000 0.63824156 0.76983616
229.643000000 2.010075 1.976521 -0.078000 -0.00000000 0.00000000 0.64778411 0.76182396
229.768000000 2.010672 1.983536 -0.078000 0.00000000 -0.00000000 0.65720761 0.75370959
229.800000000 2.011290 1.987993 -0.077997 -0.00001348 -0.00001174 0.66199855 0.74950512
229.900000000 2.012725 2.001984 -0.077942 -0.00005410 -0.00004613 0.67631638 0.73661126
230.018000000 2.011508 2.001395 -0.078000 0.00000000 -0.00000000 0.67047182 0.74193499
230.143000000 2.010275 2.011347 -0.078000 -0.00000000 0.00000000 0.67187721 0.74066255
230.200000000 2.011024 2.019290 -0.077972 -0.00000262 0.00000237 0.67294556 0.73969201
230.300000000 2.012520 2.024900 -0.078008 0.00000010 -0.00000685 0.67451225 0.73826365
230.400000000 2.013766 2.038835 -0.077951 -0.00000360 -0.00000869 0.67451290 0.73826306
230.518000000 2.015456 2.035798 -0.078000 -0.00000000 0.00000000 0.67416913 0.73857700
230.643000000 2.016054 2.044941 -0.078000 -0.00000000 0.00000000 0.67424171 0.73851075
230.768000000 2.017385 2.053297 -0.078000 -0.00000000 -0.00000000 0.67419379 0.73855449
230.800000000 2.017791 2.057757 -0.077991 -0.00000591 -0.00000432 0.67419703 0.73855153
230.900000000 2.019060 2.071693 -0.077943 -0.00001650 -0.00000976 0.67420158 0.73854738
231.018000000 2.017821 2.070499 -0.078000 -0.00000000 0.00000000 0.67415619 0.73858881
231.143000000 2.018149 2.079424 -0.078000 0.00000000 0.00000000 0.67411073 0.73863030
231.268000000 2.019273 2.089427 -0.078000 0.00000000 -0.00000000 0.67407226 0.73866541
231.300000000 2.019681 2.093886 -0.077981 0.00000082 0.00000268 0.67407215 0.73866551
231.400000000 2.020961 2.107821 -0.077940 0.00000820 0.00000739 0.67407214 0.73866552
231.518000000 2.021881 2.105725 -0.078000 0.00000000 -0.00000000 0.67395554 0.73877190
231.643000000 2.022730 2.113616 -0.078000 -0.00000000 0.00000000 0.67397511 0.73875405
231.700000000 2.023460 2.121559 -0.077973 0.00000102 0.00000044 0.67397516 0.73875401
231.800000000 2.023891 2.126904 -0.078005 0.00000191 -0.00000174 0.67395065 0.73877637
231.967000000 2.024926 2.141856 -0.077974 0.00000592 0.00000787 0.67273883 0.73988004
232.018000000 2.027620 2.138801 -0.078000 -0.00000000 0.00000000 0.67360053 0.73909561
232.143000000 2.027908 2.146839 -0.078000 -0.00000000 0.00000000 0.66633908 0.74564887
232.268000000 2.026580 2.156314 -0.078000 -0.00000000 0.00000000 0.65547018 0.75522106
232.300000000 2.027176 2.160730 -0.077984 0.00001365 0.00000994 0.65087078 0.75918853
232.400000000 2.029582 2.174444 -0.077950 0.00006311 0.00005134 0.63601476 0.77167688
232.518000000 2.027942 2.175171 -0.078000 0.00000000 0.00000000 0.63787539 0.77013959
232.643000000 2.030509 2.184447 -0.078000 -0.00000000 0.00000000 0.63572090 0.77191900
232.768000000 2.034557 2.192258 -0.078000 -0.00000000 0.00000000 0.63650186 0.77127517
232.800000000 2.035427 2.196650 -0.077987 0.00000256 0.00000077 0.63632927 0.77141756
232.900000000 2.038090 2.210387 -0.077940 0.00001117 0.00000521 0.63564106 0.77198474
233.018000000 2.038076 2.210796 -0.078000 -0.00000000 0.00000000 0.63535146 0.77222311
233.143000000 2.038075 2.218795 -0.078000 -0.00000000 0.00000000 0.63528708 0.77227607
233.268000000 2.040300 2.227270 -0.078000 0.00000000 -0.00000000 0.63529400 0.77227037
233.393000000 2.041064 2.236476 -0.078000 -0.00000000 0.00000000 0.63532522 0.77224470
233.400000000 2.041253 2.237437 -0.078000 0.00000013 -0.00000019 0.63532569 0.77224431
233.518000000 2.043236 2.244295 -0.078000 0.00000000 0.00000000 0.63531809 0.77225056
233.643000000 2.044001 2.252907 -0.078000 -0.00000000 -0.00000000 0.63532276 0.77224672
233.768000000 2.044595 2.262411 -0.078000 -0.00000000 0.00000000 0.63533390 0.77223755
233.800000000 2.045458 2.266805 -0.077985 0.00000163 -0.00000177 0.63533390 0.77223755
233.900000000 2.048155 2.280536 -0.077952 0.00000624 -0.00000081 0.63533368 0.77223773
234.018000000 2.049981 2.279623 -0.078000 0.00000000 -0.00000000 0.63520866 0.77234057
234.143000000 2.051398 2.287860 -0.078000 -0.00000000 0.00000000 0.63520212 0.77234595
234.268000000 2.054206 2.296912 -0.078000 -0.00000000 -0.00000000 0.63524577 0.77231005
234.300000000 2.055070 2.301306 -0.077980 -0.00000092 -0.00000002 0.63524579 0.77231003
234.400000000 2.057768 2.315035 -0.077934 0.00000107 -0.00000469 0.63524590 0.77230994
234.518000000 2.055255 2.312113 -0.078000 -0.00000000 0.00000000 0.63520939 0.77233997
234.643000000 2.056939 2.321022 -0.078000 -0.00000000 0.00000000 0.63526105 0.77229748
234.768000000 2.059651 2.329429 -0.078000 0.00000000 0.00000000 0.63526684 0.77229271
234.800000000 2.060514 2.333823 -0.077982 -0.00000046 0.00000018 0.63526687 0.77229269
234.900000000 2.063213 2.347553 -0.077933 0.00000109 -0.00000025 0.63526696 0.77229262
235.018000000 2.061709 2.348302 -0.078000 -0.00000000 0.00000000 0.63524146 0.77231359
235.143000000 2.064364 2.356374 -0.078000 -0.00000000 -0.00000000 0.63515175 0.77238738
235.200000000 2.065904 2.364200 -0.077976 -0.00000092 -0.00000409 0.63515176 0.77238737
235.300000000 2.067377 2.369702 -0.077965 -0.00000163 0.00000370 0.63519974 0.77234791
235.400000000 2.066600 2.373191 -0.077996 -0.00000013 -0.00000019 0.63524134 0.77231369
235.518000000 2.070584 2.379421 -0.078000 -0.00000000 0.00000000 0.64027197 0.76814830
235.643000000 2.073271 2.388517 -0.078000 -0.00000000 -0.00000000 0.64793601 0.76169478
235.768000000 2.072223 2.398455 -0.078000 -0.00000000 0.00000000 0.65487483 0.75573736
235.800000000 2.072861 2.402908 -0.078000 -0.00001388 -0.00001525 0.65951589 0.75169062
235.900000000 2.074429 2.416883 -0.077955 -0.00006631 -0.00006394 0.67442012 0.73834781
236.018000000 2.073431 2.415966 -0.078000 0.00000000 0.00000000 0.67353878 0.73915189
236.143000000 2.072964 2.425671 -0.078000 0.00000000 -0.00000000 0.67741527 0.73560081
236.268000000 2.075873 2.432994 -0.078000 0.00000000 0.00000000 0.68313112 0.73029574
236.300000000 2.076185 2.437465 -0.077991 -0.00000113 -0.00000184 0.68381960 0.72965112
236.400000000 2.077015 2.451429 -0.077949 -0.00000424 -0.00000167 0.68551543 0.72805810
236.518000000 2.076571 2.451430 -0.078000 0.00000000 -0.00000000 0.68069479 0.73256713
236.643000000 2.076106 2.460324 -0.078000 -0.00000000 -0.00000000 0.68065793 0.73260138
236.768000000 2.077096 2.469194 -0.078000 0.00000000 -0.00000000 0.68078467 0.73248360
236.800000000 2.077424 2.473660 -0.077987 -0.00000211 0.00000115 0.68079877 0.73247050
236.900000000 2.076292 2.479554 -0.077997 0.00000053 0.00000008 0.68088484 0.73239049
237.018000000 2.078340 2.487184 -0.078000 -0.00000000 0.00000000 0.68087737 0.73239744
237.143000000 2.078100 2.495208 -0.078000 -0.00000000 0.00000000 0.68093167 0.73234695
237.268000000 2.077848 2.503906 -0.078000 0.00000000 0.00000000 0.68091239 0.73236488
237.300000000 2.078174 2.508373 -0.078008 0.00000359 -0.00000092 0.68091236 0.73236491
237.400000000 2.079193 2.522327 -0.077952 0.00001087 0.00000360 0.68091264 0.73236465
237.518000000 2.079954 2.522480 -0.078000 -0.00000000 0.00000000 0.68087862 0.73239627
237.643000000 2.081926 2.532090 -0.078000 0.00000000 0.00000000 0.68083932 0.73243281
237.768000000 2.082721 2.540544 -0.078000 0.00000000 -0.00000000 0.68080878 0.73246119
237.800000000 2.083048 2.545009 -0.077977 -0.00000028 0.00000155 0.68080881 0.73246117
237.900000000 2.084069 2.558967 -0.077935 -0.00000407 0.00000441 0.68080892 0.73246107
238.018000000 2.081650 2.557822 -0.078000 0.00000000 0.00000000 0.68082268 0.73244828
238.143000000 2.082486 2.565861 -0.078000 0.00000000 0.00000000 0.68085532 0.73241794
238.268000000 2.084541 2.574750 -0.078000 -0.00000000 0.00000000 0.68078746 0.73248101
238.300000000 2.084865 2.579210 -0.077974 0.00000476 0.00000793 0.67973227 0.73346032
238.400000000 2.085954 2.593130 -0.077941 0.00002424 0.00002625 0.67594293 0.73695397
238.518000000 2.086297 2.591334 -0.078000 -0.00000000 0.00000000 0.67164366 0.74087434
238.643000000 2.084842 2.599268 -0.078000 0.00000000 -0.00000000 0.66032624 0.75097886
238.700000000 2.085941 2.607131 -0.077966 0.00002128 0.00002353 0.65211939 0.75811628
238.800000000 2.088243 2.620860 -0.077934 0.00006809 0.00006290 0.63712663 0.77075913
238.900000000 2.090846 2.624917 -0.077954 0.00006065 0.00004417 0.63237190 0.77466494
239.018000000 2.090366 2.623294 -0.078000 -0.00000000 0.00000000 0.63834481 0.76975055
239.143000000 2.093587 2.631247 -0.078000 -0.00000000 0.00000000 0.63850159 0.76962051
239.268000000 2.094843 2.639443 -0.078000 0.00000000 0.00000000 0.63651615 0.77126338
239.300000000 2.095687 2.643847 -0.077977 -0.00000379 -0.00000210 0.63768330 0.77029865
239.400000000 2.098280 2.657630 -0.077932 -0.00001917 -0.00001484 0.64232090 0.76643582
239.518000000 2.097725 2.657438 -0.078000 0.00000000 -0.00000000 0.64646575 0.76294301
239.643000000 2.099372 2.665194 -0.078000 -0.00000000 -0.00000000 0.65122999 0.75888042
239.768000000 2.099547 2.674015 -0.078000 0.00000000 0.00000000 0.65594178 0.75481148
239.800000000 2.100177 2.678460 -0.077983 -0.00001007 -0.00001036 0.65836022 0.75270301
239.900000000 2.101893 2.692382 -0.077946 -0.00004405 -0.00004155 0.66584055 0.74609406
240.018000000 2.103350 2.692454 -0.078000 -0.00000000 0.00000000 0.66528855 0.74658633
240.143000000 2.102664 2.701431 -0.078000 0.00000000 0.00000000 0.66994758 0.74240840
240.268000000 2.103094 2.710809 -0.078000 -0.00000000 -0.00000000 0.67450922 0.73826642
240.300000000 2.103499 2.715280 -0.078001 -0.00000677 -0.00000450 0.67685943 0.73611229
240.400000000 2.104515 2.720860 -0.077995 -0.00000170 -0.00000078 0.67955063 0.73362861
240.518000000 2.103734 2.727312 -0.078000 0.00000000 0.00000000 0.68359450 0.72986201
240.643000000 2.103993 2.735955 -0.078000 -0.00000000 0.00000000 0.68812057 0.72559636
240.768000000 2.105513 2.744353 -0.078000 -0.00000000 0.00000000 0.69255104 0.72136887
240.800000000 2.105698 2.748839 -0.077992 -0.00000573 -0.00000766 0.69484752 0.71915709
240.900000000 2.106047 2.762863 -0.077952 -0.00002652 -0.00003122 0.70197842 0.71219821
241.018000000 2.105598 2.762960 -0.078000 0.00000000 -0.00000000 0.70160330 0.71256776
241.143000000 2.103737 2.772248 -0.078000 -0.00000000 0.00000000 0.70610064 0.70811149
241.268000000 2.102679 2.781368 -0.078000 0.00000000 -0.00000000 0.71055846 0.70363817
241.300000000 2.108598 2.788848 -0.077992 -0.00000660 -0.00000781 0.71339196 0.70076524
241.400000000 2.108201 2.802870 -0.077946 -0.00003266 -0.00003605 0.72033865 0.69362254
241.518000000 2.107475 2.802772 -0.078000 0.00000000 0.00000000 0.71996360 0.69401183
241.643000000 2.107220 2.812020 -0.078000 -0.00000000 0.00000000 0.72426931 0.68951719
241.768000000 2.106558 2.820743 -0.078000 -0.00000000 -0.00000000 0.72864548 0.68489106
241.893000000 2.105648 2.829218 -0.078000 0.00000000 0.00000000 0.73283023 0.68041153
241.900000000 2.105577 2.830197 -0.078000 -0.00000131 -0.00000173 0.73330461 0.67990025
242.018000000 2.104796 2.836454 -0.078000 0.00000000 -0.00000000 0.73706829 0.67581827
242.143000000 2.104581 2.845090 -0.078000 0.00000000 0.00000000 0.74129398 0.67118048
242.268000000 2.103082 2.853782 -0.078000 -0.00000000 0.00000000 0.74554086 0.66645992
242.300000000 2.102585 2.858244 -0.077996 -0.00000411 -0.00000768 0.74766201 0.66407945
242.400000000 2.100799 2.872158 -0.077961 -0.00002230 -0.00002891 0.75424137 0.65659725
242.518000000 2.100377 2.873471 -0.078000 0.00000000 0.00000000 0.75379353 0.65711134
242.643000000 2.100030 2.882287 -0.078000 0.00000000 0.00000000 0.75786731 0.65240872
242.768000000 2.097624 2.891133 -0.078000 0.00000000 -0.00000000 0.76191427 0.64767789
242.800000000 2.096902 2.895564 -0.077992 -0.00000754 -0.00000863 0.76397541 0.64524536
242.900000000 2.094418 2.909370 -0.077944 -0.00002644 -0.00002937 0.77036645 0.63760139
243.018000000 2.096077 2.908644 -0.078000 0.00000000 -0.00000000 0.76991342 0.63814836
243.143000000 2.094033 2.916835 -0.078000 0.00000000 -0.00000000 0.77385050 0.63336831
243.268000000 2.091806 2.925702 -0.078000 -0.00000000 -0.00000000 0.77781324 0.62849548
243.300000000 2.090866 2.930092 -0.077988 -0.00000447 -0.00000445 0.77981315 0.62601234
243.400000000 2.087690 2.943756 -0.077937 -0.00001611 -0.00002297 0.78601176 0.61821154
243.518000000 2.087727 2.942229 -0.078000 0.00000000 -0.00000000 0.78562639 0.61870120
243.643000000 2.086395 2.950534 -0.078000 -0.00000000 -0.00000000 0.78937277 0.61391419
243.700000000 2.084395 2.958259 -0.077968 -0.00000232 -0.00000058 0.79133761 0.61137942
243.800000000 2.081262 2.964284 -0.077997 0.00000782 0.00000226 0.78830695 0.61528217
243.900000000 2.077883 2.977838 -0.077955 0.00001270 0.00001229 0.78671082 0.61732170
244.018000000 2.077962 2.975783 -0.078000 -0.00000000 0.00000000 0.78323604 0.62172447
244.143000000 2.077214 2.984252 -0.078000 -0.00000000 0.00000000 0.77943069 0.62648847
244.268000000 2.076048 2.993522 -0.078000 0.00000000 0.00000000 0.77552681 0.63131464
244.300000000 2.075139 2.997895 -0.077970 0.00000336 0.00000764 0.77352568 0.63376496
244.400000000 2.072525 3.011606 -0.077937 0.00002399 0.00002960 0.76716304 0.64145216
244.518000000 2.071735 3.010776 -0.078000 -0.00000000 -0.00000000 0.76763978 0.64088155
244.643000000 2.072205 3.018397 -0.078000 0.00000000 0.00000000 0.76358483 0.64570752
244.768000000 2.071143 3.027010 -0.078000 0.00000000 0.00000000 0.75958128 0.65041239
244.800000000 2.070452 3.031423 -0.077984 0.00000475 0.00000692 0.75750378 0.65283078
244.900000000 2.068534 3.045249 -0.077948 0.00002241 0.00002608 0.75096182 0.66034563
245.018000000 2.068113 3.044912 -0.078000 -0.00000000 0.00000000 0.75140316 0.65984338
245.143000000 2.066411 3.053649 -0.078000 -0.00000000 0.00000000 0.74731095 0.66447448
245.268000000 2.065300 3.062366 -0.078000 -0.00000000 -0.00000000 0.74316908 0.66910367
245.393000000 2.063816 3.071686 -0.078000 -0.00000000 -0.00000000 0.73901698 0.67368680
245.400000000 2.063723 3.072659 -0.077997 0.00000110 0.00000148 0.73854694 0.67420206
245.518000000 2.063756 3.081074 -0.078000 -0.00000000 -0.00000000 0.73480695 0.67827630
245.643000000 2.063002 3.088878 -0.078000 0.00000000 0.00000000 0.73058229 0.68282466
245.768000000 2.062551 3.097953 -0.078000 0.00000000 0.00000000 0.72637951 0.68729383
245.800000000 2.062302 3.102413 -0.077965 0.00000467 0.00001011 0.72418452 0.68960625
245.900000000 2.061752 3.116360 -0.077930 0.00002964 0.00003091 0.71727777 0.69678734
246.018000000 2.062247 3.116152 -0.078000 -0.00000000 0.00000000 0.71771234 0.69633972
246.143000000 2.059703 3.124664 -0.078000 -0.00000000 0.00000000 0.71365033 0.70050211
246.268000000 2.059639 3.133751 -0.078000 0.00000000 0.00000000 0.71573949 0.69836737
246.300000000 2.059554 3.138231 -0.077984 -0.00000288 -0.00000285 0.71654746 0.69753834
246.400000000 2.059126 3.152259 -0.077948 -0.00002772 -0.00002916 0.72178104 0.69212147
246.518000000 2.060502 3.149833 -0.078000 0.00000000 0.00000000 0.72984469 0.68361300
246.643000000 2.057852 3.159954 -0.078000 -0.00000000 -0.00000000 0.73676051 0.67615379
246.768000000 2.058432 3.168598 -0.078000 -0.00000000 -0.00000000 0.74529278 0.66673733
246.800000000 2.057938 3.173072 -0.077997 -0.00001080 -0.00001525 0.74958511 0.66190797
246.900000000 2.055895 3.186986 -0.077943 -0.00005219 -0.00006373 0.76267238 0.64678499
247.018000000 2.057063 3.187075 -0.078000 -0.00000000 0.00000000 0.76181134 0.64779895
247.143000000 2.054778 3.194831 -0.078000 0.00000000 0.00000000 0.76984105 0.63823566
247.200000000 2.053208 3.202692 -0.077978 -0.00002137 -0.00002619 0.77704178 0.62944902
247.300000000 2.053741 3.208680 -0.077970 -0.00001216 -0.00001745 0.78173188 0.62361468
247.400000000 2.051930 3.212913 -0.078003 -0.00000253 -0.00000384 0.78636611 0.61776075
247.518000000 2.048422 3.221015 -0.078000 0.00000000 0.00000000 0.79314279 0.60903573
247.643000000 2.046858 3.230209 -0.078000 -0.00000000 0.00000000 0.80067513 0.59909877
247.768000000 2.044580 3.237563 -0.078000 -0.00000000 0.00000000 0.80807872 0.58907451
247.800000000 2.043207 3.241848 -0.077982 -0.00001301 -0.00001407 0.81181861 0.58390970
247.900000000 2.038473 3.255092 -0.077936 -0.00005088 -0.00006297 0.82329227 0.56761768
248.018000000 2.039452 3.253641 -0.078000 0.00000000 0.00000000 0.82251846 0.56873841
248.143000000 2.035528 3.261479 -0.078000 0.00000000 0.00000000 0.82954110 0.55844567
248.268000000 2.032795 3.270439 -0.078000 -0.00000000 0.00000000 0.83641317 0.54809946
248.300000000 2.031006 3.274568 -0.077982 -0.00001105 -0.00001784 0.83989132 0.54275462
248.400000000 2.024957 3.287264 -0.077945 -0.00004630 -0.00007494 0.85053959 0.52591101
248.518000000 2.024572 3.286051 -0.078000 0.00000000 0.00000000 0.84982868 0.52705903
248.643000000 2.018502 3.293970 -0.078000 0.00000000 0.00000000 0.85636591 0.51636947
248.768000000 2.015231 3.302732 -0.078000 0.00000000 0.00000000 0.86272241 0.50567780
248.800000000 2.013035 3.306660 -0.078005 -0.00000853 -0.00001735 0.86592931 0.50016640
248.900000000 2.012751 3.310989 -0.077996 -0.00000251 -0.00000333 0.86960661 0.49374523
249.018000000 2.007209 3.318558 -0.078000 0.00000000 -0.00000000 0.87505917 0.48401596
249.143000000 2.001767 3.325731 -0.078000 -0.00000000 0.00000000 0.88102376 0.47307201
249.268000000 1.997339 3.333576 -0.078000 -0.00000000 0.00000000 0.88682686 0.46210186
249.300000000 1.994765 3.337267 -0.077967 -0.00001005 -0.00001544 0.88975548 0.45643748
249.400000000 1.986345 3.348531 -0.077930 -0.00003255 -0.00007042 0.89867368 0.43861784
249.518000000 1.987186 3.346405 -0.078000 -0.00000000 0.00000000 0.89804137 0.43991102
249.643000000 1.982161 3.353811 -0.078000 0.00000000 -0.00000000 0.90339913 0.42880068
249.768000000 1.976547 3.361159 -0.078000 -0.00000000 0.00000000 0.90867099 0.41751291
249.800000000 1.973622 3.364579 -0.077994 -0.00000685 -0.00001662 0.91131477 0.41171032
249.900000000 1.964111 3.374938 -0.077950 -0.00002834 -0.00007036 0.91933729 0.39347037
250.018000000 1.964106 3.373504 -0.078000 -0.00000000 0.00000000 0.91883001 0.39465353
250.143000000 1.958275 3.380273 -0.078000 -0.00000000 0.00000000 0.92366651 0.38319731
250.268000000 1.952514 3.386002 -0.078000 0.00000000 0.00000000 0.92835117 0.37170432
250.393000000 1.946408 3.391925 -0.078000 0.00000000 0.00000000 0.93287970 0.36018810
250.400000000 1.945682 3.392589 -0.077997 -0.00000205 -0.00000407 0.93338122 0.35888647
250.518000000 1.938894 3.398370 -0.078000 -0.00000000 0.00000000 0.93731004 0.34849662
250.643000000 1.932401 3.404272 -0.078000 0.00000000 0.00000000 0.94157519 0.33680286
250.768000000 1.925307 3.410604 -0.078000 0.00000000 -0.00000000 0.94568643 0.32508027
250.800000000 1.921762 3.413376 -0.078011 -0.00000526 -0.00002147 0.94774014 0.31904331
250.900000000 1.910403 3.421668 -0.077957 -0.00002893 -0.00008032 0.95390914 0.30009555
251.018000000 1.911731 3.420651 -0.078000 0.00000000 0.00000000 0.95348855 0.30142923
251.143000000 1.904683 3.424696 -0.078000 0.00000000 0.00000000 0.95718229 0.28948587
251.268000000 1.896699 3.428831 -0.078000 -0.00000000 -0.00000000 0.96071425 0.27753943
251.300000000 1.892894 3.431233 -0.077977 -0.00000714 -0.00001941 0.96246446 0.27140775
251.400000000 1.880758 3.438342 -0.077942 -0.00002311 -0.00008054 0.96768139 0.25217597
251.518000000 1.881207 3.438443 -0.078000 -0.00000000 0.00000000 0.96731141 0.25359146
251.643000000 1.874438 3.442818 -0.078000 -0.00000000 0.00000000 0.97037003 0.24162368
251.768000000 1.866411 3.447538 -0.078000 0.00000000 -0.00000000 0.97331243 0.22948400
251.800000000 1.862387 3.449553 -0.077994 -0.00000499 -0.00002199 0.97475601 0.22327277
251.900000000 1.849598 3.455406 -0.077943 -0.00001700 -0.00006866 0.97901142 0.20380540
252.018000000 1.849204 3.455214 -0.078000 0.00000000 -0.00000000 0.97872502 0.20517634
252.143000000 1.841734 3.458010 -0.078000 0.00000000 -0.00000000 0.98119861 0.19300074
252.200000000 1.834283 3.460968 -0.077983 -0.00000757 -0.00002817 0.98332741 0.18184391
252.300000000 1.827776 3.462699 -0.077966 -0.00000221 -0.00001661 0.98468019 0.17437010
252.400000000 1.822252 3.464339 -0.077998 -0.00000046 -0.00000613 0.98596484 0.16695309
252.518000000 1.815547 3.465395 -0.078000 0.00000000 -0.00000000 0.98770533 0.15632716
252.643000000 1.805676 3.467309 -0.078000 -0.00000000 -0.00000000 0.98817473 0.15333199
252.768000000 1.799454 3.468027 -0.078000 0.00000000 -0.00000000 0.98906657 0.14746973
252.800000000 1.795160 3.469338 -0.077984 -0.00000390 -0.00001115 0.98954448 0.14422802
252.900000000 1.781676 3.473210 -0.077937 -0.00001057 -0.00003614 0.99093164 0.13436700
253.018000000 1.781805 3.472768 -0.078000 0.00000000 -0.00000000 0.99085019 0.13496629
253.143000000 1.774252 3.475124 -0.078000 0.00000000 -0.00000000 0.99167676 0.12875251
253.268000000 1.765413 3.477368 -0.078000 -0.00000000 0.00000000 0.99246664 0.12251521
253.300000000 1.761059 3.478464 -0.077980 -0.00000251 -0.00000898 0.99283097 0.11952686
253.400000000 1.747416 3.481642 -0.077940 -0.00000312 -0.00001555 0.99364449 0.11256386
253.518000000 1.748842 3.480484 -0.078000 0.00000000 0.00000000 0.99280403 0.11975043
253.643000000 1.739488 3.482702 -0.078000 0.00000000 -0.00000000 0.99282339 0.11958980
253.768000000 1.730844 3.484274 -0.078000 -0.00000000 0.00000000 0.99284838 0.11938215
253.893000000 1.722018 3.486763 -0.078000 -0.00000000 0.00000000 0.99285865 0.11929667
253.900000000 1.721066 3.486995 -0.077998 -0.00000007 -0.00000007 0.99285867 0.11929656
254.018000000 1.714098 3.488398 -0.078000 -0.00000000 0.00000000 0.99287359 0.11917229
254.143000000 1.705536 3.489446 -0.078000 0.00000000 0.00000000 0.99287787 0.11913664
254.268000000 1.697675 3.491946 -0.078000 0.00000000 0.00000000 0.99288237 0.11909913
254.300000000 1.693324 3.493005 -0.078006 0.00000119 0.00000057 0.99288230 0.11909969
254.400000000 1.679727 3.496315 -0.077953 -0.00000523 0.00000423 0.99288238 0.11909905
254.518000000 1.680513 3.496164 -0.078000 -0.00000000 0.00000000 0.99288344 0.11909018
254.643000000 1.671889 3.498106 -0.078000 -0.00000000 0.00000000 0.99288277 0.11909579
254.768000000 1.663772 3.499468 -0.078000 -0.00000000 -0.00000000 0.99365858 0.11243941
254.800000000 1.659410 3.500501 -0.077988 -0.00000283 -0.00000553 0.99382619 0.11094817
254.900000000 1.645706 3.503522 -0.077944 -0.00000621 -0.00004073 0.99456460 0.10412133
255.018000000 1.645447 3.503642 -0.078000 0.00000000 0.00000000 0.99444938 0.10521615
255.143000000 1.635845 3.505230 -0.078000 -0.00000000 0.00000000 0.99505474 0.09932805
255.268000000 1.627055 3.506651 -0.078000 0.00000000 -0.00000000 0.99566339 0.09302908
255.300000000 1.622644 3.507485 -0.077976 -0.00000276 -0.00000933 0.99595615 0.08984068
255.400000000 1.608816 3.509849 -0.077934 -0.00000122 -0.00003214 0.99680234 0.07990676
255.518000000 1.608853 3.510536 -0.078000 0.00000000 0.00000000 0.99675089 0.08054609
255.643000000 1.600835 3.511588 -0.078000 -0.00000000 0.00000000 0.99723083 0.07436851
255.700000000 1.592921 3.512731 -0.077964 -0.00000517 -0.00001777 0.99763726 0.06870152
255.800000000 1.587329 3.513685 -0.078004 0.00000422 0.00000309 0.99779004 0.06644575
255.900000000 1.573438 3.515435 -0.077965 0.00000596 -0.00000260 0.99811496 0.06137197
256.018000000 1.575600 3.514783 -0.078000 -0.00000000 0.00000000 0.99771313 0.06759081
256.143000000 1.566018 3.516645 -0.078000 0.00000000 0.00000000 0.99770247 0.06774795
256.268000000 1.557244 3.518542 -0.078000 -0.00000000 -0.00000000 0.99770060 0.06777552
256.300000000 1.552807 3.519148 -0.077975 -0.00000302 -0.00000699 0.99769977 0.06778762
256.400000000 1.538941 3.521037 -0.077931 -0.00000281 -0.00001400 0.99769764 0.06781897
256.518000000 1.538873 3.521276 -0.078000 -0.00000000 -0.00000000 0.99770377 0.06772880
256.643000000 1.530160 3.522555 -0.078000 -0.00000000 0.00000000 0.99770649 0.06768871
256.768000000 1.521984 3.523768 -0.078000 0.00000000 -0.00000000 0.99770643 0.06768954
256.800000000 1.517547 3.524372 -0.077982 0.00000063 0.00000545 0.99770649 0.06768868
256.900000000 1.503683 3.526267 -0.077947 0.00000335 0.00002305 0.99770656 0.06768773
257.018000000 1.505215 3.525767 -0.078000 0.00000000 -0.00000000 0.99770996 0.06763757
257.143000000 1.497092 3.526930 -0.078000 0.00000000 0.00000000 0.99771203 0.06760705
257.200000000 1.489189 3.528009 -0.077976 0.00000286 0.00001218 0.99771204 0.06760690
257.300000000 1.482420 3.528585 -0.078006 0.00000202 -0.00000452 0.99771845 0.06751218
257.400000000 1.477693 3.529327 -0.077993 -0.00000081 -0.00000016 0.99771894 0.06750487
257.518000000 1.471097 3.530185 -0.078000 -0.00000000 0.00000000 0.99771825 0.06751515
257.643000000 1.461877 3.531186 -0.078000 0.00000000 0.00000000 0.99772073 0.06747853
257.768000000 1.452980 3.531928 -0.078000 -0.00000000 0.00000000 0.99772418 0.06742749
257.800000000 1.448543 3.532531 -0.077969 -0.00000272 -0.00000125 0.99772418 0.06742747
257.900000000 1.434675 3.534414 -0.077939 -0.00000247 0.00000532 0.99772419 0.06742734
258.018000000 1.436541 3.533667 -0.078000 0.00000000 -0.00000000 0.99773135 0.06732125
258.143000000 1.427931 3.535331 -0.078000 -0.00000000 0.00000000 0.99773359 0.06728803
258.268000000 1.418520 3.536918 -0.078000 -0.00000000 0.00000000 0.99773802 0.06722234
258.300000000 1.414082 3.537519 -0.077987 0.00000109 0.00000218 0.99773802 0.06722229
258.400000000 1.400217 3.539396 -0.077942 0.00000423 0.00000140 0.99773804 0.06722211
258.518000000 1.402021 3.538322 -0.078000 0.00000000 -0.00000000 0.99774151 0.06717048
258.643000000 1.393952 3.539103 -0.078000 -0.00000000 -0.00000000 0.99774205 0.06716248
258.768000000 1.385327 3.539753 -0.078000 -0.00000000 0.00000000 0.99774254 0.06715523
258.893000000 1.378981 3.539532 -0.078000 0.00000000 0.00000000 0.99772257 0.06745120
258.900000000 1.378013 3.539664 -0.077997 0.00000046 0.00000229 0.99768617 0.06798747
259.018000000 1.368704 3.540479 -0.078000 -0.00000000 -0.00000000 0.99696585 0.07784012
259.143000000 1.359351 3.542220 -0.078000 -0.00000000 0.00000000 0.99647939 0.08383814
259.268000000 1.349938 3.544482 -0.078000 0.00000000 -0.00000000 0.99594838 0.08992677
259.300000000 1.345545 3.545294 -0.077967 -0.00000086 0.00001066 0.99565949 0.09307079
259.400000000 1.331852 3.547993 -0.077919 0.00000326 0.00004290 0.99468884 0.10292765
259.518000000 1.333724 3.547561 -0.078000 -0.00000000 -0.00000000 0.99475746 0.10226241
259.643000000 1.325078 3.549651 -0.078000 -0.00000000 0.00000000 0.99410617 0.10841088
259.768000000 1.319507 3.550472 -0.078000 -0.00000000 -0.00000000 0.99416792 0.10784320
259.800000000 1.315146 3.551459 -0.077976 -0.00000049 0.00000353 0.99399801 0.10939818
259.900000000 1.301496 3.554557 -0.077938 -0.00000069 0.00000173 0.99370336 0.11204303
260.018000000 1.299666 3.555018 -0.078000 -0.00000000 0.00000000 0.99365348 0.11248449
260.143000000 1.290499 3.557379 -0.078000 -0.00000000 0.00000000 0.99364310 0.11257618
260.268000000 1.282364 3.559520 -0.078000 -0.00000000 0.00000000 0.99362749 0.11271382
260.300000000 1.278000 3.560522 -0.077993 0.00000226 0.00000177 0.99362881 0.11270222
260.400000000 1.264363 3.563658 -0.077949 0.00000385 0.00000728 0.99362962 0.11269509
260.518000000 1.265433 3.563995 -0.078000 -0.00000000 0.00000000 0.99362738 0.11271482
260.643000000 1.256066 3.565569 -0.078000 -0.00000000 -0.00000000 0.99363312 0.11266417
260.700000000 1.248292 3.567355 -0.077976 0.00000049 0.00000170 0.99363336 0.11266208
260.800000000 1.243666 3.567832 -0.078006 0.00000190 0.00000026 0.99363858 0.11261608
260.900000000 1.238087 3.569402 -0.077992 -0.00000068 -0.00000012 0.99364478 0.11256130
261.018000000 1.231210 3.571834 -0.078000 -0.00000000 -0.00000000 0.99364474 0.11256171
261.143000000 1.222426 3.573633 -0.078000 0.00000000 -0.00000000 0.99364657 0.11254550
261.268000000 1.214607 3.575463 -0.078000 -0.00000000 -0.00000000 0.99364577 0.11255258
261.300000000 1.210243 3.576465 -0.077978 0.00000156 -0.00000058 0.99364578 0.11255253
261.400000000 1.196604 3.579594 -0.077939 0.00000351 -0.00000029 0.99364579 0.11255239
261.518000000 1.198191 3.578451 -0.078000 -0.00000000 0.00000000 0.99364827 0.11253053
261.643000000 1.188637 3.580468 -0.078000 0.00000000 0.00000000 0.99365824 0.11244244
261.768000000 1.182260 3.581892 -0.078000 -0.00000000 0.00000000 0.99362548 0.11273154
261.800000000 1.177902 3.582895 -0.077983 0.00000072 0.00000924 0.99339064 0.11478259
261.900000000 1.164332 3.586146 -0.077943 0.00000277 0.00003189 0.99250407 0.12221161
262.018000000 1.163971 3.585814 -0.078000 0.00000000 0.00000000 0.99170310 0.12854945
262.143000000 1.154721 3.588093 -0.078000 -0.00000000 -0.00000000 0.99088565 0.13470570
262.268000000 1.144800 3.590765 -0.078000 0.00000000 0.00000000 0.99004870 0.14072519
262.393000000 1.136864 3.593822 -0.078000 -0.00000000 -0.00000000 0.98916120 0.14683368
262.400000000 1.135928 3.594103 -0.077996 0.00000054 0.00000383 0.98905856 0.14752341
262.518000000 1.128430 3.596113 -0.078000 0.00000000 -0.00000000 0.98823472 0.15294491
262.643000000 1.120467 3.598584 -0.078000 0.00000000 -0.00000000 0.98726689 0.15907261
262.768000000 1.111511 3.601577 -0.078000 -0.00000000 0.00000000 0.98627009 0.16514025
262.800000000 1.107288 3.603029 -0.077974 0.00000244 0.00001571 0.98573855 0.16828401
262.900000000 1.094165 3.607789 -0.077943 0.00000575 0.00005604 0.98401302 0.17809650
263.018000000 1.095513 3.607346 -0.078000 0.00000000 -0.00000000 0.98414562 0.17736236
263.143000000 1.088047 3.610251 -0.078000 -0.00000000 0.00000000 0.98302566 0.18346813
263.268000000 1.079710 3.613694 -0.078000 -0.00000000 -0.00000000 0.98186507 0.18958109
263.300000000 1.075563 3.615353 -0.077992 0.00000240 0.00000727 0.98125562 0.19271068
263.400000000 1.062695 3.620760 -0.077941 0.00000443 0.00002430 0.97928688 0.20247766
263.518000000 1.063316 3.620098 -0.078000 -0.00000000 -0.00000000 0.97943100 0.20177936
263.643000000 1.054669 3.623430 -0.078000 0.00000000 0.00000000 0.97815839 0.20786093
263.768000000 1.046493 3.627452 -0.078000 0.00000000 -0.00000000 0.97685548 0.21390040
263.800000000 1.042434 3.629316 -0.077977 0.00000065 0.00000782 0.97616851 0.21701393
263.900000000 1.029855 3.635365 -0.077931 0.00001053 0.00003888 0.97395784 0.22672918
264.018000000 1.031149 3.635948 -0.078000 0.00000000 0.00000000 0.97411789 0.22604054
264.143000000 1.023805 3.639584 -0.078000 -0.00000000 0.00000000 0.97269436 0.23208982
264.200000000 1.016726 3.643214 -0.077968 0.00000226 0.00001605 0.97136062 0.23761005
264.300000000 1.011352 3.646013 -0.077999 0.00000795 0.00000934 0.97047820 0.24118886
264.400000000 0.999099 3.652660 -0.077962 0.00002419 0.00005928 0.96735950 0.25340797
264.518000000 1.000247 3.650880 -0.078000 0.00000000 -0.00000000 0.96589624 0.25892943
264.643000000 0.991683 3.655905 -0.078000 0.00000000 0.00000000 0.96276421 0.27034251
264.768000000 0.986862 3.659899 -0.078000 -0.00000000 0.00000000 0.95929059 0.28242090
264.800000000 0.983126 3.662309 -0.077973 0.00000808 0.00003212 0.95676243 0.29087049
264.900000000 0.971787 3.670340 -0.077866 0.00004151 0.00010880 0.94831276 0.31733720
265.018000000 0.969574 3.670264 -0.078000 -0.00000000 0.00000000 0.94682965 0.32173531
265.143000000 0.962848 3.675658 -0.078000 -0.00000000 0.00000000 0.94077348 0.33903577
265.268000000 0.956138 3.681343 -0.078000 -0.00000000 0.00000000 0.93438022 0.35627742
265.300000000 0.952804 3.684245 -0.078008 -0.00006939 0.00029256 0.93091789 0.36522840
265.400000000 0.942874 3.694339 -0.077903 -0.00063829 0.00105748 0.91971903 0.39257532
265.518000000 0.943506 3.694802 -0.078000 -0.00000000 0.00000000 0.92058450 0.39054345
265.643000000 0.937223 3.701714 -0.078000 0.00000000 0.00000000 0.91325136 0.40739655
265.700000000 0.932026 3.707716 -0.077935 -0.00019666 0.00021819 0.90614276 0.42297188
265.800000000 0.928947 3.711923 -0.077991 -0.00009455 0.00005503 0.90132637 0.43314058
265.900000000 0.925547 3.716481 -0.077998 -0.00001429 0.00000560 0.89639434 0.44325747
266.018000000 0.920848 3.722668 -0.078000 0.00000000 0.00000000 0.88882015 0.45825620
266.143000000 0.915855 3.729916 -0.078000 0.00000000 -0.00000000 0.87994133 0.47508237
266.268000000 0.911814 3.737581 -0.078000 0.00000000 0.00000000 0.87085016 0.49154857
266.300000000 0.909567 3.741423 -0.077971 0.00019177 0.00041552 0.86611062 0.49985216
266.400000000 0.903167 3.753829 -0.077921 0.00046343 0.00175198 0.85077858 0.52552119
266.518000000 0.903333 3.753797 -0.078000 0.00000000 -0.00000000 0.85190536 0.52369577
266.643000000 0.899206 3.761652 -0.078000 0.00000000 -0.00000000 0.84199998 0.53947755
266.768000000 0.895004 3.769512 -0.078000 0.00000000 0.00000000 0.83180117 0.55507371
266.800000000 0.893295 3.773595 -0.077969 0.00001403 -0.00011081 0.82645298 0.56300574
266.900000000 0.888519 3.786627 -0.077911 -0.00020400 -0.00036029 0.80925453 0.58745803
267.018000000 0.888984 3.786212 -0.078000 0.00000000 0.00000000 0.81049883 0.58574026
267.143000000 0.886252 3.794886 -0.078000 -0.00000000 0.00000000 0.79942432 0.60076681
267.268000000 0.883470 3.803212 -0.078000 -0.00000000 -0.00000000 0.78808278 0.61556928
267.393000000 0.881889 3.811565 -0.078000 0.00000000 0.00000000 0.77644207 0.63018863
267.400000000 0.881683 3.812516 -0.077994 0.00000418 0.00000076 0.77512175 0.63181190
267.518000000 0.879748 3.820247 -0.078000 0.00000000 -0.00000000 0.76454514 0.64457019
267.643000000 0.879231 3.829009 -0.078000 -0.00000000 0.00000000 0.75220103 0.65893369
267.768000000 0.878353 3.837550 -0.078000 -0.00000000 -0.00000000 0.73963096 0.67301266
267.800000000 0.877917 3.842039 -0.077961 -0.00024370 -0.00019780 0.73304946 0.68017526
267.900000000 0.876965 3.856021 -0.078285 -0.00190510 -0.00090236 0.71210532 0.70206949
268.018000000 0.876415 3.855851 -0.078000 0.00000000 0.00000000 0.71380539 0.70034411
268.143000000 0.875700 3.864567 -0.078000 0.00000000 0.00000000 0.70065817 0.71349711
268.268000000 0.876656 3.873448 -0.078000 0.00000000 0.00000000 0.68719580 0.72647225
268.300000000 0.876858 3.877845 -0.077925 0.00027462 -0.00040922 0.68021400 0.73301341
268.400000000 0.878276 3.891307 -0.077685 0.00132148 -0.00143777 0.65799306 0.75302146
268.518000000 0.878359 3.890515 -0.078000 -0.00000000 -0.00000000 0.65959550 0.75162077
268.643000000 0.880062 3.899174 -0.078000 0.00000000 0.00000000 0.64544996 0.76380255
268.768000000 0.881898 3.907670 -0.078000 -0.00000000 0.00000000 0.63106589 0.77572923
268.800000000 0.882814 3.912062 -0.077982 0.00011868 -0.00000635 0.62361800 0.78172922
268.900000000 0.886316 3.925267 -0.077769 0.00092969 -0.00056014 0.59997812 0.80001568
269.018000000 0.885703 3.924113 -0.078000 0.00000000 0.00000000 0.60167972 0.79873745
269.143000000 0.888718 3.932759 -0.078000 0.00000000 0.00000000 0.58665308 0.80983836
269.200000000 0.891281 3.940254 -0.077970 -0.00006144 -0.00004057 0.57276924 0.81971665
269.300000000 0.893792 3.945391 -0.077952 0.00013133 -0.00001811 0.56355670 0.82607738
269.400000000 0.895459 3.950438 -0.077997 -0.00000320 0.00000682 0.55426152 0.83234258
269.518000000 0.897763 3.957095 -0.078000 0.00000000 0.00000000 0.54041030 0.84140164
269.643000000 0.901449 3.964665 -0.078000 -0.00000000 0.00000000 0.52463700 0.85132604
269.768000000 0.905012 3.972728 -0.078000 0.00000000 0.00000000 0.50864492 0.86097639
269.800000000 0.907144 3.976623 -0.078002 -0.00004916 0.00002178 0.50038500 0.86580301
269.900000000 0.914432 3.988483 -0.077994 0.00006626 0.00020622 0.47428305 0.88037239
270.018000000 0.913847 3.987393 -0.078000 -0.00000000 -0.00000000 0.47618205 0.87934672
270.143000000 0.926383 3.996213 -0.078000 -0.00000000 0.00000000 0.45926280 0.88830045
270.268000000 0.931637 4.003358 -0.078000 0.00000000 0.00000000 0.44264241 0.89669822
270.300000000 0.934341 4.006888 -0.077998 -0.00001739 0.00001917 0.43404468 0.90089135
270.400000000 0.943277 4.017511 -0.077964 -0.00014560 -0.00010631 0.40692263 0.91346261
270.518000000 0.941030 4.016243 -0.078000 0.00000000 -0.00000000 0.40884702 0.91260293
270.643000000 0.948557 4.022243 -0.078000 -0.00000000 -0.00000000 0.39178620 0.92005629
270.768000000 0.954809 4.028498 -0.078000 -0.00000000 -0.00000000 0.37453286 0.92721364
270.800000000 0.958005 4.031583 -0.077964 0.00007752 0.00002412 0.36564586 0.93075405
270.900000000 0.961160 4.034671 -0.077997 -0.00001163 -0.00000314 0.35515670 0.93480678
271.018000000 0.966945 4.039054 -0.078000 0.00000000 0.00000000 0.33962378 0.94056137
271.143000000 0.972945 4.044103 -0.078000 -0.00000000 -0.00000000 0.32199922 0.94673993
271.268000000 0.980475 4.049317 -0.078000 -0.00000000 -0.00000000 0.30427757 0.95258341
271.300000000 0.984093 4.051901 -0.078001 0.00010373 0.00005327 0.29515162 0.95545042
271.400000000 0.995805 4.059387 -0.077968 0.00014289 0.00010429 0.26646248 0.96384528
271.518000000 0.995932 4.059323 -0.078000 0.00000000 -0.00000000 0.26847549 0.96328651
271.643000000 1.002785 4.063283 -0.078000 -0.00000000 0.00000000 0.25046207 0.96812641
271.768000000 1.010501 4.067896 -0.078000 0.00000000 -0.00000000 0.23235187 0.97263180
271.800000000 1.014455 4.069925 -0.077994 -0.00001286 0.00002275 0.22303663 0.97481006
271.900000000 1.027163 4.075566 -0.077965 0.00024109 0.00011692 0.19379972 0.98104108
272.018000000 1.026943 4.075436 -0.078000 -0.00000000 -0.00000000 0.19587526 0.98062882
272.143000000 1.034356 4.079142 -0.078000 0.00000000 -0.00000000 0.17752284 0.98411668
272.268000000 1.042306 4.081809 -0.078000 -0.00000000 0.00000000 0.15913152 0.98725739
272.300000000 1.046524 4.083211 -0.077989 -0.00003818 -0.00000864 0.14968016 0.98873447
272.400000000 1.059889 4.086920 -0.077935 -0.00000544 -0.00007867 0.12006089 0.99276653
272.518000000 1.059033 4.086464 -0.078000 -0.00000000 -0.00000000 0.12215279 0.99251131
272.699000000 1.075152 4.089674 -0.077957 0.00015158 -0.00000485 0.08694975 0.99621269
272.767000000 1.084403 4.091489 -0.077936 0.00016100 -0.00000122 0.06668316 0.99777419
272.800000000 1.089021 4.091742 -0.077933 0.00011590 -0.00000884 0.05683690 0.99838347
272.900000000 1.094055 4.092210 -0.077939 0.00012009 -0.00004804 0.04564746 0.99895760
273.018000000 1.093207 4.092551 -0.078000 0.00000000 0.00000000 0.04778661 0.99885757
273.143000000 1.101256 4.092787 -0.078000 0.00000000 -0.00000000 0.02913879 0.99957538
273.268000000 1.110528 4.092946 -0.078000 -0.00000000 -0.00000000 0.01044119 0.99994549
273.300000000 1.114971 4.093040 -0.077986 -0.00004379 0.00001484 0.00087537 0.99999962
273.400000000 1.128863 4.092711 -0.077961 -0.00009588 0.00006388 -0.02901428 0.99957899
273.518000000 1.127012 4.092832 -0.078000 -0.00000000 -0.00000000 -0.02694368 0.99963695
273.643000000 1.136291 4.092172 -0.078000 -0.00000000 -0.00000000 -0.04561912 0.99895891
273.768000000 1.145478 4.090821 -0.078000 0.00000000 0.00000000 -0.06424618 0.99793408
273.800000000 1.149888 4.090257 -0.077975 0.00003316 -0.00002283 -0.07378870 0.99727390
273.900000000 1.163542 4.087819 -0.077902 -0.00007024 -0.00005902 -0.10343493 0.99463622
274.018000000 1.160048 4.087150 -0.078000 0.00000000 -0.00000000 -0.09438843 0.99553545
274.143000000 1.169798 4.085245 -0.078000 0.00000000 0.00000000 -0.10963762 0.99397163
274.268000000 1.178055 4.083605 -0.078000 -0.00000000 0.00000000 -0.12215158 0.99251146
274.300000000 1.182381 4.082533 -0.078017 0.00007744 -0.00000208 -0.12857312 0.99170003
274.400000000 1.187607 4.080682 -0.077993 0.00000761 -0.00001079 -0.13600455 0.99070821
274.518000000 1.195897 4.079233 -0.078000 -0.00000000 -0.00000000 -0.14688744 0.98915321
274.643000000 1.204549 4.076731 -0.078000 -0.00000000 0.00000000 -0.15922433 0.98724243
274.768000000 1.212132 4.073517 -0.078000 -0.00000000 0.00000000 -0.17150572 0.98518312
274.800000000 1.216327 4.072021 -0.077979 -0.00003088 0.00001079 -0.17666649 0.98427077
274.900000000 1.229321 4.066927 -0.077956 0.00017603 0.00001727 -0.19223904 0.98134811
275.018000000 1.228273 4.066008 -0.078000 -0.00000000 0.00000000 -0.18560560 0.98262432
275.143000000 1.237530 4.063231 -0.078000 0.00000000 0.00000000 -0.19151140 0.98149039
275.268000000 1.245141 4.060277 -0.078000 0.00000000 0.00000000 -0.19738658 0.98032573
275.300000000 1.249260 4.058547 -0.078002 -0.00005156 0.00003040 -0.20052387 0.97968882
275.400000000 1.262062 4.052969 -0.077944 -0.00011696 0.00005308 -0.21029304 0.97763839
275.518000000 1.261225 4.053662 -0.078000 0.00000000 -0.00000000 -0.20964151 0.97777832
275.643000000 1.268764 4.050228 -0.078000 -0.00000000 0.00000000 -0.21559930 0.97648192
275.768000000 1.276692 4.045916 -0.078000 -0.00000000 0.00000000 -0.21427718 0.97677290
275.893000000 1.285061 4.041777 -0.078000 0.00000000 0.00000000 -0.21564915 0.97647091
275.900000000 1.285950 4.041367 -0.077995 -0.00000394 -0.00000306 -0.21561726 0.97647796
276.018000000 1.292437 4.037706 -0.078000 -0.00000000 -0.00000000 -0.21570420 0.97645875
276.143000000 1.301026 4.033578 -0.078000 -0.00000000 -0.00000000 -0.21559815 0.97648217
276.268000000 1.308024 4.029750 -0.078000 -0.00000000 -0.00000000 -0.21561386 0.97647871
276.300000000 1.312080 4.027858 -0.077990 -0.00001052 0.00001394 -0.21560473 0.97648072
276.400000000 1.324798 4.021995 -0.077954 -0.00021938 0.00008073 -0.21559655 0.97648250
276.518000000 1.324951 4.022005 -0.078000 -0.00000000 -0.00000000 -0.21568478 0.97646304
276.643000000 1.333012 4.018114 -0.078000 0.00000000 0.00000000 -0.21572334 0.97645453
276.768000000 1.341697 4.014805 -0.078000 0.00000000 -0.00000000 -0.21574511 0.97644972
276.800000000 1.346263 4.012682 -0.077974 0.00009619 -0.00002134 -0.21574472 0.97644980
276.900000000 1.360830 4.005866 -0.077934 0.00016363 0.00002123 -0.21574406 0.97644993
277.018000000 1.359226 4.006692 -0.078000 -0.00000000 0.00000000 -0.21580278 0.97643697
277.143000000 1.368358 4.002741 -0.078000 0.00000000 -0.00000000 -0.21586117 0.97642406
277.268000000 1.377979 3.997996 -0.078000 0.00000000 0.00000000 -0.21584953 0.97642664
277.300000000 1.382625 3.995842 -0.077985 0.00003796 0.00000218 -0.21584955 0.97642663
277.400000000 1.397102 3.989057 -0.077947 0.00021181 -0.00007069 -0.21584893 0.97642674
277.518000000 1.396113 3.989784 -0.078000 -0.00000000 -0.00000000 -0.21583376 0.97643012
277.643000000 1.405216 3.985537 -0.078000 -0.00000000 -0.00000000 -0.21585796 0.97642478
277.700000000 1.413486 3.981700 -0.077958 -0.00004520 0.00001528 -0.21585776 0.97642482
277.800000000 1.419488 3.979177 -0.077989 -0.00001415 0.00000399 -0.21585589 0.97642523
277.900000000 1.433977 3.972401 -0.077965 0.00017717 -0.00004076 -0.21585537 0.97642533
278.018000000 1.432045 3.972454 -0.078000 0.00000000 0.00000000 -0.21592300 0.97641039
278.143000000 1.441947 3.968968 -0.078000 0.00000000 0.00000000 -0.21592061 0.97641092
278.268000000 1.451733 3.964704 -0.078000 -0.00000000 -0.00000000 -0.21588907 0.97641790
278.300000000 1.456373 3.962549 -0.077975 -0.00009729 0.00002074 -0.21588966 0.97641776
278.400000000 1.470898 3.955839 -0.077933 -0.00010260 0.00006582 -0.21588993 0.97641770
278.518000000 1.469227 3.956212 -0.078000 -0.00000000 0.00000000 -0.21588022 0.97641985
278.643000000 1.478450 3.951887 -0.078000 0.00000000 -0.00000000 -0.21588083 0.97641972
278.768000000 1.488242 3.946906 -0.078000 0.00000000 0.00000000 -0.21594998 0.97640443
278.800000000 1.492881 3.944741 -0.077976 -0.00000530 0.00000077 -0.21594969 0.97640449
278.900000000 1.507376 3.938063 -0.077555 -0.00096647 -0.00001507 -0.21596587 0.97640044
279.018000000 1.505012 3.939766 -0.078000 0.00000000 -0.00000000 -0.21596454 0.97640121
279.143000000 1.514310 3.935789 -0.078000 0.00000000 -0.00000000 -0.21596106 0.97640198
279.268000000 1.522907 3.930728 -0.078000 0.00000000 0.00000000 -0.21591924 0.97641123
279.393000000 1.532292 3.927419 -0.078000 0.00000000 -0.00000000 -0.21592229 0.97641055
279.400000000 1.533312 3.926952 -0.078007 -0.00004070 0.00001034 -0.21592133 0.97641076
279.518000000 1.540787 3.923172 -0.078000 -0.00000000 0.00000000 -0.21596776 0.97640049
279.643000000 1.550794 3.918833 -0.078000 -0.00000000 0.00000000 -0.21596879 0.97640027
279.768000000 1.560148 3.913993 -0.078000 -0.00000000 -0.00000000 -0.21601584 0.97638986
279.800000000 1.564805 3.911714 -0.077988 0.00054303 0.00028436 -0.21601461 0.97638994
279.900000000 1.579411 3.904629 -0.078076 0.00199937 0.00097846 -0.21600449 0.97638983
280.018000000 1.577656 3.904841 -0.078000 -0.00000000 -0.00000000 -0.21607347 0.97637711
280.143000000 1.587201 3.900224 -0.078000 0.00000000 -0.00000000 -0.21607742 0.97637623
280.268000000 1.597263 3.896039 -0.078000 -0.00000000 -0.00000000 -0.21608460 0.97637465
280.300000000 1.601923 3.893878 -0.078001 -0.00005951 0.00022588 -0.21608508 0.97637451
280.400000000 1.616547 3.887167 -0.078057 -0.00039112 0.00053358 -0.21608706 0.97637388
280.518000000 1.614309 3.887932 -0.078000 -0.00000000 -0.00000000 -0.21605884 0.97638034
280.643000000 1.623226 3.883085 -0.078000 0.00000000 -0.00000000 -0.21608791 0.97637391
280.768000000 1.632313 3.878586 -0.078000 -0.00000000 0.00000000 -0.21605834 0.97638045
280.800000000 1.636958 3.876429 -0.077966 -0.00001025 -0.00005997 -0.21605842 0.97638044
280.900000000 1.651409 3.869670 -0.077880 0.00009842 -0.00019849 -0.21605772 0.97638057
281.018000000 1.649818 3.869464 -0.078000 0.00000000 -0.00000000 -0.21611956 0.97636691
281.143000000 1.659089 3.864794 -0.078000 -0.00000000 -0.00000000 -0.21612118 0.97636655
281.200000000 1.667340 3.860951 -0.077958 -0.00001599 -0.00007305 -0.21612082 0.97636662
281.300000000 1.672181 3.858087 -0.077978 -0.00001389 0.00002783 -0.21616212 0.97635748
281.400000000 1.686692 3.851299 -0.077973 0.00016576 0.00007746 -0.21616138 0.97635763
281.518000000 1.685845 3.852304 -0.078000 0.00000000 0.00000000 -0.21615010 0.97636015
281.643000000 1.695406 3.848658 -0.078000 -0.00000000 -0.00000000 -0.21614052 0.97636227
281.768000000 1.704653 3.843967 -0.078000 -0.00000000 0.00000000 -0.21612134 0.97636651
281.800000000 1.709297 3.841812 -0.077971 -0.00008153 0.00001560 -0.21612199 0.97636636
281.900000000 1.723797 3.835094 -0.077912 -0.00008667 -0.00005500 -0.21612230 0.97636629
282.018000000 1.721538 3.835177 -0.078000 0.00000000 0.00000000 -0.21611415 0.97636810
282.143000000 1.730734 3.830733 -0.078000 -0.00000000 -0.00000000 -0.21606509 0.97637896
282.268000000 1.739752 3.826600 -0.078000 0.00000000 -0.00000000 -0.21603597 0.97638541
282.300000000 1.744387 3.824435 -0.077978 -0.00002990 -0.00001323 -0.21603579 0.97638544
282.400000000 1.758905 3.817733 -0.077919 -0.00020620 0.00003301 -0.21603598 0.97638538
282.518000000 1.758028 3.818921 -0.078000 -0.00000000 -0.00000000 -0.21598267 0.97639720
282.643000000 1.767534 3.814645 -0.078000 -0.00000000 -0.00000000 -0.21599835 0.97639373
282.768000000 1.775686 3.810380 -0.078000 -0.00000000 -0.00000000 -0.21602392 0.97638807
282.800000000 1.780323 3.808216 -0.077997 0.00003446 0.00001920 -0.21602362 0.97638814
282.900000000 1.785988 3.805354 -0.077995 -0.00000943 0.00000227 -0.21598973 0.97639564
283.018000000 1.793811 3.800252 -0.078000 0.00000000 0.00000000 -0.21597162 0.97639964
283.143000000 1.803669 3.795598 -0.078000 -0.00000000 0.00000000 -0.21592858 0.97640916
283.268000000 1.812413 3.791154 -0.078000 -0.00000000 -0.00000000 -0.21588492 0.97641882
283.300000000 1.817050 3.788992 -0.077991 -0.00001622 0.00002052 -0.21588468 0.97641887
283.400000000 1.831582 3.782278 -0.077946 -0.00018608 0.00009967 -0.21588527 0.97641871
283.518000000 1.830177 3.782807 -0.078000 -0.00000000 -0.00000000 -0.21586335 0.97642358
283.643000000 1.837170 3.778086 -0.078000 -0.00000000 -0.00000000 -0.21631501 0.97632362
283.768000000 1.846972 3.774209 -0.078000 0.00000000 -0.00000000 -0.22638013 0.97403903
283.800000000 1.851571 3.771980 -0.077970 0.00003747 -0.00000571 -0.22935223 0.97334349
283.900000000 1.865771 3.764710 -0.077928 -0.00009042 -0.00000025 -0.23887820 0.97104953
284.018000000 1.866132 3.765526 -0.078000 0.00000000 -0.00000000 -0.23824696 0.97120461
284.143000000 1.874973 3.760651 -0.078000 -0.00000000 0.00000000 -0.24430094 0.96969946
284.268000000 1.883766 3.756072 -0.078000 0.00000000 -0.00000000 -0.25022573 0.96818752
284.393000000 1.893442 3.751299 -0.078000 -0.00000000 -0.00000000 -0.25617944 0.96662924
284.400000000 1.894412 3.750746 -0.077997 0.00000157 0.00000184 -0.25685319 0.96645043
284.518000000 1.901800 3.746283 -0.078000 -0.00000000 -0.00000000 -0.26216105 0.96502414
284.643000000 1.909845 3.740554 -0.078000 -0.00000000 -0.00000000 -0.26813373 0.96338170
284.768000000 1.918200 3.734964 -0.078000 -0.00000000 -0.00000000 -0.27416634 0.96168229
284.800000000 1.922548 3.732280 -0.077979 0.00001291 0.00000898 -0.27723172 0.96080309
284.900000000 1.927025 3.729124 -0.077999 0.00001488 -0.00001021 -0.28077001 0.95977508
285.018000000 1.934836 3.724092 -0.078000 -0.00000000 -0.00000000 -0.28613443 0.95818948
285.143000000 1.942166 3.718651 -0.078000 0.00000000 -0.00000000 -0.28555035 0.95836371
285.268000000 1.951055 3.712810 -0.078000 -0.00000000 -0.00000000 -0.28814035 0.95758819
285.300000000 1.955333 3.710001 -0.077984 -0.00006241 -0.00000538 -0.28809670 0.95760132
285.400000000 1.968654 3.701180 -0.077915 0.00002894 -0.00009335 -0.28785219 0.95767485
285.518000000 1.968340 3.702410 -0.078000 -0.00000000 0.00000000 -0.28758398 0.95775542
285.643000000 1.976396 3.697125 -0.078000 0.00000000 -0.00000000 -0.28758246 0.95775588
285.768000000 1.984890 3.691308 -0.078000 -0.00000000 0.00000000 -0.28758369 0.95775551
285.800000000 1.989149 3.688468 -0.077857 0.00003969 -0.00007371 -0.28760002 0.95775061
285.900000000 2.002109 3.679419 -0.077662 0.00156164 -0.00164269 -0.28760034 0.95774783
286.018000000 2.001446 3.681028 -0.078000 0.00000000 -0.00000000 -0.28771017 0.95771753
286.143000000 2.010991 3.675950 -0.078000 0.00000000 0.00000000 -0.28774088 0.95770830
286.200000000 2.018793 3.671008 -0.077856 -0.00059375 0.00082909 -0.28773283 0.95771017
286.300000000 2.024076 3.668218 -0.078139 0.00023080 0.00022092 -0.28777814 0.95769705
286.400000000 2.028912 3.664985 -0.078011 -0.00002719 0.00007298 -0.28776673 0.95770053
286.518000000 2.035349 3.660149 -0.078000 -0.00000000 0.00000000 -0.28779060 0.95769336
286.643000000 2.044276 3.654584 -0.078000 0.00000000 0.00000000 -0.28777855 0.95769698
286.768000000 2.051977 3.649436 -0.078000 -0.00000000 0.00000000 -0.28776926 0.95769977
286.800000000 2.056232 3.646684 -0.077918 -0.00033159 -0.00028517 -0.28777379 0.95769831
286.900000000 2.069502 3.638060 -0.077785 -0.00100747 -0.00056625 -0.28778418 0.95769459
287.018000000 2.068320 3.638236 -0.078000 -0.00000000 0.00000000 -0.28772475 0.95771314
287.143000000 2.075949 3.632638 -0.078000 0.00000000 0.00000000 -0.28772227 0.95771389
287.268000000 2.083764 3.627614 -0.078000 0.00000000 -0.00000000 -0.28770522 0.95771901
287.300000000 2.088005 3.624788 -0.077975 0.00003865 -0.00007848 -0.28770435 0.95771927
287.400000000 2.101368 3.615971 -0.077952 0.00001248 0.00003493 -0.28770294 0.95771970
287.518000000 2.100665 3.616814 -0.078000 -0.00000000 -0.00000000 -0.28768447 0.95772525
287.643000000 2.109029 3.611624 -0.078000 -0.00000000 0.00000000 -0.28768939 0.95772377
287.768000000 2.117521 3.605514 -0.078000 -0.00000000 -0.00000000 -0.28765000 0.95773560
287.893000000 2.126298 3.599627 -0.078000 -0.00000000 -0.00000000 -0.28762095 0.95774432
287.900000000 2.127235 3.599012 -0.078000 -0.00000535 0.00001480 -0.28762112 0.95774427
288.018000000 2.135110 3.593738 -0.078000 -0.00000000 -0.00000000 -0.28763950 0.95773875
288.143000000 2.144530 3.588769 -0.078000 -0.00000000 0.00000000 -0.28761314 0.95774667
288.268000000 2.152161 3.583747 -0.078000 -0.00000000 0.00000000 -0.28761713 0.95774547
288.300000000 2.156440 3.580928 -0.078017 0.00005743 0.00000646 -0.28761689 0.95774554
288.400000000 2.169767 3.572090 -0.077938 0.00007927 -0.00006988 -0.28761699 0.95774551
288.518000000 2.168954 3.572033 -0.078000 -0.00000000 -0.00000000 -0.28764433 0.95773730
288.643000000 2.177293 3.565895 -0.078000 -0.00000000 -0.00000000 -0.28761905 0.95774489
288.768000000 2.184917 3.560293 -0.078000 -0.00000000 0.00000000 -0.28757591 0.95775785
288.800000000 2.189193 3.557482 -0.077983 0.00000014 -0.00001694 -0.28757622 0.95775775
288.900000000 2.202509 3.548638 -0.077927 0.00021223 -0.00009535 -0.28757568 0.95775789
289.018000000 2.200833 3.549790 -0.078000 -0.00000000 -0.00000000 -0.28757909 0.95775689
289.143000000 2.208894 3.543789 -0.078000 -0.00000000 0.00000000 -0.28758461 0.95775523
289.268000000 2.217240 3.538141 -0.078000 0.00000000 0.00000000 -0.28762430 0.95774332
289.300000000 2.221513 3.535320 -0.077998 -0.00007748 0.00003500 -0.28762467 0.95774320
289.400000000 2.234872 3.526539 -0.077928 -0.00013019 0.00000799 -0.28762459 0.95774322
289.518000000 2.233911 3.526497 -0.078000 -0.00000000 -0.00000000 -0.28765719 0.95773344
289.643000000 2.242008 3.521216 -0.078000 -0.00000000 0.00000000 -0.28767026 0.95772951
289.700000000 2.249607 3.516198 -0.077955 -0.00000451 -0.00005139 -0.28767088 0.95772933
289.800000000 2.254499 3.513996 -0.078007 0.00002551 0.00001520 -0.28764599 0.95773680
289.900000000 2.267892 3.505187 -0.077987 -0.00015701 0.00013406 -0.28510950 0.95849493
290.018000000 2.266654 3.506326 -0.078000 0.00000000 0.00000000 -0.27877050 0.96035775
290.143000000 2.274980 3.500226 -0.078000 0.00000000 -0.00000000 -0.27339142 0.96190287
290.268000000 2.283888 3.495070 -0.078000 -0.00000000 0.00000000 -0.26757872 0.96353600
290.300000000 2.288282 3.492417 -0.077986 0.00003562 -0.00000957 -0.26452387 0.96437914
290.400000000 2.302147 3.484378 -0.077919 -0.00013706 0.00003217 -0.25495276 0.96695350
290.518000000 2.302425 3.484867 -0.078000 0.00000000 0.00000000 -0.25561788 0.96677790
290.643000000 2.311083 3.482876 -0.078000 -0.00000000 0.00000000 -0.24944219 0.96838969
290.768000000 2.318180 3.481237 -0.078000 0.00000000 0.00000000 -0.24335658 0.96993689
290.800000000 2.322700 3.478815 -0.077984 0.00007088 -0.00001982 -0.24026078 0.97070838
290.900000000 2.336931 3.471425 -0.077933 0.00026580 -0.00001989 -0.23057423 0.97305470
291.018000000 2.335726 3.474271 -0.078000 0.00000000 0.00000000 -0.23101932 0.97294916
291.143000000 2.344448 3.469735 -0.078000 -0.00000000 -0.00000000 -0.22494210 0.97437213
291.200000000 2.352664 3.465748 -0.077984 0.00010287 -0.00004665 -0.21940326 0.97563425
291.300000000 2.357381 3.463737 -0.077974 -0.00009976 0.00001532 -0.21578489 0.97644092
291.400000000 2.365773 3.460237 -0.077998 0.00000787 0.00000365 -0.21180767 0.97731137
291.518000000 2.374221 3.456677 -0.078000 0.00000000 0.00000000 -0.20637359 0.97847327
291.643000000 2.382107 3.450646 -0.078000 -0.00000000 -0.00000000 -0.20074469 0.97964359
291.768000000 2.391136 3.448139 -0.078000 0.00000000 0.00000000 -0.20480975 0.97880180
291.800000000 2.395830 3.446097 -0.077969 0.00004411 -0.00000828 -0.20491443 0.97877989
291.900000000 2.410471 3.439665 -0.077926 -0.00009742 0.00001724 -0.20513092 0.97873454
292.018000000 2.411067 3.442341 -0.078000 -0.00000000 0.00000000 -0.20522569 0.97871468
292.143000000 2.420233 3.438921 -0.078000 -0.00000000 -0.00000000 -0.20515579 0.97872933
292.268000000 2.429433 3.435371 -0.078000 0.00000000 0.00000000 -0.20506368 0.97874863
292.300000000 2.434127 3.433325 -0.077984 0.00003787 0.00001694 -0.20505787 0.97874985
292.400000000 2.448751 3.426845 -0.077942 0.00030406 -0.00007031 -0.20505230 0.97875097
292.518000000 2.447397 3.428431 -0.078000 0.00000000 0.00000000 -0.20493973 0.97877459
292.643000000 2.456347 3.420572 -0.078000 0.00000000 0.00000000 -0.19835086 0.98013108
292.768000000 2.465366 3.418166 -0.078000 -0.00000000 -0.00000000 -0.19567371 0.98066906
292.893000000 2.475182 3.414552 -0.078000 0.00000000 0.00000000 -0.18959854 0.98186170
292.900000000 2.476222 3.414133 -0.077997 0.00001062 0.00000014 -0.18893255 0.98199007
293.018000000 2.484427 3.410248 -0.078000 -0.00000000 -0.00000000 -0.18348973 0.98302163
293.143000000 2.493294 3.406799 -0.078000 0.00000000 0.00000000 -0.17731336 0.98415444
293.268000000 2.502086 3.403179 -0.078000 -0.00000000 -0.00000000 -0.17108040 0.98525707
293.300000000 2.506916 3.401450 -0.077970 0.00003690 0.00000871 -0.16794304 0.98579670
293.400000000 2.522094 3.396271 -0.077930 -0.00014952 0.00009772 -0.15810892 0.98742166
293.518000000 2.521869 3.397790 -0.078000 0.00000000 0.00000000 -0.15869290 0.98732799
293.643000000 2.531614 3.394473 -0.078000 0.00000000 0.00000000 -0.15253499 0.98829807
293.768000000 2.540135 3.392689 -0.078000 0.00000000 0.00000000 -0.14625259 0.98924728
293.800000000 2.545050 3.391212 -0.078004 0.00002671 0.00002238 -0.14309770 0.98970857
293.900000000 2.560452 3.386769 -0.077948 0.00021398 -0.00003786 -0.13322826 0.99108536
294.018000000 2.560733 3.386861 -0.078000 -0.00000000 -0.00000000 -0.13374315 0.99101603
294.143000000 2.570073 3.383989 -0.078000 0.00000000 0.00000000 -0.12753356 0.99183426
294.268000000 2.580257 3.382122 -0.078000 -0.00000000 -0.00000000 -0.12132671 0.99261263
294.300000000 2.585234 3.380887 -0.077984 -0.00005819 -0.00001539 -0.11816124 0.99299442
294.400000000 2.600843 3.377281 -0.077917 0.00004483 -0.00003709 -0.10826043 0.99412257
294.518000000 2.599471 3.376983 -0.078000 0.00000000 0.00000000 -0.10881577 0.99406193
294.643000000 2.609258 3.374813 -0.078000 0.00000000 0.00000000 -0.10266564 0.99471592
294.700000000 2.618207 3.372974 -0.077974 0.00010081 -0.00001381 -0.09701415 0.99528300
294.800000000 2.624300 3.371408 -0.077981 -0.00001309 -0.00001072 -0.09326950 0.99564090
294.900000000 2.629085 3.370170 -0.077994 -0.00002105 0.00000599 -0.08951388 0.99598557
295.018000000 2.638501 3.369276 -0.078000 0.00000000 -0.00000000 -0.08394771 0.99647016
295.143000000 2.647991 3.367485 -0.078000 -0.00000000 -0.00000000 -0.07775713 0.99697233
295.268000000 2.657409 3.366585 -0.078000 -0.00000000 -0.00000000 -0.07150813 0.99744002
295.300000000 2.662485 3.365843 -0.077976 0.00004083 0.00000002 -0.06832655 0.99766301
295.400000000 2.678388 3.363813 -0.077940 -0.00014984 0.00003151 -0.05838239 0.99829428
295.518000000 2.678950 3.363480 -0.078000 -0.00000000 0.00000000 -0.05913944 0.99824973
295.643000000 2.688892 3.362332 -0.078000 -0.00000000 -0.00000000 -0.05296899 0.99859616
295.768000000 2.697824 3.361864 -0.078000 0.00000000 0.00000000 -0.04671006 0.99890849
295.800000000 2.702932 3.361394 -0.077985 -0.00008382 -0.00000114 -0.04352564 0.99905231
295.900000000 2.718912 3.360160 -0.077936 0.00001562 0.00000030 -0.03356949 0.99943639
296.018000000 2.717725 3.360763 -0.078000 0.00000000 0.00000000 -0.03414572 0.99941687
296.143000000 2.727456 3.360331 -0.078000 0.00000000 -0.00000000 -0.02789864 0.99961076
296.268000000 2.737380 3.359812 -0.078000 0.00000000 -0.00000000 -0.02166772 0.99976523
296.300000000 2.742504 3.359578 -0.077989 0.00001678 0.00000953 -0.01847939 0.99982924
296.400000000 2.747765 3.359280 -0.077998 -0.00001872 -0.00000411 -0.01470152 0.99989193
296.518000000 2.757442 3.359117 -0.078000 -0.00000000 -0.00000000 -0.00929593 0.99995679
296.643000000 2.766912 3.358579 -0.078000 0.00000000 0.00000000 -0.00308139 0.99999525
296.768000000 2.777398 3.359716 -0.078000 -0.00000000 -0.00000000 0.00323196 0.99999478
296.800000000 2.782527 3.359739 -0.077978 0.00004000 -0.00002599 0.00642132 0.99997938
296.900000000 2.798531 3.360095 -0.077893 -0.00010914 -0.00009476 0.01638470 0.99986575
297.018000000 2.797324 3.359780 -0.078000 -0.00000000 0.00000000 0.01568751 0.99987694
297.143000000 2.807355 3.360565 -0.078000 0.00000000 0.00000000 0.02216767 0.99975427
297.268000000 2.817458 3.360916 -0.078000 0.00000000 0.00000000 0.03747461 0.99929758
297.300000000 2.822584 3.361264 -0.077976 0.00005354 0.00000423 0.04350167 0.99905335
297.400000000 2.838563 3.362976 -0.077939 -0.00005698 0.00002067 0.06304641 0.99801059
297.518000000 2.836650 3.362362 -0.078000 0.00000000 -0.00000000 0.06148890 0.99810777
297.643000000 2.846629 3.365102 -0.078000 0.00000000 -0.00000000 0.07379262 0.99727361
297.768000000 2.856428 3.365587 -0.078000 0.00000000 -0.00000000 0.08612746 0.99628413
297.800000000 2.861490 3.366471 -0.077969 0.00000172 -0.00003185 0.09248284 0.99571428
297.900000000 2.877209 3.369725 -0.077911 0.00008415 -0.00004076 0.11230863 0.99367337
298.018000000 2.876157 3.369584 -0.078000 -0.00000000 0.00000000 0.11094404 0.99382665
298.143000000 2.885153 3.371471 -0.078000 -0.00000000 0.00000000 0.12316939 0.99238566
298.200000000 2.894005 3.373795 -0.077968 0.00000221 -0.00001862 0.13443460 0.99092247
298.300000000 2.899871 3.377215 -0.077991 -0.00009984 -0.00002662 0.14181678 0.98989292
298.400000000 2.915187 3.382040 -0.077933 -0.00004749 -0.00003553 0.16151380 0.98687045
298.518000000 2.913489 3.380075 -0.078000 0.00000000 0.00000000 0.16018000 0.98708782
298.643000000 2.924030 3.383540 -0.078000 -0.00000000 0.00000000 0.17241819 0.98502384
298.768000000 2.932810 3.385783 -0.078000 0.00000000 -0.00000000 0.18463781 0.98280663
298.800000000 2.937605 3.387634 -0.077985 0.00002208 0.00000861 0.19090205 0.98160909
298.900000000 2.952377 3.393957 -0.077952 -0.00019107 -0.00002269 0.21042515 0.97760995
299.018000000 2.950063 3.396290 -0.078000 -0.00000000 -0.00000000 0.20913394 0.97788700
299.143000000 2.959807 3.400022 -0.078000 0.00000000 -0.00000000 0.22124602 0.97521803
299.268000000 2.969486 3.404638 -0.078000 -0.00000000 -0.00000000 0.23333584 0.97239621
299.300000000 2.974068 3.406973 -0.078000 0.00001337 0.00002558 0.23953177 0.97088853
299.400000000 2.988151 3.414696 -0.077946 0.00013528 0.00001857 0.25883121 0.96592256
299.518000000 2.987801 3.414787 -0.078000 0.00000000 -0.00000000 0.25734569 0.96631941
299.643000000 2.995598 3.418694 -0.078000 -0.00000000 -0.00000000 0.26926518 0.96306608
299.768000000 3.002619 3.425446 -0.078000 0.00000000 -0.00000000 0.27426198 0.96165501
299.800000000 3.006957 3.428176 -0.077965 -0.00001643 -0.00003101 0.27720081 0.96081201
299.900000000 3.011444 3.431893 -0.077995 0.00001125 0.00000626 0.28210905 0.95938234
300.018000000 3.018881 3.436474 -0.078000 -0.00000000 -0.00000000 0.28746470 0.95779123
300.143000000 3.027966 3.442484 -0.078000 0.00000000 -0.00000000 0.29328294 0.95602569
300.268000000 3.036115 3.447447 -0.078000 0.00000000 0.00000000 0.29913763 0.95420998
300.300000000 3.040328 3.450377 -0.077998 -0.00008698 -0.00002520 0.30217140 0.95325361
300.400000000 3.053324 3.459754 -0.077923 -0.00005035 -0.00003544 0.31164468 0.95019871
300.518000000 3.052173 3.460055 -0.078000 -0.00000000 0.00000000 0.31096291 0.95042205
300.643000000 3.060090 3.465609 -0.078000 -0.00000000 0.00000000 0.31689942 0.94845915
300.768000000 3.067368 3.471273 -0.078000 0.00000000 0.00000000 0.32278645 0.94647182
300.800000000 3.071587 3.474516 -0.077978 0.00007392 -0.00001791 0.32580361 0.94543747
300.900000000 3.085294 3.485452 -0.077885 0.00000628 -0.00014176 0.33520826 0.94214404
301.018000000 3.084625 3.484586 -0.078000 0.00000000 -0.00000000 0.33447240 0.94240555
301.143000000 3.092474 3.491899 -0.078000 -0.00000000 0.00000000 0.34030582 0.94031482
301.268000000 3.100076 3.500319 -0.078000 0.00000000 -0.00000000 0.34623023 0.93814958
301.393000000 3.108992 3.506033 -0.078000 -0.00000000 0.00000000 0.35869393 0.93345523
301.400000000 3.109940 3.506871 -0.077999 -0.00001576 -0.00000697 0.35999407 0.93295459
301.518000000 3.117063 3.514569 -0.078000 0.00000000 -0.00000000 0.36835280 0.92968608
301.643000000 3.124461 3.524578 -0.078000 0.00000000 -0.00000000 0.37401556 0.92742243
301.768000000 3.133557 3.531756 -0.078000 -0.00000000 0.00000000 0.38279448 0.92383353
301.800000000 3.137618 3.535860 -0.077995 -0.00006024 0.00000447 0.38569017 0.92262836
301.900000000 3.150188 3.548802 -0.077978 0.00004956 0.00009193 0.39486726 0.91873818
302.018000000 3.147414 3.546165 -0.078000 -0.00000000 -0.00000000 0.39411453 0.91906133
302.143000000 3.154278 3.554853 -0.078000 -0.00000000 -0.00000000 0.39963596 0.91667393
302.268000000 3.160979 3.563249 -0.078000 0.00000000 0.00000000 0.40532783 0.91417140
302.300000000 3.164853 3.567520 -0.077987 -0.00005165 -0.00003708 0.40733604 0.91327835
302.400000000 3.176742 3.581033 -0.077913 -0.00003469 -0.00004733 0.41280829 0.91081794
302.518000000 3.176163 3.581079 -0.078000 -0.00000000 0.00000000 0.40714606 0.91336306
302.643000000 3.183417 3.590047 -0.078000 -0.00000000 0.00000000 0.40680629 0.91351445
302.768000000 3.190440 3.597458 -0.078000 -0.00000000 0.00000000 0.40653083 0.91363706
302.800000000 3.194302 3.601729 -0.077963 0.00006881 -0.00000132 0.40654996 0.91362855
302.900000000 3.206326 3.615091 -0.077904 -0.00002684 -0.00010113 0.40656172 0.91362331
303.018000000 3.204533 3.615126 -0.078000 -0.00000000 0.00000000 0.40642661 0.91368343
303.143000000 3.212210 3.623466 -0.078000 0.00000000 0.00000000 0.40638277 0.91370293
303.200000000 3.219056 3.631101 -0.077968 -0.00013952 -0.00007160 0.40638542 0.91370174
303.300000000 3.222974 3.636039 -0.077982 0.00002452 0.00001252 0.40638908 0.91370012
303.400000000 3.227164 3.641032 -0.077999 0.00002410 0.00000948 0.40638111 0.91370367
303.518000000 3.234421 3.648377 -0.078000 -0.00000000 -0.00000000 0.40627148 0.91375242
303.643000000 3.241596 3.654502 -0.078000 0.00000000 -0.00000000 0.40618316 0.91379169
303.768000000 3.250003 3.662387 -0.078000 -0.00000000 0.00000000 0.40620602 0.91378152
303.800000000 3.253874 3.666651 -0.077979 0.00001674 0.00001309 0.40620683 0.91378116
303.900000000 3.265909 3.680035 -0.077927 -0.00020332 -0.00005458 0.40620723 0.91378096
304.018000000 3.264600 3.679063 -0.078000 -0.00000000 0.00000000 0.40621572 0.91377721
304.143000000 3.272936 3.687979 -0.078000 0.00000000 -0.00000000 0.40622372 0.91377365
304.268000000 3.280787 3.696017 -0.078000 0.00000000 -0.00000000 0.40630153 0.91373906
304.300000000 3.284639 3.700295 -0.077975 0.00005382 -0.00000246 0.40630161 0.91373902
304.400000000 3.296710 3.713635 -0.077822 0.00023979 0.00005801 0.40628398 0.91374683
304.518000000 3.296974 3.711686 -0.078000 -0.00000000 -0.00000000 0.40622898 0.91377132
304.643000000 3.303860 3.719094 -0.078000 -0.00000000 -0.00000000 0.40616887 0.91379803
304.768000000 3.309723 3.727617 -0.078000 0.00000000 -0.00000000 0.40617173 0.91379676
304.893000000 3.315834 3.736868 -0.078000 -0.00000000 0.00000000 0.40615796 0.91380289
304.900000000 3.316669 3.737836 -0.078006 -0.00017412 0.00006796 0.40615799 0.91380285
305.018000000 3.324147 3.745327 -0.078000 -0.00000000 -0.00000000 0.40608994 0.91383311
305.143000000 3.329704 3.753822 -0.078000 -0.00000000 0.00000000 0.40596970 0.91388654
305.268000000 3.337086 3.762595 -0.078000 -0.00000000 0.00000000 0.40595572 0.91389275
305.300000000 3.340876 3.766823 -0.077956 0.00022616 -0.00046108 0.40595687 0.91389209
305.400000000 3.352790 3.779950 -0.077796 0.00074911 -0.00126444 0.40595970 0.91388980
305.518000000 3.353402 3.777955 -0.078000 0.00000000 -0.00000000 0.40583639 0.91394575
305.643000000 3.365212 3.775090 -0.078000 0.00000000 -0.00000000 0.40713658 0.91336729
305.768000000 3.372786 3.783292 -0.078000 -0.00000000 -0.00000000 0.40706318 0.91340000
305.800000000 3.376648 3.787565 -0.077923 0.00019048 -0.00027079 0.40706393 0.91339961
305.900000000 3.388555 3.800737 -0.077661 0.00074933 -0.00086770 0.40706659 0.91339776
306.018000000 3.388599 3.799575 -0.078000 0.00000000 0.00000000 0.40686597 0.91348786
306.143000000 3.395534 3.808233 -0.078000 0.00000000 -0.00000000 0.40679641 0.91351884
306.268000000 3.401663 3.815594 -0.078000 0.00000000 -0.00000000 0.40673594 0.91354577
306.300000000 3.405504 3.819862 -0.077980 0.00004864 0.00001962 0.40673645 0.91354554
306.400000000 3.417589 3.833264 -0.077984 -0.00005170 0.00020092 0.40673697 0.91354529
306.518000000 3.417978 3.833024 -0.078000 0.00000000 -0.00000000 0.40678332 0.91352468
306.643000000 3.425175 3.841319 -0.078000 0.00000000 -0.00000000 0.40681782 0.91350931
306.700000000 3.432022 3.848958 -0.077954 -0.00009979 -0.00002416 0.40681730 0.91350954
306.800000000 3.444078 3.862334 -0.077942 0.00001874 0.00009706 0.40681710 0.91350963
306.900000000 3.442071 3.859753 -0.077996 -0.00001587 -0.00000744 0.40679204 0.91352079
307.018000000 3.448235 3.867277 -0.078000 -0.00000000 -0.00000000 0.40671743 0.91355401
307.143000000 3.456699 3.874297 -0.078000 -0.00000000 0.00000000 0.40662572 0.91359483
307.268000000 3.464650 3.883619 -0.078000 -0.00000000 -0.00000000 0.40665745 0.91358071
307.300000000 3.468486 3.887925 -0.077840 0.00001235 0.00000389 0.40668393 0.91356893
307.400000000 3.480167 3.901492 -0.077601 -0.00132539 -0.00154424 0.40670779 0.91355604
307.518000000 3.478958 3.901296 -0.078000 -0.00000000 -0.00000000 0.40676006 0.91353503
307.643000000 3.486980 3.910439 -0.078000 -0.00000000 0.00000000 0.40663836 0.91358921
307.768000000 3.494558 3.917975 -0.078000 0.00000000 0.00000000 0.40669753 0.91356287
307.800000000 3.498571 3.922240 -0.078034 0.00026774 0.00092421 0.40669534 0.91356334
307.900000000 3.511178 3.935750 -0.078176 0.00086937 0.00352620 0.40669355 0.91355742
308.018000000 3.509838 3.932682 -0.078000 -0.00000000 0.00000000 0.40657416 0.91361778
308.143000000 3.516308 3.940971 -0.078000 -0.00000000 0.00000000 0.40654479 0.91363085
308.268000000 3.524032 3.948406 -0.078000 0.00000000 0.00000000 0.40662556 0.91359491
308.300000000 3.527813 3.952605 -0.077980 0.00010721 -0.00036664 0.40662616 0.91359456
308.400000000 3.532539 3.957404 -0.077999 -0.00001112 0.00000116 0.40658760 0.91361180
308.518000000 3.538533 3.964573 -0.078000 0.00000000 0.00000000 0.40660995 0.91360185
308.643000000 3.546146 3.973908 -0.078000 0.00000000 -0.00000000 0.40652420 0.91364001
308.768000000 3.554063 3.983005 -0.078000 0.00000000 -0.00000000 0.40652346 0.91364034
308.800000000 3.557905 3.987284 -0.077976 0.00010956 -0.00034665 0.40652266 0.91364063
308.900000000 3.569719 4.000439 -0.077654 0.00047750 -0.00161685 0.40651945 0.91364057
309.018000000 3.569003 3.999588 -0.078000 0.00000000 0.00000000 0.40655935 0.91362437
309.143000000 3.576822 4.008584 -0.078000 0.00000000 -0.00000000 0.40660116 0.91360577
309.268000000 3.584026 4.016571 -0.078000 0.00000000 0.00000000 0.40664554 0.91358602
309.300000000 3.587878 4.020839 -0.077925 0.00009405 -0.00018660 0.40664581 0.91358587
309.400000000 3.599854 4.034148 -0.077801 0.00011293 -0.00033118 0.40664637 0.91358558
309.518000000 3.599641 4.032105 -0.078000 0.00000000 -0.00000000 0.40671520 0.91355501
309.643000000 3.607660 4.041103 -0.078000 0.00000000 -0.00000000 0.40672289 0.91355158
309.768000000 3.615841 4.049143 -0.078000 0.00000000 -0.00000000 0.40668753 0.91356732
309.893000000 3.623330 4.057213 -0.078000 -0.00000000 0.00000000 0.40670990 0.91355736
309.900000000 3.624174 4.058150 -0.077994 0.00000006 -0.00000063 0.40670990 0.91355736
310.018000000 3.630627 4.067279 -0.078000 -0.00000000 0.00000000 0.40671447 0.91355533
310.143000000 3.638243 4.074457 -0.078000 0.00000000 -0.00000000 0.40672924 0.91354876
310.268000000 3.646727 4.083245 -0.078000 0.00000000 -0.00000000 0.40676422 0.91353318
310.300000000 3.650581 4.087525 -0.077960 0.00000089 -0.00000295 0.40676425 0.91353317
310.400000000 3.662617 4.100895 -0.077910 0.00000584 -0.00001703 0.40676436 0.91353312
310.518000000 3.660438 4.099925 -0.078000 0.00000000 0.00000000 0.40679375 0.91352003
310.643000000 3.666719 4.108912 -0.078000 0.00000000 0.00000000 0.40684871 0.91349555
310.768000000 3.673752 4.116525 -0.078000 0.00000000 0.00000000 0.40687204 0.91348516
310.800000000 3.677604 4.120804 -0.077980 0.00000065 -0.00000022 0.40687207 0.91348515
310.900000000 3.689640 4.134180 -0.077926 -0.00000007 0.00000063 0.40687217 0.91348511
311.018000000 3.688449 4.133299 -0.078000 0.00000000 -0.00000000 0.40688521 0.91347930
311.143000000 3.695524 4.140744 -0.078000 -0.00000000 -0.00000000 0.40688634 0.91347879
311.268000000 3.703537 4.149471 -0.078000 -0.00000000 0.00000000 0.40689827 0.91347348
311.300000000 3.707388 4.153751 -0.077980 0.00000097 0.00000062 0.40689832 0.91347346
311.400000000 3.719424 4.167126 -0.077935 0.00000730 0.00000065 0.40689846 0.91347340
311.518000000 3.718533 4.166027 -0.078000 -0.00000000 0.00000000 0.40686024 0.91349042
311.643000000 3.726363 4.173473 -0.078000 0.00000000 0.00000000 0.40680274 0.91351603
311.700000000 3.733226 4.181096 -0.077961 0.00000150 0.00000391 0.40680280 0.91351600
311.800000000 3.737649 4.185283 -0.078002 0.00000340 -0.00000069 0.40671363 0.91355570
311.900000000 3.741237 4.190696 -0.077990 -0.00000033 0.00000054 0.40667476 0.91357301
312.018000000 3.748119 4.198361 -0.078000 -0.00000000 -0.00000000 0.40667443 0.91357315
312.143000000 3.756670 4.205968 -0.078000 -0.00000000 -0.00000000 0.40670628 0.91355898
312.268000000 3.763462 4.214433 -0.078000 -0.00000000 0.00000000 0.40664870 0.91358461
312.300000000 3.767315 4.218711 -0.077971 0.00000101 -0.00000019 0.40664875 0.91358458
312.400000000 3.779358 4.232081 -0.077923 -0.00000225 -0.00000244 0.40664886 0.91358454
312.518000000 3.778997 4.231525 -0.078000 -0.00000000 -0.00000000 0.40654260 0.91363183
312.643000000 3.786096 4.239408 -0.078000 -0.00000000 0.00000000 0.40649864 0.91365138
312.768000000 3.793150 4.247684 -0.078000 -0.00000000 -0.00000000 0.40645952 0.91366879
312.800000000 3.797005 4.251961 -0.077983 0.00000124 -0.00000044 0.40645955 0.91366878
312.900000000 3.809054 4.265325 -0.077930 0.00000275 0.00000301 0.40645970 0.91366871
313.018000000 3.809088 4.264009 -0.078000 0.00000000 -0.00000000 0.40643085 0.91368155
313.143000000 3.816314 4.273054 -0.078000 -0.00000000 0.00000000 0.40635498 0.91371529
313.268000000 3.823445 4.281382 -0.078000 -0.00000000 0.00000000 0.40638233 0.91370313
313.300000000 3.827301 4.285658 -0.077989 0.00000147 -0.00000020 0.40638238 0.91370310
313.400000000 3.831512 4.290979 -0.077996 0.00000005 0.00000034 0.40634514 0.91371967
313.518000000 3.837776 4.297725 -0.078000 0.00000000 -0.00000000 0.40634082 0.91372159
313.643000000 3.844799 4.306074 -0.078000 0.00000000 0.00000000 0.40632392 0.91372910
313.768000000 3.851763 4.314865 -0.078000 0.00000000 0.00000000 0.40631126 0.91373473
313.800000000 3.855620 4.319140 -0.078003 -0.00000052 -0.00000167 0.40631129 0.91373472
313.900000000 3.867672 4.332501 -0.077935 -0.00000534 -0.00000254 0.40631137 0.91373468
314.018000000 3.866188 4.331572 -0.078000 -0.00000000 -0.00000000 0.40638303 0.91370281
314.143000000 3.874312 4.339691 -0.078000 -0.00000000 -0.00000000 0.40641763 0.91368743
314.268000000 3.881358 4.347319 -0.078000 0.00000000 0.00000000 0.40640212 0.91369432
314.300000000 3.885214 4.351595 -0.077977 0.00000054 -0.00000076 0.40640216 0.91369431
314.400000000 3.897263 4.364957 -0.077921 -0.00000019 -0.00000307 0.40640226 0.91369426
314.518000000 3.897040 4.365323 -0.078000 -0.00000000 0.00000000 0.40634880 0.91371804
314.643000000 3.904961 4.373405 -0.078000 0.00000000 0.00000000 0.40632855 0.91372704
314.768000000 3.912625 4.381388 -0.078000 0.00000000 0.00000000 0.40629201 0.91374329
314.800000000 3.916482 4.385663 -0.077987 0.00000231 -0.00000134 0.40629206 0.91374327
314.900000000 3.928535 4.399022 -0.077941 -0.00000029 -0.00000360 0.40629218 0.91374322
315.018000000 3.928356 4.397751 -0.078000 0.00000000 -0.00000000 0.40623119 0.91377033
315.143000000 3.936395 4.406500 -0.078000 -0.00000000 -0.00000000 0.40622138 0.91377469
315.200000000 3.943266 4.414114 -0.077976 0.00000354 -0.00000035 0.40622144 0.91377467
315.300000000 3.947220 4.419023 -0.077963 -0.00000024 0.00000339 0.40619678 0.91378563
315.400000000 3.950969 4.424699 -0.077993 -0.00000040 -0.00000009 0.40614947 0.91380666
315.518000000 3.958255 4.431528 -0.078000 -0.00000000 0.00000000 0.40616397 0.91380021
315.643000000 3.965859 4.439122 -0.078000 -0.00000000 -0.00000000 0.40615891 0.91380246
315.768000000 3.973061 4.447828 -0.078000 -0.00000000 0.00000000 0.40613677 0.91381230
315.800000000 3.976919 4.452101 -0.077975 0.00000137 0.00000132 0.40613682 0.91381228
315.900000000 3.989497 4.466031 -0.077925 0.00000715 -0.00000181 0.40613698 0.91381221
316.018000000 3.989404 4.465038 -0.078000 0.00000000 -0.00000000 0.40609499 0.91383087
316.143000000 3.997387 4.475619 -0.078000 0.00000000 0.00000000 0.40613369 0.91381367
316.268000000 4.007564 4.485959 -0.078000 0.00000000 -0.00000000 0.40612039 0.91381958
316.300000000 4.012280 4.491183 -0.077985 0.00000002 -0.00000342 0.40612039 0.91381958
316.400000000 4.027017 4.507506 -0.077917 -0.00000050 -0.00000615 0.40612051 0.91381953
316.518000000 4.026097 4.506360 -0.078000 -0.00000000 0.00000000 0.40618276 0.91379186
316.643000000 4.035041 4.516901 -0.078000 0.00000000 -0.00000000 0.40615788 0.91380292
316.768000000 4.044358 4.526697 -0.078000 0.00000000 0.00000000 0.40614613 0.91380814
316.800000000 4.049074 4.531922 -0.077970 -0.00000184 0.00000320 0.40614614 0.91380814
316.900000000 4.055327 4.537335 -0.077991 0.00000026 0.00000059 0.40609441 0.91383113
317.018000000 4.063563 4.546405 -0.078000 -0.00000000 0.00000000 0.40606660 0.91384349
317.143000000 4.072732 4.557207 -0.078000 0.00000000 -0.00000000 0.40605190 0.91385002
317.268000000 4.082153 4.567370 -0.078000 -0.00000000 0.00000000 0.40605486 0.91384870
317.300000000 4.086871 4.572594 -0.077989 0.00000207 -0.00000211 0.40605488 0.91384870
317.400000000 4.101612 4.588915 -0.077919 0.00000594 -0.00000170 0.40605497 0.91384865
317.518000000 4.100168 4.588441 -0.078000 0.00000000 -0.00000000 0.40609788 0.91382959
317.643000000 4.110159 4.598054 -0.078000 -0.00000000 0.00000000 0.40609452 0.91383108
317.768000000 4.118121 4.608319 -0.078000 -0.00000000 -0.00000000 0.40609751 0.91382975
317.800000000 4.122838 4.613543 -0.077977 -0.00000045 -0.00000136 0.40609753 0.91382974
317.900000000 4.137576 4.629866 -0.077901 0.00000006 -0.00000535 0.40609762 0.91382970
318.018000000 4.136400 4.627906 -0.078000 0.00000000 0.00000000 0.40603473 0.91385765
318.143000000 4.146976 4.638822 -0.078000 -0.00000000 0.00000000 0.40607181 0.91384117
318.268000000 4.155320 4.648052 -0.078000 -0.00000000 -0.00000000 0.40606981 0.91384206
318.393000000 4.164419 4.658580 -0.078000 0.00000000 -0.00000000 0.40604541 0.91385290
318.400000000 4.165451 4.659722 -0.077996 -0.00000012 -0.00000038 0.40604542 0.91385290
318.518000000 4.173850 4.668726 -0.078000 0.00000000 0.00000000 0.40602611 0.91386147
318.643000000 4.182666 4.679294 -0.078000 0.00000000 -0.00000000 0.40607297 0.91384066
318.768000000 4.191461 4.689974 -0.078000 -0.00000000 0.00000000 0.40611764 0.91382081
318.800000000 4.196178 4.695197 -0.077986 0.00000084 -0.00000183 0.40611766 0.91382080
318.900000000 4.210917 4.711522 -0.077930 0.00000003 0.00000038 0.40611780 0.91382073
319.018000000 4.209843 4.711071 -0.078000 0.00000000 -0.00000000 0.40612484 0.91381760
319.143000000 4.218205 4.721190 -0.078000 -0.00000000 0.00000000 0.40614100 0.91381042
319.268000000 4.227353 4.731403 -0.078000 -0.00000000 -0.00000000 0.40617806 0.91379395
319.300000000 4.232069 4.736627 -0.077969 -0.00000147 0.00000063 0.40617807 0.91379394
319.400000000 4.246806 4.752954 -0.077904 -0.00000052 0.00000483 0.40617816 0.91379390
319.518000000 4.247189 4.750798 -0.078000 -0.00000000 0.00000000 0.40619333 0.91378716
319.643000000 4.255800 4.762223 -0.078000 -0.00000000 -0.00000000 0.40623734 0.91376760
319.768000000 4.266515 4.771389 -0.078000 0.00000000 0.00000000 0.40620131 0.91378361
319.800000000 4.271230 4.776614 -0.077983 -0.00000030 0.00000014 0.40620133 0.91378361
319.900000000 4.285966 4.792940 -0.077920 0.00000131 0.00000178 0.40620143 0.91378356
320.018000000 4.284362 4.791724 -0.078000 0.00000000 -0.00000000 0.40623953 0.91376663
320.143000000 4.293236 4.801574 -0.078000 0.00000000 -0.00000000 0.40620870 0.91378033
320.200000000 4.301635 4.810880 -0.077960 0.00000076 0.00000093 0.40620878 0.91378029
320.300000000 4.306665 4.817212 -0.077992 -0.00000187 -0.00000157 0.40618651 0.91379019
320.400000000 4.321400 4.833538 -0.077900 -0.00000455 0.00000064 0.40618657 0.91379017
320.518000000 4.321242 4.833184 -0.078000 0.00000000 -0.00000000 0.40625611 0.91375925
320.643000000 4.331081 4.843957 -0.078000 0.00000000 -0.00000000 0.40628353 0.91374706
320.768000000 4.339346 4.853937 -0.078000 0.00000000 -0.00000000 0.40628786 0.91374514
320.800000000 4.344060 4.859162 -0.077961 -0.00000140 0.00000153 0.40628788 0.91374513
320.900000000 4.358792 4.875493 -0.077896 -0.00000411 -0.00000244 0.40628797 0.91374509
321.018000000 4.357794 4.873250 -0.078000 0.00000000 0.00000000 0.40637876 0.91370471
321.143000000 4.366750 4.883676 -0.078000 0.00000000 -0.00000000 0.40631720 0.91373209
321.268000000 4.376321 4.892353 -0.078000 0.00000000 -0.00000000 0.40630040 0.91373956
321.300000000 4.381035 4.897578 -0.077978 -0.00000198 0.00000001 0.40630040 0.91373956
321.400000000 4.395767 4.913910 -0.077909 -0.00000706 0.00000088 0.40630048 0.91373953
321.518000000 4.393915 4.912746 -0.078000 -0.00000000 0.00000000 0.40627524 0.91375075
321.643000000 4.403345 4.923999 -0.078000 0.00000000 -0.00000000 0.40627411 0.91375125
321.768000000 4.412183 4.933798 -0.078000 0.00000000 -0.00000000 0.40627793 0.91374955
321.893000000 4.420353 4.943633 -0.078000 0.00000000 0.00000000 0.40622406 0.91377350
321.900000000 4.421384 4.944776 -0.077994 -0.00000052 0.00000003 0.40622406 0.91377350
322.018000000 4.430629 4.954295 -0.078000 0.00000000 0.00000000 0.40617296 0.91379622
322.143000000 4.439178 4.964614 -0.078000 -0.00000000 -0.00000000 0.40613927 0.91381119
322.268000000 4.449559 4.974147 -0.078000 0.00000000 -0.00000000 0.40612907 0.91381572
322.300000000 4.454275 4.979371 -0.077960 -0.00000048 0.00000198 0.40612907 0.91381572
322.400000000 4.469014 4.995694 -0.077896 0.00001312 0.00000379 0.40612919 0.91381567
322.518000000 4.467500 4.993979 -0.078000 0.00000000 0.00000000 0.40602999 0.91385975
322.643000000 4.476743 5.004288 -0.078000 0.00000000 0.00000000 0.40606407 0.91384461
322.768000000 4.484888 5.015253 -0.078000 0.00000000 -0.00000000 0.40607399 0.91384020
322.800000000 4.489605 5.020476 -0.077988 0.00000415 -0.00000006 0.40607405 0.91384017
322.900000000 4.504346 5.036797 -0.077920 0.00000794 0.00000191 0.40607421 0.91384010
323.018000000 4.503595 5.034627 -0.078000 -0.00000000 -0.00000000 0.40603524 0.91385742
323.143000000 4.513838 5.045966 -0.078000 0.00000000 0.00000000 0.40607120 0.91384144
323.268000000 4.522597 5.056211 -0.078000 0.00000000 -0.00000000 0.40610725 0.91382542
323.300000000 4.527314 5.061434 -0.077989 -0.00000510 -0.00000322 0.40610725 0.91382542
323.400000000 4.542051 5.077760 -0.077907 -0.00001016 -0.00000179 0.40610736 0.91382537
323.518000000 4.540145 5.075168 -0.078000 0.00000000 -0.00000000 0.40609261 0.91383193
323.643000000 4.549006 5.085302 -0.078000 -0.00000000 0.00000000 0.40607155 0.91384129
323.700000000 4.557408 5.094606 -0.077953 -0.00000149 0.00000091 0.40607159 0.91384127
323.800000000 4.563582 5.100882 -0.077967 -0.00000079 -0.00000060 0.40602873 0.91386031
323.900000000 4.569363 5.107359 -0.078000 0.00000005 -0.00000046 0.40603561 0.91385725
324.018000000 4.577274 5.116578 -0.078000 -0.00000000 -0.00000000 0.40602100 0.91386375
324.143000000 4.585477 5.126166 -0.078000 -0.00000000 -0.00000000 0.40600382 0.91387138
324.268000000 4.594787 5.136699 -0.078000 -0.00000000 0.00000000 0.40602099 0.91386375
324.300000000 4.599504 5.141922 -0.077973 -0.00000004 0.00000169 0.40602103 0.91386373
324.400000000 4.614247 5.158242 -0.077899 0.00000901 0.00000240 0.40602116 0.91386368
324.518000000 4.613757 5.157871 -0.078000 0.00000000 -0.00000000 0.40597905 0.91388238
324.643000000 4.622767 5.167297 -0.078000 -0.00000000 0.00000000 0.40595619 0.91389254
324.768000000 4.631781 5.177568 -0.078000 0.00000000 -0.00000000 0.40593633 0.91390136
324.800000000 4.636499 5.182789 -0.077982 0.00000342 -0.00000009 0.40593640 0.91390133
324.900000000 4.651245 5.199106 -0.077919 0.00000443 -0.00000056 0.40581769 0.91395405
325.018000000 4.649339 5.197780 -0.078000 0.00000000 0.00000000 0.40551675 0.91408761
325.143000000 4.659683 5.208192 -0.078000 -0.00000000 0.00000000 0.39595302 0.91827077
325.268000000 4.670111 5.217979 -0.078000 -0.00000000 0.00000000 0.39048068 0.92061112
325.300000000 4.675328 5.223377 -0.077989 0.00000806 0.00000053 0.38762888 0.92181552
325.400000000 4.681936 5.229848 -0.077991 0.00000163 0.00000217 0.38418865 0.92325461
325.518000000 4.690914 5.240544 -0.078000 0.00000000 0.00000000 0.37910263 0.92535463
325.643000000 4.703740 5.251119 -0.078000 -0.00000000 -0.00000000 0.37338330 0.92767716
325.768000000 4.716245 5.262293 -0.078000 0.00000000 -0.00000000 0.36761341 0.92997870
325.800000000 4.722304 5.267975 -0.077991 0.00001395 0.00000150 0.36435043 0.93126192
325.900000000 4.741516 5.285397 -0.077905 0.00006910 0.00002095 0.35209373 0.93596474
326.018000000 4.740977 5.285317 -0.078000 0.00000000 0.00000000 0.34642825 0.93807647
326.143000000 4.753427 5.295214 -0.078000 0.00000000 0.00000000 0.33493598 0.94224089
326.268000000 4.765753 5.306341 -0.078000 0.00000000 -0.00000000 0.32321555 0.94632537
326.300000000 4.772456 5.311545 -0.077973 0.00001985 0.00000370 0.31721381 0.94835405
326.400000000 4.794780 5.327661 -0.077879 0.00007333 0.00001555 0.29828670 0.95447632
326.518000000 4.794993 5.325497 -0.078000 -0.00000000 0.00000000 0.29966197 0.95404544
326.643000000 4.809857 5.335891 -0.078000 -0.00000000 0.00000000 0.28779039 0.95769342
326.768000000 4.825624 5.346571 -0.078000 -0.00000000 0.00000000 0.27591265 0.96118271
326.893000000 4.835584 5.353000 -0.078000 0.00000000 -0.00000000 0.27075954 0.96264701
326.900000000 4.836539 5.353576 -0.077998 0.00000010 -0.00000718 0.27064786 0.96267842
327.018000000 4.847136 5.359826 -0.078000 0.00000000 -0.00000000 0.26778440 0.96347886
327.143000000 4.866242 5.371729 -0.078000 0.00000000 0.00000000 0.25510914 0.96691226
327.268000000 4.884531 5.381567 -0.078000 -0.00000000 0.00000000 0.24406058 0.96975999
327.300000000 4.894088 5.386729 -0.077974 0.00003650 -0.00004707 0.23824606 0.97120483
327.400000000 4.924404 5.401853 -0.077805 0.00012232 -0.00014041 0.21891405 0.97574413
327.518000000 4.922131 5.400419 -0.078000 -0.00000000 -0.00000000 0.22035329 0.97542013
327.643000000 4.942878 5.409107 -0.078000 0.00000000 -0.00000000 0.20107439 0.97957597
327.768000000 4.961594 5.416816 -0.078000 0.00000000 -0.00000000 0.18412399 0.98290303
327.800000000 4.971699 5.420739 -0.077964 0.00002451 0.00000920 0.17457102 0.98464458
327.900000000 5.003850 5.431456 -0.077871 0.00009521 0.00004349 0.14506249 0.98942249
328.018000000 5.001267 5.431489 -0.078000 -0.00000000 0.00000000 0.14734880 0.98908459
328.143000000 5.022906 5.437507 -0.078000 0.00000000 -0.00000000 0.12884903 0.99166422
328.268000000 5.043550 5.442140 -0.078000 0.00000000 -0.00000000 0.11033826 0.99389409
328.300000000 5.054122 5.444541 -0.077965 0.00002832 0.00000584 0.10082808 0.99490386
328.400000000 5.087521 5.450284 -0.077853 0.00012562 0.00001454 0.07104839 0.99747286
328.518000000 5.085157 5.449869 -0.078000 -0.00000000 -0.00000000 0.07324501 0.99731398
328.643000000 5.105715 5.453288 -0.078000 0.00000000 -0.00000000 0.05466236 0.99850490
328.700000000 5.124945 5.455095 -0.077930 0.00005182 0.00000444 0.03764246 0.99929127
328.800000000 5.137222 5.456305 -0.077978 0.00002852 -0.00000280 0.02648092 0.99964932
328.900000000 5.171098 5.457091 -0.077881 0.00011356 -0.00000463 -0.00340771 0.99999419
329.018000000 5.168498 5.456987 -0.078000 0.00000000 0.00000000 -0.00117924 0.99999930
329.143000000 5.189262 5.457665 -0.078000 -0.00000000 0.00000000 -0.01976847 0.99980458
329.268000000 5.210659 5.456224 -0.078000 -0.00000000 -0.00000000 -0.03840945 0.99926208
329.300000000 5.221470 5.455410 -0.077970 0.00003290 -0.00000093 -0.04796600 0.99884897
329.400000000 5.255091 5.451190 -0.077858 0.00013284 -0.00000303 -0.07779764 0.99696916
329.518000000 5.252039 5.451972 -0.078000 -0.00000000 -0.00000000 -0.07567448 0.99713258
329.643000000 5.273452 5.449022 -0.078000 -0.00000000 -0.00000000 -0.09426899 0.99554676
329.768000000 5.295439 5.444601 -0.078000 -0.00000000 -0.00000000 -0.11275993 0.99362226
329.800000000 5.306011 5.442200 -0.077963 0.00003395 -0.00000312 -0.12225917 0.99249821
329.900000000 5.338615 5.432958 -0.077852 0.00012607 -0.00001370 -0.15186802 0.98840077
330.018000000 5.335420 5.433162 -0.078000 0.00000000 -0.00000000 -0.14979003 0.98871783
330.143000000 5.356244 5.426480 -0.078000 0.00000000 -0.00000000 -0.16822774 0.98574816
330.268000000 5.375245 5.418140 -0.078000 -0.00000000 0.00000000 -0.18658783 0.98243828
330.393000000 5.394772 5.410931 -0.078000 -0.00000000 -0.00000000 -0.19760687 0.98028135
330.400000000 5.396962 5.410012 -0.077993 0.00000378 -0.00000050 -0.19881126 0.98003780
330.518000000 5.413219 5.402958 -0.078000 0.00000000 0.00000000 -0.20512622 0.97873553
330.643000000 5.433099 5.392887 -0.078000 -0.00000000 -0.00000000 -0.21360515 0.97692008
330.768000000 5.453236 5.384209 -0.078000 -0.00000000 -0.00000000 -0.21935379 0.97564538
330.800000000 5.463061 5.379567 -0.077984 0.00001540 -0.00000461 -0.22239391 0.97495690
330.900000000 5.493518 5.364551 -0.077858 0.00006058 -0.00001090 -0.23199770 0.97271633
331.018000000 5.492233 5.366631 -0.078000 -0.00000000 0.00000000 -0.23125585 0.97289297
331.143000000 5.511080 5.356760 -0.078000 0.00000000 -0.00000000 -0.23735393 0.97142324
331.268000000 5.529089 5.347314 -0.078000 0.00000000 0.00000000 -0.24340773 0.96992406
331.300000000 5.538673 5.342193 -0.077958 0.00000791 -0.00000188 -0.24650191 0.96914231
331.400000000 5.568340 5.325669 -0.077856 0.00001865 -0.00000530 -0.25614872 0.96663739
331.518000000 5.566315 5.326655 -0.078000 -0.00000000 0.00000000 -0.25553264 0.96680043
331.643000000 5.584661 5.316413 -0.078000 -0.00000000 -0.00000000 -0.26156630 0.96518551
331.768000000 5.603141 5.306178 -0.078000 -0.00000000 -0.00000000 -0.26756282 0.96354042
331.800000000 5.612455 5.300581 -0.077969 0.00000652 -0.00000409 -0.27063386 0.96268235
331.900000000 5.641248 5.282579 -0.077873 0.00003873 -0.00001431 -0.28021281 0.95993790
332.018000000 5.640182 5.283938 -0.078000 -0.00000000 -0.00000000 -0.27959050 0.96011934
332.143000000 5.656900 5.272593 -0.078000 0.00000000 0.00000000 -0.28558259 0.95835410
332.200000000 5.673042 5.261912 -0.077954 0.00001435 -0.00000841 -0.29102100 0.95671667
332.300000000 5.683767 5.254865 -0.077943 0.00001340 -0.00000036 -0.29459707 0.95562156
332.400000000 5.711638 5.235463 -0.077846 0.00003593 -0.00000635 -0.30410448 0.95263869
332.518000000 5.709634 5.236772 -0.078000 -0.00000000 0.00000000 -0.30345939 0.95284437
332.643000000 5.728830 5.224118 -0.078000 -0.00000000 -0.00000000 -0.30926095 0.95097721
332.768000000 5.744781 5.211528 -0.078000 0.00000000 0.00000000 -0.30576629 0.95210660
332.800000000 5.753585 5.205142 -0.077981 0.00000160 -0.00000062 -0.30600438 0.95203010
332.900000000 5.781241 5.185374 -0.077863 0.00000121 0.00000300 -0.30602111 0.95202473
333.018000000 5.780814 5.190989 -0.078000 0.00000000 -0.00000000 -0.30600851 0.95202878
333.143000000 5.798131 5.179254 -0.078000 -0.00000000 -0.00000000 -0.30611716 0.95199385
333.268000000 5.815737 5.168130 -0.078000 0.00000000 -0.00000000 -0.30615273 0.95198241
333.300000000 5.824576 5.161789 -0.077962 0.00000240 0.00000048 -0.30614987 0.95198333
333.400000000 5.852196 5.141974 -0.077860 0.00000174 -0.00000168 -0.30614761 0.95198405
333.518000000 5.849205 5.144359 -0.078000 -0.00000000 0.00000000 -0.30630375 0.95193383
333.643000000 5.867157 5.130860 -0.078000 0.00000000 0.00000000 -0.31344195 0.94960736
333.700000000 5.882656 5.119268 -0.077926 0.00001379 -0.00000204 -0.31850363 0.94792164
333.800000000 5.892028 5.111935 -0.077984 0.00000955 -0.00000653 -0.32128118 0.94698384
333.900000000 5.902868 5.104236 -0.077993 0.00000268 -0.00000059 -0.32478004 0.94578958
334.018000000 5.918081 5.093357 -0.078000 0.00000000 0.00000000 -0.33001336 0.94397626
334.143000000 5.934662 5.079803 -0.078000 0.00000000 -0.00000000 -0.33600604 0.94185983
334.268000000 5.951742 5.065306 -0.078000 -0.00000000 0.00000000 -0.34878673 0.93720212
334.300000000 5.959995 5.058259 -0.077946 0.00001859 -0.00000646 -0.35476746 0.93495457
334.400000000 5.984945 5.035277 -0.077850 0.00006780 -0.00003079 -0.37209611 0.92819420
334.518000000 5.982665 5.037674 -0.078000 -0.00000000 -0.00000000 -0.37031995 0.92890426
334.643000000 6.000839 5.012249 -0.078000 -0.00000000 0.00000000 -0.38435857 0.92318389
334.768000000 6.014964 4.997376 -0.078000 0.00000000 -0.00000000 -0.39590501 0.91829147
334.800000000 6.022433 4.989500 -0.077970 0.00001483 -0.00000879 -0.40174955 0.91574958
334.900000000 6.044885 4.964072 -0.077864 0.00008306 -0.00003932 -0.41991263 0.90756453
335.018000000 6.042193 4.965701 -0.078000 -0.00000000 0.00000000 -0.41872148 0.90811471
335.143000000 6.055473 4.949084 -0.078000 -0.00000000 -0.00000000 -0.43003961 0.90281002
335.268000000 6.068407 4.932517 -0.078000 0.00000000 0.00000000 -0.44123618 0.89739102
335.393000000 6.081949 4.915692 -0.078000 0.00000000 0.00000000 -0.45236149 0.89183467
335.400000000 6.083361 4.913783 -0.077991 0.00000312 -0.00000144 -0.45360511 0.89120278
335.518000000 6.093778 4.898584 -0.078000 -0.00000000 -0.00000000 -0.46342722 0.88613498
335.643000000 6.105236 4.881846 -0.078000 -0.00000000 0.00000000 -0.47444020 0.88028774
335.768000000 6.116770 4.863536 -0.078000 -0.00000000 -0.00000000 -0.48536552 0.87431134
335.800000000 6.122464 4.854294 -0.077969 0.00001603 -0.00000727 -0.49093102 0.87119845
335.900000000 6.139554 4.824996 -0.077851 0.00006138 -0.00003059 -0.50819349 0.86124292
336.018000000 6.137237 4.827451 -0.078000 -0.00000000 -0.00000000 -0.50700754 0.86194162
336.143000000 6.147499 4.809004 -0.078000 -0.00000000 0.00000000 -0.51765622 0.85558871
336.268000000 6.157032 4.790403 -0.078000 -0.00000000 0.00000000 -0.52825505 0.84908575
336.300000000 6.161835 4.780669 -0.077958 0.00001720 -0.00001016 -0.53365897 0.84569977
336.400000000 6.175831 4.749770 -0.077852 0.00007174 -0.00004815 -0.55040508 0.83489774
336.518000000 6.174939 4.751875 -0.078000 -0.00000000 -0.00000000 -0.54921575 0.83568060
336.643000000 6.182980 4.732487 -0.078000 -0.00000000 -0.00000000 -0.55958753 0.82877125
336.768000000 6.190852 4.713089 -0.078000 -0.00000000 -0.00000000 -0.56983918 0.82175623
336.800000000 6.194672 4.702929 -0.077969 0.00001518 -0.00001137 -0.57506788 0.81810569
336.900000000 6.205484 4.670775 -0.077869 0.00005686 -0.00003892 -0.59125579 0.80648409
337.018000000 6.203950 4.672477 -0.078000 -0.00000000 -0.00000000 -0.59009654 0.80733269
337.143000000 6.210278 4.654539 -0.078000 -0.00000000 0.00000000 -0.59438662 0.80417942
337.200000000 6.215824 4.635988 -0.077948 0.00000861 -0.00000724 -0.59925945 0.80055488
337.300000000 6.219719 4.621802 -0.077959 0.00000860 -0.00000275 -0.60396375 0.79701179
337.400000000 6.223252 4.610215 -0.077991 0.00000195 -0.00000201 -0.60687654 0.79479612
337.518000000 6.227973 4.593297 -0.078000 0.00000000 -0.00000000 -0.61106588 0.79157975
337.643000000 6.233353 4.571350 -0.078000 0.00000000 0.00000000 -0.61595987 0.78777753
337.768000000 6.238732 4.549987 -0.078000 0.00000000 0.00000000 -0.62083823 0.78393870
337.800000000 6.241228 4.539411 -0.077981 0.00000525 -0.00000903 -0.62333748 0.78195293
337.900000000 6.248478 4.506237 -0.077865 0.00003055 -0.00002840 -0.63109689 0.77570401
338.018000000 6.248275 4.509848 -0.078000 -0.00000000 -0.00000000 -0.63051983 0.77617314
338.143000000 6.253170 4.486433 -0.078000 -0.00000000 0.00000000 -0.63515741 0.77238272
338.268000000 6.257298 4.467376 -0.078000 -0.00000000 -0.00000000 -0.63281336 0.77430437
338.300000000 6.259403 4.456706 -0.077956 0.00000311 -0.00000107 -0.63307136 0.77409344
338.400000000 6.266168 4.423391 -0.077853 0.00000677 -0.00000164 -0.63336321 0.77385467
338.518000000 6.266315 4.426968 -0.078000 -0.00000000 0.00000000 -0.63336821 0.77385057
338.643000000 6.270566 4.406052 -0.078000 0.00000000 0.00000000 -0.63344675 0.77378628
338.768000000 6.274326 4.385881 -0.078000 -0.00000000 0.00000000 -0.63343500 0.77379590
338.800000000 6.276475 4.375218 -0.077964 0.00000016 -0.00000062 -0.63343080 0.77379934
338.900000000 6.279159 4.362289 -0.077992 -0.00000004 -0.00000016 -0.63342254 0.77380610
339.018000000 6.282423 4.343424 -0.078000 -0.00000000 -0.00000000 -0.63342300 0.77380573
339.143000000 6.286544 4.322391 -0.078000 0.00000000 0.00000000 -0.63343238 0.77379805
339.268000000 6.290501 4.303450 -0.078000 -0.00000000 0.00000000 -0.63354269 0.77370773
339.300000000 6.292647 4.292790 -0.077971 0.00000404 -0.00000279 -0.63478027 0.77269270
339.400000000 6.299114 4.259460 -0.077854 0.00002654 -0.00002551 -0.64050122 0.76795715
339.518000000 6.297743 4.259104 -0.078000 -0.00000000 -0.00000000 -0.64572169 0.76357285
339.643000000 6.301346 4.238029 -0.078000 -0.00000000 -0.00000000 -0.65035012 0.75963460
339.768000000 6.304545 4.216661 -0.078000 0.00000000 0.00000000 -0.65497153 0.75565355
339.800000000 6.306099 4.205907 -0.077971 0.00000700 -0.00000681 -0.65738167 0.75355779
339.900000000 6.310364 4.172217 -0.077863 0.00003550 -0.00002927 -0.66486552 0.74696307
340.018000000 6.309741 4.175865 -0.078000 0.00000000 0.00000000 -0.66432933 0.74743999
340.143000000 6.311726 4.154564 -0.078000 0.00000000 0.00000000 -0.66896990 0.74328949
340.268000000 6.313916 4.133242 -0.078000 0.00000000 0.00000000 -0.67355579 0.73913639
340.300000000 6.314929 4.122423 -0.077975 0.00000493 -0.00000634 -0.67590948 0.73698465
340.400000000 6.317498 4.088563 -0.077875 0.00003356 -0.00003352 -0.68321945 0.73021311
340.518000000 6.317820 4.090307 -0.078000 -0.00000000 0.00000000 -0.68265489 0.73074093
340.643000000 6.318586 4.068421 -0.078000 -0.00000000 -0.00000000 -0.68714641 0.72651896
340.700000000 6.319577 4.049074 -0.077955 0.00000321 -0.00000850 -0.68946276 0.72432113
340.800000000 6.319669 4.039444 -0.077941 0.00000636 0.00000104 -0.68503918 0.72850622
340.900000000 6.321781 4.005516 -0.077843 0.00000635 -0.00000147 -0.68571510 0.72787004
341.018000000 6.322005 4.008160 -0.078000 0.00000000 0.00000000 -0.68619294 0.72741958
341.143000000 6.323252 3.987025 -0.078000 0.00000000 0.00000000 -0.68616698 0.72744407
341.268000000 6.324161 3.966529 -0.078000 0.00000000 0.00000000 -0.68615247 0.72745776
341.300000000 6.324797 3.955669 -0.077977 -0.00000684 0.00000378 -0.68614889 0.72746113
341.400000000 6.326786 3.921735 -0.077871 -0.00001809 0.00001137 -0.68614069 0.72746887
341.518000000 6.326286 3.924353 -0.078000 0.00000000 0.00000000 -0.68616765 0.72744344
341.643000000 6.327438 3.903843 -0.078000 -0.00000000 -0.00000000 -0.68615818 0.72745237
341.768000000 6.328475 3.881808 -0.078000 0.00000000 0.00000000 -0.68614124 0.72746835
341.800000000 6.329110 3.870949 -0.077970 0.00000079 -0.00000206 -0.68614143 0.72746817
341.900000000 6.331095 3.837014 -0.077854 0.00000155 -0.00000230 -0.68614158 0.72746803
342.018000000 6.331915 3.840542 -0.078000 0.00000000 0.00000000 -0.68612794 0.72748090
342.143000000 6.333478 3.819382 -0.078000 0.00000000 0.00000000 -0.68615218 0.72745803
342.268000000 6.336578 3.795318 -0.078000 0.00000000 0.00000000 -0.69239865 0.72151515
342.300000000 6.337176 3.784529 -0.078020 -0.00016136 -0.00079690 -0.69396107 0.72001207
342.400000000 6.337848 3.773096 -0.078001 0.00004981 -0.00013314 -0.69494016 0.71906756
342.518000000 6.338710 3.754679 -0.078000 -0.00000000 -0.00000000 -0.69884549 0.71527266
342.643000000 6.338337 3.732670 -0.078000 0.00000000 0.00000000 -0.70324520 0.71094739
342.768000000 6.339077 3.710889 -0.078000 -0.00000000 0.00000000 -0.70760935 0.70660385
342.800000000 6.339076 3.699892 -0.077935 0.00022530 0.00027541 -0.70985442 0.70434834
342.900000000 6.338499 3.665864 -0.077732 0.00024456 0.00050527 -0.71511073 0.69901096
343.018000000 6.338885 3.668868 -0.078000 -0.00000000 -0.00000000 -0.70890294 0.70530605
343.143000000 6.338470 3.649828 -0.078000 -0.00000000 -0.00000000 -0.70933612 0.70487039
343.268000000 6.339369 3.629074 -0.078000 -0.00000000 -0.00000000 -0.70961675 0.70458787
343.300000000 6.339312 3.618266 -0.078003 -0.00004540 0.00004466 -0.70959892 0.70460582
343.400000000 6.339100 3.584090 -0.078034 0.00041181 0.00072929 -0.70958047 0.70462391
343.518000000 6.340187 3.586187 -0.078000 -0.00000000 -0.00000000 -0.70958621 0.70461862
343.643000000 6.340898 3.564304 -0.078000 0.00000000 0.00000000 -0.70957427 0.70463065
343.768000000 6.340782 3.544542 -0.078000 -0.00000000 -0.00000000 -0.70960456 0.70460015
343.893000000 6.340630 3.522415 -0.078000 0.00000000 -0.00000000 -0.71692983 0.69714533
343.900000000 6.340588 3.520057 -0.077995 -0.00003399 -0.00003486 -0.71739459 0.69666707
344.018000000 6.340664 3.501289 -0.078000 0.00000000 0.00000000 -0.72039253 0.69356658
344.143000000 6.340509 3.483567 -0.078000 -0.00000000 0.00000000 -0.71869899 0.69532134
344.268000000 6.339635 3.462772 -0.078000 -0.00000000 -0.00000000 -0.72306080 0.69078440
344.300000000 6.339124 3.451955 -0.077890 -0.00017821 -0.00017773 -0.72342512 0.69040280
344.400000000 6.337486 3.418095 -0.077696 -0.00033539 -0.00034579 -0.72385905 0.68994771
344.518000000 6.336717 3.418591 -0.078000 -0.00000000 -0.00000000 -0.72516249 0.68857778
344.643000000 6.334708 3.398160 -0.078000 0.00000000 0.00000000 -0.72524965 0.68848598
344.768000000 6.332723 3.376589 -0.078000 -0.00000000 -0.00000000 -0.72523286 0.68850367
344.800000000 6.332201 3.365733 -0.078092 -0.00034211 0.00050739 -0.72523353 0.68850269
344.900000000 6.330910 3.331621 -0.078310 -0.00128396 0.00255885 -0.72523736 0.68849297
345.018000000 6.332649 3.333642 -0.078000 0.00000000 0.00000000 -0.72524533 0.68849053
345.143000000 6.331801 3.313373 -0.078000 -0.00000000 -0.00000000 -0.72528097 0.68845299
345.268000000 6.331241 3.293424 -0.078000 -0.00000000 0.00000000 -0.72532780 0.68840365
345.300000000 6.330696 3.282608 -0.077946 -0.00017582 -0.00021798 -0.72532825 0.68840312
345.400000000 6.328860 3.248751 -0.077755 -0.00024547 -0.00056506 -0.72532964 0.68840144
345.518000000 6.329084 3.249725 -0.078000 0.00000000 0.00000000 -0.72534354 0.68838707
345.643000000 6.326584 3.226481 -0.078000 -0.00000000 -0.00000000 -0.73117951 0.68218511
345.700000000 6.325191 3.207225 -0.077853 -0.00012918 -0.00025925 -0.73388313 0.67927569
345.800000000 6.324252 3.195086 -0.077973 -0.00001610 0.00005351 -0.73487352 0.67820417
345.900000000 6.323360 3.182927 -0.077995 0.00001813 0.00000824 -0.73751139 0.67533470
346.018000000 6.321074 3.164685 -0.078000 0.00000000 0.00000000 -0.74128955 0.67118537
346.143000000 6.318770 3.145673 -0.078000 0.00000000 0.00000000 -0.74543232 0.66658132
346.268000000 6.316887 3.124321 -0.078000 0.00000000 0.00000000 -0.74957466 0.66191981
346.300000000 6.315543 3.113532 -0.077965 -0.00001616 0.00004239 -0.75167895 0.65952919
346.400000000 6.310841 3.079910 -0.077830 -0.00009752 0.00001709 -0.75820907 0.65201150
346.518000000 6.310198 3.083525 -0.078000 -0.00000000 0.00000000 -0.75777823 0.65251219
346.643000000 6.306873 3.062597 -0.078000 0.00000000 -0.00000000 -0.76184536 0.64775894
346.768000000 6.302723 3.042021 -0.078000 -0.00000000 0.00000000 -0.76588395 0.64297884
346.800000000 6.300843 3.031319 -0.077956 0.00001284 -0.00001129 -0.76792993 0.64053386
346.900000000 6.294442 2.997971 -0.077871 -0.00009986 0.00009818 -0.77427499 0.63284928
347.018000000 6.295124 2.999334 -0.078000 0.00000000 -0.00000000 -0.77383373 0.63338879
347.143000000 6.291263 2.978449 -0.078000 -0.00000000 -0.00000000 -0.77775533 0.62856714
347.268000000 6.287453 2.957742 -0.078000 0.00000000 -0.00000000 -0.78175366 0.62358737
347.300000000 6.285120 2.947192 -0.077907 0.00029803 -0.00027454 -0.78376228 0.62106081
347.400000000 6.282015 2.935124 -0.078029 0.00018562 -0.00004837 -0.78607504 0.61813105
347.518000000 6.276999 2.916584 -0.078000 -0.00000000 0.00000000 -0.78952522 0.61371812
347.643000000 6.271893 2.896222 -0.078000 0.00000000 0.00000000 -0.79333624 0.60878372
347.768000000 6.269138 2.877604 -0.078000 -0.00000000 -0.00000000 -0.79248137 0.60989613
347.800000000 6.266253 2.867148 -0.077945 -0.00026871 -0.00036632 -0.79441973 0.60736898
347.900000000 6.257191 2.834838 -0.077610 -0.00175324 -0.00168563 -0.80042701 0.59942530
348.018000000 6.258572 2.837218 -0.078000 0.00000000 0.00000000 -0.80468344 0.59370411
348.143000000 6.250877 2.816455 -0.078000 -0.00000000 0.00000000 -0.80836017 0.58868823
348.268000000 6.243694 2.795500 -0.078000 -0.00000000 0.00000000 -0.81197459 0.58369278
348.300000000 6.240226 2.785108 -0.078025 0.00030395 0.00030732 -0.81383087 0.58110165
348.400000000 6.228879 2.752960 -0.077923 0.00052996 0.00066948 -0.81957829 0.57296657
348.518000000 6.224891 2.742811 -0.078000 -0.00000000 -0.00000000 -0.81937647 0.57325579
348.643000000 6.216982 2.723332 -0.078000 -0.00000000 -0.00000000 -0.82295372 0.56810841
348.768000000 6.208865 2.703769 -0.078000 -0.00000000 0.00000000 -0.82647475 0.56297379
348.800000000 6.204879 2.693614 -0.078054 0.00026599 0.00013128 -0.82826557 0.56033566
348.900000000 6.191870 2.662196 -0.077972 0.00035968 0.00005252 -0.83380714 0.55205572
349.018000000 6.193647 2.666566 -0.078000 -0.00000000 0.00000000 -0.83337320 0.55271069
349.143000000 6.184765 2.647179 -0.078000 0.00000000 0.00000000 -0.83677339 0.54754936
349.200000000 6.176911 2.629466 -0.077948 0.00009577 0.00002363 -0.83986962 0.54278818
349.300000000 6.170823 2.618579 -0.077931 -0.00003667 -0.00004573 -0.84189550 0.53964059
349.400000000 6.165272 2.607661 -0.077998 -0.00000213 0.00000113 -0.84392777 0.53645681
349.518000000 6.156904 2.590756 -0.078000 -0.00000000 0.00000000 -0.84685188 0.53182882
349.643000000 6.147632 2.573381 -0.078000 -0.00000000 0.00000000 -0.85007857 0.52665589
349.768000000 6.137417 2.553607 -0.078000 0.00000000 0.00000000 -0.85334614 0.52134477
349.800000000 6.132463 2.543937 -0.077966 0.00000951 -0.00000147 -0.85500423 0.51862102
349.900000000 6.116478 2.513968 -0.077872 0.00004394 -0.00001553 -0.86012968 0.51007541
350.018000000 6.117100 2.516771 -0.078000 -0.00000000 0.00000000 -0.85972614 0.51075529
350.143000000 6.105932 2.497770 -0.078000 -0.00000000 -0.00000000 -0.86290806 0.50536094
350.268000000 6.094254 2.479188 -0.078000 0.00000000 0.00000000 0.86605610 -0.49994682
350.300000000 6.088828 2.469773 -0.077963 -0.00000700 0.00000921 0.86764586 -0.49718273
350.400000000 6.071350 2.440660 -0.077851 -0.00002226 0.00004690 0.87255696 -0.48851239
350.518000000 6.073216 2.443357 -0.078000 0.00000000 0.00000000 0.87220629 -0.48913820
350.643000000 6.060808 2.426491 -0.078000 0.00000000 0.00000000 0.87522242 -0.48372069
350.768000000 6.050435 2.409094 -0.078000 -0.00000000 0.00000000 0.87820407 -0.47828613
350.800000000 6.044543 2.399963 -0.077990 -0.00000248 0.00000799 0.87972468 -0.47548343
350.900000000 6.036897 2.389368 -0.077988 -0.00000179 0.00000233 0.88148249 -0.47221670
351.018000000 6.026443 2.373214 -0.078000 0.00000000 0.00000000 0.88412717 -0.46724634
351.143000000 6.015161 2.356754 -0.078000 -0.00000000 0.00000000 0.88700018 -0.46176907
351.268000000 6.002759 2.339264 -0.078000 -0.00000000 0.00000000 0.88983246 -0.45628741
351.300000000 5.996423 2.330437 -0.077949 -0.00000686 0.00001228 0.89128285 -0.45344776
351.400000000 5.976167 2.303181 -0.077856 -0.00002413 0.00004278 0.89575704 -0.44454395
351.518000000 5.976983 2.305717 -0.078000 -0.00000000 0.00000000 0.89544137 -0.44517946
351.643000000 5.964852 2.289072 -0.078000 -0.00000000 -0.00000000 0.89819253 -0.43960229
351.768000000 5.951789 2.272586 -0.078000 -0.00000000 0.00000000 0.90090019 -0.43402632
351.800000000 5.945025 2.264081 -0.077969 -0.00000461 0.00000592 0.90227960 -0.43115140
351.900000000 5.923423 2.237880 -0.077857 -0.00001805 0.00002875 0.90653109 -0.42213905
352.018000000 5.924776 2.238472 -0.078000 0.00000000 0.00000000 0.90622216 -0.42280183
352.143000000 5.909976 2.222426 -0.078000 0.00000000 0.00000000 0.90884811 -0.41712721
352.268000000 5.895622 2.206019 -0.078000 -0.00000000 0.00000000 0.91144827 -0.41141470
352.393000000 5.881595 2.190213 -0.078000 -0.00000000 0.00000000 0.91400233 -0.40570893
352.400000000 5.880005 2.188446 -0.077992 -0.00000161 0.00000294 0.91428509 -0.40507132
352.518000000 5.866698 2.173482 -0.078000 -0.00000000 -0.00000000 0.91653325 -0.39995850
352.643000000 5.851761 2.159356 -0.078000 -0.00000000 -0.00000000 0.91903377 -0.39417879
352.768000000 5.837477 2.144188 -0.078000 0.00000000 0.00000000 0.92148098 -0.38842347
352.800000000 5.829896 2.136403 -0.077965 -0.00000735 0.00000974 0.92271486 -0.38548318
352.900000000 5.805807 2.112471 -0.077850 -0.00001905 0.00003309 0.92651026 -0.37626949
353.018000000 5.808567 2.114769 -0.078000 0.00000000 0.00000000 0.92626001 -0.37688512
353.143000000 5.793167 2.100325 -0.078000 0.00000000 0.00000000 0.92860445 -0.37107112
353.268000000 5.777082 2.085741 -0.078000 -0.00000000 0.00000000 0.93078134 -0.36557639
353.300000000 5.769117 2.078342 -0.077968 -0.00000034 0.00000221 0.93135234 -0.36411923
353.400000000 5.743995 2.055436 -0.077864 -0.00000285 0.00000979 0.93231864 -0.36163787
353.518000000 5.746707 2.055786 -0.078000 0.00000000 0.00000000 0.92998576 -0.36759555
353.643000000 5.730953 2.043153 -0.078000 0.00000000 0.00000000 0.93003675 -0.36746651
353.768000000 5.716793 2.028167 -0.078000 0.00000000 0.00000000 0.93012721 -0.36723748
353.800000000 5.708851 2.020735 -0.077974 0.00000187 0.00000214 0.93012304 -0.36724805
353.900000000 5.684027 1.997513 -0.077863 0.00000736 -0.00000618 0.93012051 -0.36725447
354.018000000 5.685555 1.998620 -0.078000 0.00000000 0.00000000 0.93016442 -0.36714323
354.143000000 5.670223 1.983808 -0.078000 0.00000000 0.00000000 0.93016322 -0.36714627
354.200000000 5.656071 1.970575 -0.077954 0.00000310 -0.00000033 0.93016245 -0.36714822
354.300000000 5.645585 1.962351 -0.077942 -0.00000218 -0.00000235 0.93015831 -0.36715870
354.400000000 5.620755 1.939132 -0.077850 -0.00000311 0.00000009 0.93015813 -0.36715918
354.518000000 5.623867 1.940584 -0.078000 0.00000000 -0.00000000 0.93017347 -0.36712030
354.643000000 5.609623 1.926965 -0.078000 -0.00000000 0.00000000 0.93016975 -0.36712973
354.768000000 5.596770 1.914651 -0.078000 0.00000000 0.00000000 0.93014864 -0.36718321
354.800000000 5.589792 1.908126 -0.077973 -0.00000125 -0.00000499 0.93014867 -0.36718313
354.900000000 5.568757 1.888450 -0.077878 0.00000479 -0.00000425 0.93014865 -0.36718319
355.018000000 5.570427 1.891330 -0.078000 0.00000000 -0.00000000 0.93014670 -0.36718812
355.143000000 5.557922 1.878506 -0.078000 0.00000000 0.00000000 0.93015305 -0.36717204
355.268000000 5.545611 1.865826 -0.078000 -0.00000000 0.00000000 0.93013466 -0.36721862
355.300000000 5.539068 1.859707 -0.077973 -0.00000101 0.00000082 0.93013464 -0.36721867
355.400000000 5.518624 1.840585 -0.077890 -0.00000063 0.00000248 0.93013461 -0.36721874
355.518000000 5.520626 1.842921 -0.078000 0.00000000 0.00000000 0.93008150 -0.36735325
355.643000000 5.507354 1.830559 -0.078000 0.00000000 0.00000000 0.93006599 -0.36739249
355.768000000 5.493965 1.819092 -0.078000 0.00000000 0.00000000 0.93006105 -0.36740500
355.893000000 5.480364 1.808030 -0.078000 0.00000000 0.00000000 0.93004536 -0.36744472
355.900000000 5.478934 1.806691 -0.077992 -0.00000001 -0.00000006 0.93004536 -0.36744473
356.018000000 5.467177 1.795419 -0.078000 0.00000000 0.00000000 0.93004207 -0.36745306
356.143000000 5.453619 1.783411 -0.078000 0.00000000 0.00000000 0.93005233 -0.36742707
356.268000000 5.440842 1.772282 -0.078000 0.00000000 -0.00000000 0.93006555 -0.36739361
356.300000000 5.434303 1.766160 -0.077952 -0.00000092 -0.00000016 0.93006555 -0.36739363
356.400000000 5.413867 1.747031 -0.077861 0.00000068 0.00000225 0.93006550 -0.36739374
356.518000000 5.417604 1.746696 -0.078000 0.00000000 0.00000000 0.93006321 -0.36739953
356.643000000 5.403258 1.735436 -0.078000 0.00000000 -0.00000000 0.93253425 -0.36108153
356.768000000 5.389752 1.723229 -0.078000 0.00000000 0.00000000 0.93388773 -0.35756638
356.800000000 5.383098 1.717256 -0.077971 -0.00000676 0.00001688 0.93555746 -0.35317450
356.900000000 5.361929 1.699059 -0.077886 -0.00003347 0.00008412 0.94104286 -0.33828735
357.018000000 5.362194 1.703558 -0.078000 -0.00000000 0.00000000 0.94282173 -0.33329745
357.143000000 5.350308 1.693358 -0.078000 0.00000000 -0.00000000 0.94687516 -0.32160135
357.268000000 5.336545 1.683413 -0.078000 -0.00000000 0.00000000 0.95082123 -0.30974018
357.300000000 5.329332 1.678141 -0.077985 -0.00000587 0.00001994 0.95277596 -0.30367411
357.400000000 5.306219 1.662472 -0.077886 -0.00002792 0.00007326 0.95863671 -0.28463249
357.518000000 5.307830 1.664415 -0.078000 -0.00000000 0.00000000 0.95827503 -0.28584782
357.643000000 5.292650 1.654643 -0.078000 -0.00000000 0.00000000 0.96176752 -0.27386719
357.700000000 5.279033 1.646404 -0.077941 -0.00001189 0.00003248 0.96481662 -0.26292374
357.800000000 5.270604 1.641936 -0.077960 -0.00000482 0.00001727 0.96674449 -0.25574421
357.900000000 5.246061 1.628621 -0.077894 -0.00001876 0.00007880 0.97164898 -0.23642813
358.018000000 5.247645 1.628995 -0.078000 -0.00000000 0.00000000 0.97135719 -0.23762410
358.143000000 5.232374 1.621804 -0.078000 -0.00000000 -0.00000000 0.97274443 -0.23187989
358.268000000 5.216091 1.612917 -0.078000 0.00000000 0.00000000 0.97470418 -0.22349890
358.300000000 5.208043 1.608997 -0.077963 -0.00000250 0.00000392 0.97503921 -0.22203272
358.400000000 5.182729 1.597039 -0.077876 -0.00000062 0.00001100 0.97556656 -0.21970407
358.518000000 5.183384 1.599334 -0.078000 -0.00000000 -0.00000000 0.97418247 -0.22576207
358.643000000 5.167450 1.591930 -0.078000 0.00000000 0.00000000 0.97424767 -0.22548056
358.768000000 5.151425 1.584112 -0.078000 -0.00000000 0.00000000 0.97417829 -0.22578013
358.800000000 5.143364 1.580190 -0.077762 0.00007448 -0.00014554 0.97383272 -0.22726595
358.900000000 5.118570 1.567461 -0.077539 0.00151757 -0.00249974 0.97208841 -0.23459663
359.018000000 5.122311 1.568160 -0.078000 -0.00000000 0.00000000 0.97060104 -0.24069402
359.143000000 5.106878 1.560681 -0.078000 0.00000000 0.00000000 0.96641132 -0.25700030
359.200000000 5.092946 1.552732 -0.078272 -0.00041899 0.00089169 0.96345410 -0.26787166
359.300000000 5.084277 1.547159 -0.078004 -0.00056185 0.00042241 0.96154616 -0.27464248
359.400000000 5.074473 1.541653 -0.077998 -0.00012023 0.00006897 0.95953912 -0.28157533
359.518000000 5.060953 1.533674 -0.078000 -0.00000000 0.00000000 0.95644097 -0.29192579
359.643000000 5.046573 1.523867 -0.078000 0.00000000 -0.00000000 0.95275654 -0.30373503
359.768000000 5.031970 1.512787 -0.078000 0.00000000 0.00000000 0.94873784 -0.31606409
359.800000000 5.024801 1.507404 -0.077979 -0.00010917 -0.00010988 0.94576847 -0.32484145
359.900000000 5.002932 1.489474 -0.078020 -0.00067654 -0.00070026 0.93526159 -0.35395594
360.018000000 5.005285 1.490403 -0.078000 -0.00000000 -0.00000000 0.93130524 -0.36423968
360.143000000 4.991799 1.478972 -0.078000 -0.00000000 0.00000000 0.92212999 -0.38688019
360.268000000 4.980534 1.467037 -0.078000 0.00000000 -0.00000000 0.91229425 -0.40953536
360.300000000 4.974514 1.460336 -0.077995 -0.00007973 -0.00002085 0.90702112 -0.42108511
360.400000000 4.957230 1.438105 -0.077923 -0.00002063 -0.00018280 0.88954452 -0.45684846
360.518000000 4.956422 1.438526 -0.078000 0.00000000 0.00000000 0.89088736 -0.45422429
360.643000000 4.947829 1.423825 -0.078000 0.00000000 0.00000000 0.87936187 -0.47615408
360.768000000 4.938601 1.410030 -0.078000 -0.00000000 0.00000000 0.86726619 -0.49784471
360.893000000 4.929534 1.394458 -0.078000 -0.00000000 0.00000000 -0.85466480 0.51918020
360.900000000 4.928609 1.392720 -0.077994 -0.00000971 0.00001941 -0.85324386 0.52151215
361.018000000 4.922465 1.379063 -0.078000 -0.00000000 -0.00000000 -0.84181438 0.53976712
361.143000000 4.914717 1.362579 -0.078000 0.00000000 -0.00000000 -0.83355142 0.55244187
361.268000000 4.907868 1.342623 -0.078000 0.00000000 -0.00000000 -0.83503006 0.55020432
361.300000000 4.903913 1.333314 -0.077971 -0.00000006 0.00006756 -0.83575315 0.54910534
361.400000000 4.891773 1.307108 -0.077929 0.00014870 0.00015957 -0.83792740 0.54578167
361.518000000 4.892577 1.309954 -0.078000 0.00000000 -0.00000000 -0.82889664 0.55940178
361.643000000 4.886963 1.294906 -0.078000 -0.00000000 -0.00000000 -0.82778738 0.56104193
361.768000000 4.881849 1.279599 -0.078000 0.00000000 -0.00000000 -0.82817605 0.56046804
361.800000000 4.878705 1.271315 -0.078104 -0.00061971 0.00031448 -0.82825136 0.56035631
361.900000000 4.868316 1.245423 -0.077956 -0.00041471 -0.00033130 -0.82846060 0.56004710
362.018000000 4.869228 1.248016 -0.078000 0.00000000 -0.00000000 -0.82878681 0.55956450
362.143000000 4.862137 1.232438 -0.078000 -0.00000000 0.00000000 -0.83322030 0.55294116
362.268000000 4.854495 1.215088 -0.078000 0.00000000 -0.00000000 -0.83956498 0.54325929
362.300000000 4.850793 1.206909 -0.078027 0.00055787 -0.00020713 -0.84292176 0.53803583
362.400000000 4.838166 1.181720 -0.078008 0.00228310 -0.00078650 -0.85258901 0.52257646
362.518000000 4.839994 1.185749 -0.078000 0.00000000 -0.00000000 -0.85161354 0.52417018
362.643000000 4.831757 1.169959 -0.078000 -0.00000000 0.00000000 -0.85820258 0.51331114
362.700000000 4.824115 1.156103 -0.077856 -0.00031357 -0.00029766 -0.86397678 0.50353147
362.800000000 4.817937 1.147114 -0.078029 -0.00015347 -0.00007105 0.86771240 -0.49706655
362.900000000 4.823024 1.131584 -0.078007 -0.00002212 -0.00003521 0.86995034 -0.49313934
363.018000000 4.814012 1.118528 -0.078000 0.00000000 0.00000000 0.87533492 -0.48351709
363.143000000 4.804846 1.105209 -0.078000 0.00000000 0.00000000 0.88137456 -0.47241813
363.268000000 4.795139 1.089249 -0.078000 0.00000000 0.00000000 0.88718916 -0.46140589
363.300000000 4.790011 1.081917 -0.077969 0.00000727 0.00000096 0.89011361 -0.45573871
363.400000000 4.773270 1.059610 -0.077810 0.00006742 0.00018403 0.89901839 -0.43791083
363.518000000 4.773065 1.062749 -0.078000 -0.00000000 0.00000000 0.89843961 -0.43909709
363.643000000 4.761788 1.047847 -0.078000 -0.00000000 0.00000000 0.90384903 -0.42785153
363.768000000 4.750640 1.034582 -0.078000 0.00000000 0.00000000 0.90910884 -0.41655865
363.800000000 4.744823 1.027804 -0.077975 -0.00002824 0.00007320 0.91174653 -0.41075328
363.900000000 4.725850 1.007312 -0.077886 -0.00014198 0.00028419 0.91975044 -0.39250353
364.018000000 4.727237 1.009075 -0.078000 0.00000000 -0.00000000 0.91924902 -0.39367657
364.143000000 4.716266 0.997430 -0.078000 -0.00000000 0.00000000 0.92402896 -0.38232248
364.268000000 4.702414 0.985512 -0.078000 0.00000000 0.00000000 0.92875165 -0.37070253
364.300000000 4.695945 0.979353 -0.077989 -0.00001939 -0.00000429 0.93109707 -0.36477150
364.400000000 4.688184 0.971305 -0.077994 -0.00000601 0.00001112 0.93385293 -0.35765725
364.518000000 4.676287 0.961704 -0.078000 0.00000000 0.00000000 0.93775304 -0.34730281
364.643000000 4.661850 0.950810 -0.078000 0.00000000 -0.00000000 0.94202349 -0.33554692
364.768000000 4.648512 0.939221 -0.078000 -0.00000000 -0.00000000 0.94611976 -0.32381693
364.800000000 4.641457 0.933732 -0.077984 0.00001005 -0.00002792 0.94827495 -0.31745019
364.900000000 4.618877 0.917351 -0.077883 -0.00005593 0.00019097 0.95536262 -0.29543565
365.018000000 4.619205 0.920460 -0.078000 0.00000000 0.00000000 0.95699029 -0.29011994
365.143000000 4.605586 0.909230 -0.078000 0.00000000 -0.00000000 0.96444417 -0.26428667
365.268000000 4.591536 0.901274 -0.078000 -0.00000000 -0.00000000 0.97041947 -0.24142504
365.300000000 4.583729 0.897008 -0.078042 0.00060725 -0.00079149 0.97339958 -0.22911191
365.400000000 4.558887 0.885025 -0.077665 0.00250532 -0.00332059 0.98173452 -0.19021048
365.518000000 4.559968 0.884605 -0.078000 0.00000000 -0.00000000 0.98117703 -0.19311043
365.643000000 4.543271 0.877774 -0.078000 -0.00000000 0.00000000 0.98571320 -0.16843242
365.768000000 4.526230 0.872455 -0.078000 -0.00000000 0.00000000 0.98964093 -0.14356470
365.800000000 4.517736 0.869874 -0.078064 -0.00012359 -0.00001305 0.99142111 -0.13070640
365.900000000 4.490411 0.863967 -0.078267 -0.00085959 0.00078610 0.99587127 -0.09076921
366.018000000 4.491347 0.865550 -0.078000 -0.00000000 -0.00000000 0.99560182 -0.09368570
366.143000000 4.473980 0.863853 -0.078000 0.00000000 0.00000000 0.99762380 -0.06889664
366.200000000 4.458110 0.862123 -0.078047 -0.00045181 0.00069645 0.99893051 -0.04622923
366.300000000 4.430309 0.860656 -0.077905 -0.00006405 0.00156247 0.99997826 -0.00640555
366.400000000 4.420265 0.861401 -0.077633 0.00108311 0.00048938 0.99998225 0.00583840
366.518000000 4.422510 0.859955 -0.078000 0.00000000 -0.00000000 0.99999231 -0.00392068
366.643000000 4.403169 0.861219 -0.078000 -0.00000000 0.00000000 0.99997498 0.00707415
366.768000000 4.387123 0.860495 -0.078000 -0.00000000 0.00000000 0.99980574 0.01971008
366.800000000 4.378197 0.860832 -0.077952 0.00006077 0.00009939 0.99971934 0.02369008
366.900000000 4.350295 0.862637 -0.077870 0.00008138 0.00028664 0.99943630 0.03357084
367.018000000 4.350191 0.863516 -0.078000 0.00000000 0.00000000 0.99979821 0.02008844
367.143000000 4.332065 0.864109 -0.078000 0.00000000 -0.00000000 0.99978104 0.02092561
367.268000000 4.315267 0.865202 -0.078000 -0.00000000 -0.00000000 0.99977455 0.02123326
367.300000000 4.306319 0.865576 -0.077967 -0.00001280 -0.00007562 0.99977499 0.02121249
367.400000000 4.278334 0.866759 -0.077912 -0.00007325 0.00000946 0.99977534 0.02119568
367.518000000 4.279653 0.866198 -0.078000 0.00000000 -0.00000000 0.99977273 0.02131871
367.643000000 4.261105 0.867178 -0.078000 0.00000000 -0.00000000 0.99977178 0.02136308
367.768000000 4.245150 0.870159 -0.078000 0.00000000 0.00000000 0.99977130 0.02138584
367.800000000 4.236303 0.870658 -0.078041 0.00025181 0.00026856 0.99977142 0.02137677
367.900000000 4.225736 0.870905 -0.078021 -0.00005104 -0.00011640 0.99976869 0.02150716
368.018000000 4.210249 0.870349 -0.078000 0.00000000 0.00000000 0.99976842 0.02152003
368.143000000 4.190869 0.870297 -0.078000 -0.00000000 0.00000000 0.99976642 0.02161248
368.268000000 4.173938 0.869697 -0.078000 -0.00000000 -0.00000000 0.99977335 0.02128952
368.300000000 4.164958 0.870033 -0.077954 0.00020547 -0.00018927 0.99980290 0.01985170
368.400000000 4.137233 0.870992 -0.077724 0.00171400 -0.00059961 0.99990528 0.01364334
368.518000000 4.136511 0.873114 -0.078000 -0.00000000 -0.00000000 0.99999690 0.00249052
368.643000000 4.121025 0.871859 -0.078000 0.00000000 0.00000000 0.99997174 -0.00751823
368.768000000 4.102480 0.872197 -0.078000 0.00000000 0.00000000 0.99978591 -0.02069139
368.800000000 4.093431 0.871860 -0.078036 -0.00037932 0.00007000 0.99963397 -0.02705126
368.900000000 4.065339 0.869816 -0.077968 -0.00063396 0.00023489 0.99888922 -0.04711540
369.018000000 4.064930 0.869667 -0.078000 -0.00000000 0.00000000 0.99864196 -0.05209832
369.143000000 4.045711 0.868281 -0.078000 -0.00000000 0.00000000 0.99724051 -0.07423852
369.268000000 4.031198 0.862476 -0.078000 0.00000000 -0.00000000 0.99551011 -0.09465530
369.393000000 4.014512 0.859439 -0.078000 0.00000000 0.00000000 0.99199088 -0.12630952
369.400000000 4.012600 0.858977 -0.077986 0.00002534 -0.00000335 0.99154695 -0.12974840
369.518000000 3.996340 0.855861 -0.078000 0.00000000 0.00000000 0.98688736 -0.16141046
369.643000000 3.979257 0.849259 -0.078000 -0.00000000 -0.00000000 0.97956900 -0.20110836
369.768000000 3.966479 0.840448 -0.078000 0.00000000 0.00000000 0.97096356 -0.23922744
369.800000000 3.958466 0.836303 -0.077983 0.00004446 -0.00006574 0.96547894 -0.26048110
369.900000000 3.935053 0.820545 -0.077881 0.00011877 -0.00045620 0.94513106 -0.32669108
370.018000000 3.940140 0.820877 -0.078000 0.00000000 0.00000000 0.94659543 -0.32242378
370.143000000 3.927228 0.808712 -0.078000 0.00000000 0.00000000 0.93156881 -0.36356505
370.268000000 3.914794 0.795438 -0.078000 0.00000000 -0.00000000 0.91475089 -0.40401832
370.300000000 3.908686 0.788783 -0.077968 0.00000768 -0.00004456 0.90550389 -0.42433797
370.400000000 3.892168 0.765886 -0.077894 0.00016867 -0.00038752 0.87373231 -0.48640689
370.518000000 3.893491 0.767138 -0.078000 0.00000000 0.00000000 0.87592313 -0.48245070
370.643000000 3.884091 0.751515 -0.078000 -0.00000000 0.00000000 -0.85398791 0.52029285
370.768000000 3.875997 0.735060 -0.078000 0.00000000 0.00000000 -0.83042182 0.55713518
370.800000000 3.872529 0.726728 -0.077964 -0.00000416 -0.00000097 -0.81778000 0.57553095
370.900000000 3.864980 0.699507 -0.077895 -0.00016509 0.00025839 -0.77568422 0.63112114
371.018000000 3.865002 0.701843 -0.078000 -0.00000000 0.00000000 -0.77863220 0.62748060
371.143000000 3.861470 0.684102 -0.078000 -0.00000000 -0.00000000 -0.75049981 0.66087066
371.200000000 3.860040 0.668082 -0.077926 -0.00017627 0.00014538 -0.72364092 0.69017662
371.300000000 3.859222 0.657032 -0.077984 -0.00000434 0.00005011 -0.70529515 0.70891378
371.400000000 3.859556 0.646023 -0.077990 -0.00001048 0.00000836 -0.68644068 0.72718580
371.518000000 3.862625 0.630195 -0.078000 0.00000000 0.00000000 -0.65768406 0.75329388
371.643000000 3.864569 0.614342 -0.078000 -0.00000000 -0.00000000 -0.62426704 0.78121103
371.768000000 3.868501 0.596485 -0.078000 -0.00000000 -0.00000000 -0.58956648 0.80771986
371.800000000 3.871226 0.587878 -0.077956 -0.00007660 0.00003190 -0.57139455 0.82067549
371.900000000 3.882748 0.562123 -0.077849 -0.00009442 0.00002189 -0.51281360 0.85849997
372.018000000 3.882021 0.564469 -0.078000 -0.00000000 0.00000000 -0.51692563 0.85603031
372.143000000 3.891428 0.549853 -0.078000 -0.00000000 0.00000000 -0.47904877 0.87778829
372.268000000 3.901744 0.533486 -0.078000 -0.00000000 0.00000000 -0.44034886 0.89782676
372.300000000 3.907219 0.526308 -0.077972 -0.00011389 0.00007078 -0.42020307 0.90743009
372.400000000 3.927056 0.506195 -0.077894 -0.00054943 0.00024628 -0.35594425 0.93450700
372.518000000 3.925064 0.507030 -0.078000 0.00000000 -0.00000000 -0.36051570 0.93275314
372.643000000 3.938958 0.496314 -0.078000 -0.00000000 -0.00000000 -0.31958076 0.94755904
372.768000000 3.951979 0.485612 -0.078000 -0.00000000 -0.00000000 -0.27795491 0.96059412
372.893000000 3.967895 0.475612 -0.078000 0.00000000 -0.00000000 -0.23576343 0.97181048
372.900000000 3.969634 0.474673 -0.077994 -0.00002868 0.00000987 -0.23101618 0.97294991
373.018000000 3.983140 0.469462 -0.078000 0.00000000 0.00000000 -0.19315593 0.98116807
373.143000000 4.001753 0.462858 -0.078000 0.00000000 -0.00000000 -0.15695928 0.98760508
373.268000000 4.018123 0.459109 -0.078000 0.00000000 -0.00000000 -0.11754649 0.99306738
373.300000000 4.026961 0.457000 -0.077996 0.00004039 -0.00003651 -0.09950179 0.99503738
373.400000000 4.055103 0.452798 -0.078015 0.00069130 0.00027310 -0.04587466 0.99894693
373.518000000 4.056074 0.452582 -0.078000 0.00000000 -0.00000000 -0.06187908 0.99808365
373.643000000 4.075306 0.452620 -0.078000 -0.00000000 -0.00000000 -0.03434609 0.99941000
373.768000000 4.093950 0.451625 -0.078000 0.00000000 0.00000000 -0.00992709 0.99995073
373.800000000 4.102934 0.451365 -0.077956 0.00002341 -0.00015202 0.00284359 0.99999595
373.900000000 4.130960 0.452698 -0.077814 -0.00015485 -0.00036760 0.04274478 0.99908594
374.018000000 4.128808 0.452628 -0.078000 0.00000000 0.00000000 0.03990868 0.99920333
374.143000000 4.145838 0.455893 -0.078000 -0.00000000 0.00000000 0.06474266 0.99790199
374.268000000 4.164368 0.458684 -0.078000 0.00000000 -0.00000000 0.08910988 0.99602180
374.300000000 4.173221 0.460242 -0.077950 0.00001900 -0.00002881 0.10028652 0.99495860
374.400000000 4.200393 0.466312 -0.077519 0.00135017 -0.00047162 0.13335418 0.99106741
374.518000000 4.197261 0.465838 -0.078000 0.00000000 0.00000000 0.12427805 0.99224743
374.643000000 4.213875 0.468188 -0.078000 0.00000000 0.00000000 0.13294666 0.99112319
374.700000000 4.229057 0.472714 -0.078063 -0.00106100 0.00025560 0.14148931 0.98993918
374.800000000 4.239058 0.475113 -0.078037 -0.00073873 0.00059287 0.14182007 0.98989200
374.900000000 4.257114 0.482186 -0.078010 -0.00012881 0.00013540 0.14835829 0.98893366
375.018000000 4.273418 0.486815 -0.078000 -0.00000000 0.00000000 0.15396789 0.98807585
375.143000000 4.290008 0.493033 -0.078000 -0.00000000 -0.00000000 0.16028439 0.98707088
375.268000000 4.306071 0.497866 -0.078000 -0.00000000 0.00000000 0.16648571 0.98604387
375.300000000 4.314430 0.500772 -0.077938 0.00011582 -0.00048351 0.16963220 0.98550732
375.400000000 4.340592 0.510304 -0.077878 0.00033971 -0.00115864 0.17945889 0.98376473
375.518000000 4.338109 0.508979 -0.078000 0.00000000 -0.00000000 0.17844089 0.98395063
375.643000000 4.354789 0.515811 -0.078000 -0.00000000 0.00000000 0.17499381 0.98456953
375.768000000 4.371750 0.521610 -0.078000 0.00000000 0.00000000 0.16787662 0.98580801
375.800000000 4.380199 0.524613 -0.077961 0.00009305 -0.00021413 0.16487888 0.98631379
375.900000000 4.406442 0.533305 -0.077619 0.00047960 -0.00149563 0.15595793 0.98776245
376.018000000 4.404687 0.533132 -0.078000 -0.00000000 -0.00000000 0.15715107 0.98757458
376.143000000 4.421989 0.538105 -0.078000 -0.00000000 0.00000000 0.15118835 0.98850497
376.200000000 4.437268 0.542817 -0.078024 -0.00007444 0.00019600 0.14552854 0.98935403
376.300000000 4.447093 0.545714 -0.077938 0.00002422 -0.00017502 0.14184116 0.98988942
376.400000000 4.456752 0.548353 -0.077996 0.00000617 0.00000877 0.13809504 0.99041898
376.518000000 4.471884 0.552157 -0.078000 -0.00000000 -0.00000000 0.12596383 0.99203484
376.643000000 4.488559 0.557725 -0.078000 0.00000000 -0.00000000 0.11593744 0.99325652
376.768000000 4.504705 0.561296 -0.078000 0.00000000 -0.00000000 0.09485970 0.99549065
376.800000000 4.513451 0.563045 -0.077983 0.00002557 0.00002559 0.08550192 0.99633800
376.900000000 4.541080 0.566979 -0.077924 0.00010830 0.00008459 0.05612907 0.99842351
377.018000000 4.539231 0.565733 -0.078000 0.00000000 -0.00000000 0.05867201 0.99827731
377.143000000 4.556470 0.568309 -0.078000 -0.00000000 0.00000000 0.03996943 0.99920090
377.268000000 4.574230 0.569938 -0.078000 0.00000000 0.00000000 0.02135684 0.99977192
377.300000000 4.583143 0.570346 -0.077977 0.00003078 -0.00000342 0.01178492 0.99993055
377.400000000 4.611026 0.570142 -0.077886 0.00013003 -0.00001556 -0.01811370 0.99983592
377.518000000 4.608119 0.568707 -0.078000 0.00000000 -0.00000000 -0.01591880 0.99987329
377.643000000 4.626135 0.568354 -0.078000 -0.00000000 -0.00000000 -0.03454696 0.99940308
377.768000000 4.643122 0.566301 -0.078000 -0.00000000 0.00000000 -0.05319386 0.99858420
377.893000000 4.660347 0.563979 -0.078000 0.00000000 0.00000000 -0.07180851 0.99741844
377.900000000 4.662280 0.563714 -0.077994 0.00000675 -0.00000058 -0.07389549 0.99726599
378.018000000 4.678137 0.561159 -0.078000 -0.00000000 -0.00000000 -0.09038735 0.99590669
378.143000000 4.694778 0.557331 -0.078000 0.00000000 -0.00000000 -0.10875373 0.99406872
378.268000000 4.711900 0.554573 -0.078000 -0.00000000 -0.00000000 -0.12009398 0.99276253
378.300000000 4.720572 0.552420 -0.077952 0.00002231 -0.00000030 -0.12639433 0.99198008
378.400000000 4.747464 0.544909 -0.077878 0.00010470 -0.00001044 -0.14749065 0.98906344
378.518000000 4.745612 0.544461 -0.078000 -0.00000000 0.00000000 -0.14627546 0.98924390
378.643000000 4.762673 0.540109 -0.078000 -0.00000000 -0.00000000 -0.15142496 0.98846876
378.768000000 4.778977 0.533762 -0.078000 -0.00000000 -0.00000000 -0.15840840 0.98737368
378.800000000 4.787483 0.530970 -0.077976 0.00000179 0.00000016 -0.15980449 0.98714868
378.900000000 4.813997 0.521980 -0.077882 -0.00001290 0.00000527 -0.16241045 0.98672329
379.018000000 4.812442 0.524678 -0.078000 0.00000000 0.00000000 -0.15625697 0.98771644
379.143000000 4.828771 0.519887 -0.078000 -0.00000000 -0.00000000 -0.15623971 0.98771917
379.268000000 4.846793 0.514677 -0.078000 -0.00000000 -0.00000000 -0.14910152 0.98882189
379.300000000 4.855351 0.511989 -0.077962 -0.00001004 0.00000269 -0.14594220 0.98929312
379.400000000 4.882271 0.504181 -0.077872 -0.00003406 0.00000666 -0.13690540 0.99058413
379.518000000 4.879361 0.503103 -0.078000 0.00000000 0.00000000 -0.13805406 0.99042469
379.643000000 4.894135 0.497443 -0.078000 -0.00000000 -0.00000000 -0.13144402 0.99132360
379.768000000 4.911956 0.492313 -0.078000 0.00000000 0.00000000 -0.11683111 0.99315180
379.800000000 4.920676 0.490177 -0.077959 -0.00001755 0.00000152 -0.11078334 0.99384458
379.900000000 4.930398 0.487951 -0.077999 -0.00000503 -0.00000039 -0.10365778 0.99461302
380.018000000 4.944802 0.485914 -0.078000 0.00000000 0.00000000 -0.09308088 0.99565855
380.143000000 4.964462 0.484065 -0.078000 -0.00000000 -0.00000000 -0.08069587 0.99673877
380.268000000 4.982505 0.479570 -0.078000 0.00000000 0.00000000 -0.06830059 0.99766479
380.300000000 4.991399 0.478337 -0.077968 -0.00001980 0.00000379 -0.06193088 0.99808044
380.400000000 5.019308 0.475402 -0.077875 -0.00007085 0.00000886 -0.04203107 0.99911630
380.518000000 5.018135 0.476739 -0.078000 -0.00000000 -0.00000000 -0.04346473 0.99905496
380.643000000 5.035590 0.477428 -0.078000 0.00000000 0.00000000 -0.03133833 0.99950883
380.768000000 5.052536 0.474520 -0.078000 0.00000000 -0.00000000 -0.02636696 0.99965233
380.800000000 5.061493 0.474079 -0.077968 -0.00001077 0.00000059 -0.02310949 0.99973294
380.900000000 5.089503 0.473069 -0.077879 -0.00004803 0.00000054 -0.01233942 0.99992387
381.018000000 5.086874 0.474641 -0.078000 0.00000000 -0.00000000 -0.01307827 0.99991448
381.143000000 5.103230 0.474020 -0.078000 -0.00000000 -0.00000000 -0.01423133 0.99989873
381.268000000 5.120965 0.472593 -0.078000 -0.00000000 0.00000000 -0.01304849 0.99991486
381.393000000 5.138886 0.472603 -0.078000 -0.00000000 -0.00000000 -0.01328348 0.99991177
381.400000000 5.140845 0.472551 -0.077992 0.00000024 0.00000033 -0.01329451 0.99991162
381.518000000 5.156857 0.471820 -0.078000 -0.00000000 -0.00000000 -0.01328826 0.99991171
381.643000000 5.173660 0.471557 -0.078000 -0.00000000 0.00000000 -0.01340744 0.99991012
381.768000000 5.191684 0.470580 -0.078000 -0.00000000 -0.00000000 -0.01341674 0.99990999
381.800000000 5.200639 0.470338 -0.077975 0.00000182 0.00000017 -0.01376220 0.99990530
381.900000000 5.228599 0.469575 -0.077880 0.00002289 0.00000137 -0.01696649 0.99985606
382.018000000 5.226273 0.468707 -0.078000 -0.00000000 0.00000000 -0.02354759 0.99972272
382.143000000 5.242665 0.468626 -0.078000 -0.00000000 0.00000000 -0.02961078 0.99956150
382.268000000 5.259936 0.468108 -0.078000 0.00000000 0.00000000 -0.03591477 0.99935486
382.300000000 5.268860 0.467478 -0.077971 0.00000756 0.00000135 -0.03905931 0.99923689
382.400000000 5.296710 0.465015 -0.077881 0.00003005 0.00000438 -0.04897979 0.99879977
382.518000000 5.294499 0.464776 -0.078000 0.00000000 -0.00000000 -0.04822912 0.99883630
382.643000000 5.312168 0.463265 -0.078000 -0.00000000 -0.00000000 -0.05449843 0.99851386
382.768000000 5.329125 0.459777 -0.078000 0.00000000 -0.00000000 -0.06072903 0.99815429
382.800000000 5.338008 0.458698 -0.077967 0.00000596 0.00000148 -0.06323772 0.99799849
382.900000000 5.365731 0.454902 -0.077879 0.00001665 0.00000081 -0.06953160 0.99757975
383.018000000 5.363357 0.455837 -0.078000 0.00000000 0.00000000 -0.06199028 0.99807675
383.143000000 5.379684 0.454141 -0.078000 -0.00000000 -0.00000000 -0.06174351 0.99809205
383.200000000 5.395519 0.452174 -0.077944 -0.00000693 0.00000200 -0.06180218 0.99808842
383.300000000 5.423299 0.448719 -0.077877 -0.00001270 -0.00000076 -0.06186919 0.99808427
383.400000000 5.434832 0.447275 -0.077887 0.00001129 -0.00000321 -0.06217870 0.99806503
383.518000000 5.433705 0.448965 -0.078000 -0.00000000 0.00000000 -0.06255984 0.99804121
383.643000000 5.451361 0.446379 -0.078000 -0.00000000 -0.00000000 -0.06264120 0.99803611
383.768000000 5.468576 0.444293 -0.078000 -0.00000000 -0.00000000 -0.06268845 0.99803314
383.800000000 5.477463 0.443172 -0.077959 -0.00000071 0.00000107 -0.06268892 0.99803312
383.900000000 5.505237 0.439669 -0.077882 0.00000096 0.00000017 -0.06268963 0.99803307
384.018000000 5.503682 0.438710 -0.078000 -0.00000000 -0.00000000 -0.06285808 0.99802248
384.143000000 5.521532 0.438336 -0.078000 -0.00000000 -0.00000000 -0.06290269 0.99801966
384.268000000 5.538245 0.436075 -0.078000 -0.00000000 -0.00000000 -0.06290388 0.99801959
384.300000000 5.547132 0.434951 -0.077968 0.00000157 0.00000054 -0.06290382 0.99801959
384.400000000 5.574903 0.431434 -0.077882 0.00000755 -0.00000335 -0.06290368 0.99801960
384.518000000 5.572133 0.429863 -0.078000 0.00000000 0.00000000 -0.06318730 0.99800169
384.643000000 5.589788 0.427132 -0.078000 0.00000000 -0.00000000 -0.06330293 0.99799436
384.700000000 5.605616 0.425116 -0.077943 -0.00000384 -0.00000034 -0.06330291 0.99799436
384.800000000 5.615413 0.423851 -0.077994 -0.00000009 -0.00000151 -0.06338397 0.99798921
384.967000000 5.644301 0.420113 -0.077950 0.00000462 -0.00000433 -0.06356073 0.99797797
385.018000000 5.642427 0.419511 -0.078000 -0.00000000 -0.00000000 -0.06361842 0.99797430
385.143000000 5.659988 0.417124 -0.078000 -0.00000000 0.00000000 -0.06356667 0.99797759
385.268000000 5.676773 0.415100 -0.078000 0.00000000 0.00000000 -0.06358461 0.99797645
385.300000000 5.685658 0.413963 -0.077954 0.00000159 0.00000067 -0.06358456 0.99797645
385.400000000 5.713424 0.410409 -0.077865 0.00000621 -0.00000071 -0.06358441 0.99797646
385.518000000 5.713153 0.412275 -0.078000 0.00000000 0.00000000 -0.06322470 0.99799932
385.643000000 5.729915 0.410758 -0.078000 0.00000000 0.00000000 -0.06329468 0.99799488
385.768000000 5.746145 0.408637 -0.078000 0.00000000 0.00000000 -0.06323413 0.99799872
385.800000000 5.755032 0.407506 -0.077973 -0.00000032 0.00000009 -0.06323410 0.99799872
385.900000000 5.782801 0.403973 -0.077892 0.00000170 -0.00000108 -0.06323397 0.99799873
386.018000000 5.779203 0.403876 -0.078000 0.00000000 0.00000000 -0.06318871 0.99800160
386.143000000 5.797061 0.401318 -0.078000 -0.00000000 -0.00000000 -0.06327894 0.99799588
386.268000000 5.815423 0.398296 -0.078000 -0.00000000 0.00000000 -0.06342520 0.99798660
386.393000000 5.832194 0.396901 -0.078000 0.00000000 -0.00000000 -0.06351056 0.99798117
386.400000000 5.834138 0.396653 -0.077993 -0.00000101 -0.00000036 -0.06351056 0.99798117
386.518000000 5.849089 0.395228 -0.078000 -0.00000000 -0.00000000 -0.06343052 0.99798626
386.643000000 5.865609 0.393805 -0.078000 0.00000000 -0.00000000 -0.06323198 0.99799886
386.768000000 5.885259 0.391622 -0.078000 0.00000000 -0.00000000 -0.06335132 0.99799129
386.800000000 5.894145 0.390490 -0.077958 -0.00000020 -0.00000120 -0.06335131 0.99799129
386.900000000 5.921913 0.386950 -0.077876 0.00000057 -0.00000619 -0.06335119 0.99799130
387.018000000 5.920960 0.386232 -0.078000 0.00000000 0.00000000 -0.06320510 0.99800056
387.143000000 5.935861 0.384191 -0.078000 -0.00000000 -0.00000000 -0.06338285 0.99798929
387.268000000 5.952408 0.382098 -0.078000 0.00000000 0.00000000 -0.06347425 0.99798348
387.300000000 5.961294 0.380965 -0.077972 -0.00000072 -0.00000112 -0.06347423 0.99798348
387.400000000 5.989062 0.377417 -0.077885 0.00000136 -0.00000267 -0.06347412 0.99798348
387.518000000 5.987521 0.378143 -0.078000 0.00000000 0.00000000 -0.06330095 0.99799448
387.643000000 6.004340 0.375737 -0.078000 -0.00000000 -0.00000000 -0.06425476 0.99793353
387.768000000 6.020038 0.372740 -0.078000 0.00000000 -0.00000000 -0.07410019 0.99725080
387.800000000 6.028894 0.371468 -0.077975 0.00000768 -0.00000136 -0.07708379 0.99702462
387.900000000 6.056468 0.366847 -0.077895 0.00003666 -0.00000212 -0.08688229 0.99621858
388.018000000 6.053153 0.366595 -0.078000 0.00000000 0.00000000 -0.08554967 0.99633391
388.143000000 6.071014 0.362750 -0.078000 -0.00000000 0.00000000 -0.08289526 0.99655826
388.200000000 6.086747 0.360109 -0.077953 0.00000255 0.00000083 -0.08345464 0.99651158
388.300000000 6.098929 0.358764 -0.077980 -0.00000220 0.00000241 -0.08362321 0.99649745
388.400000000 6.107885 0.358024 -0.077989 0.00000028 -0.00000003 -0.08361189 0.99649839
388.518000000 6.123687 0.356264 -0.078000 -0.00000000 -0.00000000 -0.08371524 0.99648972
388.643000000 6.140789 0.352225 -0.078000 -0.00000000 0.00000000 -0.08361642 0.99649802
388.768000000 6.158571 0.347601 -0.078000 -0.00000000 0.00000000 -0.08368896 0.99649193
388.800000000 6.167404 0.346107 -0.077961 0.00000081 0.00000167 -0.08368692 0.99649210
388.900000000 6.195006 0.341437 -0.077886 0.00000041 0.00000298 -0.08368764 0.99649204
389.018000000 6.191607 0.344190 -0.078000 -0.00000000 0.00000000 -0.08380489 0.99648218
389.143000000 6.209233 0.340733 -0.078000 0.00000000 -0.00000000 -0.08358335 0.99650079
389.268000000 6.226046 0.337138 -0.078000 0.00000000 0.00000000 -0.08358864 0.99650035
389.300000000 6.234881 0.335646 -0.077973 -0.00000479 0.00000198 -0.08276780 0.99656886
389.400000000 6.262518 0.331051 -0.077877 -0.00002146 0.00000616 -0.07899972 0.99687464
389.518000000 6.263494 0.333388 -0.078000 -0.00000000 0.00000000 -0.07346769 0.99729760
389.643000000 6.280020 0.330613 -0.078000 -0.00000000 -0.00000000 -0.06664464 0.99777677
389.768000000 6.296155 0.328693 -0.078000 0.00000000 0.00000000 -0.06684536 0.99776335
389.800000000 6.305039 0.327540 -0.077953 -0.00000099 0.00000143 -0.06660733 0.99777927
389.900000000 6.316363 0.325424 -0.077995 -0.00000031 -0.00000009 -0.06421757 0.99793592
390.018000000 6.332410 0.324157 -0.078000 0.00000000 -0.00000000 -0.06479026 0.99789890
390.143000000 6.350009 0.321538 -0.078000 -0.00000000 0.00000000 -0.06478847 0.99789902
390.268000000 6.366546 0.319421 -0.078000 0.00000000 0.00000000 -0.05803772 0.99831439
390.300000000 6.375448 0.318331 -0.077987 -0.00000757 -0.00000239 -0.05515697 0.99847770
390.400000000 6.403346 0.315476 -0.077894 -0.00003826 0.00000223 -0.04377916 0.99904123
390.518000000 6.401323 0.315442 -0.078000 -0.00000000 -0.00000000 -0.03852654 0.99925758
390.643000000 6.419802 0.313366 -0.078000 0.00000000 0.00000000 -0.02610276 0.99965926
390.768000000 6.437312 0.312530 -0.078000 -0.00000000 -0.00000000 -0.01378712 0.99990495
390.800000000 6.446282 0.312268 -0.077976 -0.00000906 -0.00000123 -0.00882546 0.99996105
390.900000000 6.474313 0.312286 -0.077884 -0.00005133 -0.00000451 0.00563886 0.99998410
391.018000000 6.471231 0.311693 -0.078000 -0.00000000 0.00000000 -0.00118201 0.99999930
391.143000000 6.489152 0.313510 -0.078000 0.00000000 -0.00000000 0.00508935 0.99998705
391.268000000 6.507102 0.312794 -0.078000 0.00000000 -0.00000000 0.01140608 0.99993495
391.300000000 6.516074 0.312986 -0.077962 -0.00002130 0.00000152 0.01609813 0.99987042
391.400000000 6.544111 0.314267 -0.077879 -0.00008791 0.00000187 0.03340118 0.99944202
391.518000000 6.543449 0.316604 -0.078000 -0.00000000 0.00000000 0.04475713 0.99899790
391.643000000 6.560634 0.317571 -0.078000 -0.00000000 -0.00000000 0.06167459 0.99809631
391.700000000 6.576507 0.319832 -0.077952 -0.00007672 -0.00000504 0.08336127 0.99651939
391.800000000 6.588020 0.321885 -0.077989 -0.00004162 -0.00000640 0.10460803 0.99451353
391.900000000 6.596347 0.325268 -0.077994 -0.00001267 -0.00000119 0.12843129 0.99171841
392.018000000 6.611428 0.331292 -0.078000 -0.00000000 0.00000000 0.16235244 0.98673283
392.143000000 6.629019 0.339048 -0.078000 0.00000000 -0.00000000 0.19743608 0.98031576
392.268000000 6.644752 0.345792 -0.078000 -0.00000000 -0.00000000 0.23379087 0.97228691
392.300000000 6.652796 0.349871 -0.077964 -0.00005465 -0.00001435 0.25238521 0.96762684
392.400000000 6.676557 0.365053 -0.077884 -0.00023556 -0.00006198 0.30971855 0.95082825
392.518000000 6.675395 0.355815 -0.078000 -0.00000000 -0.00000000 0.30429324 0.95257841
392.643000000 6.689236 0.366411 -0.078000 -0.00000000 0.00000000 0.33949344 0.94060842
392.768000000 6.701930 0.379506 -0.078000 0.00000000 0.00000000 0.37431900 0.92730000
392.800000000 6.708494 0.385640 -0.077757 -0.00030401 -0.00022141 0.39193592 0.91999244
392.900000000 6.726143 0.407122 -0.077666 -0.00244541 -0.00239296 0.44571863 0.89516657
393.018000000 6.723948 0.405859 -0.078000 0.00000000 0.00000000 0.44174513 0.89714059
393.143000000 6.733741 0.420543 -0.078000 -0.00000000 -0.00000000 0.47521131 0.87987170
393.268000000 6.744594 0.436351 -0.078000 -0.00000000 0.00000000 0.50800929 0.86135159
393.300000000 6.749079 0.444206 -0.078026 0.00031973 0.00056467 0.52447355 0.85142649
393.400000000 6.754562 0.453024 -0.077996 0.00003126 0.00013277 0.54338967 0.83948058
393.518000000 6.759433 0.468090 -0.078000 0.00000000 0.00000000 0.56570618 0.82460689
393.643000000 6.764038 0.483592 -0.078000 -0.00000000 -0.00000000 0.59396998 0.80448721
393.768000000 6.769907 0.502574 -0.078000 0.00000000 0.00000000 0.61313229 0.78998025
393.800000000 6.772111 0.511266 -0.077979 -0.00009230 0.00001293 0.62297028 0.78224550
393.900000000 6.777344 0.539021 -0.078017 -0.00073891 0.00032885 0.65225721 0.75799728
394.018000000 6.778176 0.538064 -0.078000 0.00000000 -0.00000000 0.64608435 0.76326602
394.143000000 6.781689 0.555633 -0.078000 0.00000000 -0.00000000 0.66018742 0.75110091
394.268000000 6.782534 0.574313 -0.078000 -0.00000000 -0.00000000 0.67395986 0.73876796
394.300000000 6.783385 0.583265 -0.078009 -0.00003281 0.00011383 0.68102986 0.73225563
394.400000000 6.784572 0.611385 -0.077952 -0.00011648 0.00022154 0.70112473 0.71303861
394.518000000 6.783412 0.610570 -0.078000 0.00000000 -0.00000000 0.69457184 0.71942336
394.643000000 6.783952 0.628574 -0.078000 0.00000000 -0.00000000 0.70389348 0.71030555
394.768000000 6.782273 0.644006 -0.078000 -0.00000000 0.00000000 0.70596074 0.70825096
394.893000000 6.781315 0.662195 -0.078000 -0.00000000 -0.00000000 0.71051204 0.70368504
394.900000000 6.781299 0.664155 -0.077992 0.00000744 -0.00000201 0.71101348 0.70317838
395.018000000 6.782095 0.680060 -0.078000 0.00000000 0.00000000 0.71495177 0.69917378
395.143000000 6.782984 0.698032 -0.078000 0.00000000 -0.00000000 0.71937821 0.69461859
395.268000000 6.781084 0.715220 -0.078000 -0.00000000 0.00000000 0.72353183 0.69029102
395.300000000 6.780671 0.724171 -0.077984 -0.00002303 -0.00002838 0.72474742 0.68901464
395.400000000 6.779031 0.752123 -0.077898 -0.00014289 -0.00008256 0.72721214 0.68641276
395.518000000 6.779261 0.751594 -0.078000 0.00000000 0.00000000 0.71908213 0.69492510
395.643000000 6.780028 0.767595 -0.078000 0.00000000 -0.00000000 0.71185118 0.70233033
395.768000000 6.779574 0.785134 -0.078000 -0.00000000 0.00000000 0.70509366 0.70911419
395.800000000 6.779648 0.794070 -0.077965 0.00000544 0.00001484 0.70049869 0.71365369
395.900000000 6.780659 0.821972 -0.077885 -0.00011071 -0.00009099 0.68600886 0.72759317
396.018000000 6.781878 0.820687 -0.078000 0.00000000 0.00000000 0.68680634 0.72684046
396.143000000 6.782306 0.839516 -0.078000 0.00000000 0.00000000 0.67254552 0.74005576
396.268000000 6.785203 0.856595 -0.078000 -0.00000000 0.00000000 0.65989756 0.75135558
396.300000000 6.786350 0.865437 -0.077967 0.00006223 0.00006501 0.65139525 0.75873857
396.400000000 6.791511 0.892805 -0.077913 0.00005814 0.00007064 0.62303652 0.78219274
396.518000000 6.791160 0.891607 -0.078000 -0.00000000 0.00000000 0.62015265 0.78448116
396.643000000 6.796172 0.908690 -0.078000 0.00000000 0.00000000 0.60054224 0.79959304
396.700000000 6.800894 0.923845 -0.077968 -0.00002184 -0.00002575 0.58220241 0.81304388
396.800000000 6.802268 0.934459 -0.077967 0.00011178 0.00006324 0.57001432 0.82163474
396.900000000 6.808311 0.943603 -0.077994 -0.00000506 0.00000129 0.55770868 0.83003676
397.018000000 6.815219 0.957784 -0.078000 -0.00000000 0.00000000 0.53936919 0.84206940
397.143000000 6.822308 0.973856 -0.078000 -0.00000000 0.00000000 0.51812911 0.85530242
397.268000000 6.829827 0.989331 -0.078000 0.00000000 -0.00000000 0.49663171 0.86796137
397.300000000 6.834315 0.997028 -0.077954 0.00003274 -0.00001267 0.48552072 0.87422516
397.400000000 6.849944 1.020056 -0.077850 0.00030657 0.00009110 0.45029579 0.89287939
397.518000000 6.846002 1.018606 -0.078000 0.00000000 -0.00000000 0.45284292 0.89159031
397.643000000 6.857996 1.032319 -0.078000 0.00000000 -0.00000000 0.43066158 0.90251349
397.768000000 6.871083 1.045653 -0.078000 0.00000000 -0.00000000 0.40799460 0.91298434
397.800000000 6.877001 1.052313 -0.077981 -0.00002165 -0.00002973 0.39631447 0.91811483
397.900000000 6.896902 1.071780 -0.077869 0.00010593 -0.00001686 0.35941485 0.93317788
398.018000000 6.895350 1.071312 -0.078000 0.00000000 0.00000000 0.36201995 0.93217035
398.143000000 6.908973 1.081672 -0.078000 -0.00000000 0.00000000 0.33866567 0.94090678
398.200000000 6.921448 1.091261 -0.078079 0.00156438 -0.00021187 0.31704937 0.94840772
398.393000000 6.937810 1.103000 -0.078000 -0.00000000 -0.00000000 0.29092231 0.95674668
398.400000000 6.939413 1.104106 -0.078016 -0.00007765 -0.00002156 0.28823291 0.95756033
398.518000000 6.952229 1.112012 -0.078000 0.00000000 0.00000000 0.26690702 0.96372228
398.643000000 6.967842 1.122149 -0.078000 0.00000000 -0.00000000 0.24284729 0.97006453
398.768000000 6.984518 1.129517 -0.078000 -0.00000000 -0.00000000 0.21845361 0.97584733
398.800000000 6.992566 1.133417 -0.077961 -0.00013503 -0.00019154 0.20598143 0.97855587
398.900000000 7.018204 1.143656 -0.077701 -0.00015474 -0.00141421 0.16681274 0.98598757
399.018000000 7.014238 1.141777 -0.078000 0.00000000 0.00000000 0.16987736 0.98546521
399.143000000 7.030157 1.149229 -0.078000 -0.00000000 0.00000000 0.14542003 0.98937001
399.268000000 7.046746 1.154202 -0.078000 0.00000000 0.00000000 0.12082869 0.99267337
399.300000000 7.055430 1.156376 -0.077970 0.00011553 -0.00004473 0.10815844 0.99413366
399.400000000 7.082705 1.161170 -0.077698 0.00057979 -0.00066134 0.06845937 0.99765352
399.518000000 7.081985 1.159426 -0.078000 0.00000000 0.00000000 0.07134751 0.99745152
399.643000000 7.099805 1.161790 -0.078000 -0.00000000 0.00000000 0.04663220 0.99891213
399.768000000 7.117238 1.162807 -0.078000 0.00000000 -0.00000000 0.02184821 0.99976130
399.800000000 7.126135 1.163216 -0.077969 0.00013471 -0.00001958 0.00909509 0.99995863
399.900000000 7.153972 1.162500 -0.077882 0.00031072 -0.00005725 -0.03075784 0.99952682
400.018000000 7.150707 1.162891 -0.078000 -0.00000000 0.00000000 -0.02780889 0.99961326
400.143000000 7.169230 1.161831 -0.078000 0.00000000 0.00000000 -0.05271906 0.99860938
400.200000000 7.184964 1.159813 -0.077918 0.00011637 -0.00006419 -0.07538896 0.99715419
400.300000000 7.194665 1.159482 -0.077976 0.00000007 0.00001389 -0.09021385 0.99592242
400.400000000 7.221851 1.153359 -0.077916 0.00030071 0.00003114 -0.12982616 0.99153672
400.518000000 7.219149 1.152050 -0.078000 -0.00000000 -0.00000000 -0.12701777 0.99190044
400.643000000 7.236439 1.146946 -0.078000 0.00000000 0.00000000 -0.15160773 0.98844074
400.768000000 7.252580 1.142137 -0.078000 -0.00000000 -0.00000000 -0.17611462 0.98436967
400.800000000 7.260945 1.139060 -0.077978 -0.00003615 0.00002781 -0.18865629 0.98204318
400.900000000 7.286411 1.127782 -0.077885 0.00003106 0.00002142 -0.22763794 0.97374584
401.018000000 7.283534 1.128549 -0.078000 0.00000000 0.00000000 -0.22487543 0.97438752
401.143000000 7.299060 1.121748 -0.078000 -0.00000000 -0.00000000 -0.24899125 0.96850573
401.268000000 7.315685 1.113998 -0.078000 -0.00000000 0.00000000 -0.27300479 0.96201267
401.300000000 7.323276 1.109334 -0.077974 0.00010798 -0.00003670 -0.28525110 0.95845282
401.400000000 7.345941 1.093147 -0.077880 0.00009781 -0.00002969 -0.32321458 0.94632570
401.518000000 7.343807 1.092555 -0.078000 0.00000000 -0.00000000 -0.32055633 0.94722946
401.643000000 7.357342 1.080853 -0.078000 -0.00000000 -0.00000000 -0.34411140 0.93892883
401.768000000 7.370058 1.069317 -0.078000 0.00000000 -0.00000000 -0.36743325 0.93004990
401.800000000 7.376578 1.063243 -0.077993 -0.00006768 0.00001768 -0.37926716 0.92528721
401.900000000 7.383804 1.056278 -0.077994 0.00001803 -0.00001079 -0.39308489 0.91950219
402.018000000 7.394118 1.044685 -0.078000 -0.00000000 -0.00000000 -0.41330762 0.91059146
402.143000000 7.403971 1.030864 -0.078000 -0.00000000 -0.00000000 -0.43583223 0.90002793
402.268000000 7.413257 1.014649 -0.078000 -0.00000000 -0.00000000 -0.45823520 0.88883097
402.300000000 7.418437 1.007401 -0.077974 0.00001194 0.00000811 -0.46953261 0.88291513
402.400000000 7.433162 0.983758 -0.077897 -0.00007344 0.00006105 -0.50434289 0.86350347
402.518000000 7.429219 0.984145 -0.078000 -0.00000000 -0.00000000 -0.50214858 0.86478136
402.643000000 7.437656 0.967959 -0.078000 0.00000000 -0.00000000 -0.52370368 0.85190050
402.768000000 7.444250 0.952248 -0.078000 -0.00000000 -0.00000000 -0.54485079 0.83853302
402.800000000 7.447906 0.944128 -0.077973 0.00007452 -0.00006535 -0.55550214 0.83151510
402.900000000 7.457479 0.917960 -0.077912 0.00021954 -0.00007954 -0.58819420 0.80871969
403.018000000 7.455273 0.920339 -0.078000 0.00000000 0.00000000 -0.58614228 0.81020814
403.143000000 7.460737 0.904242 -0.078000 -0.00000000 -0.00000000 -0.60620432 0.79530895
403.268000000 7.464712 0.888183 -0.078000 0.00000000 -0.00000000 -0.62586600 0.77993060
403.393000000 7.467807 0.870601 -0.078000 0.00000000 0.00000000 -0.64507896 0.76411592
403.400000000 7.468151 0.868682 -0.077998 -0.00000235 0.00000530 -0.64720817 0.76231331
403.518000000 7.470249 0.855340 -0.078000 -0.00000000 0.00000000 -0.66387532 0.74784327
403.643000000 7.471169 0.837423 -0.078000 0.00000000 0.00000000 -0.68230465 0.73106796
403.768000000 7.471827 0.818950 -0.078000 -0.00000000 -0.00000000 -0.70039809 0.71375242
403.800000000 7.472033 0.810041 -0.077971 0.00006806 -0.00005580 -0.70944318 0.70476263
403.900000000 7.475381 0.771174 -0.077891 0.00025145 -0.00028253 -0.73567613 0.67733336
404.018000000 7.475636 0.775080 -0.078000 0.00000000 0.00000000 -0.72930344 0.68419039
404.143000000 7.474862 0.758099 -0.078000 -0.00000000 -0.00000000 -0.73649464 0.67644338
404.268000000 7.474744 0.739272 -0.078000 0.00000000 0.00000000 -0.73968556 0.67295265
404.300000000 7.473854 0.730365 -0.077963 -0.00004683 0.00005788 -0.74094869 0.67156164
404.400000000 7.470942 0.702519 -0.077881 0.00002804 0.00001435 -0.74429905 0.66784649
404.518000000 7.471367 0.704878 -0.078000 -0.00000000 -0.00000000 -0.74089007 0.67162632
404.643000000 7.472264 0.686472 -0.078000 -0.00000000 0.00000000 -0.73605581 0.67692086
404.768000000 7.469452 0.669097 -0.078000 -0.00000000 0.00000000 -0.73327822 0.67992871
404.800000000 7.468783 0.660152 -0.077961 -0.00002023 -0.00003936 -0.73095625 0.68242433
404.900000000 7.467181 0.632195 -0.077846 -0.00018267 0.00003387 -0.72397871 0.68982229
405.018000000 7.464806 0.635156 -0.078000 -0.00000000 -0.00000000 -0.72459696 0.68917288
405.143000000 7.464482 0.617758 -0.078000 -0.00000000 0.00000000 -0.72014184 0.69382687
405.200000000 7.463998 0.601772 -0.077944 -0.00002621 0.00001001 -0.71343331 0.70072314
405.300000000 7.463525 0.590257 -0.077961 -0.00001397 -0.00000738 -0.70538589 0.70882350
405.400000000 7.464289 0.562208 -0.077861 -0.00022561 0.00017722 -0.69111533 0.72274444
405.518000000 7.462999 0.564791 -0.078000 -0.00000000 -0.00000000 -0.69209606 0.72180541
405.643000000 7.465127 0.548655 -0.078000 -0.00000000 0.00000000 -0.68310808 0.73031729
405.768000000 7.467069 0.531417 -0.078000 -0.00000000 -0.00000000 -0.67402499 0.73870854
405.800000000 7.467880 0.522472 -0.077973 0.00005716 -0.00003882 -0.66930094 0.74299142
405.900000000 7.471316 0.494635 -0.077883 0.00002256 -0.00004225 -0.65616924 0.75461376
406.018000000 7.470273 0.498495 -0.078000 -0.00000000 0.00000000 -0.66202844 0.74947872
406.143000000 7.471691 0.480428 -0.078000 -0.00000000 -0.00000000 -0.65694126 0.75394176
406.268000000 7.473665 0.462541 -0.078000 -0.00000000 0.00000000 -0.65198080 0.75823548
406.300000000 7.475000 0.453670 -0.077978 -0.00008491 0.00008258 -0.64958117 0.76029224
406.400000000 7.479713 0.426046 -0.077882 -0.00021793 0.00013751 -0.64199628 0.76670771
406.518000000 7.480180 0.426859 -0.078000 -0.00000000 0.00000000 -0.64253873 0.76625321
406.643000000 7.483051 0.410205 -0.078000 0.00000000 -0.00000000 -0.63781023 0.77019355
406.768000000 7.486835 0.392483 -0.078000 0.00000000 0.00000000 -0.63295928 0.77418509
406.893000000 7.490984 0.375797 -0.078000 -0.00000000 -0.00000000 -0.62816458 0.77808050
406.900000000 7.491394 0.373877 -0.077997 -0.00001430 0.00001515 -0.62762176 0.77851842
407.018000000 7.494343 0.359666 -0.078000 -0.00000000 -0.00000000 -0.62331437 0.78197135
407.143000000 7.498209 0.342436 -0.078000 -0.00000000 -0.00000000 -0.61844591 0.78582737
407.268000000 7.502469 0.325891 -0.078000 -0.00000000 0.00000000 -0.61355493 0.78965204
407.300000000 7.504693 0.317200 -0.077973 0.00002677 0.00001739 -0.61076275 0.79181366
407.400000000 7.512021 0.290119 -0.077897 0.00014769 -0.00011052 -0.60028577 0.79978557
407.518000000 7.510720 0.294774 -0.078000 -0.00000000 0.00000000 -0.59511185 0.80364288
407.643000000 7.517433 0.275963 -0.078000 0.00000000 0.00000000 -0.57749929 0.81639119
407.768000000 7.523608 0.258533 -0.078000 0.00000000 0.00000000 -0.56229165 0.82693900
407.800000000 7.526886 0.250163 -0.077968 -0.00006756 0.00001934 -0.55448765 0.83219195
407.900000000 7.538466 0.224578 -0.077854 -0.00004228 -0.00005686 -0.52947271 0.84832697
408.018000000 7.537981 0.225643 -0.078000 0.00000000 0.00000000 -0.53136488 0.84714306
408.143000000 7.545480 0.209924 -0.078000 -0.00000000 -0.00000000 -0.51556902 0.85684805
408.268000000 7.552721 0.194993 -0.078000 -0.00000000 -0.00000000 -0.49927696 0.86644245
408.300000000 7.557206 0.187199 -0.077969 -0.00009849 0.00004419 -0.48963271 0.87192878
408.400000000 7.572716 0.163709 -0.077891 -0.00024132 0.00019537 -0.45680785 0.88956534
408.518000000 7.572630 0.164409 -0.078000 0.00000000 0.00000000 -0.44782211 0.89412268
408.643000000 7.583008 0.151646 -0.078000 0.00000000 -0.00000000 -0.42208710 0.90655528
408.700000000 7.593656 0.139628 -0.077952 0.00001103 -0.00000427 -0.39584703 0.91831647
408.800000000 7.600539 0.131351 -0.077969 -0.00005707 0.00001211 -0.37868420 0.92552594
408.900000000 7.621634 0.112686 -0.077859 -0.00042387 0.00015760 -0.33204760 0.94326252
409.018000000 7.621523 0.113479 -0.078000 -0.00000000 -0.00000000 -0.33554558 0.94202397
409.143000000 7.636036 0.102448 -0.078000 0.00000000 -0.00000000 -0.30597210 0.95204048
409.268000000 7.650482 0.093523 -0.078000 -0.00000000 -0.00000000 -0.27611197 0.96112548
409.300000000 7.658105 0.088715 -0.077967 0.00002290 0.00000340 -0.26075387 0.96540531
409.400000000 7.683098 0.075721 -0.077883 -0.00021310 0.00009954 -0.21235583 0.97719238
409.518000000 7.681777 0.078898 -0.078000 0.00000000 -0.00000000 -0.21585308 0.97642585
409.643000000 7.698291 0.071628 -0.078000 -0.00000000 -0.00000000 -0.18542307 0.98265878
409.768000000 7.715633 0.065203 -0.078000 -0.00000000 -0.00000000 -0.15479564 0.98794651
409.800000000 7.724203 0.062415 -0.077988 0.00000363 0.00000308 -0.13902806 0.99028844
409.900000000 7.751633 0.056049 -0.077876 -0.00005709 -0.00003997 -0.08954252 0.99598300
410.018000000 7.748666 0.056596 -0.078000 0.00000000 -0.00000000 -0.09296271 0.99566959
410.143000000 7.766405 0.053615 -0.078000 0.00000000 -0.00000000 -0.06182197 0.99808719
410.200000000 7.782374 0.052040 -0.077930 -0.00008031 -0.00003404 -0.03351948 0.99943806
410.300000000 7.792933 0.051673 -0.077960 -0.00009110 0.00001704 -0.01665585 0.99986128
410.400000000 7.803688 0.052225 -0.077998 0.00000917 0.00000079 -0.00576245 0.99998340
410.518000000 7.817698 0.053934 -0.078000 -0.00000000 0.00000000 0.01099949 0.99993950
410.643000000 7.835744 0.055554 -0.078000 0.00000000 -0.00000000 0.03232253 0.99947749
410.768000000 7.852020 0.056718 -0.078000 -0.00000000 0.00000000 0.05055548 0.99872125
410.800000000 7.860969 0.057605 -0.077978 -0.00010714 0.00001160 0.06004454 0.99819569
410.900000000 7.888748 0.061809 -0.077884 -0.00026347 -0.00005200 0.08977546 0.99596199
411.018000000 7.882803 0.061320 -0.078000 -0.00000000 0.00000000 0.08769797 0.99614711
411.143000000 7.900524 0.065251 -0.078000 0.00000000 0.00000000 0.10618045 0.99434688
411.268000000 7.917506 0.068603 -0.078000 0.00000000 -0.00000000 0.12451483 0.99221775
411.300000000 7.926223 0.070791 -0.077962 -0.00001105 -0.00001663 0.13400171 0.99098110
411.400000000 7.953039 0.079136 -0.077868 -0.00028425 -0.00006507 0.16146063 0.98687911
411.518000000 7.951434 0.078571 -0.078000 -0.00000000 0.00000000 0.15292637 0.98823759
411.643000000 7.966502 0.083258 -0.078000 0.00000000 -0.00000000 0.15981851 0.98714641
411.768000000 7.983021 0.089439 -0.078000 -0.00000000 0.00000000 0.16190290 0.98680669
411.893000000 8.001545 0.094276 -0.078000 -0.00000000 -0.00000000 0.16491379 0.98630799
411.900000000 8.003398 0.094912 -0.077994 -0.00001454 -0.00000685 0.16464275 0.98635327
412.018000000 8.018412 0.098906 -0.078000 -0.00000000 0.00000000 0.15729685 0.98755137
412.143000000 8.034130 0.103259 -0.078000 0.00000000 -0.00000000 0.15252282 0.98829995
412.268000000 8.052202 0.106952 -0.078000 0.00000000 -0.00000000 0.14620835 0.98925382
412.300000000 8.060767 0.109516 -0.077966 0.00004161 -0.00002172 0.14301636 0.98972032
412.400000000 8.087647 0.117175 -0.077872 0.00021222 0.00000750 0.13304957 0.99110936
412.518000000 8.086876 0.118536 -0.078000 -0.00000000 0.00000000 0.13369676 0.99102229
412.643000000 8.103723 0.124281 -0.078000 -0.00000000 -0.00000000 0.12750184 0.99183833
412.768000000 8.121887 0.127473 -0.078000 0.00000000 -0.00000000 0.12844556 0.99171656
412.800000000 8.130558 0.129722 -0.077972 -0.00001199 0.00002077 0.12842787 0.99171885
412.900000000 8.157652 0.136830 -0.077907 0.00015635 0.00007926 0.12715590 0.99188273
413.018000000 8.153112 0.135986 -0.078000 0.00000000 -0.00000000 0.12651927 0.99196415
413.143000000 8.170689 0.140879 -0.078000 -0.00000000 0.00000000 0.12655894 0.99195909
413.268000000 8.186768 0.144426 -0.078000 0.00000000 -0.00000000 0.12665669 0.99194661
413.300000000 8.195444 0.146677 -0.077989 -0.00008975 -0.00001198 0.12736935 0.99185535
413.400000000 8.222519 0.153821 -0.077872 -0.00016823 -0.00008971 0.13103103 0.99137825
413.518000000 8.220479 0.152839 -0.078000 -0.00000000 -0.00000000 0.13675463 0.99060495
413.643000000 8.236982 0.158915 -0.078000 -0.00000000 -0.00000000 0.14367344 0.98962515
413.700000000 8.252276 0.163524 -0.077941 0.00006046 -0.00000371 0.14924217 0.98880067
413.800000000 8.262276 0.166005 -0.077967 -0.00000391 -0.00001373 0.15292103 0.98823841
413.900000000 8.271904 0.169998 -0.077991 -0.00002303 -0.00000160 0.15674340 0.98763936
414.018000000 8.285877 0.177619 -0.078000 0.00000000 0.00000000 0.16229350 0.98674253
414.143000000 8.302686 0.183608 -0.078000 -0.00000000 0.00000000 0.16850556 0.98570070
414.268000000 8.319750 0.189928 -0.078000 -0.00000000 0.00000000 0.17468858 0.98462374
414.300000000 8.328176 0.193005 -0.077980 0.00007384 0.00001437 0.17782762 0.98406165
414.400000000 8.354346 0.203044 -0.077883 -0.00001243 0.00000567 0.18735546 0.98229218
414.518000000 8.351546 0.204618 -0.078000 -0.00000000 -0.00000000 0.18017606 0.98363438
414.643000000 8.368448 0.209941 -0.078000 0.00000000 0.00000000 0.18282192 0.98314604
414.768000000 8.385581 0.217121 -0.078000 -0.00000000 0.00000000 0.18219367 0.98326266
414.800000000 8.393941 0.220344 -0.077982 -0.00000618 0.00003981 0.18224103 0.98325389
414.900000000 8.420104 0.230342 -0.077914 0.00017831 0.00008867 0.18229081 0.98324464
415.018000000 8.418237 0.228975 -0.078000 -0.00000000 0.00000000 0.18218306 0.98326463
415.143000000 8.434534 0.235311 -0.078000 0.00000000 0.00000000 0.18223358 0.98325527
415.268000000 8.450867 0.241643 -0.078000 0.00000000 -0.00000000 0.18225731 0.98325087
415.300000000 8.459231 0.244854 -0.077969 -0.00007129 -0.00003355 0.18225932 0.98325049
415.400000000 8.468471 0.247521 -0.077995 0.00000899 -0.00000165 0.18234539 0.98323454
415.518000000 8.483344 0.253309 -0.078000 -0.00000000 0.00000000 0.18235107 0.98323349
415.643000000 8.498818 0.260106 -0.078000 0.00000000 -0.00000000 0.18242706 0.98321939
415.768000000 8.514964 0.265458 -0.078000 -0.00000000 -0.00000000 0.18247204 0.98321104
415.800000000 8.523328 0.268664 -0.077973 -0.00004556 0.00000323 0.18247218 0.98321102
415.900000000 8.549446 0.278763 -0.077882 -0.00026760 0.00000889 0.18247186 0.98321104
416.018000000 8.547512 0.277878 -0.078000 -0.00000000 -0.00000000 0.18247441 0.98321060
416.143000000 8.563851 0.283067 -0.078000 0.00000000 -0.00000000 0.18218901 0.98326353
416.268000000 8.580232 0.288724 -0.078000 0.00000000 -0.00000000 0.17334790 0.98486065
416.300000000 8.588633 0.291843 -0.077791 0.00012108 -0.00000623 0.17051974 0.98535425
416.400000000 8.615024 0.300624 -0.077516 0.00246955 -0.00049110 0.16111346 0.98693268
416.518000000 8.613375 0.298587 -0.078000 -0.00000000 -0.00000000 0.16186374 0.98681312
416.643000000 8.630196 0.304996 -0.078000 -0.00000000 -0.00000000 0.15589754 0.98777323
416.768000000 8.646130 0.311087 -0.078000 -0.00000000 -0.00000000 0.14971042 0.98872989
416.800000000 8.654561 0.314015 -0.077991 -0.00136223 -0.00015666 0.14659956 0.98919497
416.900000000 8.681555 0.322403 -0.077977 -0.00390881 0.00091254 0.13672655 0.99060070
417.018000000 8.680554 0.321563 -0.078000 0.00000000 -0.00000000 0.13739044 0.99051697
417.143000000 8.697330 0.326408 -0.078000 0.00000000 -0.00000000 0.13116353 0.99136075
417.200000000 8.714612 0.325572 -0.077906 0.00072597 0.00043542 0.12544382 0.99210036
417.300000000 8.724030 0.328797 -0.077949 0.00031740 -0.00029747 0.12173805 0.99256217
417.400000000 8.733367 0.331053 -0.077973 0.00006343 -0.00015904 0.11814297 0.99299658
417.518000000 8.748496 0.335088 -0.078000 -0.00000000 0.00000000 0.10617546 0.99434741
417.643000000 8.766605 0.336735 -0.078000 0.00000000 -0.00000000 0.09734703 0.99525050
417.768000000 8.783938 0.339564 -0.078000 0.00000000 -0.00000000 0.08498913 0.99638188
417.800000000 8.792828 0.341095 -0.078065 -0.00002979 0.00063609 0.07872260 0.99689636
417.900000000 8.820821 0.345008 -0.078151 -0.00009840 0.00194549 0.05884070 0.99826548
418.018000000 8.819257 0.344381 -0.078000 -0.00000000 0.00000000 0.06002550 0.99819684
418.143000000 8.837023 0.344777 -0.078000 0.00000000 -0.00000000 0.04750020 0.99887123
418.268000000 8.853507 0.346443 -0.078000 0.00000000 -0.00000000 0.03492819 0.99938982
418.300000000 8.862414 0.347087 -0.077979 -0.00000733 0.00025337 0.02855321 0.99959224
418.400000000 8.890559 0.348115 -0.078127 0.00001082 0.00118272 0.00862654 0.99996209
418.518000000 8.888185 0.348706 -0.078000 0.00000000 0.00000000 0.00973846 0.99995258
418.643000000 8.905858 0.348603 -0.078000 0.00000000 -0.00000000 -0.00276811 0.99999617
418.768000000 8.923069 0.348276 -0.078000 -0.00000000 -0.00000000 -0.01511273 0.99988580
418.800000000 8.932013 0.348010 -0.077968 0.00006389 0.00000434 -0.02148879 0.99976909
418.900000000 8.941814 0.347742 -0.077992 -0.00000952 -0.00001133 -0.02888928 0.99958262
419.018000000 8.958112 0.346102 -0.078000 -0.00000000 -0.00000000 -0.03987886 0.99920452
419.143000000 8.974382 0.344783 -0.078000 -0.00000000 -0.00000000 -0.05196777 0.99864876
419.268000000 8.991206 0.343621 -0.078000 -0.00000000 0.00000000 -0.05553800 0.99845657
419.300000000 9.000093 0.342576 -0.077963 0.00008966 -0.00000854 -0.05749314 0.99834590
419.400000000 9.027883 0.339170 -0.077885 0.00008813 0.00002962 -0.06204636 0.99807326
419.518000000 9.026286 0.339610 -0.078000 0.00000000 0.00000000 -0.05678326 0.99838653
419.643000000 9.043016 0.336537 -0.078000 -0.00000000 0.00000000 -0.05668948 0.99839186
419.768000000 9.060798 0.333102 -0.078000 0.00000000 -0.00000000 -0.05662573 0.99839548
419.800000000 9.069707 0.332091 -0.077981 0.00000436 0.00003950 -0.05518306 0.99847625
419.900000000 9.097575 0.329026 -0.077904 0.00013138 0.00002649 -0.04976988 0.99876070
420.018000000 9.096314 0.328872 -0.078000 0.00000000 -0.00000000 -0.04448467 0.99901007
420.143000000 9.114142 0.327507 -0.078000 0.00000000 -0.00000000 -0.03824370 0.99926844
420.268000000 9.131248 0.326112 -0.078000 -0.00000000 0.00000000 -0.03186519 0.99949218
420.393000000 9.149176 0.324789 -0.078000 0.00000000 -0.00000000 -0.02557613 0.99967288
420.400000000 9.151134 0.324683 -0.077993 0.00001929 -0.00000037 -0.02487750 0.99969051
420.518000000 9.166925 0.323654 -0.078000 -0.00000000 0.00000000 -0.01927477 0.99981422
420.643000000 9.183675 0.323596 -0.078000 0.00000000 0.00000000 -0.01263970 0.99992012
420.768000000 9.200874 0.323166 -0.078000 -0.00000000 -0.00000000 0.00202210 0.99999796
420.800000000 9.209850 0.323128 -0.077978 -0.00003297 0.00001863 0.00811986 0.99996703
420.900000000 9.237913 0.324181 -0.077904 -0.00030892 0.00005180 0.02755473 0.99962025
421.018000000 9.235886 0.323046 -0.078000 0.00000000 -0.00000000 0.02575192 0.99966836
421.143000000 9.253031 0.324313 -0.078000 0.00000000 -0.00000000 0.03831948 0.99926554
421.268000000 9.270810 0.325856 -0.078000 0.00000000 0.00000000 0.05086868 0.99870535
421.300000000 9.279744 0.326759 -0.077988 0.00006136 -0.00000462 0.05724459 0.99836018
421.400000000 9.307545 0.330483 -0.077866 0.00000011 -0.00007957 0.07712624 0.99702133
421.518000000 9.305755 0.330918 -0.078000 -0.00000000 0.00000000 0.07546116 0.99714874
421.643000000 9.322889 0.333754 -0.078000 0.00000000 0.00000000 0.07945333 0.99683859
421.768000000 9.339997 0.335828 -0.078000 0.00000000 -0.00000000 0.08645594 0.99625568
421.800000000 9.348826 0.337357 -0.077963 0.00006344 0.00000076 0.08757408 0.99615801
421.900000000 9.376358 0.342402 -0.077889 0.00002595 0.00006209 0.08798412 0.99612188
422.018000000 9.375354 0.340458 -0.078000 -0.00000000 -0.00000000 0.07483250 0.99719612
422.143000000 9.391957 0.342554 -0.078000 -0.00000000 -0.00000000 0.07012957 0.99753789
422.200000000 9.407740 0.344723 -0.077941 -0.00012088 -0.00002654 0.06442452 0.99792257
422.300000000 9.419156 0.345916 -0.077973 0.00005624 0.00002401 0.06069110 0.99815659
422.400000000 9.446934 0.348977 -0.077886 0.00026444 0.00002501 0.04804566 0.99884511
422.518000000 9.445653 0.348826 -0.078000 0.00000000 0.00000000 0.04236880 0.99910204
422.643000000 9.461782 0.350301 -0.078000 0.00000000 0.00000000 0.02390812 0.99971416
422.768000000 9.478988 0.350401 -0.078000 -0.00000000 0.00000000 0.00707604 0.99997496
422.800000000 9.487907 0.350534 -0.077961 -0.00007460 -0.00000482 -0.00250813 0.99999685
422.900000000 9.515782 0.349650 -0.077884 -0.00007281 0.00004244 -0.03232502 0.99947741
423.018000000 9.514071 0.349310 -0.078000 -0.00000000 -0.00000000 -0.03016108 0.99954505
423.143000000 9.531114 0.347434 -0.078000 -0.00000000 -0.00000000 -0.04880634 0.99880826
423.268000000 9.548170 0.345406 -0.078000 -0.00000000 -0.00000000 -0.06740737 0.99772554
423.300000000 9.557018 0.344222 -0.077980 0.00005295 0.00002081 -0.07694885 0.99703504
423.400000000 9.584432 0.339115 -0.077903 -0.00002638 -0.00000630 -0.10671668 0.99428947
423.518000000 9.582662 0.339717 -0.078000 0.00000000 -0.00000000 -0.10469058 0.99450484
423.643000000 9.600266 0.335764 -0.078000 -0.00000000 -0.00000000 -0.12325078 0.99237556
423.768000000 9.617138 0.330634 -0.078000 -0.00000000 0.00000000 -0.14170687 0.98990866
423.893000000 9.634009 0.325701 -0.078000 -0.00000000 -0.00000000 -0.16022066 0.98708122
423.900000000 9.635866 0.325098 -0.077994 -0.00000475 0.00000434 -0.16246097 0.98671497
424.018000000 9.650951 0.320979 -0.078000 0.00000000 0.00000000 -0.18526459 0.98268867
424.143000000 9.667082 0.314149 -0.078000 -0.00000000 -0.00000000 -0.20741546 0.97825295
424.268000000 9.681844 0.306592 -0.078000 -0.00000000 0.00000000 -0.24021950 0.97071859
424.300000000 9.689755 0.302524 -0.077966 0.00006663 -0.00003164 -0.25547300 0.96681619
424.400000000 9.713216 0.287594 -0.077873 0.00042318 -0.00013403 -0.30289137 0.95302498
424.518000000 9.711799 0.287934 -0.078000 0.00000000 0.00000000 -0.29935973 0.95414032
424.643000000 9.726054 0.277019 -0.078000 -0.00000000 0.00000000 -0.32894163 0.94435025
424.768000000 9.739665 0.265479 -0.078000 -0.00000000 -0.00000000 -0.35818067 0.93365230
424.800000000 9.746315 0.259567 -0.077971 -0.00001832 -0.00000381 -0.37302741 0.92782032
424.900000000 9.765382 0.239330 -0.077869 0.00020603 -0.00014026 -0.41877363 0.90809063
425.018000000 9.762808 0.240329 -0.078000 -0.00000000 -0.00000000 -0.41553533 0.90957704
425.143000000 9.774897 0.227468 -0.078000 0.00000000 0.00000000 -0.44367424 0.89618813
425.268000000 9.785408 0.211302 -0.078000 0.00000000 0.00000000 -0.47137524 0.88193275
425.300000000 9.790370 0.203917 -0.077984 0.00003111 0.00001244 -0.48537216 0.87430765
425.400000000 9.803850 0.179568 -0.077914 0.00003279 0.00006129 -0.52831050 0.84905124
425.518000000 9.803151 0.180128 -0.078000 0.00000000 -0.00000000 -0.52540096 0.85085477
425.643000000 9.810237 0.164921 -0.078000 0.00000000 -0.00000000 -0.55162407 0.83409285
425.700000000 9.816050 0.150164 -0.077968 0.00012470 -0.00003955 -0.57508202 0.81809575
425.800000000 9.819031 0.140329 -0.077953 0.00004573 -0.00003468 -0.59025158 0.80721934
425.900000000 9.822108 0.129757 -0.077995 -0.00000598 -0.00000280 -0.60523595 0.79604613
426.018000000 9.825902 0.114774 -0.078000 -0.00000000 -0.00000000 -0.62703132 0.77899405
426.143000000 9.829718 0.097374 -0.078000 -0.00000000 0.00000000 -0.65095933 0.75911261
426.268000000 9.831312 0.079379 -0.078000 -0.00000000 0.00000000 -0.67425953 0.73849448
426.300000000 9.832132 0.070520 -0.077955 0.00006349 -0.00007097 -0.68594682 0.72765167
426.400000000 9.832431 0.042715 -0.077856 0.00006552 -0.00007488 -0.72133091 0.69259058
426.518000000 9.832911 0.044559 -0.078000 -0.00000000 0.00000000 -0.71885742 0.69515755
426.643000000 9.830983 0.026793 -0.078000 0.00000000 0.00000000 -0.73978482 0.67284353
426.768000000 9.829191 0.009866 -0.078000 -0.00000000 0.00000000 -0.75446259 0.65634305
426.800000000 9.827934 0.001038 -0.077977 0.00008971 -0.00007675 -0.76206467 0.64750091
426.900000000 9.822318 -0.026280 -0.077884 0.00017449 -0.00017154 -0.78415477 0.62056526
427.018000000 9.824079 -0.022011 -0.078000 0.00000000 -0.00000000 -0.77518325 0.63173644
427.143000000 9.821675 -0.038796 -0.078000 -0.00000000 0.00000000 -0.78478758 0.61976484
427.200000000 9.817827 -0.054247 -0.077964 0.00001884 0.00004203 -0.79179060 0.61079264
427.300000000 9.814441 -0.063717 -0.077979 -0.00001923 -0.00000924 -0.79630815 0.60489117
427.400000000 9.812201 -0.072874 -0.077991 0.00001496 -0.00001993 -0.80067847 0.59909430
427.518000000 9.808136 -0.087375 -0.078000 -0.00000000 0.00000000 -0.80716842 0.59032122
427.643000000 9.802638 -0.103210 -0.078000 -0.00000000 0.00000000 -0.81414146 0.58066659
427.768000000 9.797714 -0.118747 -0.078000 -0.00000000 -0.00000000 -0.81644879 0.57741785
427.800000000 9.794691 -0.127166 -0.077950 -0.00004138 0.00004429 -0.81775605 0.57556497
427.900000000 9.785068 -0.153448 -0.077886 0.00004707 0.00001287 -0.82142442 0.57031738
428.018000000 9.787020 -0.151027 -0.078000 -0.00000000 0.00000000 -0.81843551 0.57459840
428.143000000 9.780855 -0.167816 -0.078000 0.00000000 0.00000000 -0.82295401 0.56810800
428.268000000 9.775313 -0.183546 -0.078000 -0.00000000 -0.00000000 -0.82600971 0.56365588
428.300000000 9.772044 -0.191866 -0.077971 -0.00001085 0.00001225 -0.82914722 0.55903032
428.400000000 9.761264 -0.217593 -0.077889 -0.00013087 0.00020274 -0.84043728 0.54190877
428.518000000 9.760441 -0.216434 -0.078000 0.00000000 0.00000000 -0.84681142 0.53189324
428.643000000 9.752106 -0.231992 -0.078000 -0.00000000 0.00000000 -0.85646302 0.51620838
428.768000000 9.743467 -0.247548 -0.078000 0.00000000 0.00000000 -0.86577119 0.50044006
428.893000000 9.735205 -0.262888 -0.078000 0.00000000 0.00000000 0.87488517 -0.48433040
428.900000000 9.734178 -0.264549 -0.077995 -0.00001376 0.00001417 0.87589550 -0.48250085
429.018000000 9.725038 -0.277152 -0.078000 -0.00000000 0.00000000 0.88368432 -0.46808335
429.143000000 9.710744 -0.288572 -0.078000 -0.00000000 0.00000000 0.89239200 -0.45126104
429.268000000 9.699913 -0.302161 -0.078000 0.00000000 0.00000000 0.90061201 -0.43462399
429.300000000 9.694376 -0.309154 -0.077952 0.00003414 -0.00004397 0.90472879 -0.42598804
429.400000000 9.676053 -0.330172 -0.077884 -0.00001660 -0.00003413 0.91705603 -0.39875837
429.518000000 9.677498 -0.328951 -0.078000 0.00000000 0.00000000 0.91616301 -0.40080586
429.643000000 9.665836 -0.341577 -0.078000 0.00000000 0.00000000 0.92349756 -0.38360430
429.768000000 9.653699 -0.352336 -0.078000 -0.00000000 -0.00000000 0.93047251 -0.36636171
429.800000000 9.647171 -0.358417 -0.077967 -0.00001034 0.00004963 0.93393378 -0.35744606
429.900000000 9.625896 -0.376437 -0.077895 0.00003521 -0.00004270 0.94420008 -0.32937244
430.018000000 9.627953 -0.374128 -0.078000 0.00000000 -0.00000000 0.94352414 -0.33130377
430.143000000 9.613264 -0.385420 -0.078000 0.00000000 0.00000000 0.94954261 -0.31363806
430.268000000 9.599298 -0.396112 -0.078000 -0.00000000 0.00000000 0.95523191 -0.29585808
430.300000000 9.591952 -0.401171 -0.077965 -0.00001547 0.00010269 0.95801835 -0.28670687
430.400000000 9.568158 -0.415726 -0.077885 -0.00006807 0.00018078 0.96615926 -0.25794620
430.518000000 9.569724 -0.415452 -0.078000 -0.00000000 0.00000000 0.96566544 -0.25978888
430.643000000 9.554774 -0.424150 -0.078000 -0.00000000 -0.00000000 0.97209741 -0.23457755
430.700000000 9.540516 -0.431105 -0.077939 0.00003143 0.00001476 0.97721902 -0.21223334
430.800000000 9.531287 -0.436680 -0.077984 -0.00002391 0.00003540 0.98046552 -0.19669105
430.900000000 9.521683 -0.440072 -0.077995 -0.00000780 0.00002846 0.98478616 -0.17377059
431.018000000 9.506418 -0.445198 -0.078000 -0.00000000 -0.00000000 0.98918393 -0.14668044
431.143000000 9.489388 -0.450374 -0.078000 -0.00000000 0.00000000 0.99324912 -0.11600076
431.268000000 9.472409 -0.453381 -0.078000 0.00000000 0.00000000 0.99637544 -0.08506452
431.300000000 9.463640 -0.454915 -0.077990 -0.00000506 0.00000129 0.99760447 -0.06917601
431.400000000 9.435952 -0.457432 -0.077884 0.00002348 0.00026080 0.99981121 -0.01942895
431.518000000 9.438052 -0.456477 -0.078000 -0.00000000 -0.00000000 0.99973616 -0.02296982
431.643000000 9.421237 -0.457497 -0.078000 -0.00000000 -0.00000000 0.99996621 0.00822067
431.768000000 9.403892 -0.456387 -0.078000 -0.00000000 0.00000000 0.99922958 0.03924598
431.800000000 9.395020 -0.455730 -0.077965 0.00001212 -0.00003656 0.99847696 0.05517028
431.900000000 9.367568 -0.451278 -0.077882 0.00001783 0.00005545 0.99449091 0.10482281
432.018000000 9.369758 -0.452287 -0.078000 0.00000000 -0.00000000 0.99484253 0.10143146
432.143000000 9.352099 -0.448795 -0.078000 0.00000000 -0.00000000 0.99120430 0.13234062
432.268000000 9.335632 -0.443206 -0.078000 0.00000000 0.00000000 0.98659372 0.16319570
432.393000000 9.318744 -0.437175 -0.078000 -0.00000000 -0.00000000 0.98103416 0.19383490
432.400000000 9.316933 -0.436458 -0.077997 -0.00000447 -0.00000160 0.98035224 0.19725487
432.518000000 9.303932 -0.431275 -0.078000 0.00000000 -0.00000000 0.97453082 0.22425359
432.643000000 9.287828 -0.422629 -0.078000 0.00000000 -0.00000000 0.96710483 0.25437817
432.768000000 9.271654 -0.413239 -0.078000 -0.00000000 0.00000000 0.95872388 0.28433874
432.800000000 9.264171 -0.408421 -0.077985 0.00003245 0.00008979 0.95406976 0.29958453
432.900000000 9.242166 -0.391435 -0.077876 0.00021499 0.00037506 0.93796761 0.34672261
433.018000000 9.245139 -0.391378 -0.078000 -0.00000000 0.00000000 0.93917351 0.34344305
433.143000000 9.232458 -0.379991 -0.078000 -0.00000000 -0.00000000 0.92803918 0.37248260
433.268000000 9.220605 -0.366977 -0.078000 0.00000000 0.00000000 0.91600056 0.40117699
433.300000000 9.214534 -0.360479 -0.077964 0.00002512 0.00001197 0.90948883 0.41572836
433.400000000 9.197447 -0.338537 -0.077863 0.00018541 0.00031047 0.88765836 0.46050245
433.518000000 9.197549 -0.340106 -0.078000 0.00000000 0.00000000 0.88928997 0.45734380
433.643000000 9.187517 -0.326228 -0.078000 -0.00000000 0.00000000 0.87462430 0.48480134
433.768000000 9.180595 -0.310966 -0.078000 -0.00000000 -0.00000000 0.85912061 0.51177316
433.800000000 9.176332 -0.303155 -0.077976 -0.00003302 -0.00000938 0.85085312 0.52540363
433.900000000 9.165193 -0.277652 -0.077886 0.00002595 0.00015019 0.82363515 0.56712003
434.018000000 9.166504 -0.278496 -0.078000 0.00000000 -0.00000000 0.82562023 0.56422623
434.143000000 9.160494 -0.263048 -0.078000 0.00000000 0.00000000 0.80763141 0.58968764
434.200000000 9.156095 -0.247812 -0.077965 0.00012166 0.00020646 0.79056409 0.61237926
434.300000000 9.153222 -0.237379 -0.077972 -0.00002394 -0.00000488 0.77898227 0.62704596
434.400000000 9.148597 -0.209962 -0.077886 0.00001057 -0.00005335 0.74679051 0.66505934
434.518000000 9.148800 -0.212450 -0.078000 -0.00000000 0.00000000 0.74911904 0.66243540
434.643000000 9.147794 -0.195136 -0.078000 -0.00000000 0.00000000 0.72809843 0.68547260
434.768000000 9.146535 -0.177730 -0.078000 0.00000000 -0.00000000 0.70647434 0.70773866
434.800000000 9.146541 -0.168832 -0.077974 0.00002240 0.00003863 0.69510436 0.71890884
434.900000000 9.148789 -0.141116 -0.077892 0.00003441 0.00000307 0.65844307 0.75263054
435.018000000 9.149299 -0.143127 -0.078000 0.00000000 0.00000000 0.66105631 0.75033629
435.143000000 9.151626 -0.124609 -0.078000 0.00000000 -0.00000000 0.63740308 0.77053054
435.268000000 9.155245 -0.108866 -0.078000 -0.00000000 0.00000000 0.61308799 0.79001463
435.300000000 9.157412 -0.100238 -0.077972 0.00010251 0.00008071 0.60041692 0.79968713
435.400000000 9.166637 -0.073980 -0.077884 0.00041448 0.00036938 0.55995919 0.82852000
435.518000000 9.166918 -0.076454 -0.078000 0.00000000 -0.00000000 0.56341759 0.82617227
435.643000000 9.173542 -0.059631 -0.078000 -0.00000000 0.00000000 0.54660339 0.83739163
435.700000000 9.180236 -0.045209 -0.077961 0.00007460 0.00011136 0.53123840 0.84722237
435.800000000 9.184842 -0.036032 -0.077991 -0.00001522 -0.00000569 0.52689651 0.84992945
435.900000000 9.189473 -0.026851 -0.077997 0.00002116 0.00001050 0.52436274 0.85149499
436.018000000 9.196107 -0.013811 -0.078000 0.00000000 0.00000000 0.51516480 0.85709114
436.143000000 9.203954 0.000204 -0.078000 -0.00000000 -0.00000000 0.51212653 0.85891002
436.268000000 9.212835 0.015831 -0.078000 0.00000000 -0.00000000 0.50634754 0.86232950
436.300000000 9.217193 0.023646 -0.078000 -0.00006677 -0.00001795 0.50350076 0.86399478
436.400000000 9.231173 0.047865 -0.077884 -0.00013419 -0.00002898 0.49485396 0.86897615
436.518000000 9.230837 0.046366 -0.078000 0.00000000 0.00000000 0.49514141 0.86881240
436.643000000 9.239750 0.062811 -0.078000 0.00000000 -0.00000000 0.48963767 0.87192600
436.768000000 9.249138 0.077882 -0.078000 0.00000000 -0.00000000 0.48419168 0.87496195
436.800000000 9.253885 0.085466 -0.077970 -0.00004473 -0.00003013 0.48140062 0.87650068
436.900000000 9.269078 0.108924 -0.077881 -0.00013228 -0.00012151 0.47264469 0.88125307
437.018000000 9.266810 0.107267 -0.078000 0.00000000 0.00000000 0.47323684 0.88093524
437.143000000 9.276741 0.120752 -0.078000 0.00000000 -0.00000000 0.46766020 0.88390833
437.268000000 9.287369 0.133793 -0.078000 0.00000000 -0.00000000 0.46210046 0.88682758
437.393000000 9.297700 0.147634 -0.078000 0.00000000 0.00000000 0.45648955 0.88972877
437.400000000 9.298836 0.149228 -0.077993 -0.00001254 -0.00000568 0.45586869 0.89004704
437.518000000 9.309449 0.162432 -0.078000 0.00000000 0.00000000 0.45088645 0.89258132
437.643000000 9.319396 0.176208 -0.078000 0.00000000 -0.00000000 0.44530629 0.89537830
437.768000000 9.329141 0.190312 -0.078000 0.00000000 -0.00000000 0.43970086 0.89814429
437.800000000 9.334618 0.197389 -0.077985 0.00006361 0.00005592 0.43683511 0.89954159
437.900000000 9.352150 0.219168 -0.077887 0.00021948 0.00007885 0.42785076 0.90384936
438.018000000 9.351553 0.217704 -0.078000 0.00000000 -0.00000000 0.42839916 0.90358960
438.143000000 9.361734 0.230816 -0.078000 -0.00000000 -0.00000000 0.42280583 0.90622030
438.268000000 9.373210 0.244435 -0.078000 0.00000000 -0.00000000 0.41752888 0.90866365
438.300000000 9.379032 0.251236 -0.077973 -0.00001279 0.00001172 0.41610528 0.90931645
438.400000000 9.397490 0.272290 -0.077887 0.00018134 0.00008253 0.41368231 0.91042128
438.518000000 9.396335 0.271136 -0.078000 -0.00000000 0.00000000 0.41943340 0.90778611
438.643000000 9.407068 0.284760 -0.078000 0.00000000 -0.00000000 0.41929013 0.90785229
438.768000000 9.418108 0.297847 -0.078000 -0.00000000 -0.00000000 0.41913090 0.90792582
438.800000000 9.423925 0.304663 -0.077985 -0.00005287 0.00000504 0.41914116 0.90792108
438.900000000 9.442040 0.326008 -0.077882 -0.00023926 -0.00009474 0.41914680 0.90791844
439.018000000 9.441470 0.323991 -0.078000 0.00000000 0.00000000 0.41918714 0.90789985
439.143000000 9.451853 0.336935 -0.078000 0.00000000 0.00000000 0.41916453 0.90791029
439.200000000 9.462202 0.349090 -0.077954 -0.00003403 0.00003116 0.41916621 0.90790951
439.300000000 9.469772 0.356521 -0.077956 0.00002596 0.00000417 0.41910655 0.90793706
439.400000000 9.476907 0.363957 -0.077995 -0.00001288 -0.00000996 0.41910226 0.90793904
439.518000000 9.486781 0.375713 -0.078000 0.00000000 -0.00000000 0.41906603 0.90795576
439.643000000 9.498806 0.388225 -0.078000 0.00000000 -0.00000000 0.42514836 0.90512368
439.768000000 9.507471 0.401495 -0.078000 0.00000000 -0.00000000 0.42875012 0.90342312
439.800000000 9.513142 0.408448 -0.077956 0.00002201 -0.00001620 0.43315963 0.90131722
439.900000000 9.530370 0.430585 -0.077844 -0.00016215 -0.00014295 0.44891698 0.89357344
440.018000000 9.530497 0.428353 -0.078000 0.00000000 -0.00000000 0.45342786 0.89129298
440.143000000 9.540536 0.442710 -0.078000 0.00000000 0.00000000 0.46423636 0.88571135
440.268000000 9.550519 0.457347 -0.078000 0.00000000 -0.00000000 0.47512495 0.87991834
440.300000000 9.555458 0.464843 -0.077968 0.00002689 0.00002662 0.48072894 0.87686925
440.400000000 9.570065 0.488826 -0.077912 -0.00016224 -0.00000261 0.49810824 0.86711484
440.518000000 9.568982 0.487599 -0.078000 0.00000000 0.00000000 0.49674397 0.86789713
440.643000000 9.577625 0.501197 -0.078000 0.00000000 0.00000000 0.50749629 0.86165394
440.768000000 9.585862 0.516883 -0.078000 -0.00000000 0.00000000 0.51818898 0.85526615
440.893000000 9.593610 0.531737 -0.078000 0.00000000 0.00000000 0.52878633 0.84875498
440.900000000 9.594486 0.533494 -0.077994 -0.00001371 -0.00001079 0.52996965 0.84801661
441.018000000 9.602050 0.547102 -0.078000 0.00000000 0.00000000 0.53923860 0.84215303
441.143000000 9.607811 0.562440 -0.078000 -0.00000000 0.00000000 0.54960684 0.83542344
441.268000000 9.616292 0.578287 -0.078000 0.00000000 -0.00000000 0.55947219 0.82884912
441.300000000 9.619659 0.586601 -0.077975 0.00001104 0.00002430 0.56257498 0.82674627
441.400000000 9.629631 0.612806 -0.077884 0.00011790 0.00016261 0.57227455 0.82006207
441.518000000 9.626122 0.614347 -0.078000 -0.00000000 0.00000000 0.56078578 0.82796093
441.643000000 9.632565 0.630289 -0.078000 -0.00000000 -0.00000000 0.56308079 0.82640185
441.768000000 9.638563 0.647116 -0.078000 0.00000000 -0.00000000 0.56253387 0.82677424
441.800000000 9.641843 0.655454 -0.077983 -0.00006296 -0.00005283 0.56257549 0.82674592
441.900000000 9.652090 0.681488 -0.077866 0.00000461 -0.00009252 0.56263592 0.82670479
442.018000000 9.650508 0.679237 -0.078000 0.00000000 0.00000000 0.56267610 0.82667745
442.143000000 9.658597 0.694697 -0.078000 -0.00000000 0.00000000 0.56274181 0.82663272
442.268000000 9.665357 0.709674 -0.078000 0.00000000 0.00000000 0.56281824 0.82658068
442.300000000 9.668642 0.718002 -0.077961 -0.00001957 -0.00003970 0.56226104 0.82695981
442.400000000 9.678930 0.744020 -0.077879 -0.00010379 -0.00002546 0.55923556 0.82900879
442.518000000 9.679083 0.741519 -0.078000 0.00000000 -0.00000000 0.55345183 0.83288119
442.643000000 9.684357 0.757685 -0.078000 0.00000000 -0.00000000 0.54034801 0.84144164
442.700000000 9.691147 0.772085 -0.077960 0.00012520 0.00008719 0.53131663 0.84717331
442.800000000 9.703723 0.797023 -0.077873 0.00017205 0.00020880 0.51474119 0.85734558
442.900000000 9.709054 0.805250 -0.077891 -0.00015215 -0.00013507 0.50830159 0.86117911
443.018000000 9.708012 0.804047 -0.078000 0.00000000 -0.00000000 0.50975376 0.86032035
443.143000000 9.716208 0.818325 -0.078000 0.00000000 -0.00000000 0.49913083 0.86652664
443.268000000 9.726222 0.833593 -0.078000 0.00000000 -0.00000000 0.48837561 0.87263352
443.300000000 9.730886 0.841209 -0.077972 0.00009959 0.00004059 0.48279996 0.87573066
443.400000000 9.746285 0.864510 -0.077885 0.00016097 0.00013898 0.46525725 0.88517549
443.518000000 9.743844 0.862527 -0.078000 -0.00000000 -0.00000000 0.46690306 0.88430851
443.643000000 9.755570 0.876474 -0.078000 0.00000000 -0.00000000 0.46336497 0.88616754
443.768000000 9.765789 0.890564 -0.078000 -0.00000000 0.00000000 0.46285420 0.88643442
443.800000000 9.770930 0.897904 -0.077983 -0.00001857 0.00002114 0.46343085 0.88613309
443.900000000 9.786953 0.920903 -0.077907 0.00012877 0.00011886 0.46526180 0.88517310
444.018000000 9.784927 0.920102 -0.078000 0.00000000 -0.00000000 0.46982961 0.88275713
444.143000000 9.795006 0.934639 -0.078000 0.00000000 0.00000000 0.47603371 0.87942703
444.268000000 9.805458 0.949216 -0.078000 -0.00000000 -0.00000000 0.48728266 0.87324430
444.300000000 9.810213 0.956831 -0.077983 -0.00007510 -0.00006426 0.49256533 0.87027547
444.400000000 9.814215 0.965237 -0.077994 0.00000885 0.00000615 0.49743915 0.86749887
444.518000000 9.821391 0.978763 -0.078000 0.00000000 -0.00000000 0.51385112 0.85787938
444.643000000 9.829450 0.994128 -0.078000 0.00000000 -0.00000000 0.52947514 0.84832546
444.768000000 9.836991 1.011328 -0.078000 0.00000000 -0.00000000 0.54513368 0.83834914
444.800000000 9.840662 1.019533 -0.077972 -0.00006901 -0.00004965 0.55283909 0.83328803
444.900000000 9.850769 1.045736 -0.077880 -0.00036422 -0.00019417 0.57489933 0.81822405
445.018000000 9.850721 1.044097 -0.078000 0.00000000 0.00000000 0.56761189 0.82329627
445.143000000 9.856683 1.059985 -0.078000 0.00000000 0.00000000 0.56973741 0.82182679
445.268000000 9.861934 1.076915 -0.078000 0.00000000 -0.00000000 0.57491308 0.81821449
445.300000000 9.864975 1.085352 -0.077976 0.00003758 0.00004024 0.57649896 0.81709788
445.400000000 9.874140 1.111807 -0.077899 -0.00004209 -0.00002318 0.58018934 0.81448163
445.518000000 9.875594 1.109681 -0.078000 -0.00000000 -0.00000000 0.57485721 0.81825375
445.643000000 9.881404 1.126464 -0.078000 -0.00000000 -0.00000000 0.56603156 0.82438357
445.768000000 9.886315 1.141693 -0.078000 -0.00000000 0.00000000 0.55401856 0.83250432
445.893000000 9.892970 1.157146 -0.078000 -0.00000000 0.00000000 0.54427705 0.83890553
445.900000000 9.893760 1.158933 -0.077991 0.00001635 -0.00000013 0.54311899 0.83965574
446.018000000 9.900312 1.173927 -0.078000 0.00000000 -0.00000000 0.53416701 0.84537897
446.143000000 9.908208 1.188974 -0.078000 0.00000000 0.00000000 0.52373157 0.85188335
446.268000000 9.916745 1.204766 -0.078000 0.00000000 -0.00000000 0.51315293 0.85829719
446.300000000 9.920962 1.212634 -0.077972 -0.00004627 -0.00004931 0.50659828 0.86218222
446.400000000 9.934961 1.236758 -0.077883 -0.00005479 -0.00002461 0.48568292 0.87413506
446.518000000 9.936314 1.235894 -0.078000 0.00000000 -0.00000000 0.48179605 0.87628338
446.643000000 9.944270 1.249823 -0.078000 -0.00000000 0.00000000 0.45671024 0.88961551
446.768000000 9.955288 1.263461 -0.078000 0.00000000 -0.00000000 0.43464745 0.90060069
446.800000000 9.960829 1.270439 -0.077980 0.00003108 0.00003563 0.42319722 0.90603759
446.900000000 9.979505 1.291109 -0.077911 -0.00001571 0.00003167 0.38673006 0.92219296
447.018000000 9.978135 1.287786 -0.078000 0.00000000 0.00000000 0.38950278 0.92102529
447.143000000 9.989903 1.299925 -0.078000 0.00000000 -0.00000000 0.36647768 0.93042684
447.268000000 10.003053 1.311876 -0.078000 -0.00000000 0.00000000 0.34330207 0.93922505
447.300000000 10.009844 1.317638 -0.077959 0.00011401 0.00003789 0.33129540 0.94352707
447.400000000 10.032323 1.334109 -0.077895 0.00019534 0.00013518 0.29344116 0.95597711
447.518000000 10.031183 1.333685 -0.078000 0.00000000 0.00000000 0.29622837 0.95511714
447.643000000 10.045896 1.342279 -0.078000 0.00000000 0.00000000 0.26586515 0.96401023
447.700000000 10.059676 1.350096 -0.077945 -0.00005562 -0.00002296 0.23826986 0.97119899
447.800000000 10.068060 1.352757 -0.077973 0.00008081 0.00004494 0.21460003 0.97670201
447.900000000 10.093917 1.362922 -0.077882 0.00045791 0.00011421 0.15792526 0.98745096
448.018000000 10.091158 1.365260 -0.078000 0.00000000 -0.00000000 0.16195680 0.98679785
448.143000000 10.108805 1.370203 -0.078000 -0.00000000 -0.00000000 0.12523431 0.99212719
448.268000000 10.126099 1.375064 -0.078000 0.00000000 -0.00000000 0.08816825 0.99610560
448.300000000 10.134837 1.376660 -0.077980 0.00000829 0.00001311 0.06911123 0.99760896
448.400000000 10.162530 1.378900 -0.077901 0.00033715 0.00007635 0.00940820 0.99995568
448.518000000 10.159799 1.378611 -0.078000 0.00000000 -0.00000000 0.01356157 0.99990804
448.643000000 10.177613 1.378183 -0.078000 0.00000000 0.00000000 -0.02382976 0.99971603
448.768000000 10.194111 1.376815 -0.078000 -0.00000000 -0.00000000 -0.06116178 0.99812787
448.800000000 10.202933 1.375768 -0.077960 0.00005617 -0.00001237 -0.08024020 0.99677555
448.900000000 10.230032 1.369683 -0.077883 -0.00002720 -0.00002155 -0.13964656 0.99020141
449.018000000 10.228804 1.369542 -0.078000 -0.00000000 -0.00000000 -0.13546798 0.99078173
449.143000000 10.245505 1.364566 -0.078000 -0.00000000 -0.00000000 -0.17241080 0.98502514
449.268000000 10.261505 1.357936 -0.078000 0.00000000 0.00000000 -0.20914416 0.97788482
449.300000000 10.269620 1.354329 -0.077967 0.00010980 -0.00004866 -0.22780962 0.97370569
449.400000000 10.278063 1.349183 -0.077993 0.00000112 0.00000377 -0.24958234 0.96835358
449.518000000 10.291676 1.341544 -0.078000 -0.00000000 -0.00000000 -0.28160803 0.95952953
449.643000000 10.305812 1.331288 -0.078000 0.00000000 -0.00000000 -0.31724610 0.94834325
449.768000000 10.319218 1.319892 -0.078000 0.00000000 0.00000000 -0.35246101 0.93582650
449.800000000 10.325921 1.314066 -0.077970 0.00012841 -0.00005767 -0.37029624 0.92891370
449.900000000 10.344934 1.293808 -0.077885 0.00043356 -0.00010430 -0.42512824 0.90513302
450.018000000 10.343591 1.295337 -0.078000 -0.00000000 -0.00000000 -0.42136832 0.90688960
450.143000000 10.354494 1.282970 -0.078000 -0.00000000 -0.00000000 -0.45501904 0.89048171
450.268000000 10.364050 1.268252 -0.078000 -0.00000000 -0.00000000 -0.48798518 0.87285191
450.300000000 10.368759 1.260719 -0.077971 0.00008814 -0.00004840 -0.50458883 0.86335978
450.400000000 10.380836 1.235697 -0.077890 0.00045937 -0.00028013 -0.55526296 0.83167467
450.518000000 10.380400 1.236754 -0.078000 0.00000000 0.00000000 -0.55177781 0.83399116
450.643000000 10.386241 1.219140 -0.078000 0.00000000 0.00000000 -0.58253302 0.81280704
450.768000000 10.390839 1.204138 -0.078000 0.00000000 0.00000000 -0.61250538 0.79046642
450.800000000 10.393089 1.195540 -0.077983 0.00000335 0.00001371 -0.62751336 0.77860579
450.900000000 10.397268 1.168088 -0.077878 0.00006772 -0.00014012 -0.67290440 0.73972944
451.018000000 10.396362 1.169084 -0.078000 0.00000000 0.00000000 -0.66982389 0.74252001
451.143000000 10.398836 1.152435 -0.078000 -0.00000000 -0.00000000 -0.69713682 0.71693811
451.200000000 10.398753 1.136599 -0.077950 0.00016818 -0.00014308 -0.72115325 0.69277554
451.300000000 10.397722 1.125911 -0.077958 0.00003049 -0.00005532 -0.73650125 0.67643618
451.400000000 10.393753 1.098429 -0.077862 -0.00003583 -0.00000089 -0.77559537 0.63123040
451.518000000 10.393155 1.100768 -0.078000 -0.00000000 0.00000000 -0.77291665 0.63450756
451.643000000 10.393983 1.084262 -0.078000 0.00000000 -0.00000000 -0.79163917 0.61098889
451.768000000 10.390912 1.066609 -0.078000 0.00000000 0.00000000 -0.81095420 0.58510964
451.800000000 10.388153 1.058139 -0.077972 0.00006216 -0.00005681 -0.81852271 0.57447416
451.900000000 10.377482 1.032374 -0.077891 0.00024273 -0.00033396 -0.84019169 0.54228937
452.018000000 10.378761 1.033796 -0.078000 -0.00000000 0.00000000 -0.83139189 0.55568653
452.143000000 10.373693 1.018942 -0.078000 -0.00000000 0.00000000 -0.83711033 0.54703409
452.268000000 10.365573 1.001332 -0.078000 -0.00000000 0.00000000 -0.84434100 0.53580619
452.300000000 10.361796 0.993223 -0.077975 -0.00005223 0.00007110 -0.84614681 0.53294987
452.400000000 10.349400 0.968165 -0.077879 -0.00004377 0.00001970 -0.85231545 0.52302808
452.518000000 10.352517 0.971224 -0.078000 -0.00000000 0.00000000 -0.84864315 0.52896579
452.643000000 10.344194 0.956006 -0.078000 0.00000000 0.00000000 -0.85187129 0.52375119
452.768000000 10.335727 0.940044 -0.078000 0.00000000 -0.00000000 -0.85509383 0.51847329
452.800000000 10.331581 0.932112 -0.077980 0.00005348 -0.00004335 -0.85594729 0.51706309
452.900000000 10.328243 0.923532 -0.077999 -0.00000559 0.00001449 -0.85391763 0.52040819
453.018000000 10.320437 0.909989 -0.078000 -0.00000000 0.00000000 -0.85464747 0.51920872
453.143000000 10.312811 0.894841 -0.078000 -0.00000000 0.00000000 -0.85465988 0.51918830
453.268000000 10.304714 0.879704 -0.078000 -0.00000000 0.00000000 -0.85469502 0.51913045
453.300000000 10.300590 0.871745 -0.077996 0.00004402 -0.00003550 -0.85468567 0.51914584
453.400000000 10.287637 0.846936 -0.077892 0.00006774 -0.00026203 -0.85468801 0.51914192
453.518000000 10.288909 0.848880 -0.078000 -0.00000000 0.00000000 -0.85477718 0.51899515
453.643000000 10.280164 0.833801 -0.078000 -0.00000000 0.00000000 -0.85482734 0.51891253
453.768000000 10.272339 0.818386 -0.078000 -0.00000000 0.00000000 -0.85484557 0.51888250
453.800000000 10.268212 0.810438 -0.077971 -0.00004550 0.00003349 -0.85484582 0.51888208
453.900000000 10.255288 0.785618 -0.077864 0.00000403 -0.00010684 -0.85484561 0.51888243
454.018000000 10.256234 0.787503 -0.078000 0.00000000 0.00000000 -0.85490078 0.51879153
454.143000000 10.247228 0.772365 -0.078000 0.00000000 -0.00000000 -0.85493326 0.51873801
454.268000000 10.240003 0.756782 -0.078000 -0.00000000 0.00000000 -0.85497378 0.51867121
454.393000000 10.230949 0.741083 -0.078000 0.00000000 0.00000000 -0.85499217 0.51864091
454.400000000 10.230043 0.739345 -0.077992 0.00000598 -0.00001507 -0.85499210 0.51864102
454.518000000 10.222167 0.725771 -0.078000 0.00000000 0.00000000 -0.85501785 0.51859856
454.643000000 10.214125 0.710023 -0.078000 0.00000000 0.00000000 -0.85504096 0.51856047
454.768000000 10.204903 0.693266 -0.078000 0.00000000 -0.00000000 -0.85506739 0.51851688
454.800000000 10.200367 0.684581 -0.077969 -0.00003550 0.00005874 -0.85506736 0.51851694
454.900000000 10.185669 0.656236 -0.077866 -0.00015224 0.00030302 -0.85506746 0.51851666
455.018000000 10.186635 0.658345 -0.078000 0.00000000 -0.00000000 -0.85510658 0.51845225
455.143000000 10.178889 0.640980 -0.078000 -0.00000000 -0.00000000 -0.85511694 0.51843516
455.268000000 10.169709 0.622354 -0.078000 -0.00000000 0.00000000 -0.85511322 0.51844129
455.300000000 10.164979 0.613278 -0.077971 0.00002828 -0.00006942 -0.85511309 0.51844151
455.400000000 10.150145 0.584924 -0.077868 0.00010502 -0.00008478 -0.85511322 0.51844129
455.518000000 10.149391 0.586782 -0.078000 -0.00000000 -0.00000000 -0.85512603 0.51842017
455.643000000 10.141229 0.569096 -0.078000 -0.00000000 -0.00000000 -0.85512617 0.51841995
455.768000000 10.131692 0.551256 -0.078000 0.00000000 0.00000000 -0.85511103 0.51844491
455.800000000 10.126961 0.542176 -0.077975 0.00004483 -0.00003121 -0.85511100 0.51844497
455.900000000 10.112122 0.513824 -0.077874 0.00012829 -0.00014577 -0.85511072 0.51844539
456.018000000 10.113285 0.515478 -0.078000 0.00000000 0.00000000 -0.85509090 0.51847811
456.143000000 10.104288 0.497951 -0.078000 -0.00000000 -0.00000000 -0.85509953 0.51846388
456.200000000 10.095857 0.481792 -0.077927 -0.00004231 -0.00002692 -0.85509932 0.51846423
456.300000000 10.089938 0.470620 -0.077990 0.00001218 0.00001739 -0.85509858 0.51846544
456.400000000 10.075103 0.442254 -0.077901 0.00015007 -0.00012321 -0.85509812 0.51846617
456.518000000 10.076295 0.444862 -0.078000 -0.00000000 -0.00000000 -0.85512168 0.51842734
456.643000000 10.068260 0.426909 -0.078000 0.00000000 0.00000000 -0.85511850 0.51843259
456.768000000 10.058947 0.409548 -0.078000 0.00000000 0.00000000 -0.85508893 0.51848136
456.800000000 10.054218 0.400467 -0.077964 0.00000337 0.00000938 -0.85508906 0.51848115
456.900000000 10.039410 0.372110 -0.077877 0.00004706 -0.00013069 -0.85508888 0.51848143
457.018000000 10.040898 0.374011 -0.078000 0.00000000 0.00000000 -0.85508034 0.51849553
457.143000000 10.029923 0.355139 -0.078000 -0.00000000 0.00000000 -0.85504887 0.51854742
457.268000000 10.020189 0.336213 -0.078000 -0.00000000 -0.00000000 -0.85506320 0.51852379
457.300000000 10.014938 0.326146 -0.077950 -0.00004954 0.00005720 -0.85506329 0.51852364
457.400000000 9.998036 0.293654 -0.077851 -0.00001477 0.00010188 -0.85506296 0.51852417
457.518000000 9.998447 0.295406 -0.078000 -0.00000000 0.00000000 -0.85504071 0.51856088
457.643000000 9.987658 0.273734 -0.078000 -0.00000000 -0.00000000 -0.85504231 0.51855823
457.768000000 9.975181 0.250906 -0.078000 0.00000000 0.00000000 -0.85501333 0.51860602
457.893000000 9.963567 0.226978 -0.078000 -0.00000000 0.00000000 -0.85499446 0.51863713
457.900000000 9.962209 0.224369 -0.077994 -0.00000821 0.00001306 -0.85499453 0.51863702
458.018000000 9.951413 0.203816 -0.078000 0.00000000 -0.00000000 -0.85496857 0.51867980
458.143000000 9.939062 0.180985 -0.078000 -0.00000000 0.00000000 -0.85495187 0.51870734
458.268000000 9.927206 0.158428 -0.078000 0.00000000 0.00000000 -0.85495064 0.51870937
458.300000000 9.921000 0.146503 -0.077950 0.00003029 -0.00006303 -0.85495037 0.51870981
458.400000000 9.901580 0.109296 -0.077781 -0.00005561 -0.00016450 -0.85495046 0.51870963
458.518000000 9.903772 0.111800 -0.078000 -0.00000000 -0.00000000 -0.85493335 0.51873785
458.643000000 9.892420 0.088571 -0.078000 -0.00000000 0.00000000 -0.85490347 0.51878710
458.768000000 9.881471 0.065933 -0.078000 -0.00000000 0.00000000 -0.85485507 0.51886686
458.800000000 9.875273 0.054010 -0.077958 0.00003070 -0.00004845 -0.85485497 0.51886701
458.900000000 9.855844 0.016789 -0.077828 0.00008672 -0.00022425 -0.85485480 0.51886724
459.018000000 9.856970 0.021015 -0.078000 0.00000000 0.00000000 -0.85478354 0.51898468
459.143000000 9.844019 -0.001829 -0.078000 -0.00000000 0.00000000 -0.85476482 0.51901551
459.268000000 9.832284 -0.025266 -0.078000 0.00000000 0.00000000 -0.85473897 0.51905807
459.300000000 9.826093 -0.037191 -0.077964 -0.00001832 0.00004478 -0.85473925 0.51905761
459.400000000 9.779061 -0.057318 -0.077835 0.00010867 -0.00008379 -0.85465138 0.51920228
459.518000000 9.781343 -0.054279 -0.078000 0.00000000 -0.00000000 -0.85463506 0.51922916
459.643000000 9.769168 -0.077202 -0.078000 -0.00000000 0.00000000 -0.85461877 0.51925597
459.700000000 9.758120 -0.098433 -0.077934 0.00005303 -0.00011115 -0.85461850 0.51925640
459.800000000 9.750881 -0.112839 -0.077959 -0.00000794 0.00006926 -0.85459833 0.51928961
459.900000000 9.731578 -0.150138 -0.077833 -0.00008229 0.00015558 -0.85459839 0.51928947
460.018000000 9.732287 -0.147245 -0.078000 -0.00000000 0.00000000 -0.85454506 0.51937725
460.143000000 9.721068 -0.170401 -0.078000 0.00000000 -0.00000000 -0.85454935 0.51937021
460.268000000 9.708236 -0.194040 -0.078000 0.00000000 -0.00000000 -0.85450610 0.51944136
460.300000000 9.702045 -0.205968 -0.077953 0.00001660 -0.00008753 -0.85450572 0.51944198
460.400000000 9.682694 -0.243214 -0.077797 -0.00002891 -0.00012656 -0.85450548 0.51944236
460.518000000 9.684560 -0.239417 -0.078000 -0.00000000 0.00000000 -0.85445376 0.51952746
460.643000000 9.672194 -0.261207 -0.078000 0.00000000 -0.00000000 -0.85445857 0.51951954
460.768000000 9.660111 -0.282907 -0.078000 -0.00000000 0.00000000 -0.85445521 0.51952507
460.800000000 9.653934 -0.294839 -0.077958 0.00002510 -0.00004379 -0.85445517 0.51952514
460.900000000 9.634538 -0.332090 -0.077823 0.00020904 -0.00029714 -0.85445456 0.51952601
461.018000000 9.636789 -0.328229 -0.078000 -0.00000000 -0.00000000 -0.85441544 0.51959047
461.143000000 9.624792 -0.349931 -0.078000 -0.00000000 0.00000000 -0.85439232 0.51962848
461.200000000 9.613756 -0.371171 -0.077936 0.00007758 -0.00013296 -0.85439197 0.51962903
461.300000000 9.606113 -0.385996 -0.077960 -0.00001236 0.00004023 -0.85442915 0.51956792
461.400000000 9.599117 -0.399285 -0.077992 -0.00000900 0.00000056 -0.85438040 0.51964808
461.518000000 9.587692 -0.419222 -0.078000 -0.00000000 -0.00000000 -0.85434032 0.51971398
461.643000000 9.575063 -0.441497 -0.078000 -0.00000000 -0.00000000 -0.85432160 0.51974475
461.768000000 9.564234 -0.464297 -0.078000 0.00000000 -0.00000000 -0.85433661 0.51972008
461.800000000 9.558048 -0.476225 -0.077944 -0.00001483 -0.00002373 -0.85433639 0.51972043
461.900000000 9.538768 -0.513515 -0.077799 -0.00012701 0.00011209 -0.85433636 0.51972045
462.018000000 9.539499 -0.508190 -0.078000 0.00000000 0.00000000 -0.85435774 0.51968535
462.143000000 9.528740 -0.531840 -0.078000 0.00000000 0.00000000 -0.85436887 0.51966705
462.268000000 9.515892 -0.554989 -0.078000 0.00000000 -0.00000000 -0.85437844 0.51965132
462.300000000 9.509709 -0.566918 -0.077957 0.00001153 -0.00004562 -0.85437823 0.51965165
462.400000000 9.490409 -0.604206 -0.077812 -0.00009119 0.00009104 -0.85437855 0.51965111
462.518000000 9.490735 -0.599867 -0.078000 -0.00000000 -0.00000000 -0.85432957 0.51973165
462.643000000 9.478798 -0.622265 -0.078000 0.00000000 0.00000000 -0.85432793 0.51973434
462.768000000 9.467050 -0.645027 -0.078000 0.00000000 0.00000000 -0.85431772 0.51975113
462.893000000 9.454716 -0.668338 -0.078000 -0.00000000 -0.00000000 -0.85431296 0.51975895
462.900000000 9.453365 -0.670947 -0.077990 -0.00001049 0.00001011 -0.85431298 0.51975891
463.018000000 9.442382 -0.691007 -0.078000 0.00000000 0.00000000 -0.85433111 0.51972911
463.143000000 9.430537 -0.713620 -0.078000 0.00000000 0.00000000 -0.85429519 0.51978816
463.268000000 9.418354 -0.737663 -0.078000 -0.00000000 0.00000000 -0.85425617 0.51985228
463.300000000 9.412118 -0.749734 -0.077927 0.00000047 -0.00005124 -0.85425616 0.51985230
463.400000000 9.392253 -0.788024 -0.077817 0.00016330 -0.00016542 -0.85425625 0.51985210
463.518000000 9.392966 -0.785093 -0.078000 0.00000000 -0.00000000 -0.85434106 0.51971276
463.643000000 9.379493 -0.809283 -0.078000 0.00000000 0.00000000 -0.85436567 0.51967230
463.768000000 9.366272 -0.834098 -0.078000 -0.00000000 0.00000000 -0.85437306 0.51966015
463.800000000 9.359807 -0.846607 -0.077962 0.00002171 0.00002512 -0.85437331 0.51965975
463.900000000 9.339540 -0.885665 -0.077858 0.00012262 -0.00014684 -0.85425669 0.51985139
464.018000000 9.341492 -0.881854 -0.078000 0.00000000 -0.00000000 -0.85405818 0.52017750
464.143000000 9.330660 -0.906580 -0.078000 0.00000000 0.00000000 -0.84862615 0.52899306
464.268000000 9.318313 -0.928197 -0.078000 0.00000000 -0.00000000 -0.84526885 0.53434125
464.300000000 9.312387 -0.940913 -0.077923 -0.00020059 -0.00000333 -0.84356736 0.53702333
464.400000000 9.293980 -0.980895 -0.077938 -0.00003433 -0.00056106 -0.83708249 0.54707640
464.518000000 9.294070 -0.974996 -0.078000 0.00000000 -0.00000000 -0.83395870 0.55182686
464.643000000 9.282621 -1.001429 -0.078000 0.00000000 -0.00000000 -0.82714475 0.56198894
464.700000000 9.273240 -1.025464 -0.078002 0.00080083 -0.00021018 -0.82074409 0.57129542
464.800000000 9.267286 -1.041753 -0.077938 -0.00007140 -0.00027691 -0.81653955 0.57728943
464.900000000 9.261655 -1.057939 -0.077979 -0.00007063 -0.00005438 -0.81228164 0.58326540
465.018000000 9.254662 -1.083037 -0.078000 0.00000000 -0.00000000 -0.80583769 0.59213648
465.143000000 9.245588 -1.111160 -0.078000 0.00000000 -0.00000000 -0.79847278 0.60203092
465.268000000 9.236658 -1.139314 -0.078000 -0.00000000 0.00000000 -0.79095806 0.61187037
465.300000000 9.232639 -1.154143 -0.077980 0.00033828 -0.00070044 -0.78702620 0.61691909
465.400000000 9.221760 -1.200830 -0.077743 0.00067898 -0.00177860 -0.77449951 0.63257165
465.518000000 9.224146 -1.198669 -0.078000 -0.00000000 0.00000000 -0.77546676 0.63138839
465.643000000 9.218675 -1.229054 -0.078000 0.00000000 -0.00000000 -0.76746671 0.64108880
465.768000000 9.213986 -1.258149 -0.078000 0.00000000 -0.00000000 -0.76378426 0.64547161
465.800000000 9.211551 -1.273389 -0.077971 0.00002964 0.00054372 -0.76169520 0.64793528
465.900000000 9.204568 -1.321041 -0.077952 -0.00017851 0.00165023 -0.75598260 0.65458961
466.018000000 9.205897 -1.315735 -0.078000 0.00000000 -0.00000000 -0.76432138 0.64483551
466.143000000 9.200540 -1.346486 -0.078000 -0.00000000 0.00000000 -0.76582834 0.64304506
466.268000000 9.194758 -1.377677 -0.078000 -0.00000000 0.00000000 -0.76954124 0.63859712
466.393000000 9.188872 -1.407417 -0.078000 0.00000000 -0.00000000 -0.77354537 0.63374093
466.400000000 9.188219 -1.410709 -0.077983 -0.00001601 -0.00001094 -0.77398683 0.63320170
466.518000000 9.182895 -1.436740 -0.078000 -0.00000000 0.00000000 -0.77753985 0.62883367
466.643000000 9.176052 -1.466833 -0.078000 0.00000000 -0.00000000 -0.78159136 0.62379079
466.768000000 9.169340 -1.497364 -0.078000 0.00000000 0.00000000 -0.78552675 0.61882771
466.800000000 9.165764 -1.512287 -0.077942 -0.00006633 0.00001462 -0.78749814 0.61631703
466.900000000 9.153824 -1.558711 -0.077781 -0.00005329 -0.00008959 -0.79359904 0.60844108
467.018000000 9.154649 -1.554923 -0.078000 -0.00000000 -0.00000000 -0.79326773 0.60887298
467.143000000 9.146974 -1.585170 -0.078000 -0.00000000 0.00000000 -0.79727468 0.60361667
467.268000000 9.139210 -1.613580 -0.078000 0.00000000 0.00000000 -0.80552913 0.59255617
467.300000000 9.134741 -1.628243 -0.077943 -0.00003243 0.00003450 -0.80975284 0.58677111
467.400000000 9.118875 -1.673435 -0.077784 0.00002781 -0.00005380 -0.82304622 0.56797440
467.518000000 9.120741 -1.667881 -0.078000 0.00000000 0.00000000 -0.82909383 0.55910949
467.643000000 9.108002 -1.695088 -0.078000 0.00000000 0.00000000 -0.84095279 0.54110850
467.768000000 9.095416 -1.722423 -0.078000 -0.00000000 -0.00000000 -0.85399509 0.52028106
467.800000000 9.088434 -1.736048 -0.077956 -0.00001969 0.00003056 -0.86049836 0.50945321
467.900000000 9.063712 -1.776999 -0.077792 0.00007361 0.00003649 0.88006428 -0.47485456
468.018000000 9.064648 -1.773988 -0.078000 0.00000000 0.00000000 0.87896810 -0.47688057
468.143000000 9.048784 -1.797989 -0.078000 0.00000000 0.00000000 0.89066023 -0.45466950
468.200000000 9.032307 -1.819719 -0.077934 -0.00006653 0.00017142 0.90075821 -0.43432087
468.300000000 9.020709 -1.834136 -0.077954 0.00002904 -0.00001526 0.90720727 -0.42068393
468.400000000 8.988369 -1.869407 -0.077801 -0.00006753 0.00009134 0.92324924 -0.38420154
468.518000000 8.990979 -1.866116 -0.078000 0.00000000 0.00000000 0.92234522 -0.38636679
468.643000000 8.969645 -1.887201 -0.078000 0.00000000 -0.00000000 0.93173054 -0.36315039
468.768000000 8.947506 -1.906428 -0.078000 0.00000000 0.00000000 0.94055440 -0.33964307
468.800000000 8.935748 -1.916233 -0.077969 -0.00000790 -0.00003679 0.94480956 -0.32762004
468.900000000 8.897062 -1.944409 -0.077815 -0.00008575 0.00002243 0.95711413 -0.28971113
469.018000000 8.898324 -1.941773 -0.078000 0.00000000 0.00000000 0.95636415 -0.29217738
469.143000000 8.873518 -1.957863 -0.078000 0.00000000 0.00000000 0.96338137 -0.26813493
469.268000000 8.848542 -1.972640 -0.078000 0.00000000 0.00000000 0.96977190 -0.24401323
469.300000000 8.835080 -1.979926 -0.077936 0.00002075 0.00002261 0.97280473 -0.23162674
469.400000000 8.791528 -1.999722 -0.077778 0.00004593 -0.00002396 0.98126227 -0.19267682
469.518000000 8.794099 -1.999230 -0.078000 0.00000000 0.00000000 0.98075046 -0.19526530
469.643000000 8.766640 -2.009901 -0.078000 -0.00000000 0.00000000 0.98532350 -0.17069738
469.700000000 8.740778 -2.018565 -0.077912 -0.00001569 -0.00000769 0.98894733 -0.14826728
469.800000000 8.723655 -2.023913 -0.077941 0.00000026 0.00013169 0.99105828 -0.13342963
469.900000000 8.705818 -2.027827 -0.077990 0.00000129 -0.00000490 0.99294595 -0.11856785
470.018000000 8.680139 -2.033401 -0.078000 -0.00000000 -0.00000000 0.99533101 -0.09652039
470.143000000 8.651535 -2.038192 -0.078000 -0.00000000 0.00000000 0.99742852 -0.07166826
470.268000000 8.621331 -2.041867 -0.078000 -0.00000000 0.00000000 0.99890098 -0.04687048
470.300000000 8.606093 -2.043346 -0.077942 0.00001744 0.00006234 0.99941746 -0.03412833
470.400000000 8.558283 -2.044753 -0.077783 0.00003187 0.00037628 0.99998354 0.00572437
470.518000000 8.560878 -2.044893 -0.078000 0.00000000 0.00000000 0.99999533 0.00305648
470.643000000 8.531076 -2.044665 -0.078000 0.00000000 -0.00000000 0.99960891 0.02796484
470.768000000 8.500905 -2.042744 -0.078000 0.00000000 0.00000000 0.99860151 0.05286807
470.800000000 8.485680 -2.041190 -0.077944 0.00000011 -0.00005192 0.99784588 0.06560176
470.900000000 8.438523 -2.033032 -0.077802 -0.00004050 -0.00001047 0.99443937 0.10531063
471.018000000 8.442971 -2.033631 -0.078000 0.00000000 0.00000000 0.99471992 0.10262694
471.143000000 8.414987 -2.026473 -0.078000 -0.00000000 -0.00000000 0.99192723 0.12680837
471.268000000 8.385272 -2.018447 -0.078000 0.00000000 -0.00000000 0.98992488 0.14159358
471.393000000 8.356518 -2.010186 -0.078000 -0.00000000 0.00000000 0.98845826 0.15149349
471.400000000 8.353317 -2.009181 -0.077990 -0.00000039 -0.00001520 0.98828924 0.15259217
471.518000000 8.326591 -2.001113 -0.078000 0.00000000 0.00000000 0.98767043 0.15654749
471.643000000 8.296640 -1.993083 -0.078000 0.00000000 -0.00000000 0.98752952 0.15743396
471.768000000 8.267822 -1.984321 -0.078000 0.00000000 0.00000000 0.98816136 0.15341813
471.800000000 8.253177 -1.979670 -0.077948 0.00002139 0.00004286 0.98859815 0.15057789
471.900000000 8.207249 -1.965638 -0.077795 0.00004521 0.00022647 0.98995560 0.14137840
472.018000000 8.212520 -1.965999 -0.078000 -0.00000000 0.00000000 0.98965954 0.14343640
472.143000000 8.182886 -1.958382 -0.078000 -0.00000000 0.00000000 0.99053222 0.13728047
472.268000000 8.153311 -1.951726 -0.078000 0.00000000 0.00000000 0.99129590 0.13165275
472.300000000 8.138484 -1.947700 -0.077942 -0.00001180 -0.00008433 0.99139695 0.13088954
472.400000000 8.092091 -1.935525 -0.077775 0.00006216 -0.00011223 0.99136554 0.13112723
472.518000000 8.098417 -1.935313 -0.078000 0.00000000 -0.00000000 0.98958182 0.14397162
472.643000000 8.067148 -1.926466 -0.078000 -0.00000000 -0.00000000 0.98867305 0.15008532
472.768000000 8.038626 -1.917019 -0.078000 -0.00000000 0.00000000 0.98704495 0.16044397
472.800000000 8.024083 -1.912156 -0.077961 -0.00000587 -0.00003174 0.98598498 0.16683411
472.900000000 7.979158 -1.895504 -0.077789 0.00001853 -0.00015295 0.98245002 0.18652598
473.018000000 7.984292 -1.897400 -0.078000 0.00000000 -0.00000000 0.98255019 0.18599763
473.143000000 7.957431 -1.885552 -0.078000 0.00000000 -0.00000000 0.98009663 0.19852101
473.200000000 7.932367 -1.874696 -0.077913 -0.00002275 -0.00014177 0.97777615 0.20965157
473.300000000 7.918441 -1.866770 -0.077952 0.00001583 0.00008783 0.97646572 0.21567264
473.400000000 7.900491 -1.858806 -0.077988 0.00000229 0.00001395 0.97613633 0.21715863
473.518000000 7.878939 -1.845803 -0.078000 -0.00000000 -0.00000000 0.97454324 0.22419964
473.643000000 7.853676 -1.832895 -0.078000 0.00000000 -0.00000000 0.97540860 0.22040433
473.768000000 7.824947 -1.820766 -0.078000 0.00000000 -0.00000000 0.97737237 0.21152602
473.800000000 7.810993 -1.814324 -0.077971 -0.00003849 -0.00007587 0.97797267 0.20873298
473.900000000 7.766920 -1.795225 -0.077801 -0.00004959 -0.00020087 0.98001008 0.19894774
474.018000000 7.770566 -1.797762 -0.078000 0.00000000 -0.00000000 0.97979678 0.19999566
474.143000000 7.742010 -1.786464 -0.078000 0.00000000 -0.00000000 0.98099076 0.19405442
474.268000000 7.715438 -1.776323 -0.078000 -0.00000000 -0.00000000 0.98214551 0.18812281
474.300000000 7.701161 -1.770627 -0.077939 0.00002870 0.00001922 0.98274087 0.18498752
474.400000000 7.656260 -1.753648 -0.077774 0.00007554 -0.00014908 0.98453590 0.17518283
474.518000000 7.660403 -1.754861 -0.078000 0.00000000 -0.00000000 0.98437704 0.17607340
474.643000000 7.630588 -1.745213 -0.078000 0.00000000 0.00000000 0.98537006 0.17042841
474.768000000 7.604467 -1.734314 -0.078000 0.00000000 -0.00000000 0.98500429 0.17252982
474.800000000 7.590000 -1.729168 -0.077938 0.00001595 0.00007001 0.98495917 0.17278722
474.900000000 7.575845 -1.721866 -0.077991 -0.00000583 -0.00001410 0.98387102 0.17887932
475.018000000 7.524577 -1.704980 -0.078000 -0.00000000 0.00000000 0.98317323 0.18267569
475.143000000 7.494805 -1.694457 -0.078000 0.00000000 0.00000000 0.98200526 0.18885356
475.268000000 7.468654 -1.682759 -0.078000 0.00000000 -0.00000000 0.98081483 0.19494169
475.300000000 7.455020 -1.677133 -0.077959 0.00000511 0.00008783 0.98019323 0.19804347
475.400000000 7.413632 -1.659188 -0.077812 0.00006859 0.00016906 0.97817025 0.20780504
475.518000000 7.420058 -1.660709 -0.078000 0.00000000 -0.00000000 0.97825373 0.20741176
475.643000000 7.395837 -1.648878 -0.078000 0.00000000 -0.00000000 0.97690285 0.21368392
475.768000000 7.370920 -1.636392 -0.078000 0.00000000 0.00000000 0.97552341 0.21989562
475.800000000 7.358810 -1.630669 -0.077959 -0.00002463 -0.00005750 0.97481705 0.22300609
475.900000000 7.322225 -1.612545 -0.077845 -0.00004653 0.00009646 0.97254659 0.23270824
476.018000000 7.328442 -1.615762 -0.078000 0.00000000 0.00000000 0.97281109 0.23160006
476.143000000 7.304784 -1.603891 -0.078000 0.00000000 -0.00000000 0.97305149 0.23058794
476.268000000 7.281267 -1.593273 -0.078000 -0.00000000 -0.00000000 0.97421434 0.22562449
476.300000000 7.269784 -1.587590 -0.077948 -0.00001187 -0.00004574 0.97490242 0.22263257
476.400000000 7.233542 -1.570601 -0.077812 -0.00003842 -0.00023569 0.97672028 0.21451676
476.518000000 7.236643 -1.572348 -0.078000 0.00000000 -0.00000000 0.97655151 0.21528389
476.643000000 7.214304 -1.561111 -0.078000 0.00000000 0.00000000 0.97793811 0.20889486
476.700000000 7.193426 -1.551892 -0.077943 -0.00003125 0.00001982 0.97911125 0.20332527
476.800000000 7.156585 -1.536190 -0.077820 -0.00001656 0.00015408 0.98160708 0.19091233
476.900000000 7.143435 -1.531604 -0.077824 -0.00003511 -0.00028031 0.98340639 0.18141610
477.018000000 7.147267 -1.532722 -0.078000 -0.00000000 0.00000000 0.98418378 0.17715046
477.143000000 7.124441 -1.524420 -0.078000 -0.00000000 0.00000000 0.98631867 0.16484987
477.268000000 7.102980 -1.518014 -0.078000 -0.00000000 0.00000000 0.98829155 0.15257723
477.300000000 7.091906 -1.514511 -0.077954 0.00004415 -0.00000885 0.98924700 0.14625447
477.400000000 7.057290 -1.504725 -0.077830 0.00005053 0.00010527 0.99211160 0.12535774
477.518000000 7.059570 -1.507730 -0.078000 -0.00000000 0.00000000 0.99267365 0.12082646
477.643000000 7.038094 -1.501125 -0.078000 -0.00000000 0.00000000 0.99469087 0.10290810
477.768000000 7.014547 -1.497001 -0.078000 0.00000000 0.00000000 0.99713924 0.07558658
477.800000000 7.003136 -1.495169 -0.077961 -0.00001387 -0.00010625 0.99800556 0.06312599
477.900000000 6.967119 -1.492138 -0.077868 -0.00002350 -0.00013152 0.99972067 0.02363416
478.018000000 6.971175 -1.493778 -0.078000 0.00000000 0.00000000 0.99964806 0.02652858
478.143000000 6.948205 -1.492295 -0.078000 0.00000000 -0.00000000 0.99999864 0.00164774
478.268000000 6.926476 -1.493507 -0.078000 0.00000000 -0.00000000 0.99973124 -0.02318278
478.300000000 6.914930 -1.494021 -0.077959 0.00002410 -0.00008919 0.99935413 -0.03593488
478.400000000 6.900922 -1.497845 -0.077995 -0.00000260 -0.00000724 0.99870272 -0.05092025
478.518000000 6.880346 -1.500500 -0.078000 -0.00000000 0.00000000 0.99731435 -0.07323995
478.643000000 6.858006 -1.505630 -0.078000 -0.00000000 0.00000000 0.99520066 -0.09785522
478.768000000 6.836524 -1.510015 -0.078000 0.00000000 0.00000000 0.99244845 -0.12266248
478.800000000 6.825342 -1.512859 -0.078170 0.00047474 -0.00076154 0.99080271 -0.13531141
478.900000000 6.791235 -1.524273 -0.078204 0.00161453 -0.00225432 0.98462052 -0.17468472
479.018000000 6.793067 -1.521810 -0.078000 0.00000000 0.00000000 0.98508802 -0.17205115
479.143000000 6.773741 -1.530851 -0.078000 -0.00000000 0.00000000 0.98196017 -0.18908789
479.268000000 6.756304 -1.540799 -0.078000 -0.00000000 -0.00000000 0.97932458 -0.20229527
479.300000000 6.745647 -1.545223 -0.078094 0.00006508 0.00132616 0.97780404 -0.20951730
479.400000000 6.713221 -1.560018 -0.078059 0.00031103 0.00477350 0.97323734 -0.22975247
479.518000000 6.716369 -1.556171 -0.078000 0.00000000 -0.00000000 0.97507926 -0.22185680
479.643000000 6.697966 -1.565671 -0.078000 0.00000000 -0.00000000 0.97460595 -0.22392685
479.768000000 6.678412 -1.575954 -0.078000 0.00000000 -0.00000000 0.97550017 -0.21999866
479.893000000 6.659619 -1.585333 -0.078000 -0.00000000 -0.00000000 0.97641469 -0.21590355
479.900000000 6.657339 -1.586416 -0.077990 0.00003517 -0.00004856 0.97663775 -0.21489231
480.018000000 6.639837 -1.593232 -0.078000 0.00000000 0.00000000 0.97948232 -0.20153009
480.143000000 6.617172 -1.601231 -0.078000 -0.00000000 0.00000000 0.98168602 -0.19050603
480.268000000 6.595164 -1.609861 -0.078000 0.00000000 0.00000000 0.98407809 -0.17773664
480.300000000 6.584365 -1.613903 -0.077983 -0.00025611 0.00012135 0.98519834 -0.17141805
480.400000000 6.550223 -1.625339 -0.077964 -0.00042847 0.00056899 0.98841716 -0.15175972
480.518000000 6.552279 -1.623982 -0.078000 0.00000000 0.00000000 0.98826406 -0.15275520
480.643000000 6.531238 -1.630989 -0.078000 -0.00000000 -0.00000000 0.99010897 -0.14030047
480.768000000 6.510791 -1.638702 -0.078000 -0.00000000 0.00000000 0.99176600 -0.12806326
480.800000000 6.499672 -1.641624 -0.077937 0.00004013 0.00007456 0.99256261 -0.12173520
480.900000000 6.464686 -1.649615 -0.077793 0.00013952 0.00004127 0.99479153 -0.10193035
481.018000000 6.466518 -1.648705 -0.078000 -0.00000000 -0.00000000 0.99466223 -0.10318452
481.143000000 6.443970 -1.654214 -0.078000 0.00000000 0.00000000 0.99647135 -0.08393362
481.268000000 6.421369 -1.655704 -0.078000 -0.00000000 -0.00000000 0.99777039 -0.06674010
481.300000000 6.410002 -1.657235 -0.077967 -0.00001348 0.00010669 0.99848273 -0.05506574
481.400000000 6.374227 -1.659842 -0.077892 -0.00012085 0.00019813 0.99984697 -0.01749215
481.518000000 6.375605 -1.658183 -0.078000 -0.00000000 -0.00000000 0.99991271 -0.01321257
481.643000000 6.355157 -1.658256 -0.078000 -0.00000000 0.00000000 0.99993246 0.01162179
481.700000000 6.334745 -1.657379 -0.077923 0.00000959 -0.00006298 0.99941296 0.03425967
481.800000000 6.320066 -1.657069 -0.077972 -0.00003089 0.00006054 0.99878779 0.04922336
481.900000000 6.284548 -1.652081 -0.077874 -0.00002764 0.00036146 0.99603439 0.08896828
482.018000000 6.289521 -1.652222 -0.078000 0.00000000 0.00000000 0.99626398 0.08636023
482.143000000 6.266081 -1.646317 -0.078000 -0.00000000 0.00000000 0.99380678 0.11112193
482.268000000 6.244560 -1.642418 -0.078000 0.00000000 -0.00000000 0.99069724 0.13608445
482.300000000 6.233504 -1.639362 -0.077967 0.00001401 -0.00003854 0.98888077 0.14871052
482.400000000 6.199684 -1.627528 -0.077827 0.00010302 0.00015772 0.98217002 0.18799470
482.518000000 6.201863 -1.628489 -0.078000 0.00000000 -0.00000000 0.98271348 0.18513297
482.643000000 6.182373 -1.620199 -0.078000 -0.00000000 0.00000000 0.97785680 0.20927510
482.768000000 6.161620 -1.611243 -0.078000 -0.00000000 0.00000000 0.97249294 0.23293234
482.800000000 6.151376 -1.606073 -0.077963 0.00000041 -0.00001841 0.96994788 0.24331278
482.900000000 6.120332 -1.588022 -0.077846 -0.00008552 -0.00021576 0.96212720 0.27260081
483.018000000 6.120819 -1.586933 -0.078000 0.00000000 0.00000000 0.96609757 0.25817725
483.143000000 6.099193 -1.576768 -0.078000 0.00000000 -0.00000000 0.96244505 0.27147656
483.268000000 6.080361 -1.564912 -0.078000 -0.00000000 0.00000000 0.95899816 0.28341231
483.393000000 6.064076 -1.552975 -0.078000 -0.00000000 0.00000000 0.95561251 0.29462643
483.400000000 6.061990 -1.551567 -0.077990 0.00000103 -0.00000815 0.95534450 0.29549431
483.518000000 6.045604 -1.539502 -0.078000 0.00000000 0.00000000 0.95495849 0.29673942
483.643000000 6.027331 -1.526402 -0.078000 0.00000000 0.00000000 0.95517311 0.29604786
483.768000000 6.005547 -1.515339 -0.078000 -0.00000000 0.00000000 0.95470819 0.29754372
483.800000000 5.996054 -1.508812 -0.077944 0.00002712 0.00000347 0.95474627 0.29742151
483.900000000 5.966467 -1.488345 -0.077820 0.00010875 0.00016927 0.95474474 0.29742635
484.018000000 5.971209 -1.488459 -0.078000 0.00000000 0.00000000 0.95466174 0.29769273
484.143000000 5.951831 -1.476485 -0.078000 0.00000000 -0.00000000 0.95463451 0.29778003
484.268000000 5.932044 -1.463777 -0.078000 0.00000000 0.00000000 0.95459874 0.29789468
484.300000000 5.922569 -1.457224 -0.077976 -0.00001526 -0.00008755 0.95459846 0.29789557
484.400000000 5.892945 -1.436800 -0.077824 -0.00000763 -0.00019749 0.95459795 0.29789715
484.518000000 5.896005 -1.438578 -0.078000 -0.00000000 -0.00000000 0.95457876 0.29795870
484.643000000 5.876464 -1.424450 -0.078000 0.00000000 0.00000000 0.95453748 0.29809092
484.768000000 5.858316 -1.412452 -0.078000 -0.00000000 -0.00000000 0.95457410 0.29797364
484.800000000 5.848845 -1.405894 -0.077961 0.00002998 0.00005962 0.95457426 0.29797311
484.900000000 5.819265 -1.385425 -0.077824 0.00009888 -0.00000725 0.95457434 0.29797286
485.018000000 5.823398 -1.385478 -0.078000 0.00000000 -0.00000000 0.95460088 0.29788782
485.143000000 5.804818 -1.370626 -0.078000 -0.00000000 0.00000000 0.95462059 0.29782466
485.200000000 5.787926 -1.358983 -0.077964 -0.00003509 -0.00013405 0.95462044 0.29782511
485.300000000 5.776047 -1.349433 -0.077962 0.00003842 0.00004540 0.95464684 0.29774051
485.400000000 5.746453 -1.328914 -0.077848 0.00001994 0.00012185 0.95543234 0.29521016
485.518000000 5.749114 -1.333592 -0.078000 0.00000000 0.00000000 0.95754884 0.28827110
485.643000000 5.727682 -1.321206 -0.078000 -0.00000000 0.00000000 0.96144679 0.27499103
485.768000000 5.706540 -1.311507 -0.078000 0.00000000 -0.00000000 0.96463477 0.26359012
485.800000000 5.696607 -1.305631 -0.077968 -0.00001663 0.00003326 0.96627944 0.25749573
485.900000000 5.665001 -1.288247 -0.077860 -0.00001052 0.00010729 0.97117155 0.23838164
486.018000000 5.670327 -1.288360 -0.078000 0.00000000 -0.00000000 0.97086186 0.23963984
486.143000000 5.648976 -1.277083 -0.078000 -0.00000000 0.00000000 0.97378801 0.22745750
486.268000000 5.628086 -1.267697 -0.078000 0.00000000 -0.00000000 0.97656014 0.21524474
486.300000000 5.617621 -1.262830 -0.077964 0.00000874 0.00001915 0.97791376 0.20900879
486.400000000 5.584429 -1.248746 -0.077835 0.00003727 0.00007935 0.98188560 0.18947468
486.518000000 5.585378 -1.249452 -0.078000 0.00000000 0.00000000 0.98157491 0.19107773
486.643000000 5.564162 -1.243293 -0.078000 -0.00000000 -0.00000000 0.98386237 0.17892688
486.700000000 5.544843 -1.236250 -0.077940 -0.00004230 -0.00004369 0.98583127 0.16773999
486.800000000 5.531797 -1.231492 -0.077967 0.00001212 -0.00008496 0.98704246 0.16045923
486.900000000 5.520348 -1.225458 -0.077990 0.00000402 0.00001012 0.98822472 0.15300946
487.018000000 5.502043 -1.219355 -0.078000 -0.00000000 0.00000000 0.98985472 0.14208317
487.143000000 5.478408 -1.212726 -0.078000 -0.00000000 -0.00000000 0.99154193 0.12978675
487.268000000 5.457409 -1.207403 -0.078000 0.00000000 0.00000000 0.99223992 0.12433804
487.300000000 5.446232 -1.204597 -0.077960 -0.00000423 -0.00008949 0.99263021 0.12118271
487.400000000 5.411166 -1.196296 -0.077851 -0.00006861 -0.00009835 0.99393569 0.10996284
487.518000000 5.411797 -1.197161 -0.078000 0.00000000 -0.00000000 0.99388602 0.11041096
487.643000000 5.391401 -1.193445 -0.078000 -0.00000000 0.00000000 0.99455999 0.10416536
487.768000000 5.368855 -1.187834 -0.078000 0.00000000 -0.00000000 0.99580914 0.09145580
487.800000000 5.357532 -1.185645 -0.077954 0.00002271 -0.00004529 0.99628092 0.08616451
487.900000000 5.321891 -1.180072 -0.077833 -0.00000358 -0.00024883 0.99777503 0.06667030
488.018000000 5.278413 -1.172297 -0.078000 -0.00000000 0.00000000 0.99838650 0.05678369
488.143000000 5.256022 -1.168383 -0.078000 -0.00000000 0.00000000 0.99922707 0.03930990
488.268000000 5.233497 -1.167357 -0.078000 0.00000000 0.00000000 0.99978674 0.02065103
488.393000000 5.211429 -1.167723 -0.078000 -0.00000000 0.00000000 0.99999811 0.00194548
488.400000000 5.208902 -1.167697 -0.077990 0.00000341 -0.00001677 0.99999999 -0.00015029
488.518000000 5.188844 -1.168234 -0.078000 0.00000000 -0.00000000 0.99986031 -0.01671402
488.643000000 5.164863 -1.167800 -0.078000 -0.00000000 -0.00000000 0.99910892 -0.04220624
488.768000000 5.140861 -1.169347 -0.078000 -0.00000000 0.00000000 0.99739033 -0.07219789
488.800000000 5.129427 -1.171127 -0.077963 0.00000519 0.00004082 0.99615367 -0.08762340
488.900000000 5.094116 -1.178813 -0.077849 -0.00002291 0.00004286 0.99061998 -0.13664573
489.018000000 5.098187 -1.180884 -0.078000 -0.00000000 0.00000000 0.99132087 -0.13146456
489.143000000 5.077569 -1.188718 -0.078000 -0.00000000 0.00000000 0.98674136 -0.16230060
489.268000000 5.055638 -1.198481 -0.078000 -0.00000000 0.00000000 0.98116977 -0.19314729
489.300000000 5.044917 -1.202849 -0.077953 0.00001168 -0.00013756 0.97766031 -0.21019108
489.400000000 5.012725 -1.219411 -0.077877 0.00000895 -0.00027675 0.96418650 -0.26522504
489.518000000 5.014732 -1.217302 -0.078000 0.00000000 -0.00000000 0.96194481 -0.27324382
489.643000000 4.995825 -1.229653 -0.078000 0.00000000 0.00000000 0.94953489 -0.31366143
489.768000000 4.979194 -1.244087 -0.078000 0.00000000 0.00000000 0.93497412 -0.35471595
489.800000000 4.970481 -1.251726 -0.077955 0.00004274 -0.00010084 0.92679060 -0.37557845
489.900000000 4.946437 -1.278848 -0.077836 0.00020741 -0.00046832 0.89832650 -0.43932817
490.018000000 4.948797 -1.277612 -0.078000 -0.00000000 0.00000000 0.90045605 -0.43494700
490.143000000 4.933374 -1.297137 -0.078000 0.00000000 0.00000000 0.88062383 -0.47381607
490.200000000 4.922640 -1.314770 -0.077932 -0.00009028 0.00008446 -0.86109983 0.50843590
490.300000000 4.916868 -1.327609 -0.077976 -0.00000865 0.00004185 -0.84757043 0.53068292
490.400000000 4.912964 -1.338560 -0.077992 -0.00001665 0.00002979 -0.83334434 0.55275420
490.518000000 4.904814 -1.357592 -0.078000 -0.00000000 -0.00000000 -0.81134565 0.58456671
490.643000000 4.897582 -1.379927 -0.078000 -0.00000000 0.00000000 -0.78501058 0.61948235
490.768000000 4.892994 -1.403078 -0.078000 -0.00000000 0.00000000 -0.75725891 0.65311480
490.800000000 4.891261 -1.414537 -0.077968 -0.00001777 0.00006948 -0.74249749 0.66984884
490.900000000 4.889925 -1.450740 -0.077880 -0.00000932 0.00005860 -0.69401028 0.71996509
491.018000000 4.889874 -1.449036 -0.078000 0.00000000 0.00000000 -0.69740132 0.71668082
491.143000000 4.892803 -1.471591 -0.078000 0.00000000 -0.00000000 -0.66549415 0.74640307
491.268000000 4.897029 -1.494548 -0.078000 -0.00000000 0.00000000 -0.63231864 0.77470842
491.300000000 4.899275 -1.505914 -0.077975 -0.00011641 0.00007755 -0.61487163 0.78862720
491.400000000 4.910658 -1.540314 -0.077842 -0.00030211 0.00017859 -0.55842457 0.82955523
491.518000000 4.909126 -1.537332 -0.078000 0.00000000 0.00000000 -0.56250339 0.82679498
491.643000000 4.918095 -1.556983 -0.078000 -0.00000000 -0.00000000 -0.52605769 0.85044888
491.768000000 4.926897 -1.575818 -0.078000 0.00000000 0.00000000 -0.48850748 0.87255971
491.893000000 4.941646 -1.593694 -0.078000 -0.00000000 -0.00000000 -0.45006612 0.89299523
491.900000000 4.943115 -1.595759 -0.077990 -0.00002638 0.00001475 -0.44570108 0.89518185
492.018000000 4.956379 -1.611518 -0.078000 -0.00000000 -0.00000000 -0.41068290 0.91177824
492.143000000 4.972530 -1.626095 -0.078000 -0.00000000 -0.00000000 -0.37057984 0.92880062
492.268000000 4.989167 -1.638945 -0.078000 -0.00000000 -0.00000000 -0.32976213 0.94406405
492.300000000 4.998194 -1.646203 -0.077954 0.00000689 -0.00000001 -0.30861118 0.95118828
492.400000000 5.028834 -1.665529 -0.077856 -0.00015930 0.00012403 -0.24158264 0.97038023
492.518000000 5.028477 -1.662953 -0.078000 -0.00000000 0.00000000 -0.24634023 0.96918342
492.643000000 5.046237 -1.672337 -0.078000 0.00000000 -0.00000000 -0.20437518 0.97889263
492.768000000 5.068274 -1.680005 -0.078000 0.00000000 0.00000000 -0.17209109 0.98508104
492.800000000 5.079166 -1.683928 -0.077974 -0.00009882 0.00004688 -0.15458607 0.98797932
492.900000000 5.114186 -1.693029 -0.077901 -0.00010889 0.00010341 -0.10214411 0.99476960
493.018000000 5.111094 -1.692091 -0.078000 -0.00000000 -0.00000000 -0.11227171 0.99367754
493.143000000 5.133207 -1.696700 -0.078000 0.00000000 0.00000000 -0.09154599 0.99580085
493.268000000 5.154994 -1.701465 -0.078000 0.00000000 0.00000000 -0.07536908 0.99715571
493.300000000 5.166419 -1.703155 -0.077977 -0.00010445 0.00000802 -0.06696704 0.99775518
493.400000000 5.202275 -1.706881 -0.077844 -0.00020047 0.00000096 -0.04525199 0.99897558
493.518000000 5.202499 -1.708926 -0.078000 0.00000000 -0.00000000 -0.05990619 0.99820401
493.643000000 5.224137 -1.712588 -0.078000 0.00000000 0.00000000 -0.05930578 0.99823986
493.700000000 5.244493 -1.715031 -0.077936 0.00013980 -0.00001901 -0.06086064 0.99814626
493.800000000 5.258497 -1.718173 -0.077965 -0.00002736 -0.00000187 -0.06795305 0.99768852
493.900000000 5.294083 -1.723326 -0.077854 -0.00025207 -0.00000530 -0.07686049 0.99704183
494.018000000 5.289693 -1.721492 -0.078000 -0.00000000 0.00000000 -0.07610116 0.99710010
494.143000000 5.310876 -1.724346 -0.078000 -0.00000000 -0.00000000 -0.09225653 0.99573527
494.268000000 5.335133 -1.729082 -0.078000 -0.00000000 -0.00000000 -0.11378107 0.99350585
494.300000000 5.346335 -1.731597 -0.077964 0.00011153 -0.00001478 -0.12294544 0.99241343
494.400000000 5.380847 -1.741456 -0.077849 0.00033502 -0.00002789 -0.15254449 0.98829655
494.518000000 5.379001 -1.742998 -0.078000 -0.00000000 0.00000000 -0.15020375 0.98865506
494.643000000 5.400646 -1.749690 -0.078000 0.00000000 0.00000000 -0.16852366 0.98569761
494.768000000 5.421081 -1.757018 -0.078000 0.00000000 0.00000000 -0.18677729 0.98240228
494.800000000 5.431773 -1.761197 -0.077967 -0.00000612 0.00002132 -0.19692970 0.98041761
494.900000000 5.464392 -1.776132 -0.077881 0.00027369 0.00000273 -0.22978237 0.97324200
495.018000000 5.461235 -1.774687 -0.078000 0.00000000 0.00000000 -0.23350625 0.97235530
495.143000000 5.481914 -1.785521 -0.078000 -0.00000000 -0.00000000 -0.26674254 0.96376782
495.200000000 5.499141 -1.796479 -0.077956 0.00021673 -0.00006589 -0.29340665 0.95598770
495.300000000 5.510256 -1.804958 -0.077962 -0.00002874 0.00000377 -0.31104417 0.95039546
495.400000000 5.520463 -1.813652 -0.077993 0.00001097 0.00000122 -0.32868394 0.94443997
495.518000000 5.535082 -1.825994 -0.078000 -0.00000000 -0.00000000 -0.35451620 0.93504987
495.643000000 5.550977 -1.841412 -0.078000 -0.00000000 -0.00000000 -0.38346899 0.92355375
495.768000000 5.566741 -1.857318 -0.078000 0.00000000 0.00000000 -0.41206980 0.91115228
495.800000000 5.574339 -1.865892 -0.077963 0.00012380 -0.00004214 -0.42654219 0.90446766
495.900000000 5.595741 -1.894575 -0.077852 0.00038266 -0.00022621 -0.47320771 0.88095077
496.018000000 5.593007 -1.892190 -0.078000 0.00000000 0.00000000 -0.47588312 0.87950853
496.143000000 5.606355 -1.912587 -0.078000 -0.00000000 -0.00000000 -0.51410554 0.85772693
496.268000000 5.616077 -1.931045 -0.078000 -0.00000000 0.00000000 -0.54895674 0.83585076
496.300000000 5.620672 -1.941504 -0.077966 0.00002088 -0.00005859 -0.56764227 0.82327532
496.400000000 5.630926 -1.975728 -0.077824 0.00032373 -0.00030961 -0.62377060 0.78160734
496.518000000 5.628605 -1.973121 -0.078000 -0.00000000 -0.00000000 -0.61991887 0.78466591
496.643000000 5.632555 -1.996479 -0.078000 0.00000000 0.00000000 -0.65357060 0.75686556
496.768000000 5.633577 -2.017128 -0.078000 0.00000000 0.00000000 -0.68627041 0.72734649
496.893000000 5.634300 -2.040704 -0.078000 -0.00000000 0.00000000 -0.72394429 0.68985844
496.900000000 5.634243 -2.043201 -0.077995 0.00002245 -0.00001788 -0.72774336 0.68584954
497.018000000 5.633820 -2.065589 -0.078000 0.00000000 0.00000000 -0.75729932 0.65306794
497.143000000 5.630106 -2.087301 -0.078000 -0.00000000 -0.00000000 -0.78869159 0.61478905
497.268000000 5.624356 -2.109792 -0.078000 0.00000000 0.00000000 -0.81819983 0.57493394
497.300000000 5.620248 -2.120456 -0.077976 0.00012179 -0.00013419 -0.83258602 0.55389574
497.400000000 5.604304 -2.152349 -0.077908 -0.00039534 0.00035322 0.87404264 -0.48584892
497.518000000 5.606314 -2.149934 -0.078000 -0.00000000 0.00000000 0.87130399 -0.49074368
497.643000000 5.593026 -2.168043 -0.078000 -0.00000000 -0.00000000 0.89468274 -0.44670213
497.768000000 5.577906 -2.186080 -0.078000 0.00000000 0.00000000 0.91585195 -0.40151613
497.800000000 5.570200 -2.194505 -0.077960 -0.00002992 0.00009987 0.92579192 -0.37803347
497.900000000 5.542830 -2.217384 -0.077835 -0.00006370 0.00043760 0.95294781 -0.30313409
498.018000000 5.545690 -2.217064 -0.078000 -0.00000000 -0.00000000 0.95122820 -0.30848811
498.143000000 5.528470 -2.230821 -0.078000 0.00000000 0.00000000 0.96527865 -0.26122238
498.268000000 5.507102 -2.239020 -0.078000 0.00000000 0.00000000 0.97485745 -0.22282941
498.300000000 5.496814 -2.243986 -0.077951 -0.00001132 0.00004964 0.97962613 -0.20082987
498.400000000 5.463003 -2.255614 -0.077868 -0.00011931 0.00039992 0.99125556 -0.13195545
498.518000000 5.465732 -2.254066 -0.078000 0.00000000 0.00000000 0.99061170 -0.13670576
498.643000000 5.443642 -2.258894 -0.078000 0.00000000 0.00000000 0.99563711 -0.09330992
498.700000000 5.423497 -2.261917 -0.077918 -0.00002709 0.00023295 0.99853252 -0.05415495
498.800000000 5.411051 -2.265930 -0.077948 0.00002364 0.00001210 0.99956147 -0.02961192
498.900000000 5.397202 -2.265455 -0.077993 0.00000025 0.00002432 0.99992279 -0.01242598
499.018000000 5.381187 -2.267166 -0.078000 -0.00000000 0.00000000 0.99995876 -0.00908199
499.143000000 5.362103 -2.268522 -0.078000 0.00000000 -0.00000000 0.99984935 0.01735742
499.268000000 5.339810 -2.266128 -0.078000 -0.00000000 0.00000000 0.99924882 0.03875290
499.300000000 5.328355 -2.265254 -0.077963 -0.00003224 -0.00002353 0.99882200 0.04852426
499.400000000 5.292754 -2.260643 -0.077847 -0.00000551 0.00010283 0.99680671 0.07985221
499.518000000 5.293615 -2.258341 -0.078000 0.00000000 -0.00000000 0.99784857 0.06556090
499.643000000 5.271346 -2.255055 -0.078000 0.00000000 -0.00000000 0.99684158 0.07941577
499.768000000 5.248736 -2.251440 -0.078000 -0.00000000 0.00000000 0.99577786 0.09179569
499.800000000 5.237434 -2.249363 -0.077950 0.00001183 -0.00005050 0.99517862 0.09807906
499.900000000 5.202348 -2.241646 -0.077857 -0.00000825 0.00003665 0.99303380 0.11782987
500.018000000 5.204873 -2.243368 -0.078000 0.00000000 -0.00000000 0.99316981 0.11667788
500.143000000 5.184294 -2.239546 -0.078000 -0.00000000 -0.00000000 0.99168492 0.12868965
500.268000000 5.161802 -2.232009 -0.078000 -0.00000000 -0.00000000 0.99127748 0.13179133
500.393000000 5.137106 -2.225056 -0.078000 0.00000000 -0.00000000 0.99032433 0.13877219
500.400000000 5.134680 -2.224388 -0.077990 0.00000151 0.00000863 0.99018657 0.13975178
500.518000000 5.117567 -2.220337 -0.078000 -0.00000000 -0.00000000 0.99071041 0.13598857
500.643000000 5.096685 -2.215126 -0.078000 -0.00000000 0.00000000 0.99209386 0.12549806
500.768000000 5.071978 -2.207681 -0.078000 0.00000000 -0.00000000 0.99400549 0.10933016
500.800000000 5.060737 -2.205089 -0.077959 0.00000951 -0.00001070 0.99470244 0.10279621
500.900000000 5.025276 -2.198443 -0.077833 -0.00002100 -0.00032068 0.99682212 0.07965907
501.018000000 5.030653 -2.199681 -0.078000 -0.00000000 0.00000000 0.99721223 0.07461745
501.143000000 5.009765 -2.198986 -0.078000 0.00000000 -0.00000000 0.99853320 0.05414293
501.268000000 4.985202 -2.194755 -0.078000 0.00000000 -0.00000000 0.99971723 0.02377927
501.300000000 4.973665 -2.194090 -0.077960 0.00000396 0.00005278 0.99993939 0.01100976
501.400000000 4.937527 -2.194776 -0.077850 -0.00005105 0.00006225 0.99958232 -0.02889944
501.518000000 4.938227 -2.194201 -0.078000 0.00000000 0.00000000 0.99967886 -0.02534132
501.643000000 4.915450 -2.196277 -0.078000 0.00000000 0.00000000 0.99875195 -0.04994539
501.768000000 4.893906 -2.199654 -0.078000 -0.00000000 -0.00000000 0.99721350 -0.07460045
501.800000000 4.882471 -2.201355 -0.077958 -0.00000516 -0.00005785 0.99618099 -0.08731231
501.900000000 4.847172 -2.209106 -0.077863 -0.00003595 0.00004009 0.99191185 -0.12692867
502.018000000 4.849544 -2.207658 -0.078000 -0.00000000 -0.00000000 0.99229843 -0.12387019
502.143000000 4.827082 -2.213925 -0.078000 0.00000000 0.00000000 0.98892892 -0.14839003
502.200000000 4.807521 -2.220363 -0.077920 -0.00000444 0.00003973 0.98530353 -0.17081264
502.300000000 4.795649 -2.225317 -0.077977 0.00000388 -0.00013141 0.98265518 -0.18544212
502.400000000 4.782528 -2.231015 -0.077992 -0.00000346 0.00000511 0.97979456 -0.20000654
502.518000000 4.765036 -2.239368 -0.078000 0.00000000 0.00000000 0.97515775 -0.22151154
502.643000000 4.745049 -2.250518 -0.078000 0.00000000 -0.00000000 0.96934073 -0.24572048
502.768000000 4.725261 -2.261051 -0.078000 0.00000000 0.00000000 0.96293814 -0.26972235
502.800000000 4.715369 -2.267033 -0.077965 0.00001774 -0.00008952 0.95942140 -0.28197618
502.900000000 4.685792 -2.287780 -0.077854 0.00012441 -0.00030645 0.94742769 -0.31996978
503.018000000 4.687170 -2.287497 -0.078000 -0.00000000 -0.00000000 0.94848109 -0.31683375
503.143000000 4.670758 -2.301680 -0.078000 0.00000000 0.00000000 0.94321767 -0.33217530
503.268000000 4.654623 -2.316216 -0.078000 0.00000000 0.00000000 0.93635212 -0.35106225
503.300000000 4.645885 -2.323766 -0.077967 -0.00000696 -0.00001448 0.93298845 -0.35990631
503.400000000 4.619942 -2.348886 -0.077880 0.00007291 -0.00030887 0.92216105 -0.38680602
503.518000000 4.623363 -2.347320 -0.078000 0.00000000 0.00000000 0.92546524 -0.37883253
503.643000000 4.606984 -2.363536 -0.078000 0.00000000 0.00000000 0.91987247 -0.39221759
503.768000000 4.592235 -2.379381 -0.078000 -0.00000000 -0.00000000 0.91503188 -0.40338153
503.800000000 4.584446 -2.387896 -0.077964 -0.00001646 0.00004351 0.91247117 -0.40914101
503.900000000 4.575734 -2.398059 -0.077991 0.00000392 -0.00000119 0.90944245 -0.41582981
504.018000000 4.563440 -2.413437 -0.078000 0.00000000 0.00000000 0.90776559 -0.41947781
504.143000000 4.549027 -2.429716 -0.078000 -0.00000000 -0.00000000 0.90439916 -0.42668742
504.268000000 4.534660 -2.448355 -0.078000 -0.00000000 0.00000000 0.90173884 -0.43228123
504.300000000 4.527441 -2.457340 -0.077971 0.00002558 -0.00005443 0.90036149 -0.43514272
504.400000000 4.505322 -2.485785 -0.077872 -0.00005935 0.00006133 0.89597852 -0.44409739
504.518000000 4.505872 -2.483484 -0.078000 0.00000000 0.00000000 0.89634889 -0.44334937
504.643000000 4.490844 -2.501058 -0.078000 -0.00000000 -0.00000000 0.89383505 -0.44839592
504.768000000 4.478889 -2.519945 -0.078000 -0.00000000 -0.00000000 0.89517336 -0.44571814
504.800000000 4.471978 -2.529156 -0.077954 0.00003341 0.00002779 0.89516688 -0.44573115
504.900000000 4.450289 -2.557863 -0.077831 0.00012034 -0.00013795 0.89515262 -0.44575975
505.018000000 4.451888 -2.556980 -0.078000 -0.00000000 0.00000000 0.89518699 -0.44569075
505.143000000 4.438287 -2.574832 -0.078000 -0.00000000 -0.00000000 0.89515433 -0.44575635
505.268000000 4.424124 -2.592379 -0.078000 -0.00000000 0.00000000 0.89516235 -0.44574026
505.393000000 4.411405 -2.609659 -0.078000 -0.00000000 0.00000000 0.89514174 -0.44578164
505.400000000 4.409887 -2.611670 -0.077989 0.00000627 -0.00000143 0.89514168 -0.44578176
505.518000000 4.397359 -2.626999 -0.078000 0.00000000 0.00000000 0.89515658 -0.44575184
505.643000000 4.384057 -2.644563 -0.078000 -0.00000000 0.00000000 0.89512310 -0.44581905
505.768000000 4.371697 -2.663917 -0.078000 -0.00000000 0.00000000 0.89810280 -0.43978559
505.800000000 4.364683 -2.673042 -0.077956 -0.00005258 0.00010132 0.89927645 -0.43738068
505.900000000 4.342259 -2.701161 -0.077874 -0.00008640 0.00009621 0.90266295 -0.43034821
506.018000000 4.343451 -2.697494 -0.078000 -0.00000000 0.00000000 0.90228038 -0.43114976
506.143000000 4.328872 -2.715018 -0.078000 -0.00000000 0.00000000 0.90492227 -0.42557689
506.268000000 4.314461 -2.732816 -0.078000 0.00000000 0.00000000 0.90756791 -0.41990533
506.300000000 4.307019 -2.741592 -0.077956 -0.00001262 0.00006716 0.90889708 -0.41702050
506.400000000 4.283279 -2.768577 -0.077841 -0.00001673 0.00023121 0.91300680 -0.40794427
506.518000000 4.285486 -2.767220 -0.078000 -0.00000000 0.00000000 0.91277955 -0.40845256
506.643000000 4.270911 -2.783940 -0.078000 -0.00000000 0.00000000 0.91531703 -0.40273407
506.768000000 4.255840 -2.801642 -0.078000 0.00000000 0.00000000 0.91779937 -0.39704448
506.800000000 4.247972 -2.810031 -0.077957 -0.00000098 -0.00002926 0.91906050 -0.39411647
506.900000000 4.222882 -2.835822 -0.077889 -0.00014753 0.00010151 0.92294027 -0.38494314
507.018000000 4.225472 -2.833499 -0.078000 -0.00000000 0.00000000 0.92264595 -0.38564808
507.143000000 4.209884 -2.848541 -0.078000 0.00000000 0.00000000 0.92500211 -0.37996196
507.200000000 4.195208 -2.862848 -0.077930 -0.00006946 0.00017172 0.92714451 -0.37470393
507.300000000 4.184291 -2.872499 -0.077969 0.00000814 -0.00006008 0.92855135 -0.37120397
507.400000000 4.174673 -2.881901 -0.077991 0.00000224 0.00000078 0.92993281 -0.36772949
507.518000000 4.159552 -2.895354 -0.078000 -0.00000000 -0.00000000 0.93194669 -0.36259531
507.643000000 4.142997 -2.910261 -0.078000 -0.00000000 -0.00000000 0.93421791 -0.35670281
507.768000000 4.126138 -2.924849 -0.078000 -0.00000000 0.00000000 0.93643682 -0.35083627
507.800000000 4.117471 -2.932411 -0.077952 -0.00002965 0.00006032 0.93755035 -0.34784959
507.900000000 4.089974 -2.955604 -0.077860 -0.00006657 -0.00003843 0.94096885 -0.33849316
508.018000000 4.091809 -2.953876 -0.078000 -0.00000000 0.00000000 0.94071624 -0.33919458
508.143000000 4.074106 -2.967520 -0.078000 -0.00000000 -0.00000000 0.94280892 -0.33333369
508.268000000 4.057355 -2.980689 -0.078000 -0.00000000 0.00000000 0.94489091 -0.32738536
508.300000000 4.048325 -2.987816 -0.077952 -0.00002193 0.00008097 0.94587212 -0.32453955
508.400000000 4.019665 -3.009586 -0.077860 -0.00008222 0.00006071 0.94812374 -0.31790150
508.518000000 4.023064 -3.008464 -0.078000 0.00000000 0.00000000 0.94566920 -0.32513037
508.643000000 4.004649 -3.021589 -0.078000 -0.00000000 0.00000000 0.94574445 -0.32491144
508.768000000 3.987533 -3.035353 -0.078000 -0.00000000 0.00000000 0.94581689 -0.32470049
508.800000000 3.978447 -3.042434 -0.077967 -0.00002698 0.00003067 0.94583064 -0.32466045
508.900000000 3.967143 -3.050145 -0.077992 0.00000006 0.00000297 0.94588236 -0.32450973
509.018000000 3.952095 -3.063001 -0.078000 0.00000000 0.00000000 0.94589669 -0.32446794
509.143000000 3.933459 -3.077158 -0.078000 0.00000000 0.00000000 0.94591363 -0.32441855
509.268000000 3.915564 -3.091214 -0.078000 0.00000000 -0.00000000 0.94592065 -0.32439808
509.300000000 3.906476 -3.098284 -0.077965 0.00000474 -0.00004743 0.94592055 -0.32439840
509.400000000 3.878045 -3.120385 -0.077890 -0.00011262 0.00005679 0.94592054 -0.32439840
509.518000000 3.879902 -3.118810 -0.078000 -0.00000000 -0.00000000 0.94592734 -0.32437860
509.643000000 3.863083 -3.132396 -0.078000 0.00000000 0.00000000 0.94593527 -0.32435545
509.768000000 3.845379 -3.146777 -0.078000 -0.00000000 -0.00000000 0.94594992 -0.32431272
509.800000000 3.836286 -3.153844 -0.077960 0.00002084 -0.00007237 0.94595005 -0.32431235
509.900000000 3.807867 -3.175949 -0.077857 -0.00004889 -0.00002985 0.94594983 -0.32431298
510.018000000 3.810991 -3.173759 -0.078000 0.00000000 0.00000000 0.94602541 -0.32409245
510.143000000 3.792160 -3.187607 -0.078000 0.00000000 0.00000000 0.94603429 -0.32406655
510.268000000 3.773659 -3.200561 -0.078000 -0.00000000 0.00000000 0.94608323 -0.32392363
510.300000000 3.764560 -3.207614 -0.077959 -0.00000066 0.00001464 0.94654862 -0.32256116
510.400000000 3.736071 -3.229562 -0.077847 0.00006942 -0.00021204 0.94822508 -0.31759903
510.518000000 3.738279 -3.227979 -0.078000 0.00000000 0.00000000 0.95014343 -0.31181319
510.643000000 3.720896 -3.240248 -0.078000 0.00000000 -0.00000000 0.95519288 -0.29598405
510.700000000 3.703899 -3.251664 -0.077934 0.00001382 -0.00004922 0.95847309 -0.28518299
510.800000000 3.693654 -3.263421 -0.077953 0.00001402 -0.00002595 0.96047848 -0.27835426
510.900000000 3.662911 -3.281998 -0.077838 -0.00005379 0.00020461 0.96583579 -0.25915473
511.018000000 3.665773 -3.284373 -0.078000 0.00000000 0.00000000 0.96544855 -0.26059375
511.143000000 3.647118 -3.296826 -0.078000 0.00000000 0.00000000 0.97067183 -0.24040839
511.268000000 3.628184 -3.307736 -0.078000 -0.00000000 0.00000000 0.97483418 -0.22293121
511.300000000 3.617846 -3.312732 -0.077948 0.00000565 0.00010027 0.97691155 -0.21364414
511.400000000 3.584830 -3.326750 -0.077826 0.00004696 0.00008954 0.98283162 -0.18450472
511.518000000 3.587495 -3.326023 -0.078000 -0.00000000 0.00000000 0.98239824 -0.18679853
511.643000000 3.566956 -3.333640 -0.078000 0.00000000 0.00000000 0.98570354 -0.16848895
511.768000000 3.545832 -3.340264 -0.078000 -0.00000000 0.00000000 0.98866952 -0.15010856
511.800000000 3.534878 -3.343704 -0.077964 -0.00002695 0.00007820 0.99006018 -0.14064437
511.900000000 3.500085 -3.352564 -0.077860 -0.00011632 0.00034894 0.99382088 -0.11099515
512.018000000 3.503009 -3.353045 -0.078000 -0.00000000 -0.00000000 0.99357324 -0.11319104
512.143000000 3.481834 -3.357619 -0.078000 -0.00000000 0.00000000 0.99551546 -0.09459899
512.200000000 3.461680 -3.361156 -0.077949 -0.00004142 0.00005590 0.99698234 -0.07762871
512.300000000 3.447172 -3.362763 -0.077954 0.00001919 -0.00001035 0.99779002 -0.06644607
512.400000000 3.434160 -3.364149 -0.077989 -0.00000107 0.00002166 0.99846984 -0.05529891
512.518000000 3.414947 -3.365959 -0.078000 0.00000000 0.00000000 0.99924805 -0.03877275
512.643000000 3.393222 -3.366765 -0.078000 0.00000000 -0.00000000 0.99979654 -0.02017115
512.768000000 3.370959 -3.367774 -0.078000 -0.00000000 0.00000000 0.99999890 -0.00148131
512.800000000 3.359480 -3.367833 -0.077958 -0.00000749 -0.00004356 0.99996732 0.00808434
512.900000000 3.323623 -3.366249 -0.077866 -0.00005311 0.00013603 0.99927930 0.03795860
513.018000000 3.325064 -3.365791 -0.078000 -0.00000000 -0.00000000 0.99935482 0.03591584
513.143000000 3.303723 -3.363476 -0.078000 0.00000000 0.00000000 0.99851161 0.05453953
513.268000000 3.283082 -3.362128 -0.078000 -0.00000000 -0.00000000 0.99734284 0.07285096
513.300000000 3.271712 -3.360488 -0.077961 0.00001450 -0.00003247 0.99677300 0.08027189
513.400000000 3.233791 -3.349126 -0.077843 -0.00000880 -0.00013715 0.99481024 0.10174753
513.518000000 3.235688 -3.349074 -0.078000 -0.00000000 -0.00000000 0.99560358 0.09366708
513.643000000 3.213176 -3.345289 -0.078000 -0.00000000 -0.00000000 0.99544818 0.09530438
513.768000000 3.190192 -3.340298 -0.078000 -0.00000000 0.00000000 0.99565689 0.09309864
513.893000000 3.167016 -3.335882 -0.078000 -0.00000000 -0.00000000 0.99558698 0.09384329
513.900000000 3.164542 -3.335409 -0.077992 0.00000119 -0.00001399 0.99558537 0.09386041
514.018000000 3.144477 -3.331291 -0.078000 0.00000000 0.00000000 0.99554280 0.09431086
514.143000000 3.122436 -3.327026 -0.078000 -0.00000000 0.00000000 0.99553159 0.09442905
514.268000000 3.099334 -3.322856 -0.078000 -0.00000000 0.00000000 0.99552332 0.09451621
514.300000000 3.088022 -3.320697 -0.077967 -0.00000636 0.00001938 0.99552369 0.09451232
514.400000000 3.052671 -3.313880 -0.077860 -0.00000695 0.00026847 0.99552327 0.09451641
514.518000000 3.055545 -3.314791 -0.078000 0.00000000 0.00000000 0.99551357 0.09461890
514.643000000 3.033527 -3.310598 -0.078000 -0.00000000 -0.00000000 0.99550918 0.09466508
514.768000000 3.011174 -3.306475 -0.078000 -0.00000000 -0.00000000 0.99550034 0.09475801
514.800000000 2.999862 -3.304296 -0.077985 -0.00002514 -0.00006565 0.99550034 0.09475793
514.900000000 2.964507 -3.297561 -0.077857 0.00000552 -0.00023765 0.99550033 0.09475781
515.018000000 2.966215 -3.298122 -0.078000 -0.00000000 -0.00000000 0.99547994 0.09497202
515.143000000 2.943253 -3.293611 -0.078000 -0.00000000 -0.00000000 0.99609839 0.08824967
515.268000000 2.922968 -3.290831 -0.078000 0.00000000 -0.00000000 0.99639929 0.08478481
515.300000000 2.911603 -3.288878 -0.077954 0.00002605 0.00000668 0.99677183 0.08028648
515.400000000 2.875934 -3.283553 -0.077811 0.00003235 -0.00023865 0.99808667 0.06183001
515.518000000 2.882024 -3.283032 -0.078000 -0.00000000 -0.00000000 0.99875592 0.04986591
515.643000000 2.862496 -3.280733 -0.078000 0.00000000 0.00000000 0.99945841 0.03290724
515.700000000 2.841954 -3.279717 -0.077912 0.00004249 -0.00008066 0.99987540 0.01578552
515.800000000 2.829840 -3.280188 -0.077964 -0.00001097 0.00000722 0.99998950 0.00458361
515.900000000 2.816069 -3.280060 -0.077993 -0.00000409 -0.00002393 0.99997863 -0.00653737
516.018000000 2.796806 -3.280194 -0.078000 0.00000000 -0.00000000 0.99973593 -0.02297974
516.143000000 2.775106 -3.280944 -0.078000 0.00000000 0.00000000 0.99913558 -0.04157042
516.268000000 2.753622 -3.284249 -0.078000 0.00000000 -0.00000000 0.99818760 -0.06017910
516.300000000 2.742153 -3.285616 -0.077965 0.00001432 0.00006808 0.99756620 -0.06972576
516.400000000 2.706571 -3.291616 -0.077822 0.00004632 0.00005237 0.99503713 -0.09950434
516.518000000 2.708888 -3.291075 -0.078000 0.00000000 0.00000000 0.99525285 -0.09732296
516.643000000 2.685792 -3.296205 -0.078000 0.00000000 0.00000000 0.99245137 -0.12263877
516.768000000 2.663120 -3.302391 -0.078000 -0.00000000 0.00000000 0.98947306 -0.14471720
516.800000000 2.652035 -3.305669 -0.077955 0.00002239 -0.00013514 0.98733348 -0.15865869
516.900000000 2.618219 -3.318532 -0.077864 0.00000038 -0.00036500 0.97889216 -0.20437711
517.018000000 2.620778 -3.318401 -0.078000 0.00000000 -0.00000000 0.97823139 -0.20751710
517.143000000 2.601419 -3.327821 -0.078000 0.00000000 0.00000000 0.97146820 -0.23716984
517.268000000 2.580993 -3.339771 -0.078000 0.00000000 0.00000000 0.96613893 -0.25802241
517.393000000 2.561367 -3.351199 -0.078000 -0.00000000 0.00000000 0.96139390 -0.27517588
517.400000000 2.559220 -3.352529 -0.077988 0.00000932 -0.00001006 0.96081746 -0.27718192
517.518000000 2.542587 -3.362995 -0.078000 -0.00000000 0.00000000 0.95739721 -0.28877427
517.643000000 2.523003 -3.375532 -0.078000 0.00000000 -0.00000000 0.95277047 -0.30369135
517.768000000 2.504710 -3.389339 -0.078000 -0.00000000 -0.00000000 0.95158648 -0.30738113
517.800000000 2.495379 -3.396108 -0.077957 0.00001097 0.00001826 0.95066350 -0.31022398
517.900000000 2.466508 -3.417604 -0.077829 0.00009212 -0.00017218 0.94890427 -0.31556401
518.018000000 2.467682 -3.414214 -0.078000 0.00000000 0.00000000 0.95074931 -0.30996088
518.143000000 2.449742 -3.427595 -0.078000 0.00000000 -0.00000000 0.95081140 -0.30977037
518.268000000 2.432612 -3.441304 -0.078000 -0.00000000 0.00000000 0.95086990 -0.30959076
518.300000000 2.423307 -3.448087 -0.077979 -0.00004021 0.00008465 0.95115509 -0.30871345
518.400000000 2.394132 -3.469147 -0.077867 -0.00013292 0.00020663 0.95233929 -0.30504069
518.518000000 2.396007 -3.467455 -0.078000 -0.00000000 -0.00000000 0.95597200 -0.29345789
518.643000000 2.377930 -3.479237 -0.078000 0.00000000 0.00000000 0.95854780 -0.28493176
518.768000000 2.359296 -3.492199 -0.078000 0.00000000 0.00000000 0.96187321 -0.27349574
518.800000000 2.349532 -3.498266 -0.077953 0.00000111 0.00004242 0.96356159 -0.26748656
518.900000000 2.318345 -3.516083 -0.077837 -0.00006807 0.00033993 0.96867042 -0.24834954
519.018000000 2.320424 -3.513340 -0.078000 -0.00000000 0.00000000 0.96839987 -0.24940267
519.143000000 2.299778 -3.525302 -0.078000 -0.00000000 0.00000000 0.97147033 -0.23716113
519.200000000 2.281492 -3.534519 -0.077932 -0.00005383 0.00016616 0.97410055 -0.22611520
519.300000000 2.270225 -3.539929 -0.077980 0.00000453 -0.00005756 0.97579039 -0.21870784
519.400000000 2.237461 -3.554631 -0.077849 0.00004907 -0.00000161 0.97995363 -0.19922569
519.518000000 2.239830 -3.552743 -0.078000 0.00000000 0.00000000 0.97970617 -0.20043909
519.643000000 2.218156 -3.561272 -0.078000 -0.00000000 -0.00000000 0.98214839 -0.18810781
519.768000000 2.197126 -3.569726 -0.078000 0.00000000 0.00000000 0.98443261 -0.17576243
519.800000000 2.186346 -3.573707 -0.077968 0.00001049 -0.00001633 0.98553306 -0.16948330
519.900000000 2.152278 -3.585099 -0.077853 0.00001504 -0.00017079 0.98871425 -0.14981357
520.018000000 2.153712 -3.583482 -0.078000 0.00000000 0.00000000 0.98852832 -0.15103562
520.143000000 2.132762 -3.589592 -0.078000 0.00000000 0.00000000 0.99034545 -0.13862138
520.268000000 2.111857 -3.595978 -0.078000 0.00000000 -0.00000000 0.99200045 -0.12623435
520.300000000 2.100731 -3.598872 -0.077966 -0.00001872 0.00007339 0.99278519 -0.11990647
520.400000000 2.065668 -3.606704 -0.077864 -0.00003124 -0.00001266 0.99497714 -0.10010236
520.518000000 2.067920 -3.605180 -0.078000 0.00000000 0.00000000 0.99483756 -0.10148024
520.643000000 2.046054 -3.609723 -0.078000 0.00000000 -0.00000000 0.99533423 -0.09648713
520.700000000 2.025917 -3.613566 -0.077926 -0.00000622 -0.00005923 0.99589747 -0.09048880
520.800000000 2.012223 -3.616361 -0.077958 0.00000358 0.00008193 0.99630383 -0.08589921
520.900000000 1.999258 -3.618376 -0.077995 0.00000147 -0.00001295 0.99662067 -0.08214162
521.018000000 1.978274 -3.620640 -0.078000 -0.00000000 0.00000000 0.99706208 -0.07659772
521.143000000 1.956769 -3.625263 -0.078000 -0.00000000 0.00000000 0.99751586 -0.07044220
521.268000000 1.934133 -3.627852 -0.078000 0.00000000 0.00000000 0.99793405 -0.06424669
521.300000000 1.922721 -3.629338 -0.077974 -0.00002205 0.00009444 0.99813360 -0.06106802
521.400000000 1.886985 -3.633338 -0.077850 -0.00000844 0.00017664 0.99869222 -0.05112542
521.518000000 1.889704 -3.632833 -0.078000 0.00000000 0.00000000 0.99865001 -0.05194386
521.643000000 1.867629 -3.636663 -0.078000 -0.00000000 0.00000000 0.99842091 -0.05617552
521.768000000 1.844800 -3.639349 -0.078000 0.00000000 0.00000000 0.99850263 -0.05470367
521.800000000 1.833350 -3.640626 -0.077971 0.00002593 -0.00009437 0.99849853 -0.05477842
521.900000000 1.797606 -3.644594 -0.077818 0.00014816 -0.00014606 0.99849323 -0.05487465
522.018000000 1.799444 -3.643096 -0.078000 0.00000000 -0.00000000 0.99851559 -0.05446661
522.143000000 1.777306 -3.645552 -0.078000 -0.00000000 -0.00000000 0.99852323 -0.05432643
522.268000000 1.753961 -3.648125 -0.078000 -0.00000000 -0.00000000 0.99853258 -0.05415431
522.300000000 1.742513 -3.649368 -0.077977 -0.00000906 -0.00001448 0.99853236 -0.05415825
522.400000000 1.728747 -3.651041 -0.077993 -0.00000759 -0.00000480 0.99853881 -0.05403933
522.518000000 1.710087 -3.652259 -0.078000 0.00000000 0.00000000 0.99854665 -0.05389426
522.643000000 1.688627 -3.654375 -0.078000 -0.00000000 -0.00000000 0.99855259 -0.05378398
522.768000000 1.665578 -3.656807 -0.078000 0.00000000 0.00000000 0.99854525 -0.05392009
522.800000000 1.654115 -3.658036 -0.077979 -0.00000480 0.00006990 0.99846724 -0.05534596
522.900000000 1.618333 -3.662191 -0.077838 0.00001563 -0.00003767 0.99797451 -0.06361504
523.018000000 1.622249 -3.663800 -0.078000 -0.00000000 0.00000000 0.99766193 -0.06834232
523.143000000 1.599985 -3.666431 -0.078000 0.00000000 -0.00000000 0.99722817 -0.07440420
523.268000000 1.577071 -3.671356 -0.078000 -0.00000000 -0.00000000 0.99675950 -0.08043944
523.300000000 1.565692 -3.673209 -0.077972 -0.00003118 0.00002936 0.99649647 -0.08363477
523.400000000 1.530206 -3.679518 -0.077866 -0.00007650 0.00014075 0.99561409 -0.09355516
523.518000000 1.532126 -3.678036 -0.078000 0.00000000 0.00000000 0.99570950 -0.09253429
523.643000000 1.509884 -3.681684 -0.078000 -0.00000000 0.00000000 0.99513243 -0.09854665
523.768000000 1.487657 -3.686679 -0.078000 -0.00000000 0.00000000 0.99451304 -0.10461265
523.800000000 1.476377 -3.689077 -0.077968 0.00000678 -0.00003025 0.99417453 -0.10778221
523.900000000 1.441270 -3.697136 -0.077864 0.00001883 0.00011605 0.99305131 -0.11768213
524.018000000 1.443900 -3.696842 -0.078000 0.00000000 0.00000000 0.99316194 -0.11674489
524.143000000 1.420858 -3.700756 -0.078000 0.00000000 0.00000000 0.99242785 -0.12282902
524.200000000 1.400969 -3.705864 -0.077925 0.00000875 -0.00002233 0.99171433 -0.12846281
524.300000000 1.388602 -3.710181 -0.077964 0.00000362 -0.00002159 0.99123896 -0.13208075
524.400000000 1.376212 -3.712861 -0.077987 -0.00000386 0.00000834 0.99073972 -0.13577487
524.518000000 1.356853 -3.717629 -0.078000 -0.00000000 0.00000000 0.98997275 -0.14125846
524.643000000 1.334952 -3.724118 -0.078000 0.00000000 -0.00000000 0.98907167 -0.14743551
524.768000000 1.313459 -3.730283 -0.078000 -0.00000000 0.00000000 0.98812915 -0.15362546
524.800000000 1.302471 -3.733781 -0.077960 0.00001855 -0.00008583 0.98763437 -0.15677482
524.900000000 1.268346 -3.745288 -0.077812 0.00010065 -0.00007801 0.98602360 -0.16660565
525.018000000 1.270915 -3.744445 -0.078000 -0.00000000 -0.00000000 0.98613082 -0.16596990
525.143000000 1.249871 -3.751834 -0.078000 0.00000000 -0.00000000 0.98508023 -0.17209575
525.268000000 1.228624 -3.759296 -0.078000 -0.00000000 0.00000000 0.98398770 -0.17823636
525.300000000 1.217825 -3.763323 -0.077964 0.00002907 -0.00006404 0.98341457 -0.18137192
525.400000000 1.184310 -3.776560 -0.077850 -0.00000216 -0.00016768 0.98155885 -0.19116011
525.518000000 1.186874 -3.775802 -0.078000 0.00000000 0.00000000 0.98168550 -0.19050876
525.643000000 1.165646 -3.784159 -0.078000 -0.00000000 0.00000000 0.98047496 -0.19664400
525.768000000 1.144387 -3.791555 -0.078000 0.00000000 0.00000000 0.97922781 -0.20276317
525.800000000 1.133805 -3.796122 -0.077957 0.00003762 -0.00004336 0.97857658 -0.20588316
525.900000000 1.121488 -3.801939 -0.077995 -0.00000711 0.00000134 0.97780405 -0.20952145
526.018000000 1.103331 -3.810004 -0.078000 0.00000000 0.00000000 0.97662759 -0.21493849
526.143000000 1.083112 -3.819598 -0.078000 0.00000000 -0.00000000 0.97526565 -0.22103602
526.268000000 1.062705 -3.830057 -0.078000 0.00000000 0.00000000 0.97386562 -0.22712499
526.300000000 1.052360 -3.835144 -0.077972 -0.00002054 -0.00004482 0.97313672 -0.23022796
526.400000000 1.020325 -3.851642 -0.077867 -0.00003255 -0.00018331 0.97139594 -0.23746554
526.518000000 1.022121 -3.851526 -0.078000 0.00000000 0.00000000 0.97332972 -0.22941066
526.643000000 1.001892 -3.860419 -0.078000 -0.00000000 -0.00000000 0.97319558 -0.22997906
526.768000000 0.981091 -3.869488 -0.078000 0.00000000 0.00000000 0.97516659 -0.22147263
526.800000000 0.970743 -3.874525 -0.077960 0.00000247 -0.00003650 0.97584278 -0.21847395
526.900000000 0.938077 -3.889537 -0.077856 0.00007680 -0.00014459 0.97781607 -0.20946531
527.018000000 0.939857 -3.889606 -0.078000 -0.00000000 0.00000000 0.97755432 -0.21068351
527.143000000 0.918720 -3.898590 -0.078000 0.00000000 0.00000000 0.97882748 -0.20468700
527.268000000 0.897047 -3.906818 -0.078000 0.00000000 0.00000000 0.98016648 -0.19817587
527.300000000 0.886448 -3.911286 -0.077942 0.00003893 0.00001792 0.98079539 -0.19503950
527.400000000 0.853101 -3.924721 -0.077816 0.00005037 -0.00011717 0.98269170 -0.18524849
527.518000000 0.853386 -3.923502 -0.078000 0.00000000 0.00000000 0.98253331 -0.18608678
527.643000000 0.832277 -3.932289 -0.078000 0.00000000 0.00000000 0.98366420 -0.18001317
527.700000000 0.813088 -3.939437 -0.077937 0.00000928 -0.00003148 0.98510138 -0.17197461
527.800000000 0.779115 -3.951118 -0.077827 -0.00006402 0.00028821 0.98809334 -0.15385532
527.900000000 0.765341 -3.954586 -0.077851 -0.00006983 0.00030913 0.99023307 -0.13942155
528.018000000 0.766442 -3.953089 -0.078000 -0.00000000 -0.00000000 0.99083998 -0.13504124
528.143000000 0.744001 -3.959333 -0.078000 -0.00000000 0.00000000 0.99315203 -0.11682910
528.268000000 0.721357 -3.964417 -0.078000 0.00000000 0.00000000 0.99514913 -0.09837794
528.300000000 0.710099 -3.966688 -0.077962 0.00001093 -0.00001085 0.99604406 -0.08886078
528.400000000 0.674623 -3.971999 -0.077828 0.00003087 0.00024516 0.99825428 -0.05906203
528.518000000 0.676267 -3.973951 -0.078000 0.00000000 0.00000000 0.99765742 -0.06840806
528.643000000 0.654591 -3.977945 -0.078000 0.00000000 0.00000000 0.99877767 -0.04942842
528.768000000 0.633143 -3.979741 -0.078000 -0.00000000 0.00000000 0.99953628 -0.03045030
528.800000000 0.621683 -3.980469 -0.077974 -0.00001645 -0.00002915 0.99978178 -0.02088999
528.900000000 0.585815 -3.980917 -0.077852 0.00000560 -0.00003351 0.99993954 0.01099630
529.018000000 0.587064 -3.979562 -0.078000 -0.00000000 0.00000000 0.99987254 0.01596578
529.143000000 0.564683 -3.978366 -0.078000 0.00000000 -0.00000000 0.99889423 0.04701404
529.268000000 0.541673 -3.974118 -0.078000 -0.00000000 0.00000000 0.99657910 0.08264437
529.300000000 0.530366 -3.972301 -0.077934 0.00002647 0.00009053 0.99511303 0.09874234
529.400000000 0.517888 -3.970299 -0.077932 0.00001156 -0.00006131 0.99386458 0.11060377
529.518000000 0.497958 -3.965917 -0.078000 0.00000000 -0.00000000 0.98931411 0.14579981
529.643000000 0.476112 -3.958717 -0.078000 0.00000000 0.00000000 0.98210324 0.18834339
529.768000000 0.455434 -3.948418 -0.078000 -0.00000000 -0.00000000 0.97422753 0.22556756
529.800000000 0.445154 -3.943306 -0.078166 -0.00043501 0.00086049 0.96972437 0.24420018
529.900000000 0.414377 -3.923983 -0.077928 -0.00220131 0.00347384 0.95328646 0.30203974
530.018000000 0.418707 -3.925621 -0.078000 0.00000000 -0.00000000 0.95660321 0.29139371
530.143000000 0.401775 -3.912393 -0.078000 0.00000000 -0.00000000 0.94499634 0.32708091
530.268000000 0.385043 -3.899592 -0.078000 0.00000000 -0.00000000 0.93194252 0.36260604
530.300000000 0.376613 -3.891930 -0.077981 0.00028222 -0.00027218 0.92479736 0.38045984
530.400000000 0.352771 -3.865583 -0.078068 0.00075888 -0.00168836 0.90024469 0.43538038
530.518000000 0.354081 -3.867347 -0.078000 0.00000000 -0.00000000 0.90188302 0.43198035
530.643000000 0.340118 -3.848434 -0.078000 0.00000000 -0.00000000 0.88502949 0.46553496
530.768000000 0.327843 -3.829075 -0.078000 -0.00000000 0.00000000 0.86695432 0.49838761
530.893000000 0.316899 -3.809892 -0.078000 -0.00000000 0.00000000 0.84764212 0.53056841
530.900000000 0.315771 -3.807660 -0.077991 0.00002969 0.00001045 0.84541406 0.53411147
531.018000000 0.308172 -3.789267 -0.078000 0.00000000 -0.00000000 0.82715704 0.56197084
531.143000000 0.301299 -3.767457 -0.078000 0.00000000 0.00000000 0.80552064 0.59256772
531.268000000 0.295039 -3.745847 -0.078000 -0.00000000 0.00000000 0.78274231 0.62234595
531.300000000 0.292392 -3.734712 -0.077928 0.00004714 -0.00001442 0.77069105 0.63720900
531.400000000 0.287655 -3.699299 -0.077781 0.00033719 0.00016308 0.73123874 0.68212151
531.518000000 0.289583 -3.701314 -0.078000 0.00000000 -0.00000000 0.73395977 0.67919295
531.643000000 0.289251 -3.678730 -0.078000 -0.00000000 0.00000000 0.70800479 0.70620763
531.768000000 0.290379 -3.656007 -0.078000 0.00000000 -0.00000000 0.68105508 0.73223219
531.800000000 0.291179 -3.644595 -0.077976 -0.00001667 -0.00002703 0.66692143 0.74512805
531.900000000 0.297168 -3.609341 -0.077852 0.00010972 0.00001824 0.62120817 0.78364558
532.018000000 0.296523 -3.612590 -0.078000 0.00000000 0.00000000 0.62430755 0.78117865
532.143000000 0.302051 -3.590531 -0.078000 -0.00000000 -0.00000000 0.59461401 0.80401130
532.268000000 0.309004 -3.569122 -0.078000 0.00000000 -0.00000000 0.56410490 0.82570313
532.300000000 0.313120 -3.558449 -0.077962 0.00005499 0.00006521 0.54820641 0.83634306
532.400000000 0.329463 -3.526575 -0.077881 0.00002379 0.00011137 0.49902360 0.86658839
532.518000000 0.329286 -3.527263 -0.078000 -0.00000000 0.00000000 0.50842838 0.86110428
532.643000000 0.339762 -3.507804 -0.078000 0.00000000 -0.00000000 0.48161180 0.87638466
532.700000000 0.351090 -3.490804 -0.077917 -0.00001117 -0.00007222 0.46161551 0.88708011
532.800000000 0.358630 -3.480591 -0.077970 0.00008790 0.00006595 0.45533877 0.89031825
532.900000000 0.366743 -3.469334 -0.077999 -0.00000665 0.00000422 0.44990281 0.89307752
533.018000000 0.378889 -3.453449 -0.078000 0.00000000 0.00000000 0.44457176 0.89574324
533.143000000 0.392746 -3.436578 -0.078000 -0.00000000 0.00000000 0.44267997 0.89667968
533.268000000 0.406427 -3.418375 -0.078000 -0.00000000 0.00000000 0.43926356 0.89835824
533.300000000 0.413480 -3.409270 -0.077962 0.00001894 0.00001973 0.43892125 0.89852553
533.400000000 0.435680 -3.380934 -0.077860 0.00023864 0.00011913 0.43892684 0.89852277
533.518000000 0.434150 -3.381955 -0.078000 -0.00000000 0.00000000 0.43925281 0.89836349
533.643000000 0.448853 -3.365845 -0.078000 -0.00000000 0.00000000 0.44574411 0.89516043
533.768000000 0.461809 -3.348464 -0.078000 0.00000000 0.00000000 0.44754043 0.89426370
533.800000000 0.468711 -3.339231 -0.077961 -0.00008037 -0.00004219 0.45009056 0.89298291
533.900000000 0.489876 -3.310070 -0.077842 -0.00008601 -0.00001419 0.45863591 0.88862427
534.018000000 0.487968 -3.310366 -0.078000 -0.00000000 0.00000000 0.45815502 0.88887231
534.143000000 0.500678 -3.290785 -0.078000 0.00000000 -0.00000000 0.46364352 0.88602183
534.268000000 0.513252 -3.272779 -0.078000 0.00000000 -0.00000000 0.46921706 0.88308287
534.393000000 0.525984 -3.253943 -0.078000 0.00000000 -0.00000000 0.47477442 0.88010752
534.400000000 0.527373 -3.251838 -0.077989 0.00000233 -0.00000492 0.47538850 0.87977598
534.518000000 0.537813 -3.235022 -0.078000 0.00000000 0.00000000 0.48025056 0.87713135
534.643000000 0.550526 -3.214916 -0.078000 0.00000000 0.00000000 0.48574162 0.87410244
534.768000000 0.562553 -3.195833 -0.078000 0.00000000 -0.00000000 0.49122406 0.87103325
534.800000000 0.568534 -3.185979 -0.077956 0.00000353 -0.00002108 0.49399908 0.86946242
534.900000000 0.586654 -3.154851 -0.077828 -0.00019408 -0.00014655 0.50263899 0.86449638
535.018000000 0.583872 -3.156691 -0.078000 0.00000000 0.00000000 0.50223484 0.86473127
535.143000000 0.595296 -3.136925 -0.078000 -0.00000000 -0.00000000 0.51522673 0.85705392
535.268000000 0.605957 -3.116990 -0.078000 0.00000000 0.00000000 0.52474963 0.85125661
535.300000000 0.611151 -3.106687 -0.077959 0.00006756 0.00004354 0.53022219 0.84785873
535.400000000 0.626331 -3.073960 -0.077857 0.00004090 0.00012905 0.54709952 0.83706756
535.518000000 0.625645 -3.075428 -0.078000 0.00000000 0.00000000 0.54591100 0.83784317
535.643000000 0.634681 -3.055092 -0.078000 -0.00000000 0.00000000 0.55629267 0.83098644
535.768000000 0.643122 -3.034549 -0.078000 -0.00000000 0.00000000 0.56661804 0.82398058
535.800000000 0.647261 -3.023775 -0.077971 -0.00003888 -0.00003164 0.57186395 0.82034847
535.900000000 0.659043 -2.989695 -0.077846 0.00007655 0.00003768 0.58810173 0.80878696
536.018000000 0.659853 -2.992386 -0.078000 0.00000000 0.00000000 0.58708492 0.80952535
536.143000000 0.666881 -2.970504 -0.078000 -0.00000000 0.00000000 0.59715048 0.80212923
536.200000000 0.672587 -2.950757 -0.077945 0.00004986 0.00003222 0.60622654 0.79529201
536.300000000 0.676541 -2.936959 -0.077963 -0.00008985 -0.00007870 0.61217289 0.79072394
536.400000000 0.684824 -2.901855 -0.077849 -0.00021606 -0.00014276 0.62780819 0.77836805
536.518000000 0.685168 -2.903017 -0.078000 0.00000000 0.00000000 0.62682728 0.77915824
536.643000000 0.689845 -2.881896 -0.078000 0.00000000 -0.00000000 0.63651301 0.77126597
536.768000000 0.694121 -2.858721 -0.078000 0.00000000 -0.00000000 0.64609822 0.76325428
536.800000000 0.696046 -2.847346 -0.077966 0.00001912 0.00003136 0.65095347 0.75911763
536.900000000 0.700854 -2.811591 -0.077865 -0.00016653 -0.00005227 0.66595143 0.74599508
537.018000000 0.699642 -2.814559 -0.078000 0.00000000 -0.00000000 0.66496449 0.74687497
537.143000000 0.701878 -2.791911 -0.078000 -0.00000000 0.00000000 0.67419440 0.73855394
537.268000000 0.703606 -2.769547 -0.078000 0.00000000 0.00000000 0.68337223 0.73007013
537.300000000 0.704384 -2.758031 -0.077978 0.00001055 0.00003956 0.68801435 0.72569708
537.400000000 0.705583 -2.721991 -0.077847 0.00002945 0.00000351 0.70233917 0.71184246
537.518000000 0.704434 -2.724395 -0.078000 0.00000000 -0.00000000 0.70137357 0.71279388
537.643000000 0.704808 -2.702749 -0.078000 -0.00000000 0.00000000 0.71020520 0.70399473
537.700000000 0.704411 -2.682202 -0.077925 -0.00004514 -0.00007638 0.71815524 0.69588292
537.800000000 0.703756 -2.668733 -0.077973 -0.00005754 -0.00003967 0.72332765 0.69050497
537.900000000 0.702651 -2.655566 -0.077993 0.00001037 0.00001178 0.72847200 0.68507557
538.018000000 0.701596 -2.635062 -0.078000 -0.00000000 0.00000000 0.73599878 0.67698287
538.143000000 0.700530 -2.612774 -0.078000 0.00000000 0.00000000 0.74440609 0.66772717
538.268000000 0.697636 -2.590266 -0.078000 0.00000000 -0.00000000 0.75262380 0.65845077
538.300000000 0.696122 -2.578823 -0.077995 -0.00006863 -0.00005588 0.75680768 0.65363762
538.400000000 0.690149 -2.543263 -0.077853 -0.00013642 -0.00024622 0.76968342 0.63842569
538.518000000 0.691281 -2.544793 -0.078000 0.00000000 -0.00000000 0.76876106 0.63953611
538.643000000 0.687098 -2.523217 -0.078000 0.00000000 0.00000000 0.77664585 0.62993747
538.768000000 0.682396 -2.501466 -0.078000 -0.00000000 -0.00000000 0.78439880 0.62025682
538.800000000 0.679765 -2.490232 -0.077956 -0.00001046 -0.00004539 0.78833787 0.61524255
538.900000000 0.676751 -2.453425 -0.077832 -0.00014936 -0.00023437 0.80021341 0.59971529
539.018000000 0.678305 -2.456568 -0.078000 0.00000000 0.00000000 0.79933964 0.60087947
539.143000000 0.671735 -2.434861 -0.078000 0.00000000 0.00000000 0.80673776 0.59090962
539.268000000 0.665331 -2.414263 -0.078000 0.00000000 0.00000000 0.81402622 0.58082813
539.393000000 0.658504 -2.393842 -0.078000 0.00000000 -0.00000000 0.82117194 0.57068086
539.400000000 0.657636 -2.391471 -0.077997 -0.00001360 -0.00001385 0.82196730 0.56953468
539.518000000 0.650521 -2.372718 -0.078000 0.00000000 -0.00000000 0.82818310 0.56045763
539.643000000 0.642477 -2.353027 -0.078000 0.00000000 0.00000000 0.83505359 0.55016862
539.768000000 0.633506 -2.332552 -0.078000 -0.00000000 0.00000000 0.84180141 0.53978735
539.800000000 0.628633 -2.322091 -0.077942 -0.00000855 -0.00001856 0.84522612 0.53440884
539.900000000 0.612658 -2.289768 -0.077820 0.00007210 0.00006262 0.85570882 0.51745763
540.018000000 0.614408 -2.292076 -0.078000 -0.00000000 0.00000000 0.85491145 0.51877396
540.143000000 0.603332 -2.271625 -0.078000 -0.00000000 -0.00000000 0.86125815 0.50816768
540.268000000 0.592539 -2.253160 -0.078000 0.00000000 0.00000000 0.86750030 0.49743667
540.300000000 0.586716 -2.243202 -0.077979 -0.00003128 -0.00002737 0.87065501 0.49189414
540.400000000 0.567514 -2.212657 -0.077889 -0.00002784 0.00009632 0.88028470 0.47444582
540.518000000 0.569539 -2.215386 -0.078000 -0.00000000 0.00000000 0.87955349 0.47580002
540.643000000 0.556868 -2.196736 -0.078000 0.00000000 0.00000000 0.88537386 0.46487970
540.768000000 0.544070 -2.178504 -0.078000 -0.00000000 -0.00000000 0.89107675 0.45385264
540.800000000 0.537300 -2.169161 -0.077968 -0.00004663 -0.00009932 0.89395318 0.44816035
540.900000000 0.515074 -2.140743 -0.077854 -0.00017618 -0.00021173 0.90270635 0.43025710
541.018000000 0.518770 -2.143252 -0.078000 -0.00000000 0.00000000 0.90205299 0.43162530
541.143000000 0.504230 -2.125974 -0.078000 -0.00000000 0.00000000 0.90731703 0.42044715
541.200000000 0.490787 -2.110416 -0.077945 -0.00000228 0.00006299 0.91203385 0.41011493
541.300000000 0.482155 -2.100216 -0.077961 -0.00001606 -0.00002275 0.91505505 0.40332896
541.400000000 0.472714 -2.089935 -0.077990 -0.00000976 -0.00002123 0.91801265 0.39655110
541.518000000 0.458225 -2.075525 -0.078000 0.00000000 -0.00000000 0.92232970 0.38640384
541.643000000 0.442784 -2.060450 -0.078000 0.00000000 -0.00000000 0.92704572 0.37494832
541.768000000 0.426491 -2.045117 -0.078000 -0.00000000 0.00000000 0.93163456 0.36339654
541.800000000 0.418004 -2.037295 -0.077976 0.00001545 0.00006403 0.93393341 0.35744703
541.900000000 0.390744 -2.013698 -0.077850 0.00010924 0.00012661 0.94087091 0.33876527
542.018000000 0.393380 -2.015068 -0.078000 -0.00000000 0.00000000 0.94034390 0.34022544
542.143000000 0.376013 -2.001559 -0.078000 -0.00000000 0.00000000 0.94211994 0.33527603
542.268000000 0.358428 -1.987088 -0.078000 -0.00000000 0.00000000 0.94486105 0.32747153
542.300000000 0.349393 -1.979932 -0.077965 0.00002742 -0.00002112 0.94584050 0.32463170
542.400000000 0.320756 -1.958089 -0.077824 0.00007879 0.00008006 0.94897929 0.31533838
542.518000000 0.322334 -1.959722 -0.078000 0.00000000 0.00000000 0.94874467 0.31604360
542.643000000 0.304151 -1.947282 -0.078000 0.00000000 0.00000000 0.95067703 0.31018249
542.768000000 0.286107 -1.934163 -0.078000 0.00000000 0.00000000 0.95260121 0.30422187
542.800000000 0.276711 -1.927482 -0.077952 -0.00002492 -0.00004402 0.95356727 0.30118012
542.900000000 0.264951 -1.919785 -0.077992 0.00000816 0.00001079 0.95467991 0.29763444
543.018000000 0.248743 -1.908523 -0.078000 -0.00000000 -0.00000000 0.95632585 0.29230269
543.143000000 0.230930 -1.895813 -0.078000 -0.00000000 0.00000000 0.95811010 0.28640012
543.268000000 0.212455 -1.883789 -0.078000 0.00000000 -0.00000000 0.95992563 0.28025487
543.300000000 0.202736 -1.877576 -0.077936 -0.00000029 -0.00007563 0.96121149 0.27581238
543.400000000 0.171943 -1.858831 -0.077817 0.00003509 -0.00001988 0.96548876 0.26044474
543.518000000 0.174750 -1.860615 -0.078000 0.00000000 0.00000000 0.96657472 0.25638507
543.643000000 0.155324 -1.849872 -0.078000 -0.00000000 0.00000000 0.96972830 0.24418647
543.768000000 0.135404 -1.838924 -0.078000 -0.00000000 0.00000000 0.97271562 0.23200069
543.800000000 0.125123 -1.833683 -0.077957 -0.00000192 0.00000035 0.97418118 0.22576765
543.900000000 0.092401 -1.818512 -0.077837 -0.00008422 -0.00027047 0.97849119 0.20628843
544.018000000 0.095291 -1.819891 -0.078000 -0.00000000 0.00000000 0.97821551 0.20759197
544.143000000 0.074123 -1.810724 -0.078000 -0.00000000 0.00000000 0.98073106 0.19536273
544.268000000 0.053748 -1.802834 -0.078000 0.00000000 0.00000000 0.98308597 0.18314469
544.300000000 0.042982 -1.798667 -0.077981 -0.00003029 0.00003375 0.98423390 0.17687179
544.400000000 0.008925 -1.786807 -0.077846 -0.00000245 0.00001778 0.98756298 0.15722392
544.518000000 0.010418 -1.788473 -0.078000 0.00000000 0.00000000 0.98735054 0.15855258
544.643000000 -0.010918 -1.781413 -0.078000 -0.00000000 0.00000000 0.98925137 0.14622492
544.700000000 -0.030671 -1.775679 -0.077957 -0.00007543 -0.00007247 0.99084830 0.13498015
544.800000000 -0.043487 -1.772104 -0.077974 0.00002815 -0.00003876 0.99182500 0.12760552
544.900000000 -0.056721 -1.769020 -0.077990 0.00000111 0.00000778 0.99275592 0.12014860
545.018000000 -0.075948 -1.765763 -0.078000 -0.00000000 -0.00000000 0.99402495 0.10915305
545.143000000 -0.097380 -1.761304 -0.078000 0.00000000 0.00000000 0.99531551 0.09668010
545.268000000 -0.118166 -1.757663 -0.078000 -0.00000000 0.00000000 0.99644310 0.08426836
545.300000000 -0.129536 -1.755710 -0.077948 0.00000660 -0.00009461 0.99696025 0.07791186
545.400000000 -0.165274 -1.750846 -0.077849 -0.00004915 -0.00024277 0.99831479 0.05803028
545.518000000 -0.163514 -1.751541 -0.078000 -0.00000000 0.00000000 0.99824216 0.05926718
545.643000000 -0.185613 -1.749355 -0.078000 -0.00000000 0.00000000 0.99890216 0.04684522
545.768000000 -0.208541 -1.746232 -0.078000 0.00000000 -0.00000000 0.99939143 0.03488215
545.800000000 -0.220043 -1.745402 -0.077949 0.00003140 -0.00002563 0.99953420 0.03051868
545.900000000 -0.256025 -1.743803 -0.077826 0.00003094 -0.00018355 0.99983613 0.01810194
546.018000000 -0.253281 -1.744031 -0.078000 -0.00000000 0.00000000 0.99967675 0.02542415
546.143000000 -0.275452 -1.743095 -0.078000 -0.00000000 -0.00000000 0.99981317 0.01932935
546.268000000 -0.297326 -1.742265 -0.078000 -0.00000000 -0.00000000 0.99979588 0.02020416
546.300000000 -0.308833 -1.741850 -0.077971 -0.00001723 -0.00002157 0.99978262 0.02084971
546.400000000 -0.322564 -1.740116 -0.077989 -0.00000110 -0.00000221 0.99980354 0.01982136
546.518000000 -0.341952 -1.740068 -0.078000 0.00000000 0.00000000 0.99956218 0.02958797
546.643000000 -0.364247 -1.739399 -0.078000 -0.00000000 0.00000000 0.99936632 0.03559430
546.768000000 -0.386346 -1.737968 -0.078000 -0.00000000 0.00000000 0.99913363 0.04161710
546.800000000 -0.397815 -1.737010 -0.077953 0.00001315 0.00004813 0.99899694 0.04477844
546.900000000 -0.433590 -1.733465 -0.077842 0.00002889 -0.00011042 0.99850022 0.05474759
547.018000000 -0.431664 -1.734098 -0.078000 0.00000000 0.00000000 0.99854427 0.05393833
547.143000000 -0.453328 -1.731355 -0.078000 0.00000000 -0.00000000 0.99818848 0.06016439
547.268000000 -0.474747 -1.728635 -0.078000 -0.00000000 -0.00000000 0.99780046 0.06628907
547.300000000 -0.486153 -1.727130 -0.077952 0.00003593 0.00004366 0.99758406 0.06946972
547.400000000 -0.521695 -1.721745 -0.077834 0.00004840 0.00018590 0.99684232 0.07940628
547.518000000 -0.518377 -1.722464 -0.078000 0.00000000 -0.00000000 0.99691331 0.07851015
547.643000000 -0.539763 -1.717663 -0.078000 0.00000000 0.00000000 0.99640763 0.08468667
547.768000000 -0.562146 -1.712450 -0.078000 -0.00000000 0.00000000 0.99585915 0.09090964
547.893000000 -0.584542 -1.708582 -0.078000 -0.00000000 -0.00000000 0.99527676 0.09707815
547.900000000 -0.587008 -1.708116 -0.077971 0.00003454 -0.00024358 0.99520793 0.09778094
548.018000000 -0.607468 -1.706406 -0.078000 0.00000000 -0.00000000 0.99467213 0.10308901
548.143000000 -0.628928 -1.700990 -0.078000 -0.00000000 0.00000000 0.99490970 0.10077048
548.268000000 -0.650957 -1.696131 -0.078000 -0.00000000 0.00000000 0.99479495 0.10189705
548.300000000 -0.662369 -1.693791 -0.078018 -0.00065352 0.00030326 0.99479471 0.10189682
548.400000000 -0.697903 -1.686194 -0.078251 -0.00191506 0.00152515 0.99479370 0.10187986
548.518000000 -0.693198 -1.686337 -0.078000 0.00000000 0.00000000 0.99481380 0.10171286
548.643000000 -0.714099 -1.682528 -0.078000 -0.00000000 0.00000000 0.99483318 0.10152311
548.768000000 -0.735968 -1.677472 -0.078000 -0.00000000 -0.00000000 0.99483731 0.10148261
548.800000000 -0.747155 -1.675120 -0.077989 0.00020602 0.00015264 0.99483771 0.10147842
548.900000000 -0.782426 -1.667771 -0.077945 0.00002580 0.00056332 0.99483852 0.10146918
549.018000000 -0.778764 -1.667841 -0.078000 0.00000000 -0.00000000 0.99485447 0.10131425
549.143000000 -0.801280 -1.662042 -0.078000 -0.00000000 0.00000000 0.99485249 0.10133368
549.268000000 -0.823414 -1.656104 -0.078000 -0.00000000 0.00000000 0.99483209 0.10153376
549.300000000 -0.834640 -1.653795 -0.077847 0.00039409 -0.00005820 0.99467637 0.10304737
549.400000000 -0.869665 -1.646365 -0.077675 0.00085202 -0.00014735 0.99395848 0.10975329
549.518000000 -0.866030 -1.647417 -0.078000 -0.00000000 0.00000000 0.99328273 0.11571267
549.643000000 -0.887715 -1.641849 -0.078000 -0.00000000 0.00000000 0.99148360 0.13023164
549.700000000 -0.907385 -1.636362 -0.077839 0.00030208 0.00007221 0.99002002 0.14092647
549.800000000 -0.920703 -1.634745 -0.077979 -0.00002829 0.00002858 0.98895082 0.14824394
549.900000000 -0.954912 -1.623551 -0.077953 -0.00030347 -0.00004731 0.98582029 0.16780426
550.018000000 -0.952894 -1.623710 -0.078000 -0.00000000 0.00000000 0.98607569 0.16629710
550.143000000 -0.974331 -1.616177 -0.078000 -0.00000000 0.00000000 0.98391995 0.17861002
550.268000000 -0.995362 -1.607156 -0.078000 -0.00000000 -0.00000000 0.98163023 0.19079331
550.300000000 -1.006032 -1.602866 -0.077971 -0.00000650 0.00006465 0.98039295 0.19705245
550.400000000 -1.038873 -1.588326 -0.077827 0.00008898 0.00018257 0.97627147 0.21655019
550.518000000 -1.046030 -1.591126 -0.078000 -0.00000000 0.00000000 0.97690548 0.21367188
550.643000000 -1.066914 -1.581925 -0.078000 -0.00000000 0.00000000 0.97416923 0.22581921
550.768000000 -1.088275 -1.572414 -0.078000 0.00000000 -0.00000000 0.97126516 0.23799998
550.800000000 -1.098481 -1.567129 -0.077960 0.00000598 0.00000949 0.96972772 0.24418875
550.900000000 -1.129735 -1.549387 -0.077850 0.00007377 0.00030485 0.96521119 0.26147133
551.018000000 -1.128183 -1.548009 -0.078000 -0.00000000 0.00000000 0.96728616 0.25368778
551.143000000 -1.147817 -1.537569 -0.078000 0.00000000 0.00000000 0.96709158 0.25442851
551.268000000 -1.167123 -1.527579 -0.078000 0.00000000 0.00000000 0.96641747 0.25697718
551.393000000 -1.188837 -1.516420 -0.078000 -0.00000000 0.00000000 0.96648410 0.25672646
551.400000000 -1.191026 -1.515172 -0.077993 -0.00000289 -0.00001022 0.96643929 0.25689511
551.518000000 -1.208225 -1.506734 -0.078000 -0.00000000 -0.00000000 0.96480705 0.26295885
551.643000000 -1.226861 -1.496233 -0.078000 0.00000000 0.00000000 0.96212713 0.27260113
551.768000000 -1.245821 -1.483931 -0.078000 -0.00000000 -0.00000000 0.95952903 0.28160974
551.800000000 -1.255487 -1.477729 -0.077950 0.00002487 0.00007756 0.95736106 0.28889410
551.900000000 -1.284972 -1.457261 -0.077863 -0.00005254 0.00011492 0.94909020 0.31500440
552.018000000 -1.281504 -1.458785 -0.078000 0.00000000 0.00000000 0.94585108 0.32460090
552.143000000 -1.299877 -1.443071 -0.078000 -0.00000000 0.00000000 0.93785663 0.34702298
552.268000000 -1.316713 -1.428640 -0.078000 0.00000000 0.00000000 0.92881763 0.37053720
552.300000000 -1.325070 -1.420785 -0.077974 0.00002574 0.00011103 0.92397944 0.38244212
552.400000000 -1.349347 -1.394402 -0.077852 0.00012928 0.00026883 0.90797349 0.41902750
552.518000000 -1.349532 -1.395358 -0.078000 0.00000000 0.00000000 0.90908949 0.41660089
552.643000000 -1.363636 -1.378211 -0.078000 0.00000000 0.00000000 0.89837220 0.43923500
552.768000000 -1.376963 -1.360161 -0.078000 0.00000000 -0.00000000 0.88709679 0.46158345
552.800000000 -1.383577 -1.350794 -0.077964 -0.00002633 -0.00005345 0.88113685 0.47286134
552.900000000 -1.402116 -1.320103 -0.077850 0.00004590 0.00010095 0.86159516 0.50759607
553.018000000 -1.400309 -1.322020 -0.078000 -0.00000000 -0.00000000 0.86299442 0.50521344
553.143000000 -1.410088 -1.300990 -0.078000 0.00000000 0.00000000 0.85011960 0.52658966
553.200000000 -1.418808 -1.282506 -0.077941 0.00000022 0.00004561 0.83793872 0.54576432
553.300000000 -1.424076 -1.270162 -0.077942 0.00009846 0.00010199 0.82966091 0.55826764
553.400000000 -1.436207 -1.236438 -0.077828 0.00016563 0.00014965 0.80675892 0.59088069
553.518000000 -1.435139 -1.239443 -0.078000 0.00000000 0.00000000 0.80832353 0.58873854
553.643000000 -1.441136 -1.218976 -0.078000 -0.00000000 -0.00000000 0.79340355 0.60869599
553.768000000 -1.447495 -1.198550 -0.078000 0.00000000 0.00000000 0.77797446 0.62829590
553.800000000 -1.449938 -1.187343 -0.077959 -0.00004811 -0.00005159 0.76989664 0.63816860
553.900000000 -1.455259 -1.151888 -0.077869 -0.00003047 0.00002957 0.74402363 0.66815331
554.018000000 -1.454716 -1.153206 -0.078000 -0.00000000 0.00000000 0.75019062 0.66122162
554.143000000 -1.454914 -1.131931 -0.078000 0.00000000 0.00000000 0.73636973 0.67657935
554.268000000 -1.456437 -1.110541 -0.078000 -0.00000000 0.00000000 0.73140981 0.68193818
554.300000000 -1.457186 -1.099064 -0.077950 0.00002010 -0.00001101 0.72826388 0.68529681
554.400000000 -1.458905 -1.063158 -0.077824 -0.00009980 -0.00018433 0.71956494 0.69442513
554.518000000 -1.457634 -1.063953 -0.078000 0.00000000 0.00000000 0.72454885 0.68922345
554.643000000 -1.459655 -1.041611 -0.078000 -0.00000000 0.00000000 0.72011169 0.69385817
554.700000000 -1.460344 -1.021127 -0.077936 -0.00011857 -0.00011627 0.71608458 0.69801350
554.800000000 -1.460668 -1.007184 -0.077964 0.00002764 0.00003027 0.71331213 0.70084650
554.900000000 -1.461470 -0.992976 -0.077994 0.00001856 0.00001675 0.71065184 0.70354386
555.018000000 -1.461827 -0.974155 -0.078000 0.00000000 0.00000000 0.70629032 0.70792230
555.143000000 -1.461785 -0.953011 -0.078000 0.00000000 -0.00000000 0.69470331 0.71929640
555.268000000 -1.459938 -0.932948 -0.078000 -0.00000000 0.00000000 0.68411822 0.72937114
555.300000000 -1.459205 -0.921487 -0.077958 0.00004339 0.00003448 0.67733616 0.73567366
555.400000000 -1.455286 -0.885821 -0.077859 -0.00007000 -0.00005883 0.65543531 0.75525131
555.518000000 -1.455223 -0.891780 -0.078000 -0.00000000 -0.00000000 0.65252056 0.75777102
555.643000000 -1.450381 -0.869965 -0.078000 -0.00000000 -0.00000000 0.64327311 0.76563680
555.768000000 -1.445177 -0.847065 -0.078000 0.00000000 0.00000000 0.63436457 0.77303402
555.800000000 -1.442913 -0.835790 -0.077955 0.00000443 -0.00004900 0.63042868 0.77624718
555.900000000 -1.434877 -0.800768 -0.077816 0.00018885 0.00003158 0.61844896 0.78582494
556.018000000 -1.434680 -0.801085 -0.078000 0.00000000 -0.00000000 0.62277165 0.78240365
556.143000000 -1.429272 -0.777684 -0.078000 0.00000000 -0.00000000 0.61786695 0.78628266
556.268000000 -1.423853 -0.755326 -0.078000 0.00000000 -0.00000000 0.61870097 0.78562657
556.300000000 -1.421102 -0.744139 -0.077968 -0.00007396 -0.00003844 0.61878137 0.78556324
556.400000000 -1.416997 -0.731537 -0.077992 0.00000681 0.00000864 0.61759387 0.78649718
556.518000000 -1.412889 -0.711578 -0.078000 0.00000000 -0.00000000 0.61745845 0.78660349
556.643000000 -1.408532 -0.688751 -0.078000 0.00000000 0.00000000 0.61746001 0.78660227
556.768000000 -1.402834 -0.667968 -0.078000 0.00000000 -0.00000000 0.61773233 0.78638844
556.800000000 -1.400106 -0.656774 -0.077956 0.00001822 0.00000443 0.61899170 0.78539752
556.900000000 -1.391845 -0.621692 -0.077832 -0.00020316 -0.00017334 0.62768405 0.77846815
557.018000000 -1.391949 -0.622271 -0.078000 0.00000000 -0.00000000 0.63594822 0.77173173
557.143000000 -1.386944 -0.599455 -0.078000 0.00000000 0.00000000 0.64488926 0.76427603
557.268000000 -1.384615 -0.578793 -0.078000 -0.00000000 0.00000000 0.65454444 0.75602353
557.300000000 -1.382957 -0.567367 -0.077973 -0.00004254 0.00002044 0.66055561 0.75077712
557.400000000 -1.379128 -0.531445 -0.077895 -0.00001803 0.00007023 0.68235023 0.73102542
557.518000000 -1.379094 -0.533870 -0.078000 0.00000000 -0.00000000 0.69025272 0.72356836
557.643000000 -1.379408 -0.508971 -0.078000 0.00000000 -0.00000000 0.71239126 0.70178252
557.768000000 -1.380355 -0.487324 -0.078000 0.00000000 0.00000000 0.73224636 0.68103985
557.800000000 -1.381176 -0.475776 -0.077963 -0.00007265 -0.00012192 0.74412045 0.66804546
557.900000000 -1.387047 -0.440084 -0.077827 -0.00013608 -0.00034349 0.77986482 0.62594786
558.018000000 -1.387476 -0.442855 -0.078000 0.00000000 0.00000000 0.78088914 0.62466964
558.143000000 -1.394157 -0.420826 -0.078000 0.00000000 0.00000000 0.80369243 0.59504494
558.200000000 -1.400769 -0.401285 -0.077951 0.00002795 0.00001105 0.82356910 0.56721595
558.300000000 -1.406043 -0.389415 -0.077941 -0.00005555 -0.00010623 0.83606261 0.54863404
558.400000000 -1.410781 -0.377266 -0.077993 -0.00001261 -0.00000485 0.84812802 0.52979133
558.518000000 -1.420041 -0.360268 -0.078000 0.00000000 -0.00000000 0.86527634 0.50129517
558.643000000 -1.432053 -0.339538 -0.078000 -0.00000000 0.00000000 0.88338251 0.46865268
558.768000000 -1.445741 -0.321466 -0.078000 -0.00000000 -0.00000000 0.90029050 0.43528957
558.800000000 -1.452890 -0.312358 -0.077970 -0.00003159 -0.00001671 0.90845144 0.41799042
558.900000000 -1.478003 -0.286271 -0.077874 -0.00021202 -0.00031287 0.93180136 0.36296844
559.018000000 -1.476579 -0.288914 -0.078000 0.00000000 0.00000000 0.93028996 0.36682501
559.143000000 -1.493421 -0.274411 -0.078000 -0.00000000 0.00000000 0.94334409 0.33181611
559.268000000 -1.511059 -0.260402 -0.078000 0.00000000 0.00000000 0.95506502 0.29639636
559.300000000 -1.520569 -0.253795 -0.077977 -0.00000159 0.00001581 0.96055993 0.27807307
559.400000000 -1.552274 -0.236355 -0.077848 0.00007858 -0.00005523 0.97545707 0.22018968
559.518000000 -1.542001 -0.240408 -0.078000 0.00000000 -0.00000000 0.97444912 0.22460833
559.643000000 -1.561013 -0.232936 -0.078000 -0.00000000 0.00000000 0.98214667 0.18811679
559.768000000 -1.583377 -0.228477 -0.078000 0.00000000 -0.00000000 0.98749320 0.15766160
559.893000000 -1.605168 -0.223852 -0.078000 -0.00000000 0.00000000 0.99145644 0.13043823
559.900000000 -1.607606 -0.223174 -0.077991 0.00000328 0.00000488 0.99186042 0.12732993
560.018000000 -1.623848 -0.216489 -0.078000 0.00000000 -0.00000000 0.99471084 0.10271489
560.143000000 -1.645476 -0.211823 -0.078000 0.00000000 0.00000000 0.99641629 0.08458470
560.268000000 -1.668960 -0.210825 -0.078000 0.00000000 -0.00000000 0.99746593 0.07114571
560.300000000 -1.680383 -0.209205 -0.077949 0.00000620 -0.00009280 0.99792843 0.06433378
560.400000000 -1.716230 -0.205401 -0.077851 -0.00003092 -0.00013112 0.99899738 0.04476843
560.518000000 -1.715921 -0.209153 -0.078000 -0.00000000 -0.00000000 0.99833694 0.05764859
560.643000000 -1.734285 -0.202440 -0.078000 0.00000000 0.00000000 0.99859209 0.05304565
560.768000000 -1.755631 -0.199497 -0.078000 -0.00000000 0.00000000 0.99826779 0.05883389
560.800000000 -1.767060 -0.198192 -0.077975 -0.00003880 0.00000309 0.99802564 0.06280774
560.900000000 -1.802684 -0.193357 -0.077886 -0.00007100 -0.00008595 0.99718926 0.07492374
561.018000000 -1.797972 -0.191499 -0.078000 -0.00000000 0.00000000 0.99677632 0.08023076
561.143000000 -1.819293 -0.187551 -0.078000 -0.00000000 -0.00000000 0.99559257 0.09378401
561.268000000 -1.840211 -0.182102 -0.078000 -0.00000000 -0.00000000 0.99427921 0.10681219
561.300000000 -1.851445 -0.179691 -0.077972 0.00002747 0.00010694 0.99340687 0.11464197
561.400000000 -1.886153 -0.170636 -0.077841 0.00009309 0.00029469 0.98990916 0.14170307
561.518000000 -1.885516 -0.174239 -0.078000 -0.00000000 0.00000000 0.98825742 0.15279815
561.643000000 -1.907019 -0.166738 -0.078000 -0.00000000 0.00000000 0.98430917 0.17645241
561.700000000 -1.926033 -0.159225 -0.077944 -0.00003900 0.00008676 0.98004160 0.19879250
561.800000000 -1.937676 -0.154421 -0.077949 0.00002877 0.00000728 0.97693014 0.21355912
561.900000000 -1.969598 -0.138146 -0.077817 0.00014456 0.00029451 0.96764650 0.25230963
562.018000000 -1.967755 -0.139485 -0.078000 0.00000000 -0.00000000 0.96835209 0.24958811
562.143000000 -1.987054 -0.127139 -0.078000 -0.00000000 0.00000000 0.96184525 0.27359408
562.268000000 -2.005348 -0.113802 -0.078000 0.00000000 0.00000000 0.95471653 0.29751697
562.300000000 -2.014794 -0.107297 -0.077963 -0.00000525 -0.00001656 0.95084461 0.30966841
562.400000000 -2.042967 -0.085140 -0.077854 -0.00004912 -0.00017458 0.93775033 0.34731007
562.518000000 -1.990815 -0.069423 -0.078000 0.00000000 -0.00000000 0.93738778 0.34828745
562.643000000 -2.006998 -0.053979 -0.078000 -0.00000000 -0.00000000 0.92842719 0.37151440
562.768000000 -2.022781 -0.038237 -0.078000 0.00000000 0.00000000 0.91889591 0.39450007
562.800000000 -2.030713 -0.029955 -0.077964 0.00003887 0.00007876 0.91379044 0.40618594
562.900000000 -2.053557 -0.002320 -0.077847 0.00017305 0.00037684 0.89688084 0.44227208
563.018000000 -2.052860 -0.004449 -0.078000 0.00000000 -0.00000000 0.89812549 0.43973925
563.143000000 -2.065437 0.012989 -0.078000 -0.00000000 0.00000000 0.88685924 0.46203971
563.297000000 -2.083988 0.041760 -0.077961 0.00000464 0.00001718 0.86906027 0.49470622
563.300000000 -2.084196 0.042129 -0.077960 0.00000979 0.00002204 0.86883868 0.49509529
563.400000000 -2.090422 0.053572 -0.077995 0.00001486 0.00001475 0.86135411 0.50800502
563.518000000 -2.099391 0.071790 -0.078000 0.00000000 -0.00000000 0.84992182 0.52690882
563.643000000 -2.109585 0.091840 -0.078000 -0.00000000 -0.00000000 0.83653597 0.54791202
563.768000000 -2.118027 0.112746 -0.078000 -0.00000000 -0.00000000 0.82263159 0.56857477
563.800000000 -2.122106 0.123461 -0.077942 -0.00000682 -0.00003296 0.81531313 0.57902029
563.900000000 -2.132646 0.157722 -0.077851 0.00005622 0.00011731 0.79159811 0.61104208
564.018000000 -2.132882 0.155421 -0.078000 -0.00000000 0.00000000 0.79329214 0.60884118
564.143000000 -2.138033 0.176320 -0.078000 -0.00000000 0.00000000 0.77785713 0.62844115
564.268000000 -2.141673 0.198963 -0.078000 0.00000000 -0.00000000 0.76193864 0.64764922
564.300000000 -2.143560 0.210276 -0.077974 0.00000691 0.00007752 0.75361867 0.65731187
564.400000000 -2.147000 0.245982 -0.077880 -0.00004951 0.00006170 0.72683129 0.68681604
564.518000000 -2.147865 0.242846 -0.078000 0.00000000 0.00000000 0.72874513 0.68478503
564.643000000 -2.148347 0.264516 -0.078000 -0.00000000 0.00000000 0.71143543 0.70275147
564.768000000 -2.147543 0.287302 -0.078000 -0.00000000 0.00000000 0.69368588 0.72027766
564.893000000 -2.145958 0.310268 -0.078000 0.00000000 -0.00000000 0.67553737 0.73732575
564.900000000 -2.145762 0.312768 -0.077990 -0.00000091 -0.00000471 0.67347784 0.73920741
565.018000000 -2.143671 0.332600 -0.078000 0.00000000 -0.00000000 0.65698116 0.75390700
565.143000000 -2.139994 0.354585 -0.078000 0.00000000 -0.00000000 0.63797397 0.77005793
565.268000000 -2.138424 0.374108 -0.078000 0.00000000 0.00000000 0.61909804 0.78531370
565.300000000 -2.135636 0.385244 -0.077964 0.00005756 0.00006282 0.61029726 0.79217249
565.400000000 -2.125448 0.419668 -0.077848 0.00028781 0.00023170 0.58728928 0.80937703
565.518000000 -2.126243 0.418263 -0.078000 -0.00000000 0.00000000 0.59852179 0.80110653
565.643000000 -2.119794 0.441085 -0.078000 -0.00000000 0.00000000 0.59484954 0.80383706
565.768000000 -2.110600 0.464338 -0.078000 0.00000000 0.00000000 0.59589458 0.80306267
565.800000000 -2.107195 0.475350 -0.077980 0.00002917 0.00003011 0.59694137 0.80228486
565.900000000 -2.096910 0.509873 -0.077840 0.00011705 0.00005541 0.60177550 0.79866528
566.018000000 -2.094778 0.510330 -0.078000 0.00000000 -0.00000000 0.61001023 0.79239354
566.143000000 -2.089737 0.531224 -0.078000 -0.00000000 0.00000000 0.62402528 0.78140415
566.268000000 -2.083077 0.555366 -0.078000 -0.00000000 0.00000000 0.64338723 0.76554090
566.300000000 -2.081015 0.566737 -0.077954 -0.00005220 -0.00006261 0.65306493 0.75730192
566.400000000 -2.077137 0.602680 -0.077831 0.00000902 -0.00002252 0.68360589 0.72985134
566.518000000 -2.078329 0.598478 -0.078000 -0.00000000 -0.00000000 0.68558422 0.72799333
566.643000000 -2.078604 0.621246 -0.078000 -0.00000000 -0.00000000 0.70804751 0.70616480
566.700000000 -2.079171 0.641840 -0.077923 0.00004564 -0.00001004 0.72766538 0.68593228
566.800000000 -2.081884 0.654429 -0.077965 -0.00008474 -0.00006293 0.74039589 0.67217105
566.900000000 -2.083582 0.667778 -0.077991 -0.00000632 -0.00000333 0.75281758 0.65822920
567.018000000 -2.087766 0.687122 -0.078000 0.00000000 0.00000000 0.77072610 0.63716661
567.143000000 -2.093191 0.709167 -0.078000 -0.00000000 0.00000000 0.79017640 0.61287948
567.268000000 -2.099175 0.730686 -0.078000 -0.00000000 -0.00000000 0.80881960 0.58805684
567.300000000 -2.102706 0.741706 -0.077958 -0.00005434 -0.00006672 0.81808923 0.57509130
567.400000000 -2.116601 0.775083 -0.077845 -0.00019713 -0.00034619 0.84571016 0.53364235
567.518000000 -2.115276 0.773353 -0.078000 -0.00000000 0.00000000 0.84385195 0.53657608
567.643000000 -2.126342 0.794428 -0.078000 -0.00000000 0.00000000 0.86015945 0.51002521
567.768000000 -2.137978 0.812935 -0.078000 -0.00000000 0.00000000 0.87565941 0.48292918
567.800000000 -2.144107 0.822746 -0.077964 0.00001367 0.00003673 0.88324634 0.46890926
567.900000000 -2.165840 0.851662 -0.077848 0.00001157 0.00010628 0.90549969 0.42434691
568.018000000 -2.163545 0.849775 -0.078000 0.00000000 0.00000000 0.90405893 0.42740783
568.143000000 -2.178686 0.866930 -0.078000 -0.00000000 0.00000000 0.91695202 0.39899748
568.268000000 -2.194683 0.883040 -0.078000 0.00000000 -0.00000000 0.92894343 0.37022169
568.300000000 -2.203064 0.891020 -0.077980 -0.00005740 -0.00011904 0.93472679 0.35536715
568.400000000 -2.213590 0.899459 -0.077993 0.00000045 -0.00000000 0.94118961 0.33787886
568.518000000 -2.229864 0.911729 -0.078000 0.00000000 0.00000000 0.95018274 0.31169336
568.643000000 -2.248388 0.925080 -0.078000 0.00000000 -0.00000000 0.95943948 0.28191467
568.768000000 -2.268563 0.936626 -0.078000 0.00000000 0.00000000 0.96774785 0.25192082
568.800000000 -2.278638 0.942312 -0.077961 -0.00001296 -0.00008689 0.97163989 0.23646548
568.900000000 -2.311519 0.957349 -0.077843 -0.00010546 -0.00048521 0.98220911 0.18778982
569.018000000 -2.307406 0.956503 -0.078000 0.00000000 -0.00000000 0.98154315 0.19124083
569.143000000 -2.328863 0.964036 -0.078000 -0.00000000 0.00000000 0.98702648 0.16055756
569.268000000 -2.350643 0.970031 -0.078000 -0.00000000 -0.00000000 0.99154737 0.12974516
569.300000000 -2.361807 0.973070 -0.077972 -0.00001340 0.00001608 0.99348970 0.11392195
569.400000000 -2.397407 0.979476 -0.077842 -0.00003876 -0.00020112 0.99792958 0.06431566
569.518000000 -2.396088 0.979458 -0.078000 0.00000000 -0.00000000 0.99770194 0.06775579
569.643000000 -2.418666 0.981460 -0.078000 -0.00000000 0.00000000 0.99932848 0.03664123
569.768000000 -2.440655 0.982487 -0.078000 0.00000000 0.00000000 0.99998492 0.00549159
569.800000000 -2.452224 0.982651 -0.077976 0.00000101 0.00002483 0.99994541 -0.01044833
569.900000000 -2.488281 0.980007 -0.077831 0.00008151 -0.00005214 0.99818488 -0.06022405
570.018000000 -2.486099 0.980500 -0.078000 0.00000000 0.00000000 0.99839063 -0.05671119
570.143000000 -2.508537 0.976901 -0.078000 0.00000000 -0.00000000 0.99614023 -0.08777608
570.200000000 -2.528728 0.972759 -0.077910 0.00001988 -0.00009209 0.99324704 -0.11601853
570.300000000 -2.542078 0.970360 -0.077974 0.00001148 -0.00006303 0.99091097 -0.13451934
570.400000000 -2.556370 0.965350 -0.077987 -0.00000014 -0.00000677 0.98823980 -0.15291204
570.518000000 -2.574332 0.958146 -0.078000 -0.00000000 0.00000000 0.98364109 -0.18013941
570.643000000 -2.595668 0.944971 -0.078000 0.00000000 0.00000000 0.97751725 -0.21085545
570.768000000 -2.616640 0.933728 -0.078000 0.00000000 -0.00000000 0.97032888 -0.24178887
570.800000000 -2.626899 0.928346 -0.078090 -0.00016588 0.00051815 0.96630093 -0.25741450
570.900000000 -2.657662 0.909190 -0.078322 -0.00123776 0.00233510 0.95254149 -0.30439730
571.018000000 -2.657345 0.910536 -0.078000 0.00000000 0.00000000 0.95541225 -0.29527517
571.143000000 -2.670257 0.900424 -0.078000 0.00000000 0.00000000 0.94760616 -0.31944101
571.268000000 -2.687116 0.885996 -0.078000 -0.00000000 0.00000000 0.94321175 -0.33219210
571.300000000 -2.696084 0.878787 -0.077964 0.00021333 0.00001361 0.94075811 -0.33907835
571.400000000 -2.723167 0.855118 -0.077752 0.00068799 -0.00019579 0.93300976 -0.35985036
571.518000000 -2.715233 0.861217 -0.078000 0.00000000 0.00000000 0.93376749 -0.35788025
571.643000000 -2.731116 0.846585 -0.078000 0.00000000 0.00000000 0.92941738 -0.36903027
571.768000000 -2.747605 0.831144 -0.078000 0.00000000 0.00000000 0.92481974 -0.38040565
571.800000000 -2.755803 0.823042 -0.077943 0.00000143 0.00009321 0.92236585 -0.38631752
571.900000000 -2.764512 0.814024 -0.077996 -0.00000629 -0.00001101 0.91974573 -0.39251471
572.018000000 -2.779291 0.797312 -0.078000 -0.00000000 -0.00000000 0.91837745 -0.39570552
572.143000000 -2.798765 0.777988 -0.078000 0.00000000 0.00000000 0.91847335 -0.39548288
572.268000000 -2.812766 0.762159 -0.078000 -0.00000000 0.00000000 0.91706081 -0.39874738
572.300000000 -2.820626 0.753738 -0.077970 -0.00002129 -0.00007124 0.91695152 -0.39899862
572.400000000 -2.845154 0.727354 -0.077902 -0.00013786 -0.00000347 0.91694668 -0.39900973
572.518000000 -2.843176 0.731657 -0.078000 -0.00000000 -0.00000000 0.91707634 -0.39871165
572.643000000 -2.857789 0.715857 -0.078000 0.00000000 -0.00000000 0.91712359 -0.39860295
572.768000000 -2.873196 0.698545 -0.078000 -0.00000000 0.00000000 0.91712496 -0.39859980
572.800000000 -2.881054 0.690120 -0.077959 0.00004692 -0.00004146 0.91712602 -0.39859736
572.900000000 -2.905592 0.663821 -0.077806 0.00007975 0.00008586 0.91712714 -0.39859478
573.018000000 -2.903079 0.666293 -0.078000 -0.00000000 0.00000000 0.91728669 -0.39822749
573.143000000 -2.919910 0.648583 -0.078000 -0.00000000 -0.00000000 0.92036928 -0.39105036
573.268000000 -2.936273 0.633086 -0.078000 -0.00000000 0.00000000 0.92227650 -0.38653079
573.393000000 -2.951939 0.616852 -0.078000 0.00000000 0.00000000 0.92476280 -0.38054404
573.400000000 -2.953723 0.615075 -0.077991 -0.00001113 0.00001580 0.92503236 -0.37988831
573.518000000 -2.969115 0.601817 -0.078000 -0.00000000 -0.00000000 0.92714543 -0.37470169
573.643000000 -2.984614 0.585948 -0.078000 0.00000000 0.00000000 0.92949507 -0.36883455
573.768000000 -3.001540 0.569764 -0.078000 0.00000000 0.00000000 0.93183076 -0.36289316
573.800000000 -3.010013 0.561977 -0.077972 0.00002153 -0.00005105 0.93298469 -0.35991604
573.900000000 -3.036846 0.538052 -0.077846 0.00007618 -0.00006983 0.93652583 -0.35059858
574.018000000 -3.035780 0.539546 -0.078000 0.00000000 0.00000000 0.93632645 -0.35113072
574.143000000 -3.052976 0.524882 -0.078000 -0.00000000 0.00000000 0.93852181 -0.34521993
574.268000000 -3.070401 0.511229 -0.078000 -0.00000000 0.00000000 0.94066657 -0.33933230
574.300000000 -3.079260 0.503886 -0.077961 -0.00004871 0.00011829 0.94174354 -0.33633181
574.400000000 -3.107343 0.481413 -0.077854 -0.00013822 0.00021034 0.94504767 -0.32693247
574.518000000 -3.105104 0.482951 -0.078000 0.00000000 0.00000000 0.94483618 -0.32754327
574.643000000 -3.123631 0.468336 -0.078000 0.00000000 -0.00000000 0.94688029 -0.32158626
574.768000000 -3.136727 0.464032 -0.078000 -0.00000000 -0.00000000 0.94981497 -0.31281229
574.800000000 -3.145976 0.457181 -0.077965 0.00003320 -0.00004127 0.95080791 -0.30978107
574.900000000 -3.175241 0.436327 -0.077820 0.00005475 0.00012666 0.95384754 -0.30029129
575.018000000 -3.173628 0.437280 -0.078000 0.00000000 0.00000000 0.95366507 -0.30087028
575.143000000 -3.191510 0.423887 -0.078000 -0.00000000 0.00000000 0.95553215 -0.29488695
575.200000000 -3.208518 0.412451 -0.077936 -0.00004952 0.00017430 0.95719161 -0.28945499
575.300000000 -3.220387 0.406235 -0.077963 0.00000852 -0.00001682 0.95826139 -0.28589352
575.400000000 -3.231049 0.398602 -0.077991 0.00000437 -0.00002537 0.95933693 -0.28226345
575.518000000 -3.248031 0.386961 -0.078000 0.00000000 -0.00000000 0.96089497 -0.27691308
575.643000000 -3.267148 0.375519 -0.078000 0.00000000 -0.00000000 0.96261557 -0.27087132
575.768000000 -3.286745 0.363724 -0.078000 0.00000000 0.00000000 0.96428736 -0.26485824
575.800000000 -3.296631 0.357832 -0.077971 -0.00005133 0.00002322 0.96512709 -0.26178176
575.900000000 -3.327871 0.339994 -0.077869 -0.00011926 0.00025346 0.96768790 -0.25215083
576.018000000 -3.324631 0.341522 -0.078000 -0.00000000 0.00000000 0.96753057 -0.25275401
576.143000000 -3.344033 0.330587 -0.078000 -0.00000000 0.00000000 0.96909826 -0.24667500
576.268000000 -3.363758 0.320353 -0.078000 0.00000000 0.00000000 0.97060374 -0.24068316
576.300000000 -3.373950 0.315057 -0.077982 0.00013739 0.00100194 0.97136778 -0.23757863
576.400000000 -3.406024 0.299416 -0.077667 0.00068168 0.00424101 0.97368223 -0.22786938
576.518000000 -3.403728 0.300858 -0.078000 0.00000000 -0.00000000 0.97353134 -0.22855357
576.643000000 -3.423593 0.289962 -0.078000 0.00000000 0.00000000 0.97494296 -0.22245500
576.768000000 -3.443481 0.280431 -0.078000 -0.00000000 0.00000000 0.97632917 -0.21628997
576.800000000 -3.453951 0.275423 -0.078041 -0.00036926 -0.00054472 0.97701563 -0.21316668
576.900000000 -3.466610 0.269231 -0.077989 0.00001718 -0.00004994 0.97779778 -0.20955068
577.018000000 -3.485008 0.261503 -0.078000 0.00000000 0.00000000 0.97894641 -0.20411744
577.143000000 -3.505718 0.253519 -0.078000 0.00000000 -0.00000000 0.98020673 -0.19797670
577.268000000 -3.526569 0.243953 -0.078000 0.00000000 0.00000000 0.98141884 -0.19187772
577.300000000 -3.537251 0.239612 -0.078049 -0.00034036 0.00001321 0.98202558 -0.18874755
577.400000000 -3.571006 0.226572 -0.078109 -0.00123274 0.00025166 0.98385646 -0.17895496
577.518000000 -3.568277 0.228523 -0.078000 -0.00000000 -0.00000000 0.98375480 -0.17951739
577.643000000 -3.589580 0.220472 -0.078000 0.00000000 0.00000000 0.98483911 -0.17347025
577.768000000 -3.610195 0.212044 -0.078000 -0.00000000 -0.00000000 0.98590758 -0.16729090
577.800000000 -3.621065 0.208221 -0.077966 -0.00000807 -0.00006985 0.98643619 -0.16414519
577.900000000 -3.655167 0.196918 -0.077783 0.00013160 0.00002006 0.98802296 -0.15430691
578.018000000 -3.652190 0.198266 -0.078000 0.00000000 0.00000000 0.98789422 -0.15512900
578.143000000 -3.673104 0.190966 -0.078000 0.00000000 0.00000000 0.98885513 -0.14888093
578.268000000 -3.694153 0.184856 -0.078000 0.00000000 0.00000000 0.98976416 -0.14271267
578.300000000 -3.705190 0.181607 -0.077934 0.00002959 0.00006441 0.99021411 -0.13955645
578.400000000 -3.739828 0.172027 -0.077813 0.00009044 -0.00001389 0.99155556 -0.12968253
578.518000000 -3.738271 0.173165 -0.078000 0.00000000 0.00000000 0.99146657 -0.13036123
578.643000000 -3.759630 0.166534 -0.078000 0.00000000 0.00000000 0.99226933 -0.12410306
578.700000000 -3.779516 0.161586 -0.077929 0.00001531 -0.00000249 0.99295826 -0.11846473
578.800000000 -3.791742 0.158927 -0.077949 0.00000433 0.00006448 0.99339439 -0.11475008
578.900000000 -3.803233 0.155129 -0.077992 0.00000223 -0.00002048 0.99382349 -0.11097241
579.018000000 -3.822286 0.151888 -0.078000 0.00000000 0.00000000 0.99442617 -0.10543527
579.143000000 -3.844418 0.147420 -0.078000 -0.00000000 0.00000000 0.99505698 -0.09930560
579.268000000 -3.866105 0.142359 -0.078000 -0.00000000 -0.00000000 0.99565418 -0.09312766
579.300000000 -3.877407 0.140208 -0.077957 0.00001578 0.00000384 0.99594608 -0.08995221
579.400000000 -3.912844 0.134146 -0.077838 -0.00000531 0.00023831 0.99679300 -0.08002288
579.518000000 -3.907703 0.135135 -0.078000 -0.00000000 -0.00000000 0.99673747 -0.08071196
579.643000000 -3.928321 0.131692 -0.078000 0.00000000 0.00000000 0.99721803 -0.07453991
579.768000000 -3.948109 0.128925 -0.078000 0.00000000 0.00000000 0.99766620 -0.06827990
579.800000000 -3.959507 0.127341 -0.077969 0.00000378 -0.00008917 0.99787893 -0.06509706
579.900000000 -3.995202 0.123019 -0.077841 0.00000571 -0.00004410 0.99847805 -0.05515054
580.018000000 -3.987935 0.123676 -0.078000 -0.00000000 0.00000000 0.99843801 -0.05587068
580.143000000 -4.008239 0.120444 -0.078000 -0.00000000 0.00000000 0.99876577 -0.04966836
580.268000000 -4.029343 0.117707 -0.078000 -0.00000000 0.00000000 0.99905759 -0.04340423
580.300000000 -4.040808 0.116711 -0.077968 -0.00000815 0.00011581 0.99919089 -0.04021891
580.400000000 -4.052225 0.115997 -0.077993 -0.00000101 -0.00000732 0.99933490 -0.03646595
580.518000000 -4.071751 0.114694 -0.078000 -0.00000000 0.00000000 0.99952229 -0.03090609
580.643000000 -4.093768 0.113468 -0.078000 0.00000000 0.00000000 0.99969648 -0.02463614
580.768000000 -4.115905 0.111698 -0.078000 0.00000000 -0.00000000 0.99983022 -0.01842619
580.800000000 -4.127412 0.111266 -0.077967 0.00000376 0.00006441 0.99986081 -0.01668385
580.900000000 -4.163381 0.110363 -0.077843 0.00005066 0.00015234 0.99992002 -0.01264592
581.018000000 -4.160179 0.108683 -0.078000 -0.00000000 0.00000000 0.99982683 -0.01860915
581.143000000 -4.183426 0.107238 -0.078000 -0.00000000 0.00000000 0.99976409 -0.02172033
581.268000000 -4.206167 0.105790 -0.078000 -0.00000000 0.00000000 0.99959760 -0.02836610
581.300000000 -4.217676 0.105150 -0.077963 0.00001681 -0.00007210 0.99949848 -0.03166682
581.400000000 -4.253620 0.102515 -0.077844 0.00004177 0.00002141 0.99900756 -0.04454097
581.518000000 -4.250937 0.103081 -0.078000 -0.00000000 0.00000000 0.99870786 -0.05081948
581.643000000 -4.273301 0.099707 -0.078000 0.00000000 0.00000000 0.99799830 -0.06324075
581.768000000 -4.295427 0.095873 -0.078000 0.00000000 0.00000000 0.99774575 -0.06710756
581.893000000 -4.317954 0.093036 -0.078000 0.00000000 0.00000000 0.99727431 -0.07378310
581.900000000 -4.320448 0.092670 -0.077992 -0.00000318 0.00001031 0.99726194 -0.07395019
582.018000000 -4.340477 0.090023 -0.078000 0.00000000 0.00000000 0.99753959 -0.07010543
582.143000000 -4.362697 0.086113 -0.078000 0.00000000 0.00000000 0.99751208 -0.07049572
582.268000000 -4.385007 0.084623 -0.078000 0.00000000 -0.00000000 0.99751589 -0.07044180
582.300000000 -4.396407 0.083028 -0.077956 0.00001268 0.00005893 0.99769936 -0.06779371
582.400000000 -4.432019 0.078311 -0.077801 0.00007264 -0.00004895 0.99835022 -0.05741801
582.518000000 -4.429224 0.078251 -0.078000 -0.00000000 -0.00000000 0.99897539 -0.04525680
582.643000000 -4.451789 0.075544 -0.078000 -0.00000000 0.00000000 0.99943159 -0.03371205
582.768000000 -4.474493 0.073266 -0.078000 -0.00000000 0.00000000 0.99976486 -0.02168462
582.800000000 -4.485973 0.072760 -0.077957 0.00000243 0.00010474 0.99988240 -0.01533541
582.900000000 -4.521897 0.072390 -0.077851 -0.00004030 0.00023452 0.99998410 0.00563374
583.018000000 -4.520473 0.077207 -0.078000 0.00000000 0.00000000 0.99994733 0.01026316
583.143000000 -4.543515 0.079311 -0.078000 -0.00000000 0.00000000 0.99961453 0.02776303
583.268000000 -4.566072 0.081302 -0.078000 0.00000000 -0.00000000 0.99845744 0.05552250
583.300000000 -4.577483 0.082474 -0.077954 0.00000124 0.00005301 0.99768544 0.06799824
583.400000000 -4.612757 0.088905 -0.077856 0.00004779 0.00038193 0.99421915 0.10736917
583.518000000 -4.611540 0.088034 -0.078000 -0.00000000 0.00000000 0.99454748 0.10428474
583.643000000 -4.633663 0.093574 -0.078000 -0.00000000 0.00000000 0.99167261 0.12878443
583.700000000 -4.653299 0.099217 -0.077912 0.00003269 0.00011904 0.98849015 0.15128520
583.800000000 -4.666400 0.103782 -0.077970 0.00001292 -0.00004383 0.98613263 0.16595913
583.900000000 -4.699773 0.116842 -0.077847 0.00009393 0.00017288 0.97873647 0.20512165
584.018000000 -4.698419 0.115748 -0.078000 -0.00000000 0.00000000 0.97933130 0.20226271
584.143000000 -4.718273 0.125193 -0.078000 0.00000000 -0.00000000 0.97398814 0.22659901
584.268000000 -4.739338 0.135932 -0.078000 0.00000000 0.00000000 0.96805547 0.25073615
584.300000000 -4.749374 0.141483 -0.077968 -0.00002232 -0.00000996 0.96477907 0.26306150
584.400000000 -4.779578 0.160813 -0.077854 -0.00010700 -0.00003717 0.95352992 0.30129832
584.518000000 -4.776158 0.160493 -0.078000 0.00000000 0.00000000 0.95438352 0.29858348
584.643000000 -4.794497 0.172153 -0.078000 0.00000000 0.00000000 0.94667060 0.32220301
584.768000000 -4.812063 0.187282 -0.078000 0.00000000 0.00000000 0.93835340 0.34567744
584.800000000 -4.820818 0.194694 -0.077963 0.00002601 0.00004606 0.93386820 0.35761737
584.900000000 -4.846502 0.219693 -0.077854 0.00001801 -0.00004453 0.91887587 0.39454674
585.018000000 -4.844972 0.218325 -0.078000 -0.00000000 0.00000000 0.92015406 0.39155651
585.143000000 -4.860349 0.234834 -0.078000 0.00000000 -0.00000000 0.91404020 0.40562362
585.268000000 -4.874899 0.249810 -0.078000 -0.00000000 -0.00000000 0.90997162 0.41467054
585.393000000 -4.889052 0.267112 -0.078000 -0.00000000 0.00000000 0.90444370 0.42659301
585.400000000 -4.890663 0.269043 -0.077995 -0.00000238 -0.00001042 0.90384758 0.42785458
585.518000000 -4.904064 0.284481 -0.078000 0.00000000 0.00000000 0.89887919 0.43819654
585.643000000 -4.917801 0.302403 -0.078000 0.00000000 0.00000000 0.89332676 0.44940772
585.768000000 -4.931001 0.321169 -0.078000 0.00000000 -0.00000000 0.88772205 0.46037980
585.800000000 -4.937638 0.330560 -0.077963 0.00005169 0.00008854 0.88543870 0.46475617
585.900000000 -4.957520 0.360527 -0.077850 0.00011963 0.00025715 0.87953365 0.47583660
586.018000000 -4.955372 0.358079 -0.078000 0.00000000 0.00000000 0.88546899 0.46469848
586.143000000 -4.968223 0.377348 -0.078000 -0.00000000 -0.00000000 0.88487844 0.46582202
586.268000000 -4.979929 0.396116 -0.078000 0.00000000 0.00000000 0.88485100 0.46587414
586.300000000 -4.986454 0.405607 -0.077962 -0.00002110 -0.00002941 0.88489563 0.46578935
586.400000000 -5.006825 0.435286 -0.077872 0.00004671 0.00010847 0.88493205 0.46572014
586.518000000 -5.006781 0.433923 -0.078000 0.00000000 0.00000000 0.88496193 0.46566339
586.643000000 -5.018715 0.450076 -0.078000 0.00000000 0.00000000 0.88496835 0.46565117
586.768000000 -5.030692 0.469356 -0.078000 0.00000000 -0.00000000 0.88511649 0.46536953
586.800000000 -5.037213 0.478859 -0.077958 -0.00004228 -0.00006868 0.88609061 0.46351206
586.900000000 -5.057932 0.508373 -0.077854 -0.00018387 -0.00015723 0.89014369 0.45567988
587.018000000 -5.057171 0.504484 -0.078000 0.00000000 -0.00000000 0.89575555 0.44454694
587.143000000 -5.070190 0.518382 -0.078000 0.00000000 0.00000000 0.90136858 0.43305275
587.200000000 -5.083202 0.534296 -0.077934 0.00000756 0.00002160 0.90626215 0.42271612
587.300000000 -5.092020 0.545079 -0.077948 0.00002552 0.00004213 0.90931298 0.41611285
587.400000000 -5.116142 0.571866 -0.077832 -0.00005175 -0.00011239 0.91636872 0.40033530
587.518000000 -5.115650 0.571109 -0.078000 0.00000000 0.00000000 0.91286378 0.40826427
587.643000000 -5.129286 0.588089 -0.078000 -0.00000000 0.00000000 0.91535194 0.40265473
587.768000000 -5.144561 0.605411 -0.078000 0.00000000 0.00000000 0.91410866 0.40546931
587.800000000 -5.152350 0.613899 -0.077972 -0.00004128 -0.00010504 0.91421909 0.40522024
587.900000000 -5.176512 0.640572 -0.077849 -0.00002464 -0.00011370 0.91424672 0.40515791
588.018000000 -5.175280 0.637201 -0.078000 -0.00000000 -0.00000000 0.91433477 0.40495917
588.143000000 -5.191586 0.655290 -0.078000 -0.00000000 -0.00000000 0.91442121 0.40476395
588.268000000 -5.206524 0.670544 -0.078000 -0.00000000 -0.00000000 0.91449712 0.40459241
588.300000000 -5.214265 0.679069 -0.077961 0.00003138 0.00007171 0.91449562 0.40459580
588.400000000 -5.238474 0.705721 -0.077849 -0.00004623 0.00003709 0.91449406 0.40459932
588.518000000 -5.237544 0.705129 -0.078000 -0.00000000 0.00000000 0.91460716 0.40434358
588.643000000 -5.253167 0.723545 -0.078000 0.00000000 0.00000000 0.91197646 0.41024254
588.700000000 -5.266751 0.738904 -0.077937 -0.00005593 -0.00005647 0.91028603 0.41397987
588.800000000 -5.275738 0.746283 -0.077949 0.00002036 0.00000307 0.90887395 0.41707090
588.900000000 -5.284407 0.757400 -0.077991 0.00000647 0.00001922 0.90405078 0.42742506
589.018000000 -5.296730 0.771705 -0.078000 0.00000000 -0.00000000 0.89981853 0.43626439
589.143000000 -5.311624 0.789775 -0.078000 0.00000000 0.00000000 0.89433789 0.44739215
589.268000000 -5.325392 0.807709 -0.078000 0.00000000 -0.00000000 0.88872638 0.45843802
589.300000000 -5.332068 0.817064 -0.077957 -0.00003978 -0.00005564 0.88577812 0.46410895
589.400000000 -5.351980 0.846975 -0.077878 -0.00004910 0.00005295 0.87635956 0.48165747
589.518000000 -5.350757 0.846779 -0.078000 -0.00000000 0.00000000 0.87721318 0.48010107
589.643000000 -5.361889 0.864213 -0.078000 0.00000000 0.00000000 0.87520920 0.48374462
589.768000000 -5.373694 0.883097 -0.078000 -0.00000000 0.00000000 0.87154240 0.49032014
589.800000000 -5.379686 0.892920 -0.077973 -0.00002839 0.00000045 0.87001310 0.49302860
589.900000000 -5.397887 0.923948 -0.077876 -0.00014314 -0.00011564 0.86519449 0.50143640
590.018000000 -5.398117 0.923955 -0.078000 -0.00000000 0.00000000 0.86573578 0.50050132
590.143000000 -5.409603 0.943519 -0.078000 0.00000000 0.00000000 0.86796426 0.49662667
590.268000000 -5.419740 0.962063 -0.078000 0.00000000 -0.00000000 0.87192936 0.48963168
590.393000000 -5.432014 0.980149 -0.078000 0.00000000 -0.00000000 0.87459818 0.48484846
590.400000000 -5.433346 0.982290 -0.077994 -0.00000969 -0.00002019 0.87492809 0.48425286
590.518000000 -5.444083 0.999252 -0.078000 -0.00000000 0.00000000 0.87742450 0.47971476
590.643000000 -5.456438 1.018874 -0.078000 0.00000000 -0.00000000 0.88036038 0.47430539
590.769000000 -5.469117 1.036635 -0.077999 -0.00000059 -0.00000348 0.88334815 0.46871744
590.800000000 -5.475377 1.045882 -0.077939 0.00001701 -0.00006395 0.88462207 0.46630868
590.900000000 -5.495986 1.075376 -0.077788 0.00014285 0.00005522 0.88773782 0.46034936
591.018000000 -5.495080 1.076856 -0.078000 0.00000000 -0.00000000 0.88209573 0.47107019
591.143000000 -5.507379 1.093938 -0.078000 0.00000000 0.00000000 0.88130150 0.47255440
591.268000000 -5.518510 1.112147 -0.078000 0.00000000 -0.00000000 0.87849309 0.47775506
591.300000000 -5.524773 1.121801 -0.077980 -0.00004784 -0.00006866 0.87699649 0.48049677
591.400000000 -5.543864 1.152300 -0.077858 -0.00014398 -0.00013327 0.87334128 0.48710878
591.518000000 -5.543754 1.149452 -0.078000 -0.00000000 0.00000000 0.87665841 0.48111332
591.643000000 -5.556039 1.168045 -0.078000 0.00000000 -0.00000000 0.87958384 0.47574392
591.768000000 -5.570136 1.189104 -0.078000 0.00000000 0.00000000 0.88177050 0.47167868
591.800000000 -5.576559 1.198693 -0.077949 0.00002602 0.00000220 0.88474888 0.46606805
591.900000000 -5.597501 1.228033 -0.077813 -0.00002111 -0.00021483 0.89316665 0.44972580
592.018000000 -5.594855 1.223929 -0.078000 0.00000000 -0.00000000 0.89523473 0.44559486
592.143000000 -5.608889 1.240959 -0.078000 0.00000000 0.00000000 0.90077756 0.43428077
592.200000000 -5.621880 1.256888 -0.077951 -0.00006744 -0.00017298 0.90564806 0.42403013
592.300000000 -5.631056 1.267324 -0.077964 0.00003876 0.00005224 0.90872018 0.41740584
592.400000000 -5.639431 1.278208 -0.077993 -0.00000751 -0.00000521 0.91175338 0.41073809
592.518000000 -5.653243 1.291918 -0.078000 -0.00000000 -0.00000000 0.91622712 0.40065929
592.643000000 -5.669761 1.308649 -0.078000 0.00000000 0.00000000 0.92115730 0.38919047
592.768000000 -5.684972 1.324672 -0.078000 0.00000000 -0.00000000 0.92852225 0.37127675
592.800000000 -5.693299 1.332678 -0.077963 -0.00004162 -0.00010609 0.93203111 0.36237826
592.900000000 -5.720616 1.356276 -0.077830 -0.00003190 -0.00011294 0.94200465 0.33559979
593.018000000 -5.718430 1.354397 -0.078000 -0.00000000 0.00000000 0.94113661 0.33802646
593.143000000 -5.734826 1.367923 -0.078000 -0.00000000 -0.00000000 0.94730123 0.32034417
593.268000000 -5.751693 1.379858 -0.078000 -0.00000000 0.00000000 0.95313413 0.30254805
593.300000000 -5.760111 1.385847 -0.077973 -0.00002581 -0.00000501 0.95598308 0.29342180
593.400000000 -5.787205 1.403001 -0.077897 -0.00016667 -0.00025357 0.96486894 0.26273150
593.518000000 -5.786215 1.400938 -0.078000 -0.00000000 0.00000000 0.96602638 0.25844348
593.643000000 -5.803079 1.410895 -0.078000 -0.00000000 0.00000000 0.97186300 0.23554683
593.768000000 -5.820823 1.420125 -0.078000 0.00000000 -0.00000000 0.97743717 0.21122637
593.893000000 -5.841032 1.429050 -0.078000 0.00000000 0.00000000 0.98249844 0.18627084
593.900000000 -5.843117 1.429895 -0.077991 -0.00000163 -0.00002164 0.98310994 0.18301595
594.018000000 -5.860251 1.435448 -0.078000 0.00000000 0.00000000 0.98851326 0.15113416
594.143000000 -5.878190 1.440350 -0.078000 0.00000000 0.00000000 0.99380258 0.11115948
594.268000000 -5.896705 1.443029 -0.078000 -0.00000000 0.00000000 0.99724074 0.07423545
594.300000000 -5.906142 1.444496 -0.077984 0.00000268 0.00003970 0.99847166 0.05526612
594.400000000 -5.934651 1.446088 -0.077882 -0.00000735 -0.00011771 0.99998984 -0.00450630
594.518000000 -5.931828 1.445417 -0.078000 0.00000000 0.00000000 0.99999997 -0.00025366
594.643000000 -5.948021 1.444970 -0.078000 -0.00000000 -0.00000000 0.99929652 -0.03750282
594.768000000 -5.962553 1.442665 -0.078000 -0.00000000 0.00000000 0.99720144 -0.07476149
594.800000000 -5.970243 1.441555 -0.077979 -0.00003290 -0.00006388 0.99558897 -0.09382214
594.900000000 -5.993697 1.435615 -0.077930 -0.00007104 -0.00011087 0.98823538 -0.15294054
595.018000000 -5.991693 1.435387 -0.078000 0.00000000 0.00000000 0.98894028 -0.14831424
595.143000000 -6.005871 1.430271 -0.078000 0.00000000 0.00000000 0.98464103 -0.17459109
595.268000000 -6.020314 1.425509 -0.078000 0.00000000 0.00000000 0.98041073 -0.19696397
595.300000000 -6.027422 1.422503 -0.077970 0.00004704 -0.00011627 0.97803727 -0.20843002
595.400000000 -6.048978 1.411775 -0.077870 0.00018879 -0.00023608 0.97013025 -0.24258442
595.518000000 -6.046719 1.412922 -0.078000 0.00000000 0.00000000 0.97220156 -0.23414553
595.643000000 -6.061381 1.406222 -0.078000 0.00000000 0.00000000 0.97017311 -0.24241316
595.700000000 -6.073405 1.399653 -0.077934 0.00004040 0.00003627 0.96734032 -0.25348117
595.800000000 -6.093414 1.387978 -0.077861 0.00000998 0.00008376 0.96206879 -0.27280695
595.900000000 -6.096996 1.385064 -0.077921 0.00004159 -0.00031212 0.96001617 -0.27994437
596.018000000 -6.091377 1.385835 -0.078000 0.00000000 -0.00000000 0.96044555 -0.27846785
596.143000000 -6.100361 1.379740 -0.078000 0.00000000 0.00000000 0.95688086 -0.29048066
596.268000000 -6.108694 1.373970 -0.078000 0.00000000 0.00000000 0.95319015 -0.30237153
596.300000000 -6.113425 1.370648 -0.077975 0.00001755 0.00001891 0.95124179 -0.30844619
596.400000000 -6.127800 1.359758 -0.077900 0.00012765 -0.00015928 0.94566435 -0.32514441
596.518000000 -6.124384 1.360754 -0.078000 -0.00000000 -0.00000000 0.94819620 -0.31768534
596.643000000 -6.130177 1.352699 -0.078000 -0.00000000 -0.00000000 0.94670210 -0.32211043
596.768000000 -6.141387 1.346319 -0.078000 0.00000000 -0.00000000 0.94839705 -0.31708521
596.800000000 -6.145967 1.342833 -0.077976 -0.00000446 0.00008301 0.94843839 -0.31696153
596.900000000 -6.160364 1.332075 -0.077889 0.00007820 0.00010261 0.94847263 -0.31685903
597.018000000 -6.162149 1.332693 -0.078000 0.00000000 0.00000000 0.94832045 -0.31731423
597.143000000 -6.170618 1.327315 -0.078000 0.00000000 -0.00000000 0.94828429 -0.31742229
597.268000000 -6.177152 1.321170 -0.078000 -0.00000000 0.00000000 0.94834559 -0.31723910
597.300000000 -6.181745 1.317706 -0.077983 -0.00002832 0.00004650 0.94889574 -0.31558973
597.400000000 -6.188864 1.313736 -0.077994 -0.00000139 0.00000389 0.95150886 -0.30762135
597.518000000 -6.198507 1.308063 -0.078000 -0.00000000 -0.00000000 0.95313180 -0.30255541
597.643000000 -6.208193 1.302051 -0.078000 -0.00000000 0.00000000 0.95491510 -0.29687903
597.768000000 -6.216479 1.295630 -0.078000 0.00000000 0.00000000 0.95670141 -0.29107115
597.800000000 -6.221247 1.292424 -0.077975 0.00002689 -0.00007637 0.95762141 -0.28802991
597.900000000 -6.236306 1.282634 -0.077935 -0.00002099 -0.00001576 0.96043891 -0.27849077
598.018000000 -6.234572 1.283740 -0.078000 0.00000000 0.00000000 0.96019416 -0.27933343
598.143000000 -6.243683 1.277887 -0.078000 0.00000000 0.00000000 0.96189043 -0.27343518
598.268000000 -6.252662 1.271498 -0.078000 0.00000000 0.00000000 0.96355175 -0.26752201
598.300000000 -6.257589 1.268531 -0.077989 0.00001159 -0.00005920 0.96416845 -0.26529077
598.400000000 -6.273094 1.259439 -0.077931 0.00008785 -0.00016007 0.96578023 -0.25936176
598.518000000 -6.269901 1.259598 -0.078000 0.00000000 -0.00000000 0.96406798 -0.26565567
598.643000000 -6.279978 1.254455 -0.078000 0.00000000 0.00000000 0.96389566 -0.26628023
598.768000000 -6.288735 1.248543 -0.078000 0.00000000 0.00000000 0.96389547 -0.26628093
598.893000000 -6.297221 1.242234 -0.078000 0.00000000 0.00000000 0.96389891 -0.26626844
598.900000000 -6.298300 1.241586 -0.077997 -0.00000328 -0.00000703 0.96389956 -0.26626612
599.018000000 -6.307091 1.236633 -0.078000 0.00000000 0.00000000 0.96389018 -0.26630006
599.143000000 -6.317084 1.231119 -0.078000 0.00000000 -0.00000000 0.96387051 -0.26637124
599.268000000 -6.323276 1.223151 -0.078000 0.00000000 0.00000000 0.96211304 -0.27265087
599.300000000 -6.328205 1.220166 -0.077988 -0.00001767 0.00001511 0.96167766 -0.27418255
599.400000000 -6.343489 1.210557 -0.077959 0.00004425 -0.00018911 0.95887664 -0.28382309
599.518000000 -6.344691 1.211138 -0.078000 0.00000000 0.00000000 0.95758871 -0.28813863
599.643000000 -6.354260 1.205541 -0.078000 -0.00000000 0.00000000 0.95409796 -0.29949473
599.768000000 -6.364883 1.199790 -0.078000 0.00000000 0.00000000 0.95029904 -0.31133861
599.800000000 -6.369857 1.196142 -0.077996 -0.00001741 0.00005135 0.94830137 -0.31737123
599.900000000 -6.386016 1.183506 -0.077907 0.00006610 0.00005543 0.94181448 -0.33613313
600.018000000 -6.385611 1.184846 -0.078000 -0.00000000 -0.00000000 0.94223429 -0.33495453
600.143000000 -6.397479 1.175699 -0.078000 -0.00000000 -0.00000000 0.93794522 -0.34678346
600.268000000 -6.407718 1.165062 -0.078000 0.00000000 0.00000000 0.93354976 -0.35844783
600.300000000 -6.413438 1.159916 -0.077979 -0.00002022 0.00005834 0.93176544 -0.36306083
600.400000000 -6.430838 1.143357 -0.077899 0.00002963 0.00012265 0.92632306 -0.37673011
600.518000000 -6.428037 1.149928 -0.078000 -0.00000000 -0.00000000 0.92899700 -0.37008724
600.643000000 -6.439322 1.139634 -0.078000 -0.00000000 0.00000000 0.92663710 -0.37595701
600.700000000 -6.449095 1.130018 -0.077952 0.00004326 -0.00010719 0.92453295 -0.38110209
600.800000000 -6.455222 1.123113 -0.077970 0.00001535 0.00002835 0.92307820 -0.38461231
600.900000000 -6.461875 1.116013 -0.077998 -0.00000504 0.00000008 0.92162485 -0.38808200
601.018000000 -6.471945 1.105367 -0.078000 0.00000000 0.00000000 0.91945085 -0.39320495
601.143000000 -6.484041 1.092695 -0.078000 0.00000000 0.00000000 0.91695437 -0.39899207
601.268000000 -6.494210 1.077528 -0.078000 0.00000000 0.00000000 0.91455216 -0.40446799
601.300000000 -6.500239 1.070895 -0.077974 0.00004079 -0.00004484 0.91391234 -0.40591161
601.400000000 -6.518868 1.050029 -0.077840 0.00005601 0.00007917 0.91285457 -0.40828485
601.518000000 -6.519842 1.053581 -0.078000 0.00000000 0.00000000 0.91537189 -0.40260936
601.643000000 -6.531428 1.039608 -0.078000 0.00000000 0.00000000 0.91528689 -0.40280256
601.768000000 -6.542705 1.027107 -0.078000 -0.00000000 0.00000000 0.91522930 -0.40293340
601.800000000 -6.548751 1.020500 -0.077968 0.00002413 -0.00006339 0.91523263 -0.40292583
601.900000000 -6.567659 0.999839 -0.077883 -0.00007223 -0.00000170 0.91523584 -0.40291855
602.018000000 -6.566875 1.000946 -0.078000 -0.00000000 0.00000000 0.91517422 -0.40305849
602.143000000 -6.578159 0.988474 -0.078000 -0.00000000 0.00000000 0.91515535 -0.40310132
602.200000000 -6.588945 0.976720 -0.077940 -0.00004259 0.00012283 0.91515590 -0.40310007
602.300000000 -6.595952 0.968477 -0.077975 -0.00000294 -0.00006110 0.91516017 -0.40309039
602.400000000 -6.602748 0.961054 -0.077993 -0.00000227 0.00000930 0.91515492 -0.40310231
602.518000000 -6.612850 0.949566 -0.078000 0.00000000 -0.00000000 0.91513302 -0.40315203
602.643000000 -6.624658 0.936461 -0.078000 0.00000000 0.00000000 0.91514264 -0.40313019
602.768000000 -6.636564 0.924231 -0.078000 -0.00000000 -0.00000000 0.91512838 -0.40316257
602.800000000 -6.642617 0.917625 -0.077953 0.00002489 -0.00000192 0.91512829 -0.40316276
602.900000000 -6.661473 0.896955 -0.077854 0.00012658 -0.00017639 0.91512844 -0.40316236
603.018000000 -6.660933 0.898496 -0.078000 0.00000000 0.00000000 0.91508859 -0.40325286
603.143000000 -6.670756 0.883962 -0.078000 -0.00000000 0.00000000 0.91208158 -0.41000877
603.268000000 -6.680660 0.870082 -0.078000 0.00000000 -0.00000000 0.90745859 -0.42014154
603.300000000 -6.686500 0.863260 -0.077967 -0.00002601 0.00005062 0.90437324 -0.42674236
603.400000000 -6.703947 0.841233 -0.077883 -0.00002533 -0.00005735 0.89461987 -0.44682802
603.518000000 -6.701583 0.841607 -0.078000 -0.00000000 0.00000000 0.88988757 -0.45617991
603.643000000 -6.713188 0.828454 -0.078000 0.00000000 0.00000000 0.87907265 -0.47668782
603.768000000 -6.723516 0.814909 -0.078000 -0.00000000 -0.00000000 0.86696716 -0.49836527
603.800000000 -6.728060 0.807141 -0.077959 -0.00002502 0.00002289 -0.86059536 0.50928934
603.900000000 -6.740587 0.781956 -0.077874 0.00003249 -0.00010562 -0.83964856 0.54313008
604.018000000 -6.739853 0.784607 -0.078000 0.00000000 0.00000000 -0.84101646 0.54100954
604.143000000 -6.746917 0.768353 -0.078000 -0.00000000 0.00000000 -0.82724262 0.56184486
604.200000000 -6.752534 0.753333 -0.077975 0.00003506 -0.00005362 -0.81427570 0.58047832
604.300000000 -6.756089 0.743635 -0.077975 -0.00005001 0.00004321 -0.80544718 0.59266755
604.400000000 -6.758095 0.733079 -0.077997 -0.00000751 0.00001636 -0.79654623 0.60457762
604.518000000 -6.764143 0.720350 -0.078000 0.00000000 -0.00000000 -0.78704414 0.61689669
604.643000000 -6.767713 0.702609 -0.078000 -0.00000000 -0.00000000 -0.77368122 0.63357507
604.768000000 -6.770827 0.683343 -0.078000 0.00000000 0.00000000 -0.76189048 0.64770587
604.800000000 -6.772294 0.674470 -0.077971 0.00001305 -0.00001812 -0.75567873 0.65494249
604.900000000 -6.775474 0.646556 -0.077866 -0.00014384 0.00014871 -0.73582818 0.67716826
605.018000000 -6.771919 0.645943 -0.078000 0.00000000 0.00000000 -0.73762154 0.67521438
605.143000000 -6.773522 0.629036 -0.078000 -0.00000000 0.00000000 -0.73152455 0.68181510
605.268000000 -6.776232 0.614381 -0.078000 -0.00000000 0.00000000 -0.72802656 0.68554892
605.300000000 -6.776732 0.605425 -0.077984 0.00001867 -0.00004202 -0.72573334 0.68797610
605.400000000 -6.777959 0.577439 -0.077875 -0.00001930 -0.00007753 -0.71819971 0.69583703
605.518000000 -6.777634 0.579177 -0.078000 -0.00000000 -0.00000000 -0.71829089 0.69574291
605.643000000 -6.778048 0.562212 -0.078000 -0.00000000 -0.00000000 -0.71387937 0.70026870
605.700000000 -6.778258 0.546238 -0.077951 -0.00008197 0.00007973 -0.70992196 0.70428034
605.800000000 -6.778529 0.535473 -0.077974 0.00002972 -0.00001163 -0.70725553 0.70695800
605.900000000 -6.778207 0.524561 -0.077991 -0.00000603 -0.00000515 -0.70456674 0.70963773
606.018000000 -6.777422 0.509127 -0.078000 0.00000000 0.00000000 -0.70064282 0.71351219
606.143000000 -6.775545 0.490979 -0.078000 -0.00000000 0.00000000 -0.69639170 0.71766190
606.268000000 -6.776859 0.476107 -0.078000 -0.00000000 0.00000000 -0.69793090 0.71616511
606.300000000 -6.776568 0.467154 -0.077972 0.00000568 -0.00001207 -0.69777982 0.71631230
606.400000000 -6.775911 0.439173 -0.077893 0.00014081 -0.00017554 -0.69740320 0.71667896
606.518000000 -6.775549 0.441504 -0.078000 -0.00000000 -0.00000000 -0.69709599 0.71697781
606.643000000 -6.774801 0.423538 -0.078000 0.00000000 0.00000000 -0.69709900 0.71697489
606.768000000 -6.774283 0.405716 -0.078000 0.00000000 0.00000000 -0.69707623 0.71699702
606.800000000 -6.774031 0.396764 -0.077969 -0.00005912 0.00005277 -0.69708345 0.71698999
606.900000000 -6.773222 0.368777 -0.077889 0.00000277 0.00004186 -0.69708888 0.71698472
607.018000000 -6.773481 0.370505 -0.078000 0.00000000 0.00000000 -0.69699240 0.71707852
607.143000000 -6.772484 0.353865 -0.078000 -0.00000000 -0.00000000 -0.69698420 0.71708648
607.268000000 -6.771966 0.335004 -0.078000 0.00000000 0.00000000 -0.69696543 0.71710473
607.393000000 -6.771534 0.313387 -0.078000 0.00000000 0.00000000 -0.69186651 0.72202543
607.400000000 -6.771459 0.311020 -0.077992 0.00000514 -0.00000696 -0.69128965 0.72257776
607.518000000 -6.767485 0.288283 -0.078000 0.00000000 0.00000000 -0.69058145 0.72325463
607.643000000 -6.767832 0.269388 -0.078000 -0.00000000 -0.00000000 -0.69378905 0.72017828
607.768000000 -6.767228 0.249222 -0.078000 -0.00000000 -0.00000000 -0.69316355 0.72078033
607.800000000 -6.766807 0.238352 -0.077966 -0.00002900 0.00003979 -0.69295153 0.72098417
607.900000000 -6.765386 0.204386 -0.077856 -0.00018735 0.00024250 -0.69393211 0.72004036
608.018000000 -6.767402 0.208023 -0.078000 -0.00000000 0.00000000 -0.69813451 0.71596662
608.143000000 -6.766077 0.187190 -0.078000 -0.00000000 -0.00000000 -0.70163632 0.71253524
608.268000000 -6.765550 0.165472 -0.078000 -0.00000000 0.00000000 -0.70614046 0.70807178
608.300000000 -6.765518 0.154600 -0.077983 0.00005597 -0.00004350 -0.70843108 0.70577999
608.400000000 -6.765997 0.120656 -0.077847 -0.00000904 -0.00006247 -0.71542172 0.69869289
608.518000000 -6.765927 0.122341 -0.078000 0.00000000 0.00000000 -0.71491880 0.69920749
608.643000000 -6.766926 0.101255 -0.078000 -0.00000000 -0.00000000 -0.71928857 0.69471142
608.768000000 -6.767693 0.079410 -0.078000 -0.00000000 -0.00000000 -0.72357121 0.69024974
608.800000000 -6.768188 0.068559 -0.077943 -0.00003066 -0.00003225 -0.72576789 0.68793966
608.900000000 -6.770398 0.034682 -0.077816 0.00011083 -0.00017573 -0.73258588 0.68067458
609.018000000 -6.769497 0.037386 -0.078000 0.00000000 0.00000000 -0.73209978 0.68119741
609.143000000 -6.770739 0.016248 -0.078000 0.00000000 0.00000000 -0.73629220 0.67666372
609.200000000 -6.772477 -0.003029 -0.077950 0.00002040 -0.00002268 -0.74012265 0.67247191
609.300000000 -6.773738 -0.014904 -0.077964 -0.00002851 0.00006946 -0.74264124 0.66968946
609.400000000 -6.775783 -0.027329 -0.077997 0.00001208 -0.00001369 -0.74507085 0.66698532
609.518000000 -6.778077 -0.046545 -0.078000 -0.00000000 0.00000000 -0.74873648 0.66286777
609.643000000 -6.781014 -0.068144 -0.078000 0.00000000 -0.00000000 -0.75282958 0.65821549
609.768000000 -6.783564 -0.088501 -0.078000 -0.00000000 0.00000000 -0.75687016 0.65356527
609.800000000 -6.785151 -0.099252 -0.077955 -0.00002677 0.00000201 -0.75894975 0.65114920
609.900000000 -6.790582 -0.132759 -0.077842 -0.00016486 0.00013217 -0.76540015 0.64355463
610.018000000 -6.790694 -0.130002 -0.078000 0.00000000 0.00000000 -0.76494068 0.64410074
610.143000000 -6.794010 -0.151541 -0.078000 0.00000000 0.00000000 -0.76890711 0.63936050
610.268000000 -6.797989 -0.171762 -0.078000 -0.00000000 -0.00000000 -0.77287597 0.63455712
610.300000000 -6.800086 -0.182423 -0.077966 0.00004822 -0.00005284 -0.77489520 0.63208972
610.400000000 -6.807330 -0.215602 -0.077864 0.00025225 -0.00030640 -0.78115403 0.62433823
610.518000000 -6.806603 -0.213625 -0.078000 -0.00000000 -0.00000000 -0.78077565 0.62481148
610.643000000 -6.810922 -0.234812 -0.078000 -0.00000000 -0.00000000 -0.78466106 0.61992501
610.768000000 -6.819190 -0.258498 -0.078000 -0.00000000 0.00000000 -0.78864426 0.61484976
610.893000000 -6.826488 -0.280355 -0.078000 0.00000000 0.00000000 -0.79253545 0.60982584
610.900000000 -6.827088 -0.282655 -0.077993 -0.00000842 0.00000953 -0.79296070 0.60927278
611.018000000 -6.832781 -0.302117 -0.078000 -0.00000000 0.00000000 -0.79635255 0.60483272
611.143000000 -6.838577 -0.323071 -0.078000 -0.00000000 -0.00000000 -0.80013313 0.59982246
611.268000000 -6.845253 -0.346439 -0.078000 -0.00000000 0.00000000 -0.80005870 0.59992173
611.300000000 -6.848330 -0.356870 -0.077964 0.00000646 -0.00001840 -0.80039475 0.59947330
611.400000000 -6.858026 -0.389451 -0.077852 0.00019011 -0.00023201 -0.80167305 0.59776268
611.518000000 -6.855853 -0.383877 -0.078000 0.00000000 0.00000000 -0.80169602 0.59773196
611.643000000 -6.862648 -0.406288 -0.078000 -0.00000000 0.00000000 -0.79741633 0.60342953
611.768000000 -6.868317 -0.425110 -0.078000 0.00000000 0.00000000 -0.79483356 0.60682750
611.800000000 -6.871181 -0.435619 -0.077969 -0.00002210 0.00007448 -0.79279037 0.60949439
611.900000000 -6.879559 -0.468603 -0.077862 -0.00011431 0.00014712 -0.78659723 0.61746641
612.018000000 -6.878456 -0.464581 -0.078000 0.00000000 -0.00000000 -0.78696600 0.61699637
612.143000000 -6.883129 -0.485058 -0.078000 -0.00000000 0.00000000 -0.78305804 0.62194863
612.268000000 -6.887425 -0.503325 -0.078000 -0.00000000 -0.00000000 -0.78323306 0.62172822
612.300000000 -6.889851 -0.513929 -0.077974 0.00005484 -0.00007927 -0.78307986 0.62192116
612.400000000 -6.897526 -0.547036 -0.077852 0.00000098 -0.00004223 -0.78201322 0.62326184
612.518000000 -6.898246 -0.548229 -0.078000 -0.00000000 0.00000000 -0.78177999 0.62355436
612.643000000 -6.903325 -0.568355 -0.078000 -0.00000000 0.00000000 -0.78191486 0.62338524
612.700000000 -6.907638 -0.587244 -0.077942 -0.00002037 0.00001419 -0.78190478 0.62339788
612.800000000 -6.915164 -0.620392 -0.077830 -0.00017119 0.00020674 -0.78189337 0.62341213
612.900000000 -6.916990 -0.632474 -0.077891 0.00007650 -0.00007210 -0.78191759 0.62338180
613.018000000 -6.917607 -0.630249 -0.078000 0.00000000 0.00000000 -0.78196703 0.62331980
613.143000000 -6.922211 -0.650666 -0.078000 -0.00000000 0.00000000 -0.78194270 0.62335032
613.268000000 -6.926142 -0.671083 -0.078000 -0.00000000 -0.00000000 -0.78196231 0.62332571
613.300000000 -6.928577 -0.681688 -0.077971 -0.00000337 0.00005042 -0.78196205 0.62332603
613.400000000 -6.936097 -0.714840 -0.077868 -0.00019200 0.00020769 -0.78196187 0.62332620
613.518000000 -6.936015 -0.711960 -0.078000 0.00000000 -0.00000000 -0.78198651 0.62329536
613.643000000 -6.941109 -0.732678 -0.078000 -0.00000000 0.00000000 -0.78200894 0.62326721
613.768000000 -6.945709 -0.752860 -0.078000 0.00000000 0.00000000 -0.78200050 0.62327780
613.800000000 -6.948140 -0.763461 -0.077969 0.00004280 -0.00007840 -0.78200005 0.62327836
613.900000000 -6.955735 -0.796584 -0.077846 -0.00002025 -0.00006294 -0.78199995 0.62327849
614.018000000 -6.953536 -0.794694 -0.078000 -0.00000000 -0.00000000 -0.78205242 0.62321265
614.143000000 -6.959015 -0.815053 -0.078000 0.00000000 0.00000000 -0.78208172 0.62317588
614.268000000 -6.964942 -0.835140 -0.078000 -0.00000000 0.00000000 -0.78209533 0.62315880
614.300000000 -6.967369 -0.845742 -0.077970 0.00004111 -0.00003075 -0.78209518 0.62315899
614.400000000 -6.970191 -0.858783 -0.077992 -0.00000192 0.00000726 -0.78212518 0.62312134
614.518000000 -6.974038 -0.876565 -0.078000 -0.00000000 0.00000000 -0.78209950 0.62315357
614.643000000 -6.978409 -0.896613 -0.078000 -0.00000000 0.00000000 -0.78203794 0.62323083
614.768000000 -6.983350 -0.916821 -0.078000 0.00000000 0.00000000 -0.78200529 0.62327179
614.800000000 -6.985765 -0.927428 -0.077956 -0.00006014 0.00006472 -0.78200590 0.62327103
614.900000000 -6.993327 -0.960567 -0.077840 -0.00001292 -0.00000127 -0.78200624 0.62327060
615.018000000 -6.992651 -0.958740 -0.078000 -0.00000000 -0.00000000 -0.78207396 0.62318562
615.143000000 -6.996508 -0.978719 -0.078000 0.00000000 -0.00000000 -0.78204873 0.62321728
615.268000000 -7.002116 -0.998205 -0.078000 -0.00000000 0.00000000 -0.78211089 0.62313927
615.300000000 -7.004552 -1.008810 -0.077977 0.00003961 -0.00007221 -0.78156588 0.62382271
615.400000000 -7.012079 -1.041964 -0.077830 -0.00005245 -0.00008265 -0.77917625 0.62680488
615.518000000 -7.011939 -1.037135 -0.078000 -0.00000000 0.00000000 -0.77567516 0.63113235
615.643000000 -7.014691 -1.058185 -0.078000 -0.00000000 0.00000000 -0.77141126 0.63633691
615.768000000 -7.019523 -1.078403 -0.078000 -0.00000000 -0.00000000 -0.76747714 0.64107631
615.893000000 -7.022581 -1.100342 -0.078000 -0.00000000 0.00000000 -0.76352294 0.64578070
615.900000000 -7.022984 -1.102689 -0.077994 -0.00000037 0.00000807 -0.76307394 0.64631119
616.018000000 -7.026089 -1.121998 -0.078000 0.00000000 0.00000000 -0.75943253 0.65058607
616.143000000 -7.029552 -1.144231 -0.078000 0.00000000 -0.00000000 -0.75535600 0.65531467
616.268000000 -7.032938 -1.164189 -0.078000 0.00000000 0.00000000 -0.75128290 0.65998030
616.300000000 -7.034366 -1.175184 -0.077965 -0.00006084 0.00007903 -0.74917550 0.66237154
616.400000000 -7.038394 -1.210740 -0.077870 0.00000945 0.00008777 -0.74254000 0.66980172
616.518000000 -7.038371 -1.209606 -0.078000 0.00000000 0.00000000 -0.74300921 0.66928120
616.643000000 -7.040200 -1.233349 -0.078000 -0.00000000 -0.00000000 -0.73885501 0.67386444
616.768000000 -7.042385 -1.258850 -0.078000 0.00000000 -0.00000000 -0.73467370 0.67842063
616.800000000 -7.043430 -1.271778 -0.077957 -0.00002425 0.00002775 -0.73250689 0.68075962
616.900000000 -7.046015 -1.313409 -0.077828 -0.00023174 0.00025058 -0.72568709 0.68802481
617.018000000 -7.045575 -1.312317 -0.078000 0.00000000 0.00000000 -0.72620927 0.68747371
617.143000000 -7.046833 -1.339637 -0.078000 -0.00000000 -0.00000000 -0.72193000 0.69196610
617.268000000 -7.048137 -1.367306 -0.078000 0.00000000 0.00000000 -0.71760155 0.69645388
617.300000000 -7.048563 -1.381387 -0.077958 0.00002854 -0.00003773 -0.71537731 0.69873837
617.400000000 -7.045411 -1.421229 -0.077819 0.00017827 -0.00015906 -0.70831816 0.70589328
617.518000000 -7.044807 -1.415296 -0.078000 -0.00000000 -0.00000000 -0.71369475 0.70045685
617.643000000 -7.045248 -1.442860 -0.078000 -0.00000000 0.00000000 -0.71073842 0.70345639
617.700000000 -7.045524 -1.467942 -0.077908 0.00009994 -0.00006947 -0.71032072 0.70387816
617.800000000 -7.045536 -1.483993 -0.077986 -0.00004212 0.00005200 -0.71028101 0.70391824
617.900000000 -7.045473 -1.500741 -0.077990 0.00000873 -0.00001190 -0.71030507 0.70389396
618.018000000 -7.046081 -1.526266 -0.078000 -0.00000000 0.00000000 -0.71026090 0.70393853
618.143000000 -7.045961 -1.553999 -0.078000 -0.00000000 -0.00000000 -0.71026973 0.70392963
618.268000000 -7.046187 -1.581803 -0.078000 0.00000000 -0.00000000 -0.71028533 0.70391388
618.300000000 -7.046323 -1.595881 -0.077926 0.00004071 -0.00008643 -0.71028613 0.70391307
618.400000000 -7.046746 -1.639851 -0.077775 -0.00002633 -0.00011372 -0.71028489 0.70391432
618.518000000 -7.047366 -1.636142 -0.078000 0.00000000 0.00000000 -0.71027385 0.70392546
618.643000000 -7.046879 -1.664223 -0.078000 0.00000000 0.00000000 -0.71030301 0.70389604
618.768000000 -7.047834 -1.690595 -0.078000 -0.00000000 -0.00000000 -0.71030638 0.70389263
618.800000000 -7.047953 -1.704670 -0.077952 0.00000155 -0.00002020 -0.71030657 0.70389245
618.900000000 -7.048407 -1.748658 -0.077800 0.00017770 -0.00018675 -0.71030615 0.70389283
619.018000000 -7.047713 -1.743680 -0.078000 -0.00000000 -0.00000000 -0.71036772 0.70383073
619.143000000 -7.048724 -1.771241 -0.078000 -0.00000000 -0.00000000 -0.71039444 0.70380377
619.268000000 -7.047934 -1.799457 -0.078000 -0.00000000 -0.00000000 -0.71041125 0.70378679
619.300000000 -7.048060 -1.813536 -0.077962 -0.00005344 0.00007549 -0.71041169 0.70378635
619.400000000 -7.049149 -1.829748 -0.077992 0.00001379 -0.00001150 -0.71042073 0.70377722
619.518000000 -7.049951 -1.853711 -0.078000 0.00000000 0.00000000 -0.71048211 0.70371526
619.643000000 -7.049639 -1.880714 -0.078000 0.00000000 0.00000000 -0.71051807 0.70367895
619.768000000 -7.050864 -1.907919 -0.078000 0.00000000 0.00000000 -0.71054867 0.70364806
619.800000000 -7.051006 -1.921999 -0.077978 -0.00004284 0.00004206 -0.71054879 0.70364793
619.900000000 -7.051394 -1.965980 -0.077807 -0.00014323 0.00008269 -0.71054874 0.70364797
620.018000000 -7.051134 -1.962738 -0.078000 -0.00000000 0.00000000 -0.71062610 0.70356986
620.143000000 -7.051360 -1.989994 -0.078000 -0.00000000 0.00000000 -0.71066966 0.70352586
620.268000000 -7.051565 -2.017846 -0.078000 -0.00000000 0.00000000 -0.71071031 0.70348480
620.300000000 -7.051711 -2.031921 -0.077951 0.00007070 -0.00006495 -0.71070983 0.70348528
620.400000000 -7.052194 -2.075922 -0.077825 0.00010458 -0.00001689 -0.71070968 0.70348542
620.518000000 -7.051647 -2.073002 -0.078000 0.00000000 -0.00000000 -0.71078875 0.70340554
620.643000000 -7.052380 -2.099560 -0.078000 0.00000000 0.00000000 -0.71082576 0.70336814
620.768000000 -7.052246 -2.127626 -0.078000 -0.00000000 -0.00000000 -0.71083891 0.70335485
620.800000000 -7.052387 -2.141705 -0.077939 0.00000381 -0.00000962 -0.71083909 0.70335466
620.900000000 -7.052905 -2.185691 -0.077788 0.00016286 -0.00017156 -0.71083867 0.70335505
621.018000000 -7.053028 -2.180980 -0.078000 -0.00000000 0.00000000 -0.71085865 0.70333490
621.143000000 -7.052847 -2.209061 -0.078000 0.00000000 0.00000000 -0.71090427 0.70328879
621.200000000 -7.053118 -2.234142 -0.077931 0.00001966 0.00002647 -0.71090405 0.70328901
621.300000000 -7.054114 -2.250805 -0.077947 -0.00000017 0.00001596 -0.71061790 0.70357814
621.400000000 -7.054717 -2.264216 -0.077994 0.00000627 -0.00001173 -0.71039979 0.70379837
621.518000000 -7.054768 -2.291549 -0.078000 0.00000000 -0.00000000 -0.70338434 0.71080973
621.643000000 -7.053473 -2.319664 -0.078000 -0.00000000 -0.00000000 -0.69909798 0.71502588
621.768000000 -7.052492 -2.346509 -0.078000 -0.00000000 -0.00000000 -0.69468447 0.71931459
621.800000000 -7.052001 -2.360588 -0.077959 -0.00004926 0.00001411 -0.69241031 0.72150396
621.900000000 -7.049780 -2.404543 -0.077797 -0.00000072 -0.00010157 -0.68518369 0.72837031
622.018000000 -7.048657 -2.402230 -0.078000 0.00000000 0.00000000 -0.68572304 0.72786256
622.143000000 -7.047317 -2.429802 -0.078000 0.00000000 0.00000000 -0.68119786 0.73209936
622.268000000 -7.045511 -2.458310 -0.078000 0.00000000 -0.00000000 -0.67669771 0.73626097
622.300000000 -7.044334 -2.472347 -0.077959 -0.00003276 0.00004234 -0.67434615 0.73841538
622.400000000 -7.039906 -2.516168 -0.077855 0.00010377 0.00000434 -0.66695443 0.74509850
622.518000000 -7.039703 -2.512526 -0.078000 0.00000000 0.00000000 -0.66746491 0.74464125
622.643000000 -7.036362 -2.539336 -0.078000 0.00000000 -0.00000000 -0.66280690 0.74879037
622.768000000 -7.033199 -2.567133 -0.078000 -0.00000000 -0.00000000 -0.65815120 0.75288578
622.800000000 -7.031328 -2.581103 -0.077982 0.00001366 0.00005502 -0.65574754 0.75498024
622.900000000 -7.029074 -2.597323 -0.077984 -0.00001129 0.00000084 -0.65289964 0.75744443
623.018000000 -7.025431 -2.621483 -0.078000 0.00000000 0.00000000 -0.64871468 0.76103171
623.143000000 -7.020571 -2.648575 -0.078000 0.00000000 -0.00000000 -0.64397095 0.76504995
623.268000000 -7.015900 -2.676221 -0.078000 0.00000000 0.00000000 -0.63918325 0.76905446
623.300000000 -7.013341 -2.690075 -0.077960 0.00001410 -0.00006334 -0.63672722 0.77108913
623.400000000 -7.004614 -2.733203 -0.077782 -0.00013915 -0.00002320 -0.62901288 0.77739487
623.518000000 -7.005696 -2.729100 -0.078000 -0.00000000 0.00000000 -0.62949548 0.77700414
623.643000000 -6.999990 -2.755622 -0.078000 -0.00000000 0.00000000 -0.62460161 0.78094355
623.768000000 -6.992956 -2.786243 -0.078000 -0.00000000 0.00000000 -0.62005707 0.78455671
623.800000000 -6.989715 -2.799946 -0.077957 0.00007426 -0.00004675 -0.61921774 0.78521932
623.900000000 -6.979251 -2.842671 -0.077818 0.00022445 -0.00010563 -0.61891696 0.78545638
624.018000000 -6.980639 -2.836672 -0.078000 -0.00000000 0.00000000 -0.62920588 0.77723868
624.143000000 -6.975658 -2.864207 -0.078000 0.00000000 0.00000000 -0.63305606 0.77410595
624.268000000 -6.970506 -2.891010 -0.078000 0.00000000 0.00000000 -0.63789417 0.77012404
624.393000000 -6.965350 -2.918341 -0.078000 -0.00000000 -0.00000000 -0.64265327 0.76615715
624.400000000 -6.964807 -2.921370 -0.077992 0.00001603 -0.00000930 -0.64318996 0.76570665
624.518000000 -6.961203 -2.944579 -0.078000 0.00000000 0.00000000 -0.64736797 0.76217761
624.643000000 -6.956090 -2.971502 -0.078000 -0.00000000 -0.00000000 -0.65207667 0.75815303
624.768000000 -6.952689 -2.998145 -0.078000 -0.00000000 0.00000000 -0.65676751 0.75409312
624.800000000 -6.950755 -3.012083 -0.077981 0.00002049 0.00003671 -0.65916915 0.75199470
624.900000000 -6.945365 -3.055714 -0.077831 -0.00014498 0.00010531 -0.66663019 0.74538860
625.018000000 -6.945069 -3.053329 -0.078000 -0.00000000 0.00000000 -0.66608394 0.74587679
625.143000000 -6.942024 -3.081642 -0.078000 0.00000000 0.00000000 -0.67068494 0.74174235
625.268000000 -6.939160 -3.108577 -0.078000 -0.00000000 0.00000000 -0.67521760 0.73761859
625.300000000 -6.937923 -3.122588 -0.077961 0.00005064 -0.00006961 -0.67756588 0.73546208
625.400000000 -6.934768 -3.166417 -0.077810 -0.00002707 -0.00008394 -0.68485945 0.72867518
625.518000000 -6.934455 -3.164176 -0.078000 0.00000000 0.00000000 -0.68430244 0.72919831
625.643000000 -6.934412 -3.187785 -0.078000 -0.00000000 0.00000000 -0.68843305 0.72529989
625.768000000 -6.932914 -3.218000 -0.078000 -0.00000000 0.00000000 -0.68549350 0.72807874
625.800000000 -6.932137 -3.232056 -0.077970 0.00005231 -0.00004367 -0.68563679 0.72794381
625.900000000 -6.929495 -3.275963 -0.077806 0.00011142 -0.00015407 -0.68573389 0.72785232
626.018000000 -6.929754 -3.273979 -0.078000 0.00000000 0.00000000 -0.68578901 0.72780041
626.143000000 -6.927224 -3.301115 -0.078000 -0.00000000 0.00000000 -0.68579314 0.72779651
626.200000000 -6.925762 -3.326155 -0.077923 0.00010656 -0.00005428 -0.68581140 0.72777930
626.300000000 -6.925619 -3.344145 -0.077968 -0.00007598 0.00005978 -0.68587608 0.72771834
626.400000000 -6.923951 -3.359575 -0.077989 -0.00000436 -0.00000759 -0.68586635 0.72772753
626.518000000 -6.921925 -3.384492 -0.078000 -0.00000000 -0.00000000 -0.68588915 0.72770604
626.643000000 -6.920687 -3.411150 -0.078000 0.00000000 0.00000000 -0.68590799 0.72768828
626.768000000 -6.918630 -3.437901 -0.078000 -0.00000000 -0.00000000 -0.68591592 0.72768080
626.800000000 -6.917808 -3.451952 -0.077960 0.00000548 -0.00000079 -0.68591553 0.72768117
626.900000000 -6.915175 -3.495873 -0.077830 -0.00016103 0.00018382 -0.68591580 0.72768088
627.018000000 -6.915156 -3.493019 -0.078000 -0.00000000 -0.00000000 -0.68590636 0.72768981
627.143000000 -6.912817 -3.521542 -0.078000 0.00000000 0.00000000 -0.68591967 0.72767727
627.268000000 -6.911473 -3.548386 -0.078000 -0.00000000 -0.00000000 -0.68591152 0.72768495
627.300000000 -6.910634 -3.562437 -0.077957 0.00001765 -0.00002806 -0.68591163 0.72768484
627.400000000 -6.908099 -3.606353 -0.077821 0.00019184 -0.00021765 -0.68591118 0.72768521
627.518000000 -6.907233 -3.603973 -0.078000 -0.00000000 0.00000000 -0.68594889 0.72764972
627.643000000 -6.906572 -3.630455 -0.078000 -0.00000000 0.00000000 -0.68590244 0.72769351
627.768000000 -6.905775 -3.657278 -0.078000 0.00000000 0.00000000 -0.68586731 0.72772662
627.800000000 -6.904954 -3.671331 -0.077950 -0.00002333 -0.00000555 -0.68586713 0.72772679
627.900000000 -6.903187 -3.687646 -0.077992 -0.00000618 0.00000899 -0.68585819 0.72773521
628.018000000 -6.902705 -3.711456 -0.078000 -0.00000000 -0.00000000 -0.68587475 0.72771961
628.143000000 -6.901364 -3.739524 -0.078000 0.00000000 -0.00000000 -0.68587127 0.72772289
628.268000000 -6.899576 -3.767320 -0.078000 -0.00000000 0.00000000 -0.68586012 0.72773339
628.300000000 -6.898741 -3.781372 -0.077956 0.00007355 -0.00006544 -0.68585970 0.72773379
628.400000000 -6.896212 -3.825300 -0.077817 0.00028395 -0.00019188 -0.68585884 0.72773452
628.518000000 -6.896101 -3.822674 -0.078000 -0.00000000 0.00000000 -0.68591555 0.72768115
628.643000000 -6.892906 -3.849756 -0.078000 0.00000000 0.00000000 -0.68589194 0.72770341
628.768000000 -6.891412 -3.877088 -0.078000 -0.00000000 -0.00000000 -0.68588616 0.72770885
628.800000000 -6.890582 -3.891149 -0.077969 -0.00003834 0.00005430 -0.68521475 0.72834109
628.900000000 -6.887831 -3.935068 -0.077807 -0.00011632 0.00002203 -0.68239586 0.73098282
629.018000000 -6.888507 -3.933880 -0.078000 -0.00000000 0.00000000 -0.67830661 0.73477898
629.143000000 -6.886579 -3.961015 -0.078000 -0.00000000 -0.00000000 -0.67328149 0.73938626
629.268000000 -6.883051 -3.987718 -0.078000 0.00000000 0.00000000 -0.66867655 0.74355341
629.300000000 -6.881579 -4.001725 -0.077951 -0.00005892 0.00001437 -0.66632024 0.74566570
629.400000000 -6.876184 -4.045434 -0.077810 -0.00017186 0.00015385 -0.65745777 0.75349136
629.518000000 -6.876859 -4.042485 -0.078000 -0.00000000 0.00000000 -0.65293411 0.75741471
629.643000000 -6.871885 -4.069595 -0.078000 -0.00000000 -0.00000000 -0.64442479 0.76466770
629.700000000 -6.867376 -4.094294 -0.077905 0.00000392 -0.00005921 -0.63561789 0.77200382
629.800000000 -6.864913 -4.110779 -0.077962 -0.00001975 0.00004239 -0.62981288 0.77674689
629.900000000 -6.854884 -4.153702 -0.077836 -0.00020955 0.00023212 -0.61420211 0.78914870
630.018000000 -6.855702 -4.150719 -0.078000 0.00000000 0.00000000 -0.61537050 0.78823800
630.143000000 -6.848777 -4.177904 -0.078000 0.00000000 0.00000000 -0.60549571 0.79584857
630.268000000 -6.840284 -4.204003 -0.078000 -0.00000000 -0.00000000 -0.59552305 0.80333822
630.300000000 -6.836201 -4.217502 -0.077955 0.00002286 -0.00002463 -0.59038627 0.80712084
630.400000000 -6.822051 -4.259217 -0.077784 -0.00014767 0.00004106 -0.57418694 0.81872421
630.518000000 -6.823357 -4.256756 -0.078000 -0.00000000 0.00000000 -0.57536500 0.81789677
630.643000000 -6.814563 -4.282391 -0.078000 -0.00000000 0.00000000 -0.56525719 0.82491473
630.768000000 -6.804672 -4.308045 -0.078000 -0.00000000 0.00000000 -0.55472332 0.83203488
630.800000000 -6.799284 -4.321056 -0.078040 -0.00018370 0.00029952 -0.54940309 0.83555737
630.900000000 -6.780578 -4.361254 -0.078328 -0.00068388 0.00215647 -0.53263306 0.84634326
631.018000000 -6.780578 -4.357511 -0.078000 0.00000000 0.00000000 -0.53382717 0.84559361
631.143000000 -6.770125 -4.380677 -0.078000 -0.00000000 -0.00000000 -0.52320933 0.85220420
631.268000000 -6.758465 -4.404241 -0.078000 -0.00000000 0.00000000 -0.51246889 0.85870579
631.300000000 -6.751675 -4.416540 -0.078035 -0.00105092 -0.00002899 -0.50569970 0.86270894
631.400000000 -6.741785 -4.431391 -0.077979 -0.00009839 -0.00006289 -0.49369385 0.86963577
631.518000000 -6.730733 -4.451214 -0.078000 -0.00000000 0.00000000 -0.48080965 0.87682500
631.643000000 -6.715629 -4.474753 -0.078000 -0.00000000 0.00000000 -0.46482454 0.88540282
631.768000000 -6.699926 -4.497469 -0.078000 -0.00000000 0.00000000 -0.44820200 0.89393231
631.800000000 -6.691510 -4.508923 -0.078026 0.00054514 0.00034071 -0.43961742 0.89818490
631.900000000 -6.663480 -4.543268 -0.077941 0.00159817 0.00077508 -0.41257580 0.91092154
632.018000000 -6.666014 -4.539190 -0.078000 0.00000000 0.00000000 -0.41449109 0.91005337
632.143000000 -6.647878 -4.559312 -0.078000 0.00000000 -0.00000000 -0.39739166 0.91764910
632.268000000 -6.628768 -4.579945 -0.078000 0.00000000 0.00000000 -0.38015637 0.92492223
632.300000000 -6.618772 -4.589893 -0.077973 0.00007306 0.00024776 -0.37129106 0.92851650
632.400000000 -6.585693 -4.619497 -0.078039 0.00038609 0.00151313 -0.34337283 0.93919788
632.518000000 -6.588464 -4.617475 -0.078000 0.00000000 0.00000000 -0.34521315 0.93852431
632.643000000 -6.565468 -4.635485 -0.078000 0.00000000 -0.00000000 -0.32006324 0.94739618
632.768000000 -6.540325 -4.652806 -0.078000 0.00000000 0.00000000 -0.29079525 0.95678531
632.893000000 -6.519029 -4.667149 -0.078000 -0.00000000 0.00000000 -0.26392552 0.96454306
632.900000000 -6.516382 -4.668752 -0.077985 -0.00000909 -0.00000930 -0.26053922 0.96546327
633.018000000 -6.495856 -4.680353 -0.078000 -0.00000000 -0.00000000 -0.23359884 0.97233306
633.143000000 -6.470259 -4.691581 -0.078000 0.00000000 0.00000000 -0.20318176 0.97914104
633.268000000 -6.444800 -4.702448 -0.078000 -0.00000000 -0.00000000 -0.17259134 0.98499352
633.300000000 -6.431449 -4.707071 -0.077943 -0.00013311 -0.00001154 -0.15686390 0.98762022
633.400000000 -6.388970 -4.718986 -0.077767 -0.00028978 -0.00005989 -0.10749427 0.99420566
633.518000000 -6.391971 -4.718133 -0.078000 -0.00000000 -0.00000000 -0.11094542 0.99382650
633.643000000 -6.365845 -4.722968 -0.078000 0.00000000 -0.00000000 -0.07993435 0.99680013
633.768000000 -6.337153 -4.726842 -0.078000 -0.00000000 -0.00000000 -0.04899912 0.99879882
633.800000000 -6.323103 -4.728259 -0.077954 -0.00004138 -0.00000220 -0.03454030 0.99940330
633.900000000 -6.278978 -4.729210 -0.077807 -0.00041856 0.00001174 0.00930158 0.99995665
634.018000000 -6.286357 -4.728530 -0.078000 0.00000000 0.00000000 -0.00624338 0.99998051
634.143000000 -6.255086 -4.729262 -0.078000 -0.00000000 -0.00000000 0.01479686 0.99989052
634.268000000 -6.227958 -4.727490 -0.078000 0.00000000 0.00000000 0.02355989 0.99972243
634.300000000 -6.213881 -4.726767 -0.077977 0.00000306 0.00004226 0.02857398 0.99959168
634.400000000 -6.169956 -4.723494 -0.077849 0.00009732 0.00007505 0.04258517 0.99909283
634.518000000 -6.177148 -4.723300 -0.078000 0.00000000 0.00000000 0.02873427 0.99958709
634.643000000 -6.148161 -4.721726 -0.078000 0.00000000 -0.00000000 0.03085738 0.99952380
634.700000000 -6.123141 -4.720181 -0.077907 -0.00003609 -0.00002647 0.03043743 0.99953667
634.800000000 -6.105492 -4.719235 -0.077964 -0.00001269 0.00001936 0.03051967 0.99953417
634.900000000 -6.089402 -4.718098 -0.077988 0.00001364 -0.00000027 0.03061738 0.99953118
635.018000000 -6.064817 -4.715906 -0.078000 -0.00000000 0.00000000 0.03057235 0.99953256
635.143000000 -6.036952 -4.715321 -0.078000 -0.00000000 0.00000000 0.03065059 0.99953016
635.268000000 -6.009626 -4.713439 -0.078000 0.00000000 -0.00000000 0.03076368 0.99952669
635.300000000 -5.995575 -4.712570 -0.077950 -0.00009983 -0.00000244 0.03076477 0.99952665
635.400000000 -5.951661 -4.709826 -0.077834 -0.00010217 0.00003636 0.03076362 0.99952668
635.518000000 -5.954740 -4.709834 -0.078000 -0.00000000 0.00000000 0.03094359 0.99952113
635.643000000 -5.927820 -4.708073 -0.078000 0.00000000 -0.00000000 0.03098759 0.99951977
635.768000000 -5.900554 -4.705980 -0.078000 0.00000000 0.00000000 0.03103364 0.99951834
635.800000000 -5.886502 -4.705114 -0.077937 0.00003886 -0.00003061 0.03103406 0.99951833
635.900000000 -5.842619 -4.702366 -0.077778 -0.00010834 -0.00010379 0.03103380 0.99951832
636.018000000 -5.845738 -4.701883 -0.078000 -0.00000000 0.00000000 0.03110779 0.99951604
636.143000000 -5.818065 -4.700052 -0.078000 -0.00000000 0.00000000 0.03114160 0.99951498
636.268000000 -5.790529 -4.698385 -0.078000 -0.00000000 0.00000000 0.03114469 0.99951489
636.300000000 -5.776482 -4.697510 -0.077936 0.00006864 -0.00000014 0.03114530 0.99951487
636.400000000 -5.760917 -4.696772 -0.077991 -0.00001580 0.00000504 0.03116597 0.99951422
636.518000000 -5.736749 -4.694833 -0.078000 0.00000000 0.00000000 0.03116975 0.99951411
636.643000000 -5.708468 -4.693013 -0.078000 0.00000000 -0.00000000 0.03118874 0.99951351
636.768000000 -5.674526 -4.692562 -0.078000 0.00000000 -0.00000000 0.03092124 0.99952182
636.800000000 -5.660473 -4.691689 -0.077956 0.00007212 0.00002186 0.03092159 0.99952181
636.900000000 -5.616558 -4.689000 -0.077816 0.00005421 0.00001475 0.03092109 0.99952183
637.018000000 -5.619977 -4.689475 -0.078000 -0.00000000 0.00000000 0.03101610 0.99951888
637.143000000 -5.593248 -4.688289 -0.078000 -0.00000000 0.00000000 0.03108231 0.99951683
637.268000000 -5.566280 -4.686831 -0.078000 0.00000000 0.00000000 0.03111816 0.99951571
637.300000000 -5.552229 -4.685956 -0.077961 0.00006679 -0.00001107 0.03111864 0.99951570
637.400000000 -5.508334 -4.683235 -0.077793 0.00000295 -0.00006965 0.03111820 0.99951571
637.518000000 -5.509569 -4.682706 -0.078000 0.00000000 0.00000000 0.03119862 0.99951320
637.643000000 -5.482315 -4.679966 -0.078000 0.00000000 -0.00000000 0.03122730 0.99951231
637.768000000 -5.455332 -4.678137 -0.078000 0.00000000 -0.00000000 0.03122888 0.99951226
637.800000000 -5.441281 -4.677258 -0.077963 0.00007193 -0.00000499 0.03122937 0.99951224
637.900000000 -5.397389 -4.674533 -0.077811 0.00006774 -0.00008646 0.03122925 0.99951224
638.018000000 -5.399934 -4.674506 -0.078000 -0.00000000 0.00000000 0.03122058 0.99951252
638.143000000 -5.372482 -4.673326 -0.078000 0.00000000 0.00000000 0.03120683 0.99951295
638.200000000 -5.347461 -4.671742 -0.077934 -0.00011993 -0.00003112 0.03164413 0.99949919
638.300000000 -5.333105 -4.670324 -0.077956 0.00007616 0.00000718 0.03316711 0.99944982
638.400000000 -5.315166 -4.668646 -0.077990 -0.00000969 -0.00000196 0.04170229 0.99913008
638.518000000 -5.290812 -4.666743 -0.078000 -0.00000000 0.00000000 0.04716470 0.99888713
638.643000000 -5.262804 -4.665028 -0.078000 -0.00000000 0.00000000 0.05312552 0.99858784
638.768000000 -5.234241 -4.661457 -0.078000 0.00000000 -0.00000000 0.05922240 0.99824481
638.800000000 -5.220253 -4.659789 -0.077951 -0.00009032 -0.00002093 0.06239658 0.99805143
638.900000000 -5.176633 -4.653870 -0.077794 -0.00002887 -0.00005375 0.07231844 0.99738159
639.018000000 -5.180736 -4.654105 -0.078000 0.00000000 0.00000000 0.07153799 0.99743788
639.143000000 -5.153980 -4.650586 -0.078000 0.00000000 -0.00000000 0.07774814 0.99697303
639.268000000 -5.126820 -4.646255 -0.078000 0.00000000 -0.00000000 0.08396313 0.99646886
639.300000000 -5.112929 -4.643914 -0.077962 -0.00005076 0.00001476 0.08713989 0.99619608
639.400000000 -5.069645 -4.635768 -0.077826 -0.00025310 0.00004012 0.09706215 0.99527829
639.518000000 -5.072415 -4.636183 -0.078000 -0.00000000 0.00000000 0.09627749 0.99535453
639.643000000 -5.044539 -4.630699 -0.078000 0.00000000 -0.00000000 0.10248897 0.99473414
639.768000000 -5.017010 -4.624555 -0.078000 -0.00000000 -0.00000000 0.10866386 0.99407855
639.800000000 -5.003249 -4.621522 -0.077940 -0.00000918 0.00000426 0.11183260 0.99372706
639.900000000 -4.987403 -4.617946 -0.077993 -0.00001542 -0.00000640 0.11569743 0.99328450
640.018000000 -4.962893 -4.612323 -0.078000 -0.00000000 0.00000000 0.12806168 0.99176621
640.143000000 -4.937174 -4.605631 -0.078000 -0.00000000 0.00000000 0.13878517 0.99032251
640.268000000 -4.911280 -4.598040 -0.078000 -0.00000000 0.00000000 0.15115839 0.98850956
640.300000000 -4.897817 -4.593853 -0.077948 -0.00002068 -0.00002332 0.15747144 0.98752354
640.400000000 -4.856231 -4.579328 -0.077802 -0.00026341 -0.00007936 0.17711002 0.98419102
640.518000000 -4.859514 -4.579476 -0.078000 0.00000000 -0.00000000 0.17579262 0.98442722
640.643000000 -4.834353 -4.570438 -0.078000 0.00000000 -0.00000000 0.18806067 0.98215741
640.768000000 -4.809076 -4.559702 -0.078000 0.00000000 0.00000000 0.20028572 0.97973753
640.800000000 -4.796097 -4.554195 -0.077965 0.00008604 0.00002255 0.20653107 0.97844004
640.900000000 -4.756142 -4.535624 -0.077816 0.00019392 0.00002609 0.22598879 0.97412988
641.018000000 -4.758896 -4.536081 -0.078000 0.00000000 -0.00000000 0.22468067 0.97443245
641.143000000 -4.734218 -4.524196 -0.078000 0.00000000 0.00000000 0.23680540 0.97155710
641.268000000 -4.709786 -4.511083 -0.078000 0.00000000 -0.00000000 0.24886712 0.96853764
641.393000000 -4.685955 -4.497159 -0.078000 0.00000000 0.00000000 0.26092267 0.96535971
641.400000000 -4.683283 -4.495617 -0.077995 0.00000298 0.00000900 0.26226908 0.96499478
641.518000000 -4.662509 -4.482661 -0.078000 -0.00000000 0.00000000 0.27294321 0.96203015
641.643000000 -4.640259 -4.468215 -0.078000 0.00000000 -0.00000000 0.28490958 0.95855440
641.768000000 -4.617896 -4.452711 -0.078000 0.00000000 0.00000000 0.29683533 0.95492868
641.800000000 -4.606261 -4.444748 -0.077952 -0.00001919 -0.00000679 0.30291827 0.95301654
641.900000000 -4.570785 -4.418615 -0.077804 -0.00032248 -0.00009418 0.32185101 0.94679027
642.018000000 -4.572912 -4.421000 -0.078000 -0.00000000 -0.00000000 0.32052450 0.94724023
642.143000000 -4.550362 -4.405159 -0.078000 -0.00000000 -0.00000000 0.33229643 0.94317500
642.268000000 -4.528210 -4.387739 -0.078000 0.00000000 -0.00000000 0.34401787 0.93896310
642.300000000 -4.517443 -4.378630 -0.077983 0.00000618 0.00003969 0.34999846 0.93675027
642.400000000 -4.484714 -4.349119 -0.077838 0.00008467 0.00004402 0.36859690 0.92958933
642.518000000 -4.487563 -4.350255 -0.078000 0.00000000 0.00000000 0.36738497 0.93006897
642.643000000 -4.467767 -4.332254 -0.078000 -0.00000000 0.00000000 0.37896624 0.92541050
642.768000000 -4.449081 -4.312260 -0.078000 0.00000000 0.00000000 0.38420793 0.92324659
642.800000000 -4.439197 -4.302220 -0.077930 -0.00005117 -0.00006697 0.38736966 0.92192448
642.900000000 -4.408767 -4.270448 -0.077763 0.00002563 -0.00014281 0.39812530 0.91733103
643.018000000 -4.410667 -4.273534 -0.078000 -0.00000000 -0.00000000 0.39785455 0.91744851
643.143000000 -4.392230 -4.253655 -0.078000 0.00000000 -0.00000000 0.40330530 0.91506548
643.200000000 -4.376375 -4.236145 -0.077896 0.00004959 -0.00001515 0.40850955 0.91275405
643.300000000 -4.367808 -4.224007 -0.077972 -0.00008465 -0.00003900 0.41193980 0.91121106
643.400000000 -4.342142 -4.194223 -0.077834 -0.00003049 0.00000358 0.42099993 0.90706067
643.518000000 -4.344514 -4.196401 -0.078000 0.00000000 -0.00000000 0.42026884 0.90739964
643.643000000 -4.330361 -4.178943 -0.078000 -0.00000000 0.00000000 0.42591437 0.90476348
643.768000000 -4.316552 -4.161686 -0.078000 0.00000000 -0.00000000 0.43149187 0.90211683
643.800000000 -4.309558 -4.153037 -0.077964 -0.00003364 -0.00001567 0.43436615 0.90073639
643.900000000 -4.289173 -4.126814 -0.077869 -0.00030340 -0.00012669 0.44332004 0.89636334
644.018000000 -4.291774 -4.130405 -0.078000 0.00000000 -0.00000000 0.44265078 0.89669409
644.143000000 -4.279359 -4.114302 -0.078000 -0.00000000 0.00000000 0.44826949 0.89389846
644.268000000 -4.267313 -4.098107 -0.078000 0.00000000 -0.00000000 0.45382539 0.89109063
644.300000000 -4.261278 -4.089820 -0.077980 0.00005484 0.00003418 0.45666509 0.88963868
644.400000000 -4.242863 -4.063622 -0.077848 0.00002079 -0.00001990 0.46550606 0.88504469
644.518000000 -4.245582 -4.065356 -0.078000 0.00000000 0.00000000 0.46485317 0.88538779
644.643000000 -4.234278 -4.048503 -0.078000 0.00000000 0.00000000 0.47032855 0.88249139
644.768000000 -4.223465 -4.031913 -0.078000 0.00000000 -0.00000000 0.47576402 0.87957296
644.893000000 -4.212866 -4.015111 -0.078000 0.00000000 0.00000000 0.48123427 0.87659203
644.900000000 -4.211658 -4.013223 -0.077992 0.00001488 0.00000764 0.48184573 0.87625606
645.018000000 -4.201933 -3.998163 -0.078000 -0.00000000 0.00000000 0.48664931 0.87359742
645.143000000 -4.192261 -3.980214 -0.078000 -0.00000000 0.00000000 0.49204727 0.87056848
645.268000000 -4.181785 -3.963848 -0.078000 0.00000000 -0.00000000 0.49743719 0.86749999
645.300000000 -4.176596 -3.955013 -0.077949 -0.00004695 -0.00003287 0.50020060 0.86590955
645.400000000 -4.160898 -3.927079 -0.077865 -0.00032199 -0.00006614 0.50880420 0.86088221
645.518000000 -4.161820 -3.928097 -0.078000 0.00000000 0.00000000 0.50814088 0.86127396
645.643000000 -4.152975 -3.911742 -0.078000 0.00000000 -0.00000000 0.51344991 0.85811957
645.768000000 -4.144131 -3.893650 -0.078000 0.00000000 0.00000000 0.52459169 0.85135396
645.800000000 -4.139451 -3.884530 -0.077984 0.00005362 0.00004421 0.52730420 0.84967657
645.900000000 -4.125562 -3.855670 -0.077859 0.00003434 0.00000176 0.53574344 0.84438082
646.018000000 -4.130322 -3.858135 -0.078000 -0.00000000 0.00000000 0.53450723 0.84516390
646.143000000 -4.123615 -3.840389 -0.078000 0.00000000 -0.00000000 0.53954438 0.84195716
646.268000000 -4.118012 -3.821758 -0.078000 -0.00000000 0.00000000 0.54464497 0.83866671
646.300000000 -4.113846 -3.812393 -0.077955 -0.00006233 -0.00006055 0.54731573 0.83692621
646.400000000 -4.101316 -3.782926 -0.077861 0.00000770 -0.00003175 0.55562768 0.83143122
646.518000000 -4.106491 -3.785086 -0.078000 0.00000000 -0.00000000 0.55469915 0.83205099
646.643000000 -4.101417 -3.766583 -0.078000 -0.00000000 -0.00000000 0.55974273 0.82866645
646.700000000 -4.094666 -3.749614 -0.077962 0.00006474 0.00007968 0.56444131 0.82547319
646.800000000 -4.091648 -3.738056 -0.077993 -0.00004903 -0.00005621 0.56743417 0.82341876
646.900000000 -4.080574 -3.708014 -0.077862 -0.00005576 -0.00008965 0.57561094 0.81772369
647.018000000 -4.082806 -3.709962 -0.078000 0.00000000 -0.00000000 0.57481667 0.81828222
647.143000000 -4.077130 -3.690711 -0.078000 0.00000000 -0.00000000 0.57978001 0.81477306
647.268000000 -4.071991 -3.671906 -0.078000 -0.00000000 0.00000000 0.58473155 0.81122686
647.300000000 -4.068735 -3.662186 -0.077965 0.00006584 0.00002527 0.58731595 0.80935775
647.400000000 -4.059092 -3.631659 -0.077847 -0.00000315 -0.00008860 0.59535149 0.80346536
647.518000000 -4.058820 -3.633415 -0.078000 -0.00000000 -0.00000000 0.59463698 0.80399431
647.643000000 -4.051528 -3.613873 -0.078000 -0.00000000 0.00000000 0.60529981 0.79599758
647.768000000 -4.045652 -3.594412 -0.078000 -0.00000000 0.00000000 0.61342280 0.78975469
647.800000000 -4.043126 -3.584468 -0.077970 0.00000520 0.00002443 0.61858897 0.78571476
647.900000000 -4.036197 -3.553156 -0.077875 0.00010028 0.00011535 0.63424887 0.77312894
648.018000000 -4.037371 -3.555039 -0.078000 0.00000000 -0.00000000 0.63300094 0.77415102
648.143000000 -4.034024 -3.535347 -0.078000 0.00000000 0.00000000 0.64259062 0.76620970
648.200000000 -4.031014 -3.517338 -0.077916 0.00006509 0.00001414 0.64992275 0.76000027
648.300000000 -4.027663 -3.507056 -0.077972 -0.00008092 -0.00007193 0.65420646 0.75631600
648.400000000 -4.026798 -3.494649 -0.077993 0.00000878 0.00000693 0.65323549 0.75715480
648.518000000 -4.023200 -3.475579 -0.078000 0.00000000 0.00000000 0.65152041 0.75863111
648.643000000 -4.020620 -3.456678 -0.078000 0.00000000 0.00000000 0.65162806 0.75853864
648.768000000 -4.016962 -3.435966 -0.078000 -0.00000000 0.00000000 0.64431754 0.76475807
648.800000000 -4.015292 -3.425887 -0.077961 0.00005605 0.00007597 0.64098787 0.76755100
648.900000000 -4.009167 -3.394530 -0.077901 -0.00000305 0.00017294 0.62769283 0.77846110
649.018000000 -4.006933 -3.394586 -0.078000 -0.00000000 -0.00000000 0.61953323 0.78497043
649.143000000 -4.001920 -3.377335 -0.078000 -0.00000000 0.00000000 0.60545240 0.79588152
649.268000000 -3.995758 -3.359298 -0.078000 -0.00000000 0.00000000 0.58186109 0.81328819
649.300000000 -3.992563 -3.349628 -0.077983 0.00005981 0.00005655 0.56973191 0.82183061
649.400000000 -3.979990 -3.320431 -0.077860 0.00039397 0.00020285 0.52849276 0.84893769
649.518000000 -3.980359 -3.320580 -0.078000 0.00000000 -0.00000000 0.52009668 0.85410740
649.643000000 -3.970319 -3.304421 -0.078000 -0.00000000 0.00000000 0.48868916 0.87245797
649.768000000 -3.934001 -3.281417 -0.078000 -0.00000000 -0.00000000 0.44403410 0.89600989
649.893000000 -3.921122 -3.264001 -0.078000 0.00000000 0.00000000 0.39808955 0.91734656
649.900000000 -3.919647 -3.262346 -0.077996 0.00003027 0.00001524 0.39298245 0.91954597
650.018000000 -3.906851 -3.250606 -0.078000 0.00000000 -0.00000000 0.35389523 0.93528507
650.143000000 -3.891861 -3.238122 -0.078000 0.00000000 0.00000000 0.30670941 0.95180320
650.268000000 -3.875228 -3.227009 -0.078000 0.00000000 -0.00000000 0.25889733 0.96590485
650.300000000 -3.866478 -3.221890 -0.077966 0.00004562 0.00002382 0.23416414 0.97219708
650.400000000 -3.837296 -3.209560 -0.077864 0.00004849 0.00002034 0.15599336 0.98775810
650.518000000 -3.838729 -3.211315 -0.078000 -0.00000000 -0.00000000 0.16156271 0.98686245
650.643000000 -3.820338 -3.206449 -0.078000 0.00000000 -0.00000000 0.11223430 0.99368177
650.768000000 -3.800267 -3.202701 -0.078000 -0.00000000 0.00000000 0.06261316 0.99803787
650.800000000 -3.790210 -3.201408 -0.077970 0.00016357 0.00002382 0.03714122 0.99931001
650.900000000 -3.758514 -3.201565 -0.077868 0.00040721 0.00001543 -0.04253115 0.99909506
651.018000000 -3.759776 -3.202057 -0.078000 -0.00000000 -0.00000000 -0.03686976 0.99932008
651.143000000 -3.740775 -3.205869 -0.078000 0.00000000 0.00000000 -0.07940417 0.99684250
651.268000000 -3.721864 -3.211089 -0.078000 0.00000000 -0.00000000 -0.11825815 0.99298289
651.300000000 -3.711987 -3.213454 -0.077977 0.00003263 0.00000808 -0.13814730 0.99041169
651.400000000 -3.682036 -3.224223 -0.077903 0.00039160 -0.00001198 -0.19645876 0.98051201
651.518000000 -3.684740 -3.221796 -0.078000 -0.00000000 0.00000000 -0.18632986 0.98248724
651.643000000 -3.666412 -3.229053 -0.078000 -0.00000000 0.00000000 -0.20921374 0.97786994
651.700000000 -3.650012 -3.236872 -0.077958 0.00021283 -0.00002812 -0.23026910 0.97312697
651.800000000 -3.639945 -3.243410 -0.077967 -0.00003251 -0.00000512 -0.23720389 0.97145989
651.900000000 -3.630076 -3.249902 -0.077994 0.00000138 0.00000216 -0.24396095 0.96978506
652.018000000 -3.614630 -3.259266 -0.078000 -0.00000000 -0.00000000 -0.25009676 0.96822085
652.143000000 -3.596343 -3.267237 -0.078000 0.00000000 0.00000000 -0.25982622 0.96565539
652.268000000 -3.578645 -3.276075 -0.078000 0.00000000 -0.00000000 -0.26596421 0.96398291
652.300000000 -3.569861 -3.281322 -0.077947 0.00008039 -0.00002288 -0.26811019 0.96338825
652.400000000 -3.542650 -3.298107 -0.077839 0.00005074 -0.00008041 -0.27378698 0.96179035
652.518000000 -3.543280 -3.296442 -0.078000 -0.00000000 -0.00000000 -0.26804286 0.96340699
652.643000000 -3.526090 -3.306459 -0.078000 -0.00000000 -0.00000000 -0.26779633 0.96347555
652.768000000 -3.508906 -3.317004 -0.078000 -0.00000000 0.00000000 -0.26756933 0.96353861
652.800000000 -3.500134 -3.322277 -0.077957 -0.00000042 -0.00002039 -0.26758297 0.96353482
652.900000000 -3.472746 -3.338833 -0.077852 0.00011863 -0.00003949 -0.26560713 0.96408134
653.018000000 -3.473968 -3.336982 -0.078000 -0.00000000 -0.00000000 -0.25913696 0.96584058
653.143000000 -3.457389 -3.348540 -0.078000 0.00000000 -0.00000000 -0.24773845 0.96882695
653.268000000 -3.439722 -3.356397 -0.078000 -0.00000000 -0.00000000 -0.23813775 0.97123139
653.393000000 -3.421317 -3.364397 -0.078000 -0.00000000 -0.00000000 -0.22569230 0.97419864
653.400000000 -3.419308 -3.365396 -0.077994 -0.00000126 0.00000393 -0.22433024 0.97451318
653.518000000 -3.402713 -3.372924 -0.078000 0.00000000 -0.00000000 -0.21327498 0.97699221
653.643000000 -3.385102 -3.382960 -0.078000 -0.00000000 -0.00000000 -0.19428044 0.98094603
653.768000000 -3.366650 -3.391778 -0.078000 0.00000000 0.00000000 -0.17199301 0.98509817
653.800000000 -3.356995 -3.395302 -0.077960 -0.00008754 0.00002435 -0.15984641 0.98714189
653.900000000 -3.326168 -3.404387 -0.077874 -0.00005554 0.00003503 -0.12229591 0.99249368
654.018000000 -3.328228 -3.402094 -0.078000 0.00000000 0.00000000 -0.12507875 0.99214682
654.143000000 -3.307552 -3.405969 -0.078000 0.00000000 0.00000000 -0.10035858 0.99495133
654.268000000 -3.287385 -3.408503 -0.078000 -0.00000000 0.00000000 -0.07543411 0.99715079
654.300000000 -3.277234 -3.410105 -0.077961 -0.00007348 -0.00001835 -0.06273477 0.99803023
654.400000000 -3.245210 -3.412809 -0.077847 -0.00038889 -0.00000376 -0.02074560 0.99978471
654.518000000 -3.246406 -3.412043 -0.078000 0.00000000 -0.00000000 -0.01700580 0.99985539
654.643000000 -3.226613 -3.411032 -0.078000 0.00000000 -0.00000000 0.01315662 0.99991345
654.768000000 -3.206345 -3.409949 -0.078000 0.00000000 -0.00000000 0.05408288 0.99853645
654.800000000 -3.196101 -3.408935 -0.077965 -0.00000913 -0.00001838 0.07299721 0.99733214
654.900000000 -3.164630 -3.402132 -0.077831 -0.00031572 -0.00009655 0.13049412 0.99144903
655.018000000 -3.166649 -3.402982 -0.078000 -0.00000000 -0.00000000 0.11970999 0.99280890
655.143000000 -3.147099 -3.396325 -0.078000 0.00000000 -0.00000000 0.14502366 0.98942819
655.200000000 -3.129710 -3.390637 -0.077942 -0.00021618 -0.00004635 0.16605238 0.98611691
655.300000000 -3.118933 -3.386948 -0.077968 0.00001388 0.00001000 0.17508145 0.98455395
655.400000000 -3.089161 -3.375003 -0.077864 0.00022228 0.00007891 0.20318323 0.97914071
655.518000000 -3.091313 -3.376945 -0.078000 0.00000000 0.00000000 0.19522703 0.98075808
655.643000000 -3.072379 -3.368175 -0.078000 -0.00000000 -0.00000000 0.19970813 0.97985543
655.768000000 -3.054461 -3.360362 -0.078000 0.00000000 -0.00000000 0.20658144 0.97842941
655.800000000 -3.045079 -3.356221 -0.077966 -0.00007187 0.00000279 0.20977780 0.97774908
655.900000000 -3.016021 -3.342769 -0.077847 -0.00010248 -0.00007458 0.21969673 0.97556821
656.018000000 -3.017439 -3.343907 -0.078000 0.00000000 -0.00000000 0.21918509 0.97568330
656.143000000 -2.999180 -3.334934 -0.078000 -0.00000000 -0.00000000 0.22519509 0.97431369
656.268000000 -2.980702 -3.325972 -0.078000 0.00000000 -0.00000000 0.22387706 0.97461739
656.300000000 -2.971516 -3.321469 -0.077971 0.00000963 -0.00001331 0.22251800 0.97492858
656.400000000 -2.942717 -3.307623 -0.077863 -0.00019600 -0.00007422 0.21817740 0.97590910
656.518000000 -2.944773 -3.309027 -0.078000 -0.00000000 0.00000000 0.21314994 0.97701950
656.643000000 -2.926544 -3.300866 -0.078000 -0.00000000 0.00000000 0.20705197 0.97832995
656.700000000 -2.909868 -3.293550 -0.077940 -0.00011643 -0.00003829 0.20133905 0.97952160
656.800000000 -2.898377 -3.288306 -0.077969 0.00007460 0.00003819 0.19769464 0.98026365
656.900000000 -2.887278 -3.283822 -0.077991 -0.00000307 -0.00000198 0.19396373 0.98100870
657.018000000 -2.870216 -3.277920 -0.078000 0.00000000 -0.00000000 0.18849117 0.98207488
657.143000000 -2.851389 -3.270355 -0.078000 0.00000000 -0.00000000 0.18235885 0.98323204
657.268000000 -2.832360 -3.263067 -0.078000 0.00000000 0.00000000 0.17623277 0.98434852
657.300000000 -2.822771 -3.259506 -0.077967 -0.00006632 -0.00003806 0.17309322 0.98490544
657.400000000 -2.792658 -3.248883 -0.077812 0.00003247 -0.00011640 0.16327220 0.98658105
657.518000000 -2.795313 -3.249544 -0.078000 -0.00000000 -0.00000000 0.15724706 0.98755930
657.643000000 -2.775059 -3.244558 -0.078000 -0.00000000 -0.00000000 0.14862148 0.98889416
657.768000000 -2.754951 -3.238974 -0.078000 -0.00000000 -0.00000000 0.13624044 0.99067580
657.800000000 -2.745122 -3.236199 -0.077982 0.00001863 0.00002886 0.13003344 0.99150961
657.900000000 -2.714109 -3.228559 -0.077903 -0.00009226 0.00006148 0.11034265 0.99389360
658.018000000 -2.714883 -3.229831 -0.078000 0.00000000 0.00000000 0.11178514 0.99373240
658.143000000 -2.695669 -3.225670 -0.078000 -0.00000000 0.00000000 0.10695216 0.99426417
658.268000000 -2.674067 -3.222211 -0.078000 -0.00000000 0.00000000 0.09981221 0.99500629
658.393000000 -2.654708 -3.217323 -0.078000 -0.00000000 0.00000000 0.10312951 0.99466794
658.400000000 -2.652514 -3.216874 -0.077991 -0.00001972 -0.00000011 0.10308545 0.99467250
658.518000000 -2.634579 -3.212502 -0.078000 0.00000000 0.00000000 0.10305933 0.99467521
658.643000000 -2.615477 -3.208449 -0.078000 -0.00000000 -0.00000000 0.10293109 0.99468849
658.768000000 -2.595538 -3.205372 -0.078000 -0.00000000 -0.00000000 0.10276523 0.99470564
658.800000000 -2.585511 -3.203293 -0.077970 0.00009018 0.00002441 0.10275424 0.99470677
658.900000000 -2.554184 -3.196781 -0.077867 0.00014420 0.00004302 0.10276456 0.99470570
659.018000000 -2.557036 -3.198542 -0.078000 -0.00000000 -0.00000000 0.10263917 0.99471865
659.143000000 -2.537017 -3.194409 -0.078000 -0.00000000 0.00000000 0.10259304 0.99472341
659.268000000 -2.517353 -3.189754 -0.078000 0.00000000 -0.00000000 0.10255366 0.99472747
659.300000000 -2.507331 -3.187654 -0.077962 -0.00003160 -0.00002332 0.10255327 0.99472751
659.400000000 -2.476022 -3.181151 -0.077842 0.00014507 -0.00004696 0.10255329 0.99472750
659.518000000 -2.478619 -3.181434 -0.078000 0.00000000 0.00000000 0.10246988 0.99473611
659.643000000 -2.459084 -3.177369 -0.078000 0.00000000 -0.00000000 0.10240359 0.99474293
659.768000000 -2.439336 -3.172844 -0.078000 0.00000000 0.00000000 0.10235502 0.99474793
659.800000000 -2.429309 -3.170765 -0.077978 -0.00006380 0.00000970 0.10235494 0.99474794
659.900000000 -2.398007 -3.164178 -0.077871 -0.00033818 -0.00006720 0.10235421 0.99474796
660.018000000 -2.400142 -3.163690 -0.078000 0.00000000 0.00000000 0.10233040 0.99475047
660.143000000 -2.380434 -3.160048 -0.078000 0.00000000 -0.00000000 0.10231271 0.99475229
660.200000000 -2.362582 -3.156333 -0.077935 0.00000296 -0.00000709 0.10231256 0.99475230
660.300000000 -2.350908 -3.154913 -0.077947 0.00001663 -0.00002812 0.10228346 0.99475529
660.400000000 -2.338133 -3.151952 -0.077988 -0.00001234 0.00000129 0.10230221 0.99475337
660.518000000 -2.320294 -3.148010 -0.078000 -0.00000000 0.00000000 0.10233709 0.99474978
660.643000000 -2.301070 -3.143430 -0.078000 0.00000000 -0.00000000 0.10231105 0.99475246
660.768000000 -2.282220 -3.140406 -0.078000 0.00000000 0.00000000 0.10230025 0.99475357
660.800000000 -2.272196 -3.138330 -0.077955 0.00001691 -0.00003099 0.10230059 0.99475353
660.900000000 -2.240894 -3.131803 -0.077818 -0.00011698 -0.00008294 0.10230052 0.99475353
661.018000000 -2.242868 -3.132681 -0.078000 -0.00000000 -0.00000000 0.10228120 0.99475553
661.143000000 -2.223326 -3.128289 -0.078000 0.00000000 0.00000000 0.10230292 0.99475329
661.268000000 -2.203478 -3.124438 -0.078000 0.00000000 0.00000000 0.10223638 0.99476013
661.300000000 -2.193454 -3.122358 -0.077973 0.00003802 0.00001130 0.10305626 0.99467553
661.400000000 -2.162109 -3.115750 -0.077899 -0.00012416 0.00006604 0.10681429 0.99427898
661.518000000 -2.164276 -3.116838 -0.078000 0.00000000 0.00000000 0.11277063 0.99362105
661.643000000 -2.144577 -3.109994 -0.078000 0.00000000 -0.00000000 0.12851516 0.99170754
661.768000000 -2.126115 -3.105179 -0.078000 -0.00000000 -0.00000000 0.14017920 0.99012615
661.800000000 -2.116258 -3.102343 -0.077970 0.00006919 0.00000819 0.14635419 0.98923225
661.900000000 -2.104891 -3.099834 -0.077993 -0.00001784 -0.00000316 0.15368201 0.98812036
662.018000000 -2.086654 -3.093605 -0.078000 -0.00000000 0.00000000 0.16446216 0.98638339
662.143000000 -2.068521 -3.086604 -0.078000 0.00000000 0.00000000 0.17663646 0.98427616
662.268000000 -2.049872 -3.079374 -0.078000 -0.00000000 0.00000000 0.18884552 0.98200681
662.300000000 -2.040343 -3.075577 -0.077961 -0.00011654 -0.00001657 0.19510425 0.98078250
662.400000000 -2.010960 -3.062721 -0.077879 -0.00013610 0.00003150 0.21460473 0.97670097
662.518000000 -2.012746 -3.064447 -0.078000 0.00000000 -0.00000000 0.21306239 0.97703859
662.643000000 -1.993319 -3.054757 -0.078000 0.00000000 -0.00000000 0.22519751 0.97431313
662.768000000 -1.975100 -3.046568 -0.078000 0.00000000 0.00000000 0.23725490 0.97144743
662.800000000 -1.965981 -3.041862 -0.077964 -0.00007348 -0.00001137 0.24344340 0.96991510
662.900000000 -1.938058 -3.026106 -0.077858 -0.00028715 -0.00007985 0.26272059 0.96487191
663.018000000 -1.939871 -3.027386 -0.078000 0.00000000 -0.00000000 0.26132521 0.96525082
663.143000000 -1.922810 -3.017080 -0.078000 0.00000000 -0.00000000 0.27328709 0.96193252
663.268000000 -1.906116 -3.006012 -0.078000 -0.00000000 0.00000000 0.28517924 0.95847420
663.300000000 -1.897517 -3.000418 -0.077954 0.00000717 -0.00001622 0.29128509 0.95663629
663.400000000 -1.871305 -2.981961 -0.077857 -0.00023645 -0.00010917 0.31028794 0.95064259
663.518000000 -1.872472 -2.982730 -0.078000 -0.00000000 -0.00000000 0.30895630 0.95107623
663.643000000 -1.856512 -2.969983 -0.078000 -0.00000000 -0.00000000 0.32074678 0.94716498
663.700000000 -1.842136 -2.958699 -0.077942 -0.00019736 -0.00007240 0.33148484 0.94346052
663.800000000 -1.833069 -2.951400 -0.077968 0.00001637 0.00001026 0.33850214 0.94096562
663.900000000 -1.824260 -2.944689 -0.077986 0.00001387 0.00000862 0.34544072 0.93844057
664.018000000 -1.810781 -2.933564 -0.078000 -0.00000000 -0.00000000 0.35572138 0.93459205
664.143000000 -1.794311 -2.919526 -0.078000 0.00000000 -0.00000000 0.36738783 0.93006784
664.268000000 -1.796839 -2.899544 -0.078000 -0.00000000 -0.00000000 0.38021501 0.92489813
664.300000000 -1.789534 -2.892338 -0.077968 -0.00008785 -0.00001812 0.38610483 0.92245491
664.400000000 -1.767518 -2.869024 -0.077870 -0.00029630 -0.00012419 0.40440830 0.91457850
664.518000000 -1.770280 -2.871279 -0.078000 0.00000000 -0.00000000 0.40308980 0.91516043
664.643000000 -1.757461 -2.856060 -0.078000 -0.00000000 0.00000000 0.41447028 0.91006285
664.768000000 -1.743940 -2.840537 -0.078000 -0.00000000 0.00000000 0.42575090 0.90484041
664.800000000 -1.737389 -2.832640 -0.077978 0.00006080 0.00003533 0.43151305 0.90210669
664.900000000 -1.717740 -2.807295 -0.077869 0.00014256 0.00011800 0.44940247 0.89332938
665.018000000 -1.719696 -2.809434 -0.078000 -0.00000000 0.00000000 0.44821341 0.89392658
665.143000000 -1.707258 -2.792847 -0.078000 -0.00000000 0.00000000 0.45931688 0.88827248
665.268000000 -1.696857 -2.775669 -0.078000 0.00000000 -0.00000000 0.47039048 0.88245838
665.300000000 -1.691134 -2.767151 -0.077983 -0.00003926 -0.00004880 0.47600741 0.87944126
665.400000000 -1.685079 -2.757198 -0.077990 0.00001121 0.00000283 0.48254418 0.87587163
665.518000000 -1.675827 -2.743108 -0.078000 -0.00000000 -0.00000000 0.49221384 0.87047431
665.643000000 -1.665593 -2.724780 -0.078000 -0.00000000 0.00000000 0.50302037 0.86427456
665.768000000 -1.655672 -2.707680 -0.078000 0.00000000 0.00000000 0.51375232 0.85793855
665.800000000 -1.650812 -2.698650 -0.077945 -0.00005440 -0.00005902 0.51921294 0.85464491
665.900000000 -1.636620 -2.669899 -0.077862 -0.00021009 -0.00010506 0.53613904 0.84412966
666.018000000 -1.638586 -2.672540 -0.078000 0.00000000 -0.00000000 0.53501172 0.84484464
666.143000000 -1.631071 -2.653034 -0.078000 -0.00000000 0.00000000 0.54549806 0.83811209
666.268000000 -1.623760 -2.634718 -0.078000 -0.00000000 0.00000000 0.55589707 0.83125114
666.300000000 -1.619816 -2.625248 -0.077967 -0.00004172 -0.00003043 0.56118561 0.82768998
666.400000000 -1.608652 -2.595199 -0.077870 -0.00033278 -0.00021970 0.57582631 0.81757195
666.518000000 -1.609820 -2.597270 -0.078000 -0.00000000 0.00000000 0.56931166 0.82212179
666.643000000 -1.602912 -2.577984 -0.078000 -0.00000000 0.00000000 0.57551504 0.81779120
666.768000000 -1.596441 -2.559249 -0.078000 0.00000000 0.00000000 0.58060358 0.81418639
666.893000000 -1.589941 -2.540070 -0.078000 0.00000000 -0.00000000 0.58566205 0.81055535
666.900000000 -1.589230 -2.537943 -0.077991 -0.00000306 -0.00000570 0.58622390 0.81014908
667.018000000 -1.584519 -2.521581 -0.078000 -0.00000000 0.00000000 0.59076531 0.80684345
667.143000000 -1.577935 -2.502974 -0.078000 0.00000000 0.00000000 0.59578646 0.80314289
667.268000000 -1.572170 -2.482099 -0.078000 0.00000000 -0.00000000 0.60076986 0.79942202
667.300000000 -1.569310 -2.472261 -0.077971 -0.00007008 -0.00006631 0.60331452 0.79750334
667.400000000 -1.560920 -2.441344 -0.077868 -0.00013324 -0.00003328 0.61122927 0.79145358
667.518000000 -1.561715 -2.444766 -0.078000 -0.00000000 0.00000000 0.61072258 0.79184464
667.643000000 -1.556475 -2.424292 -0.078000 0.00000000 -0.00000000 0.61540722 0.78820934
667.768000000 -1.552327 -2.406447 -0.078000 0.00000000 -0.00000000 0.61381080 0.78945317
667.800000000 -1.549855 -2.396520 -0.077963 -0.00002083 -0.00004622 0.61311840 0.78999103
667.900000000 -1.541889 -2.365558 -0.077862 -0.00006244 -0.00002284 0.61044127 0.79206152
668.018000000 -1.540718 -2.368187 -0.078000 0.00000000 0.00000000 0.60679534 0.79485811
668.143000000 -1.535769 -2.347926 -0.078000 0.00000000 0.00000000 0.60158413 0.79880945
668.268000000 -1.529676 -2.327508 -0.078000 -0.00000000 0.00000000 0.59648132 0.80262696
668.300000000 -1.526730 -2.317716 -0.077967 -0.00003345 -0.00003090 0.59392793 0.80451825
668.400000000 -1.517047 -2.287253 -0.077865 -0.00023578 -0.00013112 0.58647720 0.80996569
668.518000000 -1.518607 -2.288218 -0.078000 -0.00000000 0.00000000 0.59214152 0.80583399
668.643000000 -1.513927 -2.273423 -0.078000 -0.00000000 0.00000000 0.59041326 0.80710110
668.700000000 -1.512468 -2.268761 -0.078011 -0.00013473 -0.00000045 0.59028294 0.80719640
668.800000000 -1.512789 -2.271846 -0.077989 0.00008866 -0.00002618 0.59036877 0.80713364
668.900000000 -1.512929 -2.272482 -0.077927 0.00033573 -0.00006204 0.59023256 0.80723318
669.018000000 -1.513760 -2.272765 -0.078000 0.00000000 0.00000000 0.59019020 0.80726423
669.143000000 -1.514034 -2.272615 -0.078000 0.00000000 -0.00000000 0.59022105 0.80724167
669.268000000 -1.513826 -2.272351 -0.078000 -0.00000000 0.00000000 0.59020011 0.80725698
669.300000000 -1.513832 -2.272357 -0.078000 -0.00003690 -0.00001775 0.59019969 0.80725729
669.400000000 -1.513824 -2.272347 -0.078034 0.00003085 0.00012749 0.59020188 0.80725567
669.518000000 -1.513419 -2.273586 -0.078000 0.00000000 -0.00000000 0.59017902 0.80727240
669.643000000 -1.513835 -2.273158 -0.078000 -0.00000000 -0.00000000 0.59019364 0.80726171
669.768000000 -1.513869 -2.272793 -0.078000 0.00000000 -0.00000000 0.59024477 0.80722432
669.800000000 -1.513869 -2.272793 -0.077998 -0.00007079 -0.00002675 0.59024445 0.80722456
669.900000000 -1.513887 -2.272783 -0.078007 -0.00006165 0.00001422 0.59024481 0.80722429
670.018000000 -1.513679 -2.273186 -0.078000 -0.00000000 0.00000000 0.59018914 0.80726500
670.143000000 -1.513428 -2.273132 -0.078000 0.00000000 -0.00000000 0.59019179 0.80726306
670.268000000 -1.513758 -2.272690 -0.078000 -0.00000000 0.00000000 0.59018200 0.80727022
670.393000000 -1.513526 -2.272693 -0.078000 -0.00000000 -0.00000000 0.59021132 0.80724878
670.400000000 -1.513529 -2.272693 -0.078002 -0.00000602 -0.00000128 0.59021123 0.80724885
670.518000000 -1.513615 -2.272026 -0.078000 -0.00000000 0.00000000 0.59023982 0.80722794
670.643000000 -1.513017 -2.272575 -0.078000 -0.00000000 -0.00000000 0.59020806 0.80725117
670.768000000 -1.513225 -2.272863 -0.078000 -0.00000000 -0.00000000 0.59022767 0.80723683
670.800000000 -1.513225 -2.272862 -0.078013 0.00007081 0.00005555 0.59022814 0.80723648
670.900000000 -1.513181 -2.272895 -0.078001 0.00019828 0.00003456 0.59022825 0.80723638
671.018000000 -1.514272 -2.272525 -0.078000 -0.00000000 -0.00000000 0.59026485 0.80720964
671.143000000 -1.513250 -2.272548 -0.078000 -0.00000000 0.00000000 0.59026605 0.80720877
671.268000000 -1.514228 -2.273358 -0.078000 -0.00000000 0.00000000 0.59025013 0.80722041
671.300000000 -1.514234 -2.273360 -0.078006 0.00003927 0.00002782 0.59025026 0.80722031
671.400000000 -1.514186 -2.273383 -0.078008 0.00019564 0.00012834 0.59025088 0.80721982
671.518000000 -1.513861 -2.272722 -0.078000 -0.00000000 0.00000000 0.59020117 0.80725620
671.643000000 -1.513854 -2.273243 -0.078000 -0.00000000 0.00000000 0.59020988 0.80724984
671.768000000 -1.513421 -2.273115 -0.078000 -0.00000000 0.00000000 0.59024847 0.80722162
671.800000000 -1.513417 -2.273124 -0.077994 -0.00003023 -0.00005267 0.59024860 0.80722152
671.900000000 -1.513469 -2.273102 -0.077999 -0.00021710 -0.00009870 0.59024866 0.80722145
672.018000000 -1.513364 -2.273344 -0.078000 0.00000000 -0.00000000 0.59025907 0.80721387
672.143000000 -1.513434 -2.273198 -0.078000 0.00000000 -0.00000000 0.59024062 0.80722736
672.200000000 -1.513427 -2.273202 -0.078004 0.00003098 0.00003779 0.59024056 0.80722740
672.300000000 -1.512970 -2.272655 -0.078007 0.00002329 0.00004480 0.59025439 0.80721729
672.400000000 -1.512988 -2.272646 -0.078034 -0.00010648 -0.00004439 0.59025459 0.80721714
672.518000000 -1.513705 -2.271985 -0.078000 0.00000000 -0.00000000 0.59024200 0.80722635
672.643000000 -1.513755 -2.272674 -0.078000 -0.00000000 0.00000000 0.59021400 0.80724682
672.768000000 -1.513842 -2.273249 -0.078000 -0.00000000 0.00000000 0.59026004 0.80721316
672.800000000 -1.513849 -2.273251 -0.077997 0.00005696 0.00001898 0.59026014 0.80721308
672.900000000 -1.513803 -2.273277 -0.077993 0.00017603 0.00011981 0.59026037 0.80721289
673.018000000 -1.514287 -2.272606 -0.078000 0.00000000 -0.00000000 0.59020245 0.80725527
673.143000000 -1.513976 -2.271975 -0.078000 0.00000000 -0.00000000 0.59016874 0.80727992
673.268000000 -1.514016 -2.273169 -0.078000 0.00000000 0.00000000 0.59016795 0.80728049
673.300000000 -1.514022 -2.273170 -0.077997 -0.00009674 -0.00006028 0.59016732 0.80728094
673.400000000 -1.514062 -2.273148 -0.078011 -0.00020016 -0.00004719 0.59016674 0.80728135
673.518000000 -1.513545 -2.272844 -0.078000 -0.00000000 0.00000000 0.59016825 0.80728027
673.643000000 -1.513654 -2.273185 -0.078000 0.00000000 -0.00000000 0.59019244 0.80726259
673.700000000 -1.513656 -2.273174 -0.078023 -0.00003966 0.00004904 0.59019213 0.80726281
673.800000000 -1.514173 -2.273247 -0.078005 0.00004821 0.00001339 0.59017745 0.80727354
673.900000000 -1.514284 -2.273027 -0.077999 -0.00001224 -0.00001272 0.59018726 0.80726637
674.018000000 -1.513918 -2.273758 -0.078000 -0.00000000 0.00000000 0.59021029 0.80724954
674.143000000 -1.514061 -2.273631 -0.078000 -0.00000000 -0.00000000 0.59020630 0.80725245
674.268000000 -1.513468 -2.273232 -0.078000 -0.00000000 -0.00000000 0.59020564 0.80725293
674.300000000 -1.513477 -2.273237 -0.078002 0.00005619 0.00002107 0.59020577 0.80725284
674.400000000 -1.513438 -2.273251 -0.078002 0.00009876 0.00011330 0.59020573 0.80725286
674.518000000 -1.514165 -2.272660 -0.078000 0.00000000 -0.00000000 0.59024266 0.80722587
674.643000000 -1.513720 -2.272478 -0.078000 0.00000000 -0.00000000 0.59019756 0.80725884
674.768000000 -1.513907 -2.273087 -0.078000 0.00000000 -0.00000000 0.59017143 0.80727795
674.800000000 -1.513915 -2.273087 -0.077988 0.00000396 -0.00000425 0.59017120 0.80727812
674.900000000 -1.513874 -2.273109 -0.078004 0.00019634 0.00012577 0.59017182 0.80727763
675.018000000 -1.513919 -2.273713 -0.078000 0.00000000 0.00000000 0.59016912 0.80727963
675.143000000 -1.514412 -2.273071 -0.078000 -0.00000000 -0.00000000 0.59017804 0.80727312
675.268000000 -1.514040 -2.273263 -0.078000 -0.00000000 0.00000000 0.59017207 0.80727748
675.393000000 -1.513796 -2.273201 -0.078000 0.00000000 -0.00000000 0.59021157 0.80724860
675.400000000 -1.513799 -2.273201 -0.078002 -0.00000838 0.00000339 0.59021150 0.80724865
675.518000000 -1.513876 -2.273730 -0.078000 0.00000000 -0.00000000 0.59021286 0.80724766
675.643000000 -1.512974 -2.273234 -0.078000 -0.00000000 -0.00000000 0.59018981 0.80726451
675.768000000 -1.514113 -2.274523 -0.078000 -0.00000000 0.00000000 0.59020191 0.80725566
675.800000000 -1.514096 -2.274529 -0.077987 0.00006785 0.00005805 0.59020256 0.80725518
675.900000000 -1.514080 -2.274531 -0.078005 0.00000687 0.00004112 0.59020396 0.80725416
676.018000000 -1.513079 -2.272261 -0.078000 -0.00000000 0.00000000 0.59021857 0.80724348
676.143000000 -1.512530 -2.273521 -0.078000 -0.00000000 0.00000000 0.59021735 0.80724437
676.268000000 -1.512720 -2.273568 -0.078000 0.00000000 0.00000000 0.59015823 0.80728759
676.300000000 -1.512730 -2.273568 -0.077989 0.00003159 -0.00000903 0.59015809 0.80728770
676.400000000 -1.512693 -2.273598 -0.077977 0.00017782 0.00008812 0.59015819 0.80728760
676.518000000 -1.513439 -2.274608 -0.078000 -0.00000000 -0.00000000 0.59010763 0.80732458
676.643000000 -1.513373 -2.274246 -0.078000 -0.00000000 -0.00000000 0.59011891 0.80731634
676.768000000 -1.513514 -2.274187 -0.078000 0.00000000 0.00000000 0.59009096 0.80733677
676.800000000 -1.513519 -2.274188 -0.077988 -0.00003327 -0.00005095 0.59009055 0.80733706
676.900000000 -1.513523 -2.274215 -0.077977 0.00009317 -0.00005814 0.59009086 0.80733684
677.018000000 -1.512749 -2.271959 -0.078000 -0.00000000 0.00000000 0.59005002 0.80736669
677.143000000 -1.513658 -2.272895 -0.078000 0.00000000 -0.00000000 0.59008429 0.80734164
677.200000000 -1.513644 -2.272910 -0.077968 0.00008527 0.00002526 0.59008483 0.80734124
677.300000000 -1.514115 -2.273329 -0.078017 -0.00007741 -0.00005832 0.59010281 0.80732810
677.400000000 -1.514191 -2.273477 -0.078000 0.00001099 0.00000738 0.59009873 0.80733109
677.518000000 -1.513730 -2.272680 -0.078000 0.00000000 0.00000000 0.59008749 0.80733930
677.643000000 -1.513496 -2.273240 -0.078000 -0.00000000 0.00000000 0.59008873 0.80733840
677.768000000 -1.514329 -2.273197 -0.078000 0.00000000 0.00000000 0.59013757 0.80730270
677.800000000 -1.514323 -2.273203 -0.078008 0.00001082 0.00003906 0.59013798 0.80730240
677.900000000 -1.514331 -2.273184 -0.078049 -0.00015761 0.00000683 0.59013802 0.80730235
678.018000000 -1.513879 -2.273005 -0.078000 0.00000000 -0.00000000 0.59018742 0.80726626
678.143000000 -1.514210 -2.272692 -0.078000 -0.00000000 0.00000000 0.59026635 0.80720855
678.268000000 -1.514168 -2.272516 -0.078000 0.00000000 -0.00000000 0.59028684 0.80719356
678.300000000 -1.514166 -2.272518 -0.077980 0.00007947 0.00003950 0.59028736 0.80719318
678.400000000 -1.514144 -2.272540 -0.077975 0.00008252 0.00002450 0.59028749 0.80719308
678.518000000 -1.514283 -2.272520 -0.078000 0.00000000 -0.00000000 0.59026293 0.80721104
678.643000000 -1.513688 -2.272236 -0.078000 0.00000000 -0.00000000 0.59026675 0.80720826
678.768000000 -1.514514 -2.272537 -0.078000 0.00000000 -0.00000000 0.59030289 0.80718182
678.893000000 -1.513805 -2.273372 -0.078000 0.00000000 0.00000000 0.59033304 0.80715977
678.900000000 -1.513802 -2.273373 -0.077999 0.00001566 0.00001569 0.59033322 0.80715964
679.018000000 -1.513337 -2.272818 -0.078000 0.00000000 0.00000000 0.59030823 0.80717792
679.143000000 -1.513574 -2.272964 -0.078000 -0.00000000 0.00000000 0.59029233 0.80718955
679.268000000 -1.513417 -2.272831 -0.078000 -0.00000000 0.00000000 0.59024366 0.80722514
679.300000000 -1.513411 -2.272832 -0.078001 -0.00006975 -0.00001059 0.59024354 0.80722522
679.400000000 -1.513450 -2.272813 -0.078003 -0.00015640 -0.00004705 0.59024382 0.80722500
679.518000000 -1.513562 -2.273309 -0.078000 -0.00000000 0.00000000 0.59024650 0.80722306
679.643000000 -1.514125 -2.272551 -0.078000 -0.00000000 0.00000000 0.59021619 0.80724522
679.768000000 -1.513517 -2.273219 -0.078000 -0.00000000 0.00000000 0.59018542 0.80726772
